"item_id","unit","source_file","source_question_no","source_type_label","canonical_target_type_name","primary_problem_type_id","answer_key","likely_error_tags"
"M2_SIMPY_150_S04_Q001","m2_similarity_pythagoras","260711_도형의 닮음(3).pdf","001","평면도형에서 닮음비의 응용","평면도형의 닮음비 계산과 활용 - 비례식·정리 적용","M2_SIMPY_PT005","21cm","similarity|corresponding_sides|corresponding_angles|ratio|triangle_similarity"
"M2_SIMPY_150_S04_Q002","m2_similarity_pythagoras","260711_도형의 닮음(3).pdf","002","평면도형에서 닮음비의 응용","평면도형의 닮음비 계산과 활용 - 개념·조건 판별","M2_SIMPY_PT004","choice:2","similarity|corresponding_sides|corresponding_angles|ratio|triangle_similarity"
"M2_SIMPY_150_S04_Q003","m2_similarity_pythagoras","260711_도형의 닮음(3).pdf","003","회전체에서 닮음비의 응용","회전체의 닮음비와 대응 길이 - 비례식·정리 적용","M2_SIMPY_PT011","16/3","similarity|corresponding_sides|corresponding_angles|ratio|triangle_similarity"
"M2_SIMPY_150_S04_Q004","m2_similarity_pythagoras","260711_도형의 닮음(3).pdf","004","삼각형의 닮음 조건","삼각형의 닮음 조건 판별 - 개념·조건 판별","M2_SIMPY_PT013","choice:4","similarity|corresponding_sides|corresponding_angles|ratio|triangle_similarity"
"M2_SIMPY_150_S04_Q005","m2_similarity_pythagoras","260711_도형의 닮음(3).pdf","005","삼각형의 닮음 조건","삼각형의 닮음 조건 판별 - 개념·조건 판별","M2_SIMPY_PT013","choice:2","similarity|corresponding_sides|corresponding_angles|ratio|triangle_similarity"
"M2_SIMPY_150_S04_Q006","m2_similarity_pythagoras","260711_도형의 닮음(3).pdf","006","삼각형의 닮음 조건","삼각형의 닮음 조건 판별 - 복합 계산·증명","M2_SIMPY_PT015","choice:4","similarity|corresponding_sides|corresponding_angles|ratio|triangle_similarity"
"M2_SIMPY_150_S04_Q007","m2_similarity_pythagoras","260711_도형의 닮음(3).pdf","007","삼각형의 닮음 조건의 응용(1) SAS 닮음","SAS 닮음의 조건 적용 - 개념·조건 판별","M2_SIMPY_PT019","choice:2","similarity|corresponding_sides|corresponding_angles|ratio|triangle_similarity"
"M2_SIMPY_150_S04_Q008","m2_similarity_pythagoras","260711_도형의 닮음(3).pdf","008","삼각형의 닮음 조건의 응용(1) SAS 닮음","SAS 닮음의 조건 적용 - 개념·조건 판별","M2_SIMPY_PT019","choice:2","similarity|corresponding_sides|corresponding_angles|ratio|triangle_similarity"
"M2_SIMPY_150_S04_Q009","m2_similarity_pythagoras","260711_도형의 닮음(3).pdf","009","삼각형의 닮음 조건의 응용(1) SAS 닮음","SAS 닮음의 조건 적용 - 복합 계산·증명","M2_SIMPY_PT021","125/3cm","similarity|corresponding_sides|corresponding_angles|ratio|triangle_similarity"
"M2_SIMPY_150_S04_Q010","m2_similarity_pythagoras","260711_도형의 닮음(3).pdf","010","삼각형의 닮음 조건의 응용(2) AA 닮음","AA 닮음의 조건 적용 - 개념·조건 판별","M2_SIMPY_PT022","choice:2","similarity|corresponding_sides|corresponding_angles|ratio|triangle_similarity"
"M2_SIMPY_150_S04_Q011","m2_similarity_pythagoras","260711_도형의 닮음(3).pdf","011","삼각형의 닮음 조건의 응용(2) AA 닮음","AA 닮음의 조건 적용 - 비례식·정리 적용","M2_SIMPY_PT023","180/7cm","similarity|corresponding_sides|corresponding_angles|ratio|triangle_similarity"
"M2_SIMPY_150_S04_Q012","m2_similarity_pythagoras","260711_도형의 닮음(3).pdf","012","삼각형의 닮음 조건의 응용(2) AA 닮음","AA 닮음의 조건 적용 - 비례식·정리 적용","M2_SIMPY_PT023","5cm","similarity|corresponding_sides|corresponding_angles|ratio|triangle_similarity"
"M2_SIMPY_150_S04_Q013","m2_similarity_pythagoras","260711_도형의 닮음(3).pdf","013","평행선에서 삼각형의 닮음 조건의 응용","평행선에서 삼각형의 닮음 찾기 - 비례식·정리 적용","M2_SIMPY_PT026","24","similarity|corresponding_sides|corresponding_angles|ratio|triangle_similarity"
"M2_SIMPY_150_S04_Q014","m2_similarity_pythagoras","260711_도형의 닮음(3).pdf","014","평행선에서 삼각형의 닮음 조건의 응용","평행선에서 삼각형의 닮음 찾기 - 비례식·정리 적용","M2_SIMPY_PT026","4.5cm","similarity|corresponding_sides|corresponding_angles|ratio|triangle_similarity"
"M2_SIMPY_150_S04_Q015","m2_similarity_pythagoras","260711_도형의 닮음(3).pdf","015","평행선에서 삼각형의 닮음 조건의 응용","평행선에서 삼각형의 닮음 찾기 - 비례식·정리 적용","M2_SIMPY_PT026","8/3cm","similarity|corresponding_sides|corresponding_angles|ratio|triangle_similarity"
"M2_SIMPY_150_S04_Q016","m2_similarity_pythagoras","260711_도형의 닮음(3).pdf","016","직각삼각형의 닮음(1) 공통인 각이 있는 경우","직각삼각형의 닮음 - 공통각 구조 - 비례식·정리 적용","M2_SIMPY_PT029","36cm²","similarity|corresponding_sides|corresponding_angles|ratio|triangle_similarity"
"M2_SIMPY_150_S04_Q017","m2_similarity_pythagoras","260711_도형의 닮음(3).pdf","017","직각삼각형의 닮음(1) 공통인 각이 있는 경우","직각삼각형의 닮음 - 공통각 구조 - 개념·조건 판별","M2_SIMPY_PT028","choice:3","similarity|corresponding_sides|corresponding_angles|ratio|triangle_similarity"
"M2_SIMPY_150_S04_Q018","m2_similarity_pythagoras","260711_도형의 닮음(3).pdf","018","직각삼각형의 닮음(1) 공통인 각이 있는 경우","직각삼각형의 닮음 - 공통각 구조 - 비례식·정리 적용","M2_SIMPY_PT029","40cm²","similarity|corresponding_sides|corresponding_angles|ratio|triangle_similarity"
"M2_SIMPY_150_S04_Q019","m2_similarity_pythagoras","260711_도형의 닮음(3).pdf","019","직각삼각형의 닮음(2) 한 예각의 크기가 같은 경우","직각삼각형의 닮음 - 같은 예각 구조 - 개념·조건 판별","M2_SIMPY_PT031","choice:2","similarity|corresponding_sides|corresponding_angles|ratio|triangle_similarity"
"M2_SIMPY_150_S04_Q020","m2_similarity_pythagoras","260711_도형의 닮음(3).pdf","020","직각삼각형의 닮음(2) 한 예각의 크기가 같은 경우","직각삼각형의 닮음 - 같은 예각 구조 - 복합 계산·증명","M2_SIMPY_PT033","192cm²","similarity|corresponding_sides|corresponding_angles|ratio|triangle_similarity"
"M2_SIMPY_150_S04_Q021","m2_similarity_pythagoras","260711_도형의 닮음(3).pdf","021","직각삼각형의 닮음의 응용","직각삼각형 닮음의 길이·넓이 응용 - 복합 계산·증명","M2_SIMPY_PT036","18/5","similarity|corresponding_sides|corresponding_angles|ratio|triangle_similarity"
"M2_SIMPY_150_S04_Q022","m2_similarity_pythagoras","260711_도형의 닮음(3).pdf","022","직각삼각형의 닮음의 응용","직각삼각형 닮음의 길이·넓이 응용 - 비례식·정리 적용","M2_SIMPY_PT035","30cm²","similarity|corresponding_sides|corresponding_angles|ratio|triangle_similarity"
"M2_SIMPY_150_S04_Q023","m2_similarity_pythagoras","260711_도형의 닮음(3).pdf","023","직각삼각형의 닮음의 응용","직각삼각형 닮음의 길이·넓이 응용 - 비례식·정리 적용","M2_SIMPY_PT035","75cm²","similarity|corresponding_sides|corresponding_angles|ratio|triangle_similarity"
"M2_SIMPY_150_S04_Q024","m2_similarity_pythagoras","260711_도형의 닮음(3).pdf","024","종이접기와 삼각형의 닮음","종이접기에서 닮은 삼각형 찾기 - 비례식·정리 적용","M2_SIMPY_PT038","35/2cm","similarity|corresponding_sides|corresponding_angles|ratio|triangle_similarity"
"M2_SIMPY_150_S04_Q025","m2_similarity_pythagoras","260711_도형의 닮음(3).pdf","025","종이접기와 삼각형의 닮음","종이접기에서 닮은 삼각형 찾기 - 비례식·정리 적용","M2_SIMPY_PT038","78/5cm","similarity|corresponding_sides|corresponding_angles|ratio|triangle_similarity"
"M2_SIMPY_150_S04_Q026","m2_similarity_pythagoras","260711_도형의 닮음(3).pdf","026","삼각형에서 평행선 사이의 선분의 길이의 비(1) 한 각이 공통각인 두 삼각형","평행선과 선분비 - 공통각 구조 - 개념·조건 판별","M2_SIMPY_PT040","choice:2","parallel_lines|segment_ratio|proportion|triangle_similarity|angle_bisector"
"M2_SIMPY_150_S04_Q027","m2_similarity_pythagoras","260711_도형의 닮음(3).pdf","027","삼각형에서 평행선 사이의 선분의 길이의 비(1) 한 각이 공통각인 두 삼각형","평행선과 선분비 - 공통각 구조 - 복합 계산·증명","M2_SIMPY_PT042","32/3cm","parallel_lines|segment_ratio|proportion|triangle_similarity|angle_bisector"
"M2_SIMPY_150_S04_Q028","m2_similarity_pythagoras","260711_도형의 닮음(3).pdf","028","삼각형에서 평행선 사이의 선분의 길이의 비(2) 한 각이 맞꼭지각인 두 삼각형","평행선과 선분비 - 맞꼭지각 구조 - 비례식·정리 적용","M2_SIMPY_PT044","10cm","parallel_lines|segment_ratio|proportion|triangle_similarity|angle_bisector"
"M2_SIMPY_150_S04_Q029","m2_similarity_pythagoras","260711_도형의 닮음(3).pdf","029","삼각형에서 평행선 사이의 선분의 길이의 비(2) 한 각이 맞꼭지각인 두 삼각형","평행선과 선분비 - 맞꼭지각 구조 - 비례식·정리 적용","M2_SIMPY_PT044","28","parallel_lines|segment_ratio|proportion|triangle_similarity|angle_bisector"
"M2_SIMPY_150_S04_Q030","m2_similarity_pythagoras","260711_도형의 닮음(3).pdf","030","삼각형에서 평행선 사이의 선분의 길이의 비의 응용","삼각형에서 평행선 선분비 응용 - 비례식·정리 적용","M2_SIMPY_PT047","12cm","parallel_lines|segment_ratio|proportion|triangle_similarity|angle_bisector"
"M2_SIMPY_150_S04_Q031","m2_similarity_pythagoras","260711_도형의 닮음(3).pdf","031","삼각형에서 평행선 사이의 선분의 길이의 비의 응용","삼각형에서 평행선 선분비 응용 - 비례식·정리 적용","M2_SIMPY_PT047","64/11","parallel_lines|segment_ratio|proportion|triangle_similarity|angle_bisector"
"M2_SIMPY_150_S04_Q032","m2_similarity_pythagoras","260711_도형의 닮음(3).pdf","032","평행선 찾기","역으로 평행선 판정하기 - 개념·조건 판별","M2_SIMPY_PT049","choice:2","parallel_lines|segment_ratio|proportion|triangle_similarity|angle_bisector"
"M2_SIMPY_150_S04_Q033","m2_similarity_pythagoras","260711_도형의 닮음(3).pdf","033","평행선 찾기","역으로 평행선 판정하기 - 복합 계산·증명","M2_SIMPY_PT051","96/11","parallel_lines|segment_ratio|proportion|triangle_similarity|angle_bisector"
"M2_SIMPY_150_S04_Q034","m2_similarity_pythagoras","260711_도형의 닮음(3).pdf","034","삼각형의 내각의 이등분선과 변의 길이","삼각형 내각의 이등분선과 변의 비 - 비례식·정리 적용","M2_SIMPY_PT053","51/5cm","parallel_lines|segment_ratio|proportion|triangle_similarity|angle_bisector"
"M2_SIMPY_150_S04_Q035","m2_similarity_pythagoras","260711_도형의 닮음(3).pdf","035","삼각형의 내각의 이등분선과 변의 길이","삼각형 내각의 이등분선과 변의 비 - 비례식·정리 적용","M2_SIMPY_PT053","5cm","parallel_lines|segment_ratio|proportion|triangle_similarity|angle_bisector"
"M2_SIMPY_150_S04_Q036","m2_similarity_pythagoras","260711_도형의 닮음(3).pdf","036","삼각형의 내각의 이등분선과 변의 길이","삼각형 내각의 이등분선과 변의 비 - 복합 계산·증명","M2_SIMPY_PT054","16/13cm","parallel_lines|segment_ratio|proportion|triangle_similarity|angle_bisector"
"M2_SIMPY_150_S04_Q037","m2_similarity_pythagoras","260711_도형의 닮음(3).pdf","037","삼각형의 내각의 이등분선과 삼각형의 넓이","삼각형 내각의 이등분선과 넓이비 - 비례식·정리 적용","M2_SIMPY_PT056","45cm²","parallel_lines|segment_ratio|proportion|triangle_similarity|angle_bisector"
"M2_SIMPY_150_S04_Q038","m2_similarity_pythagoras","260711_도형의 닮음(3).pdf","038","삼각형의 내각의 이등분선과 삼각형의 넓이","삼각형 내각의 이등분선과 넓이비 - 복합 계산·증명","M2_SIMPY_PT057","204/5cm²","parallel_lines|segment_ratio|proportion|triangle_similarity|angle_bisector"
"M2_SIMPY_150_S04_Q039","m2_similarity_pythagoras","260711_도형의 닮음(3).pdf","039","삼각형의 외각의 이등분선과 변의 길이","삼각형 외각의 이등분선과 변의 비 - 비례식·정리 적용","M2_SIMPY_PT059","10","parallel_lines|segment_ratio|proportion|triangle_similarity|angle_bisector"
"M2_SIMPY_150_S04_Q040","m2_similarity_pythagoras","260711_도형의 닮음(3).pdf","040","삼각형의 외각의 이등분선과 변의 길이","삼각형 외각의 이등분선과 변의 비 - 개념·조건 판별","M2_SIMPY_PT058","choice:3","parallel_lines|segment_ratio|proportion|triangle_similarity|angle_bisector"
"M2_SIMPY_150_S04_Q041","m2_similarity_pythagoras","260711_도형의 닮음(3).pdf","041","삼각형의 외각의 이등분선과 삼각형의 넓이","삼각형 외각의 이등분선과 넓이비 - 개념·조건 판별","M2_SIMPY_PT061","choice:1","parallel_lines|segment_ratio|proportion|triangle_similarity|angle_bisector"
"M2_SIMPY_150_S04_Q042","m2_similarity_pythagoras","260711_도형의 닮음(3).pdf","042","삼각형의 외각의 이등분선과 삼각형의 넓이","삼각형 외각의 이등분선과 넓이비 - 개념·조건 판별","M2_SIMPY_PT061","choice:2","parallel_lines|segment_ratio|proportion|triangle_similarity|angle_bisector"
"M2_SIMPY_150_S04_Q043","m2_similarity_pythagoras","260711_도형의 닮음(3).pdf","043","평행선 사이의 길이의 비","여러 평행선 사이의 길이비 - 비례식·정리 적용","M2_SIMPY_PT065","15","parallel_lines|segment_ratio|proportion|triangle_similarity|angle_bisector"
"M2_SIMPY_150_S04_Q044","m2_similarity_pythagoras","260711_도형의 닮음(3).pdf","044","사다리꼴에서 평행선 사이의 선분의 길이의 비","사다리꼴에서 평행선 선분비 - 개념·조건 판별","M2_SIMPY_PT067","choice:4","parallel_lines|segment_ratio|proportion|triangle_similarity|angle_bisector"
"M2_SIMPY_150_S04_Q045","m2_similarity_pythagoras","260711_도형의 닮음(3).pdf","045","사다리꼴에서 평행선 사이의 선분의 길이의 비","사다리꼴에서 평행선 선분비 - 개념·조건 판별","M2_SIMPY_PT067","choice:3","parallel_lines|segment_ratio|proportion|triangle_similarity|angle_bisector"
"M2_SIMPY_150_S04_Q046","m2_similarity_pythagoras","260711_도형의 닮음(3).pdf","046","사다리꼴에서 평행선과 한 대각선의 길이","사다리꼴과 한 대각선의 길이비 - 개념·조건 판별","M2_SIMPY_PT070","choice:3","parallel_lines|segment_ratio|proportion|triangle_similarity|angle_bisector"
"M2_SIMPY_150_S04_Q047","m2_similarity_pythagoras","260711_도형의 닮음(3).pdf","047","사다리꼴에서 평행선과 한 대각선의 길이","사다리꼴과 한 대각선의 길이비 - 개념·조건 판별","M2_SIMPY_PT070","choice:3","parallel_lines|segment_ratio|proportion|triangle_similarity|angle_bisector"
"M2_SIMPY_150_S04_Q048","m2_similarity_pythagoras","260711_도형의 닮음(3).pdf","048","사다리꼴에서 평행선과 두 대각선의 길이(1) 평행선이 대각선의 교점을 지나지 않을 때","사다리꼴과 두 대각선 - 교점 비통과 - 비례식·정리 적용","M2_SIMPY_PT074","12cm","parallel_lines|segment_ratio|proportion|triangle_similarity|angle_bisector"
"M2_SIMPY_150_S04_Q049","m2_similarity_pythagoras","260711_도형의 닮음(3).pdf","049","사다리꼴에서 평행선과 두 대각선의 길이(1) 평행선이 대각선의 교점을 지나지 않을 때","사다리꼴과 두 대각선 - 교점 비통과 - 비례식·정리 적용","M2_SIMPY_PT074","18cm","parallel_lines|segment_ratio|proportion|triangle_similarity|angle_bisector"
"M2_SIMPY_150_S04_Q050","m2_similarity_pythagoras","260711_도형의 닮음(3).pdf","050","사다리꼴에서 평행선과 두 대각선의 길이(1) 평행선이 대각선의 교점을 지나지 않을 때","사다리꼴과 두 대각선 - 교점 비통과 - 비례식·정리 적용","M2_SIMPY_PT074","9/2cm","parallel_lines|segment_ratio|proportion|triangle_similarity|angle_bisector"
"M2_SIMPY_150_S04_Q051","m2_similarity_pythagoras","260711_도형의 닮음(3).pdf","051","사다리꼴에서 평행선과 두 대각선의 길이(2) 평행선이 대각선의 교점을 지날 때","사다리꼴과 두 대각선 - 교점 통과 - 비례식·정리 적용","M2_SIMPY_PT077","21cm","parallel_lines|segment_ratio|proportion|triangle_similarity|angle_bisector"
"M2_SIMPY_150_S04_Q052","m2_similarity_pythagoras","260711_도형의 닮음(3).pdf","052","사다리꼴에서 평행선과 두 대각선의 길이(2) 평행선이 대각선의 교점을 지날 때","사다리꼴과 두 대각선 - 교점 통과 - 비례식·정리 적용","M2_SIMPY_PT077","14cm","parallel_lines|segment_ratio|proportion|triangle_similarity|angle_bisector"
"M2_SIMPY_150_S04_Q053","m2_similarity_pythagoras","260711_도형의 닮음(3).pdf","053","평행선 사이의 길이의 비의 응용","평행선 사이 길이비의 종합 응용 - 비례식·정리 적용","M2_SIMPY_PT080","30cm²","parallel_lines|segment_ratio|proportion|triangle_similarity|angle_bisector"
"M2_SIMPY_150_S04_Q054","m2_similarity_pythagoras","260711_도형의 닮음(3).pdf","054","평행선 사이의 길이의 비의 응용","평행선 사이 길이비의 종합 응용 - 비례식·정리 적용","M2_SIMPY_PT080","80cm²","parallel_lines|segment_ratio|proportion|triangle_similarity|angle_bisector"
"M2_SIMPY_150_S04_Q055","m2_similarity_pythagoras","260711_도형의 닮음(3).pdf","055","삼각형의 두 변의 중점을 연결한 선분의 성질(1)","삼각형의 중점연결정리 - 비례식·정리 적용","M2_SIMPY_PT083","7cm","midpoint|midsegment|median|parallel_lines|area_ratio"
"M2_SIMPY_150_S04_Q056","m2_similarity_pythagoras","260711_도형의 닮음(3).pdf","056","삼각형의 두 변의 중점을 연결한 선분의 성질(1)","삼각형의 중점연결정리 - 비례식·정리 적용","M2_SIMPY_PT083","18cm","midpoint|midsegment|median|parallel_lines|area_ratio"
"M2_SIMPY_150_S04_Q057","m2_similarity_pythagoras","260711_도형의 닮음(3).pdf","057","삼각형의 두 변의 중점을 연결한 선분의 성질(2)","삼각형의 중점연결정리 - 비례식·정리 적용","M2_SIMPY_PT083","4cm","midpoint|midsegment|median|parallel_lines|area_ratio"
"M2_SIMPY_150_S04_Q058","m2_similarity_pythagoras","260711_도형의 닮음(3).pdf","058","삼각형의 중점을 연결한 선분 응용(1) 중점","중점연결정리의 중점 응용 - 비례식·정리 적용","M2_SIMPY_PT086","4","midpoint|midsegment|median|parallel_lines|area_ratio"
"M2_SIMPY_150_S04_Q059","m2_similarity_pythagoras","260711_도형의 닮음(3).pdf","059","삼각형의 중점을 연결한 선분 응용(1) 중점","중점연결정리의 중점 응용 - 비례식·정리 적용","M2_SIMPY_PT086","6cm","midpoint|midsegment|median|parallel_lines|area_ratio"
"M2_SIMPY_150_S04_Q060","m2_similarity_pythagoras","260711_도형의 닮음(3).pdf","060","삼각형의 중점을 연결한 선분 응용(2) 삼등분선","중점연결정리의 삼등분선 응용 - 복합 계산·증명","M2_SIMPY_PT090","23","midpoint|midsegment|median|parallel_lines|area_ratio"
"M2_SIMPY_150_S04_Q061","m2_similarity_pythagoras","260711_도형의 닮음(3).pdf","061","삼각형의 중점을 연결한 선분 응용(2) 삼등분선","중점연결정리의 삼등분선 응용 - 비례식·정리 적용","M2_SIMPY_PT089","6cm","midpoint|midsegment|median|parallel_lines|area_ratio"
"M2_SIMPY_150_S04_Q062","m2_similarity_pythagoras","260711_도형의 닮음(3).pdf","062","삼각형의 중점을 연결한 선분 응용(2) 삼등분선","중점연결정리의 삼등분선 응용 - 비례식·정리 적용","M2_SIMPY_PT089","30cm","midpoint|midsegment|median|parallel_lines|area_ratio"
"M2_SIMPY_150_S04_Q063","m2_similarity_pythagoras","260711_도형의 닮음(3).pdf","063","사각형의 각 변의 중점을 연결하여 만든 사각형","사각형 각 변의 중점을 이은 사각형 - 복합 계산·증명","M2_SIMPY_PT096","choice:5","midpoint|midsegment|median|parallel_lines|area_ratio"
"M2_SIMPY_150_S04_Q064","m2_similarity_pythagoras","260711_도형의 닮음(3).pdf","064","사각형의 각 변의 중점을 연결하여 만든 사각형","사각형 각 변의 중점을 이은 사각형 - 복합 계산·증명","M2_SIMPY_PT096","36cm²","midpoint|midsegment|median|parallel_lines|area_ratio"
"M2_SIMPY_150_S04_Q065","m2_similarity_pythagoras","260711_도형의 닮음(3).pdf","065","사각형의 각 변의 중점을 연결하여 만든 사각형","사각형 각 변의 중점을 이은 사각형 - 복합 계산·증명","M2_SIMPY_PT096","60cm²","midpoint|midsegment|median|parallel_lines|area_ratio"
"M2_SIMPY_150_S04_Q066","m2_similarity_pythagoras","260711_도형의 닮음(3).pdf","066","사다리꼴의 두 변의 중점을 연결한 선분의 성질","사다리꼴의 중점연결정리 - 비례식·정리 적용","M2_SIMPY_PT098","3cm","midpoint|midsegment|median|parallel_lines|area_ratio"
"M2_SIMPY_150_S04_Q067","m2_similarity_pythagoras","260711_도형의 닮음(3).pdf","067","삼각형의 중선의 성질","삼각형의 중선과 넓이 - 개념·조건 판별","M2_SIMPY_PT100","choice:4","midpoint|midsegment|median|parallel_lines|area_ratio"
"M2_SIMPY_150_S04_Q068","m2_similarity_pythagoras","260711_도형의 닮음(3).pdf","068","삼각형의 중선의 성질","삼각형의 중선과 넓이 - 비례식·정리 적용","M2_SIMPY_PT101","54cm²","midpoint|midsegment|median|parallel_lines|area_ratio"
"M2_SIMPY_150_S04_Q069","m2_similarity_pythagoras","260711_도형의 닮음(3).pdf","069","삼각형의 중선의 성질","삼각형의 중선과 넓이 - 비례식·정리 적용","M2_SIMPY_PT101","45cm²","midpoint|midsegment|median|parallel_lines|area_ratio"
"M2_SIMPY_150_S04_Q070","m2_similarity_pythagoras","260711_도형의 닮음(3).pdf","070","삼각형의 무게중심(1) △ABC의 무게중심","삼각형의 무게중심 기본 성질 - 비례식·정리 적용","M2_SIMPY_PT104","12","centroid|median|segment_ratio|area_ratio|triangle_geometry"
"M2_SIMPY_150_S04_Q071","m2_similarity_pythagoras","260711_도형의 닮음(3).pdf","071","삼각형의 무게중심(1) △ABC의 무게중심","삼각형의 무게중심 기본 성질 - 복합 계산·증명","M2_SIMPY_PT105","11","centroid|median|segment_ratio|area_ratio|triangle_geometry"
"M2_SIMPY_150_S04_Q072","m2_similarity_pythagoras","260711_도형의 닮음(3).pdf","072","삼각형의 무게중심의 응용(1)","무게중심 응용 - 선분 길이 - 비례식·정리 적용","M2_SIMPY_PT110","10","centroid|median|segment_ratio|area_ratio|triangle_geometry"
"M2_SIMPY_150_S04_Q073","m2_similarity_pythagoras","260711_도형의 닮음(3).pdf","073","삼각형의 무게중심의 응용(1)","무게중심 응용 - 선분 길이 - 복합 계산·증명","M2_SIMPY_PT111","4cm","centroid|median|segment_ratio|area_ratio|triangle_geometry"
"M2_SIMPY_150_S04_Q074","m2_similarity_pythagoras","260711_도형의 닮음(3).pdf","074","삼각형의 무게중심의 응용(1)","무게중심 응용 - 선분 길이 - 비례식·정리 적용","M2_SIMPY_PT110","2cm","centroid|median|segment_ratio|area_ratio|triangle_geometry"
"M2_SIMPY_150_S04_Q075","m2_similarity_pythagoras","260711_도형의 닮음(3).pdf","075","삼각형의 무게중심의 응용(2)","무게중심 응용 - 비례식 - 비례식·정리 적용","M2_SIMPY_PT113","3.5cm","centroid|median|segment_ratio|area_ratio|triangle_geometry"
"M2_SIMPY_150_S04_Q076","m2_similarity_pythagoras","260711_도형의 닮음(3).pdf","076","삼각형의 무게중심의 응용(2)","무게중심 응용 - 비례식 - 개념·조건 판별","M2_SIMPY_PT112","choice:2","centroid|median|segment_ratio|area_ratio|triangle_geometry"
"M2_SIMPY_150_S04_Q077","m2_similarity_pythagoras","260711_도형의 닮음(3).pdf","077","삼각형의 무게중심의 응용(2)","무게중심 응용 - 비례식 - 비례식·정리 적용","M2_SIMPY_PT113","1","centroid|median|segment_ratio|area_ratio|triangle_geometry"
"M2_SIMPY_150_S04_Q078","m2_similarity_pythagoras","260711_도형의 닮음(3).pdf","078","삼각형의 무게중심의 응용(3)","무게중심 응용 - 복합도형 - 비례식·정리 적용","M2_SIMPY_PT116","8/3cm","centroid|median|segment_ratio|area_ratio|triangle_geometry"
"M2_SIMPY_150_S04_Q079","m2_similarity_pythagoras","260711_도형의 닮음(3).pdf","079","삼각형의 무게중심의 응용(3)","무게중심 응용 - 복합도형 - 개념·조건 판별","M2_SIMPY_PT115","choice:3","centroid|median|segment_ratio|area_ratio|triangle_geometry"
"M2_SIMPY_150_S04_Q080","m2_similarity_pythagoras","260711_도형의 닮음(3).pdf","080","삼각형의 무게중심과 넓이의 관계(1) △ABC의 무게중심","무게중심과 삼각형 넓이비 - 복합 계산·증명","M2_SIMPY_PT120","21cm²","centroid|median|segment_ratio|area_ratio|triangle_geometry"
"M2_SIMPY_150_S04_Q081","m2_similarity_pythagoras","260711_도형의 닮음(3).pdf","081","삼각형의 무게중심과 넓이의 관계(1) △ABC의 무게중심","무게중심과 삼각형 넓이비 - 복합 계산·증명","M2_SIMPY_PT120","3/10cm²","centroid|median|segment_ratio|area_ratio|triangle_geometry"
"M2_SIMPY_150_S04_Q082","m2_similarity_pythagoras","260711_도형의 닮음(3).pdf","082","삼각형의 무게중심과 넓이의 관계(1) △ABC의 무게중심","무게중심과 삼각형 넓이비 - 복합 계산·증명","M2_SIMPY_PT120","8cm²","centroid|median|segment_ratio|area_ratio|triangle_geometry"
"M2_SIMPY_150_S04_Q083","m2_similarity_pythagoras","260711_도형의 닮음(3).pdf","083","삼각형의 무게중심과 넓이의 관계(2) △ABC, △GBC의 무게중심","두 무게중심과 넓이 관계 - 개념·조건 판별","M2_SIMPY_PT121","choice:2","centroid|median|segment_ratio|area_ratio|triangle_geometry"
"M2_SIMPY_150_S04_Q084","m2_similarity_pythagoras","260711_도형의 닮음(3).pdf","084","삼각형의 무게중심과 넓이의 관계(2) △ABC, △GBC의 무게중심","두 무게중심과 넓이 관계 - 비례식·정리 적용","M2_SIMPY_PT122","297cm²","centroid|median|segment_ratio|area_ratio|triangle_geometry"
"M2_SIMPY_150_S04_Q085","m2_similarity_pythagoras","260711_도형의 닮음(3).pdf","085","평행사변형에서 삼각형의 무게중심의 응용(1) 길이","평행사변형에서 무게중심과 길이 - 비례식·정리 적용","M2_SIMPY_PT125","6cm","centroid|median|segment_ratio|area_ratio|triangle_geometry"
"M2_SIMPY_150_S04_Q086","m2_similarity_pythagoras","260711_도형의 닮음(3).pdf","086","평행사변형에서 삼각형의 무게중심의 응용(1) 길이","평행사변형에서 무게중심과 길이 - 복합 계산·증명","M2_SIMPY_PT126","21cm","centroid|median|segment_ratio|area_ratio|triangle_geometry"
"M2_SIMPY_150_S04_Q087","m2_similarity_pythagoras","260711_도형의 닮음(3).pdf","087","평행사변형에서 삼각형의 무게중심의 응용(2) 넓이","평행사변형에서 무게중심과 넓이 - 비례식·정리 적용","M2_SIMPY_PT128","4cm²","centroid|median|segment_ratio|area_ratio|triangle_geometry"
"M2_SIMPY_150_S04_Q088","m2_similarity_pythagoras","260711_도형의 닮음(3).pdf","088","평행사변형에서 삼각형의 무게중심의 응용(2) 넓이","평행사변형에서 무게중심과 넓이 - 비례식·정리 적용","M2_SIMPY_PT128","20cm²","centroid|median|segment_ratio|area_ratio|triangle_geometry"
"M2_SIMPY_150_S04_Q089","m2_similarity_pythagoras","260711_도형의 닮음(3).pdf","089","평행사변형에서 삼각형의 무게중심의 응용(2) 넓이","평행사변형에서 무게중심과 넓이 - 개념·조건 판별","M2_SIMPY_PT127","choice:1","centroid|median|segment_ratio|area_ratio|triangle_geometry"
"M2_SIMPY_150_S04_Q090","m2_similarity_pythagoras","260711_도형의 닮음(3).pdf","090","닮은 두 평면도형의 넓이의 비","닮은 평면도형의 넓이비 - 비례식·정리 적용","M2_SIMPY_PT131","196cm²","similarity_ratio|area_ratio|surface_area_ratio|volume_ratio|scale"
"M2_SIMPY_150_S04_Q091","m2_similarity_pythagoras","260711_도형의 닮음(3).pdf","091","닮은 두 평면도형의 넓이의 비","닮은 평면도형의 넓이비 - 비례식·정리 적용","M2_SIMPY_PT131","9cm²","similarity_ratio|area_ratio|surface_area_ratio|volume_ratio|scale"
"M2_SIMPY_150_S04_Q092","m2_similarity_pythagoras","260711_도형의 닮음(3).pdf","092","닮은 두 평면도형의 넓이의 비의 활용","닮은 평면도형 넓이비의 활용 - 개념·조건 판별","M2_SIMPY_PT133","choice:3","similarity_ratio|area_ratio|surface_area_ratio|volume_ratio|scale"
"M2_SIMPY_150_S04_Q093","m2_similarity_pythagoras","260711_도형의 닮음(3).pdf","093","닮은 두 평면도형의 넓이의 비의 활용","닮은 평면도형 넓이비의 활용 - 복합 계산·증명","M2_SIMPY_PT135","choice:2","similarity_ratio|area_ratio|surface_area_ratio|volume_ratio|scale"
"M2_SIMPY_150_S04_Q094","m2_similarity_pythagoras","260711_도형의 닮음(3).pdf","094","닮은 두 입체도형의 겉넓이의 비의 활용","닮은 입체도형 겉넓이비의 활용 - 비례식·정리 적용","M2_SIMPY_PT140","90cm","similarity_ratio|area_ratio|surface_area_ratio|volume_ratio|scale"
"M2_SIMPY_150_S04_Q095","m2_similarity_pythagoras","260711_도형의 닮음(3).pdf","095","닮은 두 입체도형의 겉넓이의 비의 활용","닮은 입체도형 겉넓이비의 활용 - 비례식·정리 적용","M2_SIMPY_PT140","60cm","similarity_ratio|area_ratio|surface_area_ratio|volume_ratio|scale"
"M2_SIMPY_150_S04_Q096","m2_similarity_pythagoras","260711_도형의 닮음(3).pdf","096","닮은 두 입체도형의 부피의 비","닮은 입체도형의 부피비 - 비례식·정리 적용","M2_SIMPY_PT143","190cm³","similarity_ratio|area_ratio|surface_area_ratio|volume_ratio|scale"
"M2_SIMPY_150_S04_Q097","m2_similarity_pythagoras","260711_도형의 닮음(3).pdf","097","닮은 두 입체도형의 부피의 비","닮은 입체도형의 부피비 - 복합 계산·증명","M2_SIMPY_PT144","4cm³","similarity_ratio|area_ratio|surface_area_ratio|volume_ratio|scale"
"M2_SIMPY_150_S04_Q098","m2_similarity_pythagoras","260711_도형의 닮음(3).pdf","098","닮은 두 입체도형의 부피의 비","닮은 입체도형의 부피비 - 비례식·정리 적용","M2_SIMPY_PT143","12cm³","similarity_ratio|area_ratio|surface_area_ratio|volume_ratio|scale"
"M2_SIMPY_150_S04_Q099","m2_similarity_pythagoras","260711_도형의 닮음(3).pdf","099","닮은 두 입체도형의 부피의 비의 활용","닮은 입체도형 부피비의 활용 - 비례식·정리 적용","M2_SIMPY_PT146","125개","similarity_ratio|area_ratio|surface_area_ratio|volume_ratio|scale"
"M2_SIMPY_150_S04_Q100","m2_similarity_pythagoras","260711_도형의 닮음(3).pdf","100","닮은 두 입체도형의 부피의 비의 활용","닮은 입체도형 부피비의 활용 - 비례식·정리 적용","M2_SIMPY_PT146","168cm³","similarity_ratio|area_ratio|surface_area_ratio|volume_ratio|scale"
"M2_SIMPY_150_S04_Q101","m2_similarity_pythagoras","260711_도형의 닮음(3).pdf","101","닮음의 활용(1) 높이의 측정","닮음의 실생활 활용 - 높이·축척 - 비례식·정리 적용","M2_SIMPY_PT149","24m","similarity_ratio|area_ratio|surface_area_ratio|volume_ratio|scale"
"M2_SIMPY_150_S04_Q102","m2_similarity_pythagoras","260711_도형의 닮음(3).pdf","102","닮음의 활용(1) 높이의 측정","닮음의 실생활 활용 - 높이·축척 - 개념·조건 판별","M2_SIMPY_PT148","choice:4","similarity_ratio|area_ratio|surface_area_ratio|volume_ratio|scale"
"M2_SIMPY_150_S04_Q103","m2_similarity_pythagoras","260711_도형의 닮음(3).pdf","103","닮음의 활용(2) 축도와 축척","닮음의 실생활 활용 - 높이·축척 - 비례식·정리 적용","M2_SIMPY_PT149","24분","similarity_ratio|area_ratio|surface_area_ratio|volume_ratio|scale"
"M2_SIMPY_150_S04_Q104","m2_similarity_pythagoras","260711_도형의 닮음(3).pdf","104","닮음의 활용(2) 축도와 축척","닮음의 실생활 활용 - 높이·축척 - 개념·조건 판별","M2_SIMPY_PT148","choice:3","similarity_ratio|area_ratio|surface_area_ratio|volume_ratio|scale"
"M2_SIMPY_150_S04_Q105","m2_similarity_pythagoras","260711_도형의 닮음(3).pdf","105","삼각형의 변의 길이 구하기(1)","피타고라스 정리로 삼각형의 변 구하기 - 비례식·정리 적용","M2_SIMPY_PT152","15","pythagorean_theorem|right_triangle|length_relation|square_area|geometry_application"
"M2_SIMPY_150_S04_Q106","m2_similarity_pythagoras","260711_도형의 닮음(3).pdf","106","삼각형의 변의 길이 구하기(1)","피타고라스 정리로 삼각형의 변 구하기 - 비례식·정리 적용","M2_SIMPY_PT152","7cm","pythagorean_theorem|right_triangle|length_relation|square_area|geometry_application"
"M2_SIMPY_150_S04_Q107","m2_similarity_pythagoras","260711_도형의 닮음(3).pdf","107","삼각형의 변의 길이 구하기(2)","피타고라스 정리로 삼각형의 변 구하기 - 개념·조건 판별","M2_SIMPY_PT151","choice:3","pythagorean_theorem|right_triangle|length_relation|square_area|geometry_application"
"M2_SIMPY_150_S04_Q108","m2_similarity_pythagoras","260711_도형의 닮음(3).pdf","108","삼각형의 변의 길이 구하기(2)","피타고라스 정리로 삼각형의 변 구하기 - 복합 계산·증명","M2_SIMPY_PT153","80","pythagorean_theorem|right_triangle|length_relation|square_area|geometry_application"
"M2_SIMPY_150_S04_Q109","m2_similarity_pythagoras","260711_도형의 닮음(3).pdf","109","삼각형의 변의 길이 구하기(3)","피타고라스 정리로 삼각형의 변 구하기 - 비례식·정리 적용","M2_SIMPY_PT152","3","pythagorean_theorem|right_triangle|length_relation|square_area|geometry_application"
"M2_SIMPY_150_S04_Q110","m2_similarity_pythagoras","260711_도형의 닮음(3).pdf","110","삼각형의 변의 길이 구하기(3)","피타고라스 정리로 삼각형의 변 구하기 - 복합 계산·증명","M2_SIMPY_PT153","2","pythagorean_theorem|right_triangle|length_relation|square_area|geometry_application"
"M2_SIMPY_150_S04_Q111","m2_similarity_pythagoras","260711_도형의 닮음(3).pdf","111","직각삼각형의 닮음과 피타고라스 정리","직각삼각형의 닮음과 피타고라스 정리 - 복합 계산·증명","M2_SIMPY_PT156","13/2","pythagorean_theorem|right_triangle|length_relation|square_area|geometry_application"
"M2_SIMPY_150_S04_Q112","m2_similarity_pythagoras","260711_도형의 닮음(3).pdf","112","직각삼각형의 닮음과 피타고라스 정리","직각삼각형의 닮음과 피타고라스 정리 - 비례식·정리 적용","M2_SIMPY_PT155","9/5","pythagorean_theorem|right_triangle|length_relation|square_area|geometry_application"
"M2_SIMPY_150_S04_Q113","m2_similarity_pythagoras","260711_도형의 닮음(3).pdf","113","직각삼각형의 닮음과 피타고라스 정리","직각삼각형의 닮음과 피타고라스 정리 - 복합 계산·증명","M2_SIMPY_PT156","104/5cm","pythagorean_theorem|right_triangle|length_relation|square_area|geometry_application"
"M2_SIMPY_150_S04_Q114","m2_similarity_pythagoras","260711_도형의 닮음(3).pdf","114","사각형에서 피타고라스 정리의 이용(1) 대각선을 그어 푸는 경우","사각형·직사각형에서 피타고라스 정리 - 개념·조건 판별","M2_SIMPY_PT157","choice:3","pythagorean_theorem|right_triangle|length_relation|square_area|geometry_application"
"M2_SIMPY_150_S04_Q115","m2_similarity_pythagoras","260711_도형의 닮음(3).pdf","115","사각형에서 피타고라스 정리의 이용(1) 대각선을 그어 푸는 경우","사각형·직사각형에서 피타고라스 정리 - 비례식·정리 적용","M2_SIMPY_PT158","54","pythagorean_theorem|right_triangle|length_relation|square_area|geometry_application"
"M2_SIMPY_150_S04_Q116","m2_similarity_pythagoras","260711_도형의 닮음(3).pdf","116","사각형에서 피타고라스 정리의 이용(2) 수선을 그어 푸는 경우","사각형·직사각형에서 피타고라스 정리 - 비례식·정리 적용","M2_SIMPY_PT158","17cm","pythagorean_theorem|right_triangle|length_relation|square_area|geometry_application"
"M2_SIMPY_150_S04_Q117","m2_similarity_pythagoras","260711_도형의 닮음(3).pdf","117","사각형에서 피타고라스 정리의 이용(2) 수선을 그어 푸는 경우","사각형·직사각형에서 피타고라스 정리 - 개념·조건 판별","M2_SIMPY_PT157","choice:5","pythagorean_theorem|right_triangle|length_relation|square_area|geometry_application"
"M2_SIMPY_150_S04_Q118","m2_similarity_pythagoras","260711_도형의 닮음(3).pdf","118","사각형에서 피타고라스 정리의 이용(2) 수선을 그어 푸는 경우","사각형·직사각형에서 피타고라스 정리 - 비례식·정리 적용","M2_SIMPY_PT158","66","pythagorean_theorem|right_triangle|length_relation|square_area|geometry_application"
"M2_SIMPY_150_S04_Q119","m2_similarity_pythagoras","260711_도형의 닮음(3).pdf","119","직사각형의 대각선의 길이","사각형·직사각형에서 피타고라스 정리 - 비례식·정리 적용","M2_SIMPY_PT158","14/5cm","pythagorean_theorem|right_triangle|length_relation|square_area|geometry_application"
"M2_SIMPY_150_S04_Q120","m2_similarity_pythagoras","260711_도형의 닮음(3).pdf","120","직사각형의 대각선의 길이","사각형·직사각형에서 피타고라스 정리 - 비례식·정리 적용","M2_SIMPY_PT158","85/13cm","pythagorean_theorem|right_triangle|length_relation|square_area|geometry_application"
"M2_SIMPY_150_S04_Q121","m2_similarity_pythagoras","260711_도형의 닮음(3).pdf","121","직사각형의 대각선의 길이","사각형·직사각형에서 피타고라스 정리 - 복합 계산·증명","M2_SIMPY_PT159","336/25cm²","pythagorean_theorem|right_triangle|length_relation|square_area|geometry_application"
"M2_SIMPY_150_S04_Q122","m2_similarity_pythagoras","260711_도형의 닮음(3).pdf","122","이등변삼각형의 높이와 넓이","이등변삼각형의 높이와 넓이 - 비례식·정리 적용","M2_SIMPY_PT161","14cm","pythagorean_theorem|right_triangle|length_relation|square_area|geometry_application"
"M2_SIMPY_150_S04_Q123","m2_similarity_pythagoras","260711_도형의 닮음(3).pdf","123","이등변삼각형의 높이와 넓이","이등변삼각형의 높이와 넓이 - 복합 계산·증명","M2_SIMPY_PT162","240/49cm","pythagorean_theorem|right_triangle|length_relation|square_area|geometry_application"
"M2_SIMPY_150_S04_Q124","m2_similarity_pythagoras","260711_도형의 닮음(3).pdf","124","피타고라스 정리의 설명(1) 유클리드의 방법","피타고라스 정리의 여러 증명 - 복합 계산·증명","M2_SIMPY_PT165","37","pythagorean_theorem|right_triangle|length_relation|square_area|geometry_application"
"M2_SIMPY_150_S04_Q125","m2_similarity_pythagoras","260711_도형의 닮음(3).pdf","125","피타고라스 정리의 설명(2) 피타고라스의 방법","피타고라스 정리의 여러 증명 - 복합 계산·증명","M2_SIMPY_PT165","81cm²","pythagorean_theorem|right_triangle|length_relation|square_area|geometry_application"
"M2_SIMPY_150_S04_Q126","m2_similarity_pythagoras","260711_도형의 닮음(3).pdf","126","피타고라스 정리의 설명(3) 가필드의 방법","피타고라스 정리의 여러 증명 - 복합 계산·증명","M2_SIMPY_PT165","32cm²","pythagorean_theorem|right_triangle|length_relation|square_area|geometry_application"
"M2_SIMPY_150_S04_Q127","m2_similarity_pythagoras","260711_도형의 닮음(3).pdf","127","피타고라스 정리의 설명(4) 바스카라의 방법","피타고라스 정리의 여러 증명 - 복합 계산·증명","M2_SIMPY_PT165","49cm²","pythagorean_theorem|right_triangle|length_relation|square_area|geometry_application"
"M2_SIMPY_150_S04_Q128","m2_similarity_pythagoras","260711_도형의 닮음(3).pdf","128","피타고라스 정리의 설명(4) 바스카라의 방법","피타고라스 정리의 여러 증명 - 복합 계산·증명","M2_SIMPY_PT165","1cm²","pythagorean_theorem|right_triangle|length_relation|square_area|geometry_application"
"M2_SIMPY_150_S04_Q129","m2_similarity_pythagoras","260711_도형의 닮음(3).pdf","129","직각삼각형이 되기 위한 조건","피타고라스 정리의 역과 삼각형 분류 - 비례식·정리 적용","M2_SIMPY_PT167","25","pythagorean_theorem|right_triangle|length_relation|square_area|geometry_application"
"M2_SIMPY_150_S04_Q130","m2_similarity_pythagoras","260711_도형의 닮음(3).pdf","130","직각삼각형이 되기 위한 조건","피타고라스 정리의 역과 삼각형 분류 - 개념·조건 판별","M2_SIMPY_PT166","choice:2","pythagorean_theorem|right_triangle|length_relation|square_area|geometry_application"
"M2_SIMPY_150_S04_Q131","m2_similarity_pythagoras","260711_도형의 닮음(3).pdf","131","각의 크기에 따른 삼각형의 변의 길이","피타고라스 정리의 역과 삼각형 분류 - 개념·조건 판별","M2_SIMPY_PT166","choice:5","pythagorean_theorem|right_triangle|length_relation|square_area|geometry_application"
"M2_SIMPY_150_S04_Q132","m2_similarity_pythagoras","260711_도형의 닮음(3).pdf","132","각의 크기에 따른 삼각형의 변의 길이","피타고라스 정리의 역과 삼각형 분류 - 개념·조건 판별","M2_SIMPY_PT166","choice:2","pythagorean_theorem|right_triangle|length_relation|square_area|geometry_application"
"M2_SIMPY_150_S04_Q133","m2_similarity_pythagoras","260711_도형의 닮음(3).pdf","133","피타고라스 정리의 활용(1) 직각삼각형","평면도형에서 피타고라스 정리의 활용 - 복합 계산·증명","M2_SIMPY_PT171","68","pythagorean_theorem|right_triangle|length_relation|square_area|geometry_application"
"M2_SIMPY_150_S04_Q134","m2_similarity_pythagoras","260711_도형의 닮음(3).pdf","134","피타고라스 정리의 활용(1) 직각삼각형","평면도형에서 피타고라스 정리의 활용 - 복합 계산·증명","M2_SIMPY_PT171","250","pythagorean_theorem|right_triangle|length_relation|square_area|geometry_application"
"M2_SIMPY_150_S04_Q135","m2_similarity_pythagoras","260711_도형의 닮음(3).pdf","135","피타고라스 정리의 활용(1) 직각삼각형","평면도형에서 피타고라스 정리의 활용 - 복합 계산·증명","M2_SIMPY_PT171","28/3cm²","pythagorean_theorem|right_triangle|length_relation|square_area|geometry_application"
"M2_SIMPY_150_S04_Q136","m2_similarity_pythagoras","260711_도형의 닮음(3).pdf","136","피타고라스 정리의 활용(2) 사각형","평면도형에서 피타고라스 정리의 활용 - 복합 계산·증명","M2_SIMPY_PT171","120/17","pythagorean_theorem|right_triangle|length_relation|square_area|geometry_application"
"M2_SIMPY_150_S04_Q137","m2_similarity_pythagoras","260711_도형의 닮음(3).pdf","137","피타고라스 정리의 활용(2) 사각형","평면도형에서 피타고라스 정리의 활용 - 비례식·정리 적용","M2_SIMPY_PT170","29","pythagorean_theorem|right_triangle|length_relation|square_area|geometry_application"
"M2_SIMPY_150_S04_Q138","m2_similarity_pythagoras","260711_도형의 닮음(3).pdf","138","피타고라스 정리의 활용(2) 사각형","평면도형에서 피타고라스 정리의 활용 - 복합 계산·증명","M2_SIMPY_PT171","168/25","pythagorean_theorem|right_triangle|length_relation|square_area|geometry_application"
"M2_SIMPY_150_S04_Q139","m2_similarity_pythagoras","260711_도형의 닮음(3).pdf","139","피타고라스 정리의 활용(4) 직각삼각형의 세 반원 사이의 관계","평면도형에서 피타고라스 정리의 활용 - 복합 계산·증명","M2_SIMPY_PT171","choice:5","pythagorean_theorem|right_triangle|length_relation|square_area|geometry_application"
"M2_SIMPY_150_S04_Q140","m2_similarity_pythagoras","260711_도형의 닮음(3).pdf","140","피타고라스 정리의 활용(4) 직각삼각형의 세 반원 사이의 관계","평면도형에서 피타고라스 정리의 활용 - 개념·조건 판별","M2_SIMPY_PT169","choice:1","pythagorean_theorem|right_triangle|length_relation|square_area|geometry_application"
"M2_SIMPY_150_S04_Q141","m2_similarity_pythagoras","260711_도형의 닮음(3).pdf","141","피타고라스 정리의 활용(5) 히포크라테스의 원의 넓이","히포크라테스·피타고라스 나무·종이접기 - 복합 계산·증명","M2_SIMPY_PT174","24","pythagorean_theorem|right_triangle|length_relation|square_area|geometry_application"
"M2_SIMPY_150_S04_Q142","m2_similarity_pythagoras","260711_도형의 닮음(3).pdf","142","피타고라스 정리의 활용(5) 히포크라테스의 원의 넓이","히포크라테스·피타고라스 나무·종이접기 - 복합 계산·증명","M2_SIMPY_PT174","120/17cm","pythagorean_theorem|right_triangle|length_relation|square_area|geometry_application"
"M2_SIMPY_150_S04_Q143","m2_similarity_pythagoras","260711_도형의 닮음(3).pdf","143","피타고라스 정리의 활용(5) 히포크라테스의 원의 넓이","히포크라테스·피타고라스 나무·종이접기 - 복합 계산·증명","M2_SIMPY_PT174","400cm²","pythagorean_theorem|right_triangle|length_relation|square_area|geometry_application"
"M2_SIMPY_150_S04_Q144","m2_similarity_pythagoras","260711_도형의 닮음(3).pdf","144","종이접기와 피타고라스 정리","히포크라테스·피타고라스 나무·종이접기 - 복합 계산·증명","M2_SIMPY_PT174","choices:3|5","pythagorean_theorem|right_triangle|length_relation|square_area|geometry_application"
"M2_SIMPY_150_S04_Q145","m2_similarity_pythagoras","260711_도형의 닮음(3).pdf","145","종이접기와 피타고라스 정리","히포크라테스·피타고라스 나무·종이접기 - 복합 계산·증명","M2_SIMPY_PT174","choice:1","pythagorean_theorem|right_triangle|length_relation|square_area|geometry_application"
"M2_SIMPY_150_S04_Q146","m2_similarity_pythagoras","260711_도형의 닮음(3).pdf","146","입체도형에서의 피타고라스 정리","입체도형과 원기둥 최단거리 - 복합 계산·증명","M2_SIMPY_PT177","250","pythagorean_theorem|right_triangle|length_relation|square_area|geometry_application"
"M2_SIMPY_150_S04_Q147","m2_similarity_pythagoras","260711_도형의 닮음(3).pdf","147","입체도형에서의 피타고라스 정리","입체도형과 원기둥 최단거리 - 개념·조건 판별","M2_SIMPY_PT175","choice:3","pythagorean_theorem|right_triangle|length_relation|square_area|geometry_application"
"M2_SIMPY_150_S04_Q148","m2_similarity_pythagoras","260711_도형의 닮음(3).pdf","148","입체도형에서의 피타고라스 정리","입체도형과 원기둥 최단거리 - 복합 계산·증명","M2_SIMPY_PT177","26","pythagorean_theorem|right_triangle|length_relation|square_area|geometry_application"
"M2_SIMPY_150_S04_Q149","m2_similarity_pythagoras","260711_도형의 닮음(3).pdf","149","원기둥에서의 최단 거리","입체도형과 원기둥 최단거리 - 개념·조건 판별","M2_SIMPY_PT175","choice:1","pythagorean_theorem|right_triangle|length_relation|square_area|geometry_application"
"M2_SIMPY_150_S04_Q150","m2_similarity_pythagoras","260711_도형의 닮음(3).pdf","150","원기둥에서의 최단 거리","입체도형과 원기둥 최단거리 - 개념·조건 판별","M2_SIMPY_PT175","choice:3","pythagorean_theorem|right_triangle|length_relation|square_area|geometry_application"
"M2_SIMPY_150_S09_Q001","m2_similarity_pythagoras","260711_도형의 닮음(8).pdf","001","평면도형에서 닮음비의 응용","평면도형의 닮음비 계산과 활용 - 비례식·정리 적용","M2_SIMPY_PT005","choice:2","similarity|corresponding_sides|corresponding_angles|ratio|triangle_similarity"
"M2_SIMPY_150_S09_Q002","m2_similarity_pythagoras","260711_도형의 닮음(8).pdf","002","평면도형에서 닮음비의 응용","평면도형의 닮음비 계산과 활용 - 비례식·정리 적용","M2_SIMPY_PT005","choice:3","similarity|corresponding_sides|corresponding_angles|ratio|triangle_similarity"
"M2_SIMPY_150_S09_Q003","m2_similarity_pythagoras","260711_도형의 닮음(8).pdf","003","평면도형에서 닮음비의 응용","평면도형의 닮음비 계산과 활용 - 개념·조건 판별","M2_SIMPY_PT004","choice:2","similarity|corresponding_sides|corresponding_angles|ratio|triangle_similarity"
"M2_SIMPY_150_S09_Q004","m2_similarity_pythagoras","260711_도형의 닮음(8).pdf","004","삼각형의 닮음 조건의 응용(2) AA 닮음","AA 닮음의 조건 적용 - 개념·조건 판별","M2_SIMPY_PT022","choice:1","similarity|corresponding_sides|corresponding_angles|ratio|triangle_similarity"
"M2_SIMPY_150_S09_Q005","m2_similarity_pythagoras","260711_도형의 닮음(8).pdf","005","삼각형의 닮음 조건의 응용(2) AA 닮음","AA 닮음의 조건 적용 - 비례식·정리 적용","M2_SIMPY_PT023","140cm","similarity|corresponding_sides|corresponding_angles|ratio|triangle_similarity"
"M2_SIMPY_150_S09_Q006","m2_similarity_pythagoras","260711_도형의 닮음(8).pdf","006","삼각형의 닮음 조건의 응용(2) AA 닮음","AA 닮음의 조건 적용 - 비례식·정리 적용","M2_SIMPY_PT023","27/4cm","similarity|corresponding_sides|corresponding_angles|ratio|triangle_similarity"
"M2_SIMPY_150_S09_Q007","m2_similarity_pythagoras","260711_도형의 닮음(8).pdf","007","평행선에서 삼각형의 닮음 조건의 응용","평행선에서 삼각형의 닮음 찾기 - 비례식·정리 적용","M2_SIMPY_PT026","96cm²","similarity|corresponding_sides|corresponding_angles|ratio|triangle_similarity"
"M2_SIMPY_150_S09_Q008","m2_similarity_pythagoras","260711_도형의 닮음(8).pdf","008","평행선에서 삼각형의 닮음 조건의 응용","평행선에서 삼각형의 닮음 찾기 - 비례식·정리 적용","M2_SIMPY_PT026","25/2cm","similarity|corresponding_sides|corresponding_angles|ratio|triangle_similarity"
"M2_SIMPY_150_S09_Q009","m2_similarity_pythagoras","260711_도형의 닮음(8).pdf","009","평행선에서 삼각형의 닮음 조건의 응용","평행선에서 삼각형의 닮음 찾기 - 비례식·정리 적용","M2_SIMPY_PT026","144cm²","similarity|corresponding_sides|corresponding_angles|ratio|triangle_similarity"
"M2_SIMPY_150_S09_Q010","m2_similarity_pythagoras","260711_도형의 닮음(8).pdf","010","직각삼각형의 닮음(1) 공통인 각이 있는 경우","직각삼각형의 닮음 - 공통각 구조 - 비례식·정리 적용","M2_SIMPY_PT029","15cm","similarity|corresponding_sides|corresponding_angles|ratio|triangle_similarity"
"M2_SIMPY_150_S09_Q011","m2_similarity_pythagoras","260711_도형의 닮음(8).pdf","011","직각삼각형의 닮음(1) 공통인 각이 있는 경우","직각삼각형의 닮음 - 공통각 구조 - 비례식·정리 적용","M2_SIMPY_PT029","27/2cm","similarity|corresponding_sides|corresponding_angles|ratio|triangle_similarity"
"M2_SIMPY_150_S09_Q012","m2_similarity_pythagoras","260711_도형의 닮음(8).pdf","012","직각삼각형의 닮음(1) 공통인 각이 있는 경우","직각삼각형의 닮음 - 공통각 구조 - 비례식·정리 적용","M2_SIMPY_PT029","256/9cm²","similarity|corresponding_sides|corresponding_angles|ratio|triangle_similarity"
"M2_SIMPY_150_S09_Q013","m2_similarity_pythagoras","260711_도형의 닮음(8).pdf","013","직각삼각형의 닮음(2) 한 예각의 크기가 같은 경우","직각삼각형의 닮음 - 같은 예각 구조 - 복합 계산·증명","M2_SIMPY_PT033","48/5cm","similarity|corresponding_sides|corresponding_angles|ratio|triangle_similarity"
"M2_SIMPY_150_S09_Q014","m2_similarity_pythagoras","260711_도형의 닮음(8).pdf","014","직각삼각형의 닮음(2) 한 예각의 크기가 같은 경우","직각삼각형의 닮음 - 같은 예각 구조 - 복합 계산·증명","M2_SIMPY_PT033","231/16cm","similarity|corresponding_sides|corresponding_angles|ratio|triangle_similarity"
"M2_SIMPY_150_S09_Q015","m2_similarity_pythagoras","260711_도형의 닮음(8).pdf","015","직각삼각형의 닮음(2) 한 예각의 크기가 같은 경우","직각삼각형의 닮음 - 같은 예각 구조 - 개념·조건 판별","M2_SIMPY_PT031","3cm","similarity|corresponding_sides|corresponding_angles|ratio|triangle_similarity"
"M2_SIMPY_150_S09_Q016","m2_similarity_pythagoras","260711_도형의 닮음(8).pdf","016","직각삼각형의 닮음의 응용","직각삼각형 닮음의 길이·넓이 응용 - 복합 계산·증명","M2_SIMPY_PT036","1200cm²","similarity|corresponding_sides|corresponding_angles|ratio|triangle_similarity"
"M2_SIMPY_150_S09_Q017","m2_similarity_pythagoras","260711_도형의 닮음(8).pdf","017","직각삼각형의 닮음의 응용","직각삼각형 닮음의 길이·넓이 응용 - 비례식·정리 적용","M2_SIMPY_PT035","72/25cm","similarity|corresponding_sides|corresponding_angles|ratio|triangle_similarity"
"M2_SIMPY_150_S09_Q018","m2_similarity_pythagoras","260711_도형의 닮음(8).pdf","018","직각삼각형의 닮음의 응용","직각삼각형 닮음의 길이·넓이 응용 - 복합 계산·증명","M2_SIMPY_PT036","1053","similarity|corresponding_sides|corresponding_angles|ratio|triangle_similarity"
"M2_SIMPY_150_S09_Q019","m2_similarity_pythagoras","260711_도형의 닮음(8).pdf","019","종이접기와 삼각형의 닮음","종이접기에서 닮은 삼각형 찾기 - 비례식·정리 적용","M2_SIMPY_PT038","225/17cm","similarity|corresponding_sides|corresponding_angles|ratio|triangle_similarity"
"M2_SIMPY_150_S09_Q020","m2_similarity_pythagoras","260711_도형의 닮음(8).pdf","020","종이접기와 삼각형의 닮음","종이접기에서 닮은 삼각형 찾기 - 비례식·정리 적용","M2_SIMPY_PT038","15/4cm","similarity|corresponding_sides|corresponding_angles|ratio|triangle_similarity"
"M2_SIMPY_150_S09_Q021","m2_similarity_pythagoras","260711_도형의 닮음(8).pdf","021","종이접기와 삼각형의 닮음","종이접기에서 닮은 삼각형 찾기 - 비례식·정리 적용","M2_SIMPY_PT038","choice:1","similarity|corresponding_sides|corresponding_angles|ratio|triangle_similarity"
"M2_SIMPY_150_S09_Q022","m2_similarity_pythagoras","260711_도형의 닮음(8).pdf","022","삼각형에서 평행선 사이의 선분의 길이의 비(1) 한 각이 공통각인 두 삼각형","평행선과 선분비 - 공통각 구조 - 복합 계산·증명","M2_SIMPY_PT042","choice:4","parallel_lines|segment_ratio|proportion|triangle_similarity|angle_bisector"
"M2_SIMPY_150_S09_Q023","m2_similarity_pythagoras","260711_도형의 닮음(8).pdf","023","삼각형에서 평행선 사이의 선분의 길이의 비(1) 한 각이 공통각인 두 삼각형","평행선과 선분비 - 공통각 구조 - 복합 계산·증명","M2_SIMPY_PT042","6cm","parallel_lines|segment_ratio|proportion|triangle_similarity|angle_bisector"
"M2_SIMPY_150_S09_Q024","m2_similarity_pythagoras","260711_도형의 닮음(8).pdf","024","삼각형에서 평행선 사이의 선분의 길이의 비(1) 한 각이 공통각인 두 삼각형","평행선과 선분비 - 공통각 구조 - 복합 계산·증명","M2_SIMPY_PT042","choice:2","parallel_lines|segment_ratio|proportion|triangle_similarity|angle_bisector"
"M2_SIMPY_150_S09_Q025","m2_similarity_pythagoras","260711_도형의 닮음(8).pdf","025","삼각형에서 평행선 사이의 선분의 길이의 비(2) 한 각이 맞꼭지각인 두 삼각형","평행선과 선분비 - 맞꼭지각 구조 - 비례식·정리 적용","M2_SIMPY_PT044","20","parallel_lines|segment_ratio|proportion|triangle_similarity|angle_bisector"
"M2_SIMPY_150_S09_Q026","m2_similarity_pythagoras","260711_도형의 닮음(8).pdf","026","삼각형에서 평행선 사이의 선분의 길이의 비(2) 한 각이 맞꼭지각인 두 삼각형","평행선과 선분비 - 맞꼭지각 구조 - 비례식·정리 적용","M2_SIMPY_PT044","choice:1","parallel_lines|segment_ratio|proportion|triangle_similarity|angle_bisector"
"M2_SIMPY_150_S09_Q027","m2_similarity_pythagoras","260711_도형의 닮음(8).pdf","027","삼각형에서 평행선 사이의 선분의 길이의 비(2) 한 각이 맞꼭지각인 두 삼각형","평행선과 선분비 - 맞꼭지각 구조 - 비례식·정리 적용","M2_SIMPY_PT044","3","parallel_lines|segment_ratio|proportion|triangle_similarity|angle_bisector"
"M2_SIMPY_150_S09_Q028","m2_similarity_pythagoras","260711_도형의 닮음(8).pdf","028","삼각형에서 평행선 사이의 선분의 길이의 비의 응용","삼각형에서 평행선 선분비 응용 - 비례식·정리 적용","M2_SIMPY_PT047","6cm","parallel_lines|segment_ratio|proportion|triangle_similarity|angle_bisector"
"M2_SIMPY_150_S09_Q029","m2_similarity_pythagoras","260711_도형의 닮음(8).pdf","029","삼각형에서 평행선 사이의 선분의 길이의 비의 응용","삼각형에서 평행선 선분비 응용 - 비례식·정리 적용","M2_SIMPY_PT047","15cm","parallel_lines|segment_ratio|proportion|triangle_similarity|angle_bisector"
"M2_SIMPY_150_S09_Q030","m2_similarity_pythagoras","260711_도형의 닮음(8).pdf","030","삼각형에서 평행선 사이의 선분의 길이의 비의 응용","삼각형에서 평행선 선분비 응용 - 비례식·정리 적용","M2_SIMPY_PT047","5cm","parallel_lines|segment_ratio|proportion|triangle_similarity|angle_bisector"
"M2_SIMPY_150_S09_Q031","m2_similarity_pythagoras","260711_도형의 닮음(8).pdf","031","삼각형의 내각의 이등분선과 변의 길이","삼각형 내각의 이등분선과 변의 비 - 복합 계산·증명","M2_SIMPY_PT054","choice:2","parallel_lines|segment_ratio|proportion|triangle_similarity|angle_bisector"
"M2_SIMPY_150_S09_Q032","m2_similarity_pythagoras","260711_도형의 닮음(8).pdf","032","삼각형의 내각의 이등분선과 변의 길이","삼각형 내각의 이등분선과 변의 비 - 비례식·정리 적용","M2_SIMPY_PT053","32/3cm","parallel_lines|segment_ratio|proportion|triangle_similarity|angle_bisector"
"M2_SIMPY_150_S09_Q033","m2_similarity_pythagoras","260711_도형의 닮음(8).pdf","033","삼각형의 내각의 이등분선과 변의 길이","삼각형 내각의 이등분선과 변의 비 - 복합 계산·증명","M2_SIMPY_PT054","choice:4","parallel_lines|segment_ratio|proportion|triangle_similarity|angle_bisector"
"M2_SIMPY_150_S09_Q034","m2_similarity_pythagoras","260711_도형의 닮음(8).pdf","034","삼각형의 내각의 이등분선과 삼각형의 넓이","삼각형 내각의 이등분선과 넓이비 - 비례식·정리 적용","M2_SIMPY_PT056","choice:5","parallel_lines|segment_ratio|proportion|triangle_similarity|angle_bisector"
"M2_SIMPY_150_S09_Q035","m2_similarity_pythagoras","260711_도형의 닮음(8).pdf","035","삼각형의 내각의 이등분선과 삼각형의 넓이","삼각형 내각의 이등분선과 넓이비 - 비례식·정리 적용","M2_SIMPY_PT056","choice:1","parallel_lines|segment_ratio|proportion|triangle_similarity|angle_bisector"
"M2_SIMPY_150_S09_Q036","m2_similarity_pythagoras","260711_도형의 닮음(8).pdf","036","삼각형의 내각의 이등분선과 삼각형의 넓이","삼각형 내각의 이등분선과 넓이비 - 복합 계산·증명","M2_SIMPY_PT057","88","parallel_lines|segment_ratio|proportion|triangle_similarity|angle_bisector"
"M2_SIMPY_150_S09_Q037","m2_similarity_pythagoras","260711_도형의 닮음(8).pdf","037","삼각형의 외각의 이등분선과 변의 길이","삼각형 외각의 이등분선과 변의 비 - 비례식·정리 적용","M2_SIMPY_PT059","choice:4","parallel_lines|segment_ratio|proportion|triangle_similarity|angle_bisector"
"M2_SIMPY_150_S09_Q038","m2_similarity_pythagoras","260711_도형의 닮음(8).pdf","038","삼각형의 외각의 이등분선과 변의 길이","삼각형 외각의 이등분선과 변의 비 - 비례식·정리 적용","M2_SIMPY_PT059","4cm","parallel_lines|segment_ratio|proportion|triangle_similarity|angle_bisector"
"M2_SIMPY_150_S09_Q039","m2_similarity_pythagoras","260711_도형의 닮음(8).pdf","039","삼각형의 외각의 이등분선과 변의 길이","삼각형 외각의 이등분선과 변의 비 - 개념·조건 판별","M2_SIMPY_PT058","choice:4","parallel_lines|segment_ratio|proportion|triangle_similarity|angle_bisector"
"M2_SIMPY_150_S09_Q040","m2_similarity_pythagoras","260711_도형의 닮음(8).pdf","040","평행선 사이의 길이의 비","여러 평행선 사이의 길이비 - 비례식·정리 적용","M2_SIMPY_PT065","10cm","parallel_lines|segment_ratio|proportion|triangle_similarity|angle_bisector"
"M2_SIMPY_150_S09_Q041","m2_similarity_pythagoras","260711_도형의 닮음(8).pdf","041","평행선 사이의 길이의 비","여러 평행선 사이의 길이비 - 비례식·정리 적용","M2_SIMPY_PT065","24","parallel_lines|segment_ratio|proportion|triangle_similarity|angle_bisector"
"M2_SIMPY_150_S09_Q042","m2_similarity_pythagoras","260711_도형의 닮음(8).pdf","042","평행선 사이의 길이의 비","여러 평행선 사이의 길이비 - 비례식·정리 적용","M2_SIMPY_PT065","31","parallel_lines|segment_ratio|proportion|triangle_similarity|angle_bisector"
"M2_SIMPY_150_S09_Q043","m2_similarity_pythagoras","260711_도형의 닮음(8).pdf","043","사다리꼴에서 평행선 사이의 선분의 길이의 비","사다리꼴에서 평행선 선분비 - 개념·조건 판별","M2_SIMPY_PT067","choice:5","parallel_lines|segment_ratio|proportion|triangle_similarity|angle_bisector"
"M2_SIMPY_150_S09_Q044","m2_similarity_pythagoras","260711_도형의 닮음(8).pdf","044","사다리꼴에서 평행선 사이의 선분의 길이의 비","사다리꼴에서 평행선 선분비 - 개념·조건 판별","M2_SIMPY_PT067","choice:5","parallel_lines|segment_ratio|proportion|triangle_similarity|angle_bisector"
"M2_SIMPY_150_S09_Q045","m2_similarity_pythagoras","260711_도형의 닮음(8).pdf","045","사다리꼴에서 평행선 사이의 선분의 길이의 비","사다리꼴에서 평행선 선분비 - 개념·조건 판별","M2_SIMPY_PT067","61cm","parallel_lines|segment_ratio|proportion|triangle_similarity|angle_bisector"
"M2_SIMPY_150_S09_Q046","m2_similarity_pythagoras","260711_도형의 닮음(8).pdf","046","사다리꼴에서 평행선과 한 대각선의 길이","사다리꼴과 한 대각선의 길이비 - 개념·조건 판별","M2_SIMPY_PT070","15/2","parallel_lines|segment_ratio|proportion|triangle_similarity|angle_bisector"
"M2_SIMPY_150_S09_Q047","m2_similarity_pythagoras","260711_도형의 닮음(8).pdf","047","사다리꼴에서 평행선과 한 대각선의 길이","사다리꼴과 한 대각선의 길이비 - 개념·조건 판별","M2_SIMPY_PT070","10","parallel_lines|segment_ratio|proportion|triangle_similarity|angle_bisector"
"M2_SIMPY_150_S09_Q048","m2_similarity_pythagoras","260711_도형의 닮음(8).pdf","048","사다리꼴에서 평행선과 한 대각선의 길이","사다리꼴과 한 대각선의 길이비 - 개념·조건 판별","M2_SIMPY_PT070","choice:3","parallel_lines|segment_ratio|proportion|triangle_similarity|angle_bisector"
"M2_SIMPY_150_S09_Q049","m2_similarity_pythagoras","260711_도형의 닮음(8).pdf","049","사다리꼴에서 평행선과 두 대각선의 길이(1) 평행선이 대각선의 교점을 지나지 않을
때","사다리꼴과 두 대각선 - 교점 비통과 - 비례식·정리 적용","M2_SIMPY_PT074","9cm","parallel_lines|segment_ratio|proportion|triangle_similarity|angle_bisector"
"M2_SIMPY_150_S09_Q050","m2_similarity_pythagoras","260711_도형의 닮음(8).pdf","050","사다리꼴에서 평행선과 두 대각선의 길이(1) 평행선이 대각선의 교점을 지나지 않을
때","사다리꼴과 두 대각선 - 교점 비통과 - 비례식·정리 적용","M2_SIMPY_PT074","choice:3","parallel_lines|segment_ratio|proportion|triangle_similarity|angle_bisector"
"M2_SIMPY_150_S09_Q051","m2_similarity_pythagoras","260711_도형의 닮음(8).pdf","051","사다리꼴에서 평행선과 두 대각선의 길이(1) 평행선이 대각선의 교점을 지나지 않을
때","사다리꼴과 두 대각선 - 교점 비통과 - 비례식·정리 적용","M2_SIMPY_PT074","39/2cm","parallel_lines|segment_ratio|proportion|triangle_similarity|angle_bisector"
"M2_SIMPY_150_S09_Q052","m2_similarity_pythagoras","260711_도형의 닮음(8).pdf","052","사다리꼴에서 평행선과 두 대각선의 길이(2) 평행선이 대각선의 교점을 지날 때","사다리꼴과 두 대각선 - 교점 통과 - 비례식·정리 적용","M2_SIMPY_PT077","choice:4","parallel_lines|segment_ratio|proportion|triangle_similarity|angle_bisector"
"M2_SIMPY_150_S09_Q053","m2_similarity_pythagoras","260711_도형의 닮음(8).pdf","053","평행선 사이의 길이의 비의 응용","평행선 사이 길이비의 종합 응용 - 비례식·정리 적용","M2_SIMPY_PT080","16/3cm","parallel_lines|segment_ratio|proportion|triangle_similarity|angle_bisector"
"M2_SIMPY_150_S09_Q054","m2_similarity_pythagoras","260711_도형의 닮음(8).pdf","054","평행선 사이의 길이의 비의 응용","평행선 사이 길이비의 종합 응용 - 비례식·정리 적용","M2_SIMPY_PT080","45/8cm","parallel_lines|segment_ratio|proportion|triangle_similarity|angle_bisector"
"M2_SIMPY_150_S09_Q055","m2_similarity_pythagoras","260711_도형의 닮음(8).pdf","055","평행선 사이의 길이의 비의 응용","평행선 사이 길이비의 종합 응용 - 비례식·정리 적용","M2_SIMPY_PT080","80cm²","parallel_lines|segment_ratio|proportion|triangle_similarity|angle_bisector"
"M2_SIMPY_150_S09_Q056","m2_similarity_pythagoras","260711_도형의 닮음(8).pdf","056","삼각형의 두 변의 중점을 연결한 선분의 성질(1)","삼각형의 중점연결정리 - 비례식·정리 적용","M2_SIMPY_PT083","choice:1","midpoint|midsegment|median|parallel_lines|area_ratio"
"M2_SIMPY_150_S09_Q057","m2_similarity_pythagoras","260711_도형의 닮음(8).pdf","057","삼각형의 두 변의 중점을 연결한 선분의 성질(1)","삼각형의 중점연결정리 - 비례식·정리 적용","M2_SIMPY_PT083","17cm","midpoint|midsegment|median|parallel_lines|area_ratio"
"M2_SIMPY_150_S09_Q058","m2_similarity_pythagoras","260711_도형의 닮음(8).pdf","058","삼각형의 두 변의 중점을 연결한 선분의 성질(1)","삼각형의 중점연결정리 - 비례식·정리 적용","M2_SIMPY_PT083","choice:3","midpoint|midsegment|median|parallel_lines|area_ratio"
"M2_SIMPY_150_S09_Q059","m2_similarity_pythagoras","260711_도형의 닮음(8).pdf","059","삼각형의 두 변의 중점을 연결한 선분의 성질(2)","삼각형의 중점연결정리 - 비례식·정리 적용","M2_SIMPY_PT083","17cm","midpoint|midsegment|median|parallel_lines|area_ratio"
"M2_SIMPY_150_S09_Q060","m2_similarity_pythagoras","260711_도형의 닮음(8).pdf","060","삼각형의 두 변의 중점을 연결한 선분의 성질(2)","삼각형의 중점연결정리 - 비례식·정리 적용","M2_SIMPY_PT083","6cm","midpoint|midsegment|median|parallel_lines|area_ratio"
"M2_SIMPY_150_S09_Q061","m2_similarity_pythagoras","260711_도형의 닮음(8).pdf","061","삼각형의 두 변의 중점을 연결한 선분의 성질(2)","삼각형의 중점연결정리 - 비례식·정리 적용","M2_SIMPY_PT083","21/2","midpoint|midsegment|median|parallel_lines|area_ratio"
"M2_SIMPY_150_S09_Q062","m2_similarity_pythagoras","260711_도형의 닮음(8).pdf","062","삼각형의 중점을 연결한 선분 응용(1) 중점","중점연결정리의 중점 응용 - 비례식·정리 적용","M2_SIMPY_PT086","choice:5","midpoint|midsegment|median|parallel_lines|area_ratio"
"M2_SIMPY_150_S09_Q063","m2_similarity_pythagoras","260711_도형의 닮음(8).pdf","063","삼각형의 중점을 연결한 선분 응용(1) 중점","중점연결정리의 중점 응용 - 비례식·정리 적용","M2_SIMPY_PT086","choice:5","midpoint|midsegment|median|parallel_lines|area_ratio"
"M2_SIMPY_150_S09_Q064","m2_similarity_pythagoras","260711_도형의 닮음(8).pdf","064","삼각형의 중점을 연결한 선분 응용(1) 중점","중점연결정리의 중점 응용 - 비례식·정리 적용","M2_SIMPY_PT086","3cm","midpoint|midsegment|median|parallel_lines|area_ratio"
"M2_SIMPY_150_S09_Q065","m2_similarity_pythagoras","260711_도형의 닮음(8).pdf","065","삼각형의 중점을 연결한 선분 응용(2) 삼등분선","중점연결정리의 삼등분선 응용 - 비례식·정리 적용","M2_SIMPY_PT089","4cm","midpoint|midsegment|median|parallel_lines|area_ratio"
"M2_SIMPY_150_S09_Q066","m2_similarity_pythagoras","260711_도형의 닮음(8).pdf","066","삼각형의 중점을 연결한 선분 응용(2) 삼등분선","중점연결정리의 삼등분선 응용 - 비례식·정리 적용","M2_SIMPY_PT089","6","midpoint|midsegment|median|parallel_lines|area_ratio"
"M2_SIMPY_150_S09_Q067","m2_similarity_pythagoras","260711_도형의 닮음(8).pdf","067","삼각형의 중점을 연결한 선분 응용(2) 삼등분선","중점연결정리의 삼등분선 응용 - 복합 계산·증명","M2_SIMPY_PT090","choice:4","midpoint|midsegment|median|parallel_lines|area_ratio"
"M2_SIMPY_150_S09_Q068","m2_similarity_pythagoras","260711_도형의 닮음(8).pdf","068","사각형의 각 변의 중점을 연결하여 만든 사각형","사각형 각 변의 중점을 이은 사각형 - 복합 계산·증명","M2_SIMPY_PT096","choice:4","midpoint|midsegment|median|parallel_lines|area_ratio"
"M2_SIMPY_150_S09_Q069","m2_similarity_pythagoras","260711_도형의 닮음(8).pdf","069","사각형의 각 변의 중점을 연결하여 만든 사각형","사각형 각 변의 중점을 이은 사각형 - 복합 계산·증명","M2_SIMPY_PT096","15cm²","midpoint|midsegment|median|parallel_lines|area_ratio"
"M2_SIMPY_150_S09_Q070","m2_similarity_pythagoras","260711_도형의 닮음(8).pdf","070","사각형의 각 변의 중점을 연결하여 만든 사각형","사각형 각 변의 중점을 이은 사각형 - 복합 계산·증명","M2_SIMPY_PT096","10cm","midpoint|midsegment|median|parallel_lines|area_ratio"
"M2_SIMPY_150_S09_Q071","m2_similarity_pythagoras","260711_도형의 닮음(8).pdf","071","사다리꼴의 두 변의 중점을 연결한 선분의 성질","사다리꼴의 중점연결정리 - 비례식·정리 적용","M2_SIMPY_PT098","12cm","midpoint|midsegment|median|parallel_lines|area_ratio"
"M2_SIMPY_150_S09_Q072","m2_similarity_pythagoras","260711_도형의 닮음(8).pdf","072","사다리꼴의 두 변의 중점을 연결한 선분의 성질","사다리꼴의 중점연결정리 - 비례식·정리 적용","M2_SIMPY_PT098","3cm","midpoint|midsegment|median|parallel_lines|area_ratio"
"M2_SIMPY_150_S09_Q073","m2_similarity_pythagoras","260711_도형의 닮음(8).pdf","073","사다리꼴의 두 변의 중점을 연결한 선분의 성질","사다리꼴의 중점연결정리 - 비례식·정리 적용","M2_SIMPY_PT098","5a","midpoint|midsegment|median|parallel_lines|area_ratio"
"M2_SIMPY_150_S09_Q074","m2_similarity_pythagoras","260711_도형의 닮음(8).pdf","074","사다리꼴의 두 변의 중점을 연결한 선분의 성질","사다리꼴의 중점연결정리 - 비례식·정리 적용","M2_SIMPY_PT098","12cm","midpoint|midsegment|median|parallel_lines|area_ratio"
"M2_SIMPY_150_S09_Q075","m2_similarity_pythagoras","260711_도형의 닮음(8).pdf","075","삼각형의 중선의 성질","삼각형의 중선과 넓이 - 개념·조건 판별","M2_SIMPY_PT100","choice:5","midpoint|midsegment|median|parallel_lines|area_ratio"
"M2_SIMPY_150_S09_Q076","m2_similarity_pythagoras","260711_도형의 닮음(8).pdf","076","삼각형의 중선의 성질","삼각형의 중선과 넓이 - 비례식·정리 적용","M2_SIMPY_PT101","6cm²","midpoint|midsegment|median|parallel_lines|area_ratio"
"M2_SIMPY_150_S09_Q077","m2_similarity_pythagoras","260711_도형의 닮음(8).pdf","077","삼각형의 중선의 성질","삼각형의 중선과 넓이 - 비례식·정리 적용","M2_SIMPY_PT101","72cm²","midpoint|midsegment|median|parallel_lines|area_ratio"
"M2_SIMPY_150_S09_Q078","m2_similarity_pythagoras","260711_도형의 닮음(8).pdf","078","삼각형의 무게중심(1) △ABC의 무게중심","삼각형의 무게중심 기본 성질 - 비례식·정리 적용","M2_SIMPY_PT104","17","centroid|median|segment_ratio|area_ratio|triangle_geometry"
"M2_SIMPY_150_S09_Q079","m2_similarity_pythagoras","260711_도형의 닮음(8).pdf","079","삼각형의 무게중심(1) △ABC의 무게중심","삼각형의 무게중심 기본 성질 - 복합 계산·증명","M2_SIMPY_PT105","choices:1,4","centroid|median|segment_ratio|area_ratio|triangle_geometry"
"M2_SIMPY_150_S09_Q080","m2_similarity_pythagoras","260711_도형의 닮음(8).pdf","080","삼각형의 무게중심의 응용(2)","무게중심 응용 - 비례식 - 개념·조건 판별","M2_SIMPY_PT112","choice:3","centroid|median|segment_ratio|area_ratio|triangle_geometry"
"M2_SIMPY_150_S09_Q081","m2_similarity_pythagoras","260711_도형의 닮음(8).pdf","081","삼각형의 무게중심의 응용(2)","무게중심 응용 - 비례식 - 비례식·정리 적용","M2_SIMPY_PT113","24","centroid|median|segment_ratio|area_ratio|triangle_geometry"
"M2_SIMPY_150_S09_Q082","m2_similarity_pythagoras","260711_도형의 닮음(8).pdf","082","삼각형의 무게중심의 응용(2)","무게중심 응용 - 비례식 - 비례식·정리 적용","M2_SIMPY_PT113","30cm","centroid|median|segment_ratio|area_ratio|triangle_geometry"
"M2_SIMPY_150_S09_Q083","m2_similarity_pythagoras","260711_도형의 닮음(8).pdf","083","삼각형의 무게중심의 응용(3)","무게중심 응용 - 복합도형 - 비례식·정리 적용","M2_SIMPY_PT116","4/3cm","centroid|median|segment_ratio|area_ratio|triangle_geometry"
"M2_SIMPY_150_S09_Q084","m2_similarity_pythagoras","260711_도형의 닮음(8).pdf","084","삼각형의 무게중심의 응용(3)","무게중심 응용 - 복합도형 - 비례식·정리 적용","M2_SIMPY_PT116","2cm","centroid|median|segment_ratio|area_ratio|triangle_geometry"
"M2_SIMPY_150_S09_Q085","m2_similarity_pythagoras","260711_도형의 닮음(8).pdf","085","삼각형의 무게중심의 응용(3)","무게중심 응용 - 복합도형 - 비례식·정리 적용","M2_SIMPY_PT116","14/3cm","centroid|median|segment_ratio|area_ratio|triangle_geometry"
"M2_SIMPY_150_S09_Q086","m2_similarity_pythagoras","260711_도형의 닮음(8).pdf","086","삼각형의 무게중심과 넓이의 관계(1) △ABC의 무게중심","무게중심과 삼각형 넓이비 - 복합 계산·증명","M2_SIMPY_PT120","choice:1","centroid|median|segment_ratio|area_ratio|triangle_geometry"
"M2_SIMPY_150_S09_Q087","m2_similarity_pythagoras","260711_도형의 닮음(8).pdf","087","삼각형의 무게중심과 넓이의 관계(1) △ABC의 무게중심","무게중심과 삼각형 넓이비 - 복합 계산·증명","M2_SIMPY_PT120","4cm²","centroid|median|segment_ratio|area_ratio|triangle_geometry"
"M2_SIMPY_150_S09_Q088","m2_similarity_pythagoras","260711_도형의 닮음(8).pdf","088","삼각형의 무게중심과 넓이의 관계(1) △ABC의 무게중심","무게중심과 삼각형 넓이비 - 복합 계산·증명","M2_SIMPY_PT120","choice:3","centroid|median|segment_ratio|area_ratio|triangle_geometry"
"M2_SIMPY_150_S09_Q089","m2_similarity_pythagoras","260711_도형의 닮음(8).pdf","089","평행사변형에서 삼각형의 무게중심의 응용(1) 길이","평행사변형에서 무게중심과 길이 - 비례식·정리 적용","M2_SIMPY_PT125","8cm","centroid|median|segment_ratio|area_ratio|triangle_geometry"
"M2_SIMPY_150_S09_Q090","m2_similarity_pythagoras","260711_도형의 닮음(8).pdf","090","평행사변형에서 삼각형의 무게중심의 응용(1) 길이","평행사변형에서 무게중심과 길이 - 복합 계산·증명","M2_SIMPY_PT126","8","centroid|median|segment_ratio|area_ratio|triangle_geometry"
"M2_SIMPY_150_S09_Q091","m2_similarity_pythagoras","260711_도형의 닮음(8).pdf","091","평행사변형에서 삼각형의 무게중심의 응용(1) 길이","평행사변형에서 무게중심과 길이 - 복합 계산·증명","M2_SIMPY_PT126","9cm","centroid|median|segment_ratio|area_ratio|triangle_geometry"
"M2_SIMPY_150_S09_Q092","m2_similarity_pythagoras","260711_도형의 닮음(8).pdf","092","평행사변형에서 삼각형의 무게중심의 응용(2) 넓이","평행사변형에서 무게중심과 넓이 - 비례식·정리 적용","M2_SIMPY_PT128","30cm²","centroid|median|segment_ratio|area_ratio|triangle_geometry"
"M2_SIMPY_150_S09_Q093","m2_similarity_pythagoras","260711_도형의 닮음(8).pdf","093","평행사변형에서 삼각형의 무게중심의 응용(2) 넓이","평행사변형에서 무게중심과 넓이 - 비례식·정리 적용","M2_SIMPY_PT128","16cm²","centroid|median|segment_ratio|area_ratio|triangle_geometry"
"M2_SIMPY_150_S09_Q094","m2_similarity_pythagoras","260711_도형의 닮음(8).pdf","094","평행사변형에서 삼각형의 무게중심의 응용(2) 넓이","평행사변형에서 무게중심과 넓이 - 개념·조건 판별","M2_SIMPY_PT127","choice:1","centroid|median|segment_ratio|area_ratio|triangle_geometry"
"M2_SIMPY_150_S09_Q095","m2_similarity_pythagoras","260711_도형의 닮음(8).pdf","095","닮은 두 평면도형의 넓이의 비","닮은 평면도형의 넓이비 - 비례식·정리 적용","M2_SIMPY_PT131","45cm²","similarity_ratio|area_ratio|surface_area_ratio|volume_ratio|scale"
"M2_SIMPY_150_S09_Q096","m2_similarity_pythagoras","260711_도형의 닮음(8).pdf","096","닮은 두 평면도형의 넓이의 비","닮은 평면도형의 넓이비 - 비례식·정리 적용","M2_SIMPY_PT131","choice:2","similarity_ratio|area_ratio|surface_area_ratio|volume_ratio|scale"
"M2_SIMPY_150_S09_Q097","m2_similarity_pythagoras","260711_도형의 닮음(8).pdf","097","닮은 두 평면도형의 넓이의 비","닮은 평면도형의 넓이비 - 비례식·정리 적용","M2_SIMPY_PT131","choice:5","similarity_ratio|area_ratio|surface_area_ratio|volume_ratio|scale"
"M2_SIMPY_150_S09_Q098","m2_similarity_pythagoras","260711_도형의 닮음(8).pdf","098","닮은 두 평면도형의 넓이의 비의 활용","닮은 평면도형 넓이비의 활용 - 복합 계산·증명","M2_SIMPY_PT135","98cm²","similarity_ratio|area_ratio|surface_area_ratio|volume_ratio|scale"
"M2_SIMPY_150_S09_Q099","m2_similarity_pythagoras","260711_도형의 닮음(8).pdf","099","닮은 두 평면도형의 넓이의 비의 활용","닮은 평면도형 넓이비의 활용 - 복합 계산·증명","M2_SIMPY_PT135","choice:2","similarity_ratio|area_ratio|surface_area_ratio|volume_ratio|scale"
"M2_SIMPY_150_S09_Q100","m2_similarity_pythagoras","260711_도형의 닮음(8).pdf","100","닮은 두 평면도형의 넓이의 비의 활용","닮은 평면도형 넓이비의 활용 - 복합 계산·증명","M2_SIMPY_PT135","choice:4","similarity_ratio|area_ratio|surface_area_ratio|volume_ratio|scale"
"M2_SIMPY_150_S09_Q101","m2_similarity_pythagoras","260711_도형의 닮음(8).pdf","101","닮은 두 평면도형의 넓이의 비의 활용","닮은 평면도형 넓이비의 활용 - 개념·조건 판별","M2_SIMPY_PT133","choice:2","similarity_ratio|area_ratio|surface_area_ratio|volume_ratio|scale"
"M2_SIMPY_150_S09_Q102","m2_similarity_pythagoras","260711_도형의 닮음(8).pdf","102","닮은 두 입체도형의 부피의 비","닮은 입체도형의 부피비 - 비례식·정리 적용","M2_SIMPY_PT143","80cm³","similarity_ratio|area_ratio|surface_area_ratio|volume_ratio|scale"
"M2_SIMPY_150_S09_Q103","m2_similarity_pythagoras","260711_도형의 닮음(8).pdf","103","닮은 두 입체도형의 부피의 비","닮은 입체도형의 부피비 - 복합 계산·증명","M2_SIMPY_PT144","27초","similarity_ratio|area_ratio|surface_area_ratio|volume_ratio|scale"
"M2_SIMPY_150_S09_Q104","m2_similarity_pythagoras","260711_도형의 닮음(8).pdf","104","닮은 두 입체도형의 부피의 비","닮은 입체도형의 부피비 - 비례식·정리 적용","M2_SIMPY_PT143","57cm³","similarity_ratio|area_ratio|surface_area_ratio|volume_ratio|scale"
"M2_SIMPY_150_S09_Q105","m2_similarity_pythagoras","260711_도형의 닮음(8).pdf","105","닮은 두 입체도형의 부피의 비의 활용","닮은 입체도형 부피비의 활용 - 비례식·정리 적용","M2_SIMPY_PT146","12800원","similarity_ratio|area_ratio|surface_area_ratio|volume_ratio|scale"
"M2_SIMPY_150_S09_Q106","m2_similarity_pythagoras","260711_도형의 닮음(8).pdf","106","닮은 두 입체도형의 부피의 비의 활용","닮은 입체도형 부피비의 활용 - 비례식·정리 적용","M2_SIMPY_PT146","choice:3","similarity_ratio|area_ratio|surface_area_ratio|volume_ratio|scale"
"M2_SIMPY_150_S09_Q107","m2_similarity_pythagoras","260711_도형의 닮음(8).pdf","107","닮은 두 입체도형의 부피의 비의 활용","닮은 입체도형 부피비의 활용 - 비례식·정리 적용","M2_SIMPY_PT146","27개","similarity_ratio|area_ratio|surface_area_ratio|volume_ratio|scale"
"M2_SIMPY_150_S09_Q108","m2_similarity_pythagoras","260711_도형의 닮음(8).pdf","108","닮음의 활용(1) 높이의 측정","닮음의 실생활 활용 - 높이·축척 - 비례식·정리 적용","M2_SIMPY_PT149","30m","similarity_ratio|area_ratio|surface_area_ratio|volume_ratio|scale"
"M2_SIMPY_150_S09_Q109","m2_similarity_pythagoras","260711_도형의 닮음(8).pdf","109","닮음의 활용(1) 높이의 측정","닮음의 실생활 활용 - 높이·축척 - 비례식·정리 적용","M2_SIMPY_PT149","choice:2","similarity_ratio|area_ratio|surface_area_ratio|volume_ratio|scale"
"M2_SIMPY_150_S09_Q110","m2_similarity_pythagoras","260711_도형의 닮음(8).pdf","110","닮음의 활용(1) 높이의 측정","닮음의 실생활 활용 - 높이·축척 - 개념·조건 판별","M2_SIMPY_PT148","choice:4","similarity_ratio|area_ratio|surface_area_ratio|volume_ratio|scale"
"M2_SIMPY_150_S09_Q111","m2_similarity_pythagoras","260711_도형의 닮음(8).pdf","111","닮음의 활용(2) 축도와 축척","닮음의 실생활 활용 - 높이·축척 - 개념·조건 판별","M2_SIMPY_PT148","choice:2","similarity_ratio|area_ratio|surface_area_ratio|volume_ratio|scale"
"M2_SIMPY_150_S09_Q112","m2_similarity_pythagoras","260711_도형의 닮음(8).pdf","112","닮음의 활용(2) 축도와 축척","닮음의 실생활 활용 - 높이·축척 - 비례식·정리 적용","M2_SIMPY_PT149","4시간","similarity_ratio|area_ratio|surface_area_ratio|volume_ratio|scale"
"M2_SIMPY_150_S09_Q113","m2_similarity_pythagoras","260711_도형의 닮음(8).pdf","113","닮음의 활용(2) 축도와 축척","닮음의 실생활 활용 - 높이·축척 - 개념·조건 판별","M2_SIMPY_PT148","choice:5","similarity_ratio|area_ratio|surface_area_ratio|volume_ratio|scale"
"M2_SIMPY_150_S09_Q114","m2_similarity_pythagoras","260711_도형의 닮음(8).pdf","114","삼각형의 변의 길이 구하기(1)","피타고라스 정리로 삼각형의 변 구하기 - 비례식·정리 적용","M2_SIMPY_PT152","8","pythagorean_theorem|right_triangle|length_relation|square_area|geometry_application"
"M2_SIMPY_150_S09_Q115","m2_similarity_pythagoras","260711_도형의 닮음(8).pdf","115","삼각형의 변의 길이 구하기(1)","피타고라스 정리로 삼각형의 변 구하기 - 비례식·정리 적용","M2_SIMPY_PT152","choice:5","pythagorean_theorem|right_triangle|length_relation|square_area|geometry_application"
"M2_SIMPY_150_S09_Q116","m2_similarity_pythagoras","260711_도형의 닮음(8).pdf","116","삼각형의 변의 길이 구하기(1)","피타고라스 정리로 삼각형의 변 구하기 - 비례식·정리 적용","M2_SIMPY_PT152","16cm","pythagorean_theorem|right_triangle|length_relation|square_area|geometry_application"
"M2_SIMPY_150_S09_Q117","m2_similarity_pythagoras","260711_도형의 닮음(8).pdf","117","삼각형의 변의 길이 구하기(2)","피타고라스 정리로 삼각형의 변 구하기 - 복합 계산·증명","M2_SIMPY_PT153","39","pythagorean_theorem|right_triangle|length_relation|square_area|geometry_application"
"M2_SIMPY_150_S09_Q118","m2_similarity_pythagoras","260711_도형의 닮음(8).pdf","118","삼각형의 변의 길이 구하기(2)","피타고라스 정리로 삼각형의 변 구하기 - 복합 계산·증명","M2_SIMPY_PT153","2.4","pythagorean_theorem|right_triangle|length_relation|square_area|geometry_application"
"M2_SIMPY_150_S09_Q119","m2_similarity_pythagoras","260711_도형의 닮음(8).pdf","119","삼각형의 변의 길이 구하기(2)","피타고라스 정리로 삼각형의 변 구하기 - 복합 계산·증명","M2_SIMPY_PT153","20","pythagorean_theorem|right_triangle|length_relation|square_area|geometry_application"
"M2_SIMPY_150_S09_Q120","m2_similarity_pythagoras","260711_도형의 닮음(8).pdf","120","직각삼각형의 닮음과 피타고라스 정리","직각삼각형의 닮음과 피타고라스 정리 - 비례식·정리 적용","M2_SIMPY_PT155","10","pythagorean_theorem|right_triangle|length_relation|square_area|geometry_application"
"M2_SIMPY_150_S09_Q121","m2_similarity_pythagoras","260711_도형의 닮음(8).pdf","121","직각삼각형의 닮음과 피타고라스 정리","직각삼각형의 닮음과 피타고라스 정리 - 복합 계산·증명","M2_SIMPY_PT156","12/5","pythagorean_theorem|right_triangle|length_relation|square_area|geometry_application"
"M2_SIMPY_150_S09_Q122","m2_similarity_pythagoras","260711_도형의 닮음(8).pdf","122","직각삼각형의 닮음과 피타고라스 정리","직각삼각형의 닮음과 피타고라스 정리 - 복합 계산·증명","M2_SIMPY_PT156","20","pythagorean_theorem|right_triangle|length_relation|square_area|geometry_application"
"M2_SIMPY_150_S09_Q123","m2_similarity_pythagoras","260711_도형의 닮음(8).pdf","123","사각형에서 피타고라스 정리의 이용(2) 수선을 그어 푸는 경우","사각형·직사각형에서 피타고라스 정리 - 비례식·정리 적용","M2_SIMPY_PT158","choice:3","pythagorean_theorem|right_triangle|length_relation|square_area|geometry_application"
"M2_SIMPY_150_S09_Q124","m2_similarity_pythagoras","260711_도형의 닮음(8).pdf","124","사각형에서 피타고라스 정리의 이용(2) 수선을 그어 푸는 경우","사각형·직사각형에서 피타고라스 정리 - 복합 계산·증명","M2_SIMPY_PT159","384","pythagorean_theorem|right_triangle|length_relation|square_area|geometry_application"
"M2_SIMPY_150_S09_Q125","m2_similarity_pythagoras","260711_도형의 닮음(8).pdf","125","사각형에서 피타고라스 정리의 이용(2) 수선을 그어 푸는 경우","사각형·직사각형에서 피타고라스 정리 - 비례식·정리 적용","M2_SIMPY_PT158","54cm","pythagorean_theorem|right_triangle|length_relation|square_area|geometry_application"
"M2_SIMPY_150_S09_Q126","m2_similarity_pythagoras","260711_도형의 닮음(8).pdf","126","직사각형의 대각선의 길이","사각형·직사각형에서 피타고라스 정리 - 비례식·정리 적용","M2_SIMPY_PT158","choice:3","pythagorean_theorem|right_triangle|length_relation|square_area|geometry_application"
"M2_SIMPY_150_S09_Q127","m2_similarity_pythagoras","260711_도형의 닮음(8).pdf","127","직사각형의 대각선의 길이","사각형·직사각형에서 피타고라스 정리 - 복합 계산·증명","M2_SIMPY_PT159","192cm²","pythagorean_theorem|right_triangle|length_relation|square_area|geometry_application"
"M2_SIMPY_150_S09_Q128","m2_similarity_pythagoras","260711_도형의 닮음(8).pdf","128","직사각형의 대각선의 길이","사각형·직사각형에서 피타고라스 정리 - 복합 계산·증명","M2_SIMPY_PT159","choice:1","pythagorean_theorem|right_triangle|length_relation|square_area|geometry_application"
"M2_SIMPY_150_S09_Q129","m2_similarity_pythagoras","260711_도형의 닮음(8).pdf","129","이등변삼각형의 높이와 넓이","이등변삼각형의 높이와 넓이 - 복합 계산·증명","M2_SIMPY_PT162","30","pythagorean_theorem|right_triangle|length_relation|square_area|geometry_application"
"M2_SIMPY_150_S09_Q130","m2_similarity_pythagoras","260711_도형의 닮음(8).pdf","130","이등변삼각형의 높이와 넓이","이등변삼각형의 높이와 넓이 - 비례식·정리 적용","M2_SIMPY_PT161","choice:2","pythagorean_theorem|right_triangle|length_relation|square_area|geometry_application"
"M2_SIMPY_150_S09_Q131","m2_similarity_pythagoras","260711_도형의 닮음(8).pdf","131","이등변삼각형의 높이와 넓이","이등변삼각형의 높이와 넓이 - 비례식·정리 적용","M2_SIMPY_PT161","choice:3","pythagorean_theorem|right_triangle|length_relation|square_area|geometry_application"
"M2_SIMPY_150_S09_Q132","m2_similarity_pythagoras","260711_도형의 닮음(8).pdf","132","피타고라스 정리의 설명(1) 유클리드의 방법","피타고라스 정리의 여러 증명 - 복합 계산·증명","M2_SIMPY_PT165","16cm²","pythagorean_theorem|right_triangle|length_relation|square_area|geometry_application"
"M2_SIMPY_150_S09_Q133","m2_similarity_pythagoras","260711_도형의 닮음(8).pdf","133","피타고라스 정리의 설명(1) 유클리드의 방법","피타고라스 정리의 여러 증명 - 복합 계산·증명","M2_SIMPY_PT165","72","pythagorean_theorem|right_triangle|length_relation|square_area|geometry_application"
"M2_SIMPY_150_S09_Q134","m2_similarity_pythagoras","260711_도형의 닮음(8).pdf","134","피타고라스 정리의 설명(1) 유클리드의 방법","피타고라스 정리의 여러 증명 - 복합 계산·증명","M2_SIMPY_PT165","21/5cm","pythagorean_theorem|right_triangle|length_relation|square_area|geometry_application"
"M2_SIMPY_150_S09_Q135","m2_similarity_pythagoras","260711_도형의 닮음(8).pdf","135","피타고라스 정리의 설명(2) 피타고라스의 방법","피타고라스 정리의 여러 증명 - 복합 계산·증명","M2_SIMPY_PT165","52","pythagorean_theorem|right_triangle|length_relation|square_area|geometry_application"
"M2_SIMPY_150_S09_Q136","m2_similarity_pythagoras","260711_도형의 닮음(8).pdf","136","피타고라스 정리의 설명(2) 피타고라스의 방법","피타고라스 정리의 여러 증명 - 복합 계산·증명","M2_SIMPY_PT165","choice:4","pythagorean_theorem|right_triangle|length_relation|square_area|geometry_application"
"M2_SIMPY_150_S09_Q137","m2_similarity_pythagoras","260711_도형의 닮음(8).pdf","137","피타고라스 정리의 설명(2) 피타고라스의 방법","피타고라스 정리의 여러 증명 - 복합 계산·증명","M2_SIMPY_PT165","89","pythagorean_theorem|right_triangle|length_relation|square_area|geometry_application"
"M2_SIMPY_150_S09_Q138","m2_similarity_pythagoras","260711_도형의 닮음(8).pdf","138","직각삼각형이 되기 위한 조건","피타고라스 정리의 역과 삼각형 분류 - 비례식·정리 적용","M2_SIMPY_PT167","96cm²","pythagorean_theorem|right_triangle|length_relation|square_area|geometry_application"
"M2_SIMPY_150_S09_Q139","m2_similarity_pythagoras","260711_도형의 닮음(8).pdf","139","각의 크기에 따른 삼각형의 변의 길이","피타고라스 정리의 역과 삼각형 분류 - 개념·조건 판별","M2_SIMPY_PT166","choice:4","pythagorean_theorem|right_triangle|length_relation|square_area|geometry_application"
"M2_SIMPY_150_S09_Q140","m2_similarity_pythagoras","260711_도형의 닮음(8).pdf","140","각의 크기에 따른 삼각형의 변의 길이","피타고라스 정리의 역과 삼각형 분류 - 비례식·정리 적용","M2_SIMPY_PT167","17","pythagorean_theorem|right_triangle|length_relation|square_area|geometry_application"
"M2_SIMPY_150_S09_Q141","m2_similarity_pythagoras","260711_도형의 닮음(8).pdf","141","각의 크기에 따른 삼각형의 변의 길이","피타고라스 정리의 역과 삼각형 분류 - 비례식·정리 적용","M2_SIMPY_PT167","4","pythagorean_theorem|right_triangle|length_relation|square_area|geometry_application"
"M2_SIMPY_150_S09_Q142","m2_similarity_pythagoras","260711_도형의 닮음(8).pdf","142","피타고라스 정리의 활용(1) 직각삼각형","평면도형에서 피타고라스 정리의 활용 - 복합 계산·증명","M2_SIMPY_PT171","choice:2","pythagorean_theorem|right_triangle|length_relation|square_area|geometry_application"
"M2_SIMPY_150_S09_Q143","m2_similarity_pythagoras","260711_도형의 닮음(8).pdf","143","피타고라스 정리의 활용(1) 직각삼각형","평면도형에서 피타고라스 정리의 활용 - 복합 계산·증명","M2_SIMPY_PT171","choice:1","pythagorean_theorem|right_triangle|length_relation|square_area|geometry_application"
"M2_SIMPY_150_S09_Q144","m2_similarity_pythagoras","260711_도형의 닮음(8).pdf","144","피타고라스 정리의 활용(1) 직각삼각형","평면도형에서 피타고라스 정리의 활용 - 복합 계산·증명","M2_SIMPY_PT171","120/17cm","pythagorean_theorem|right_triangle|length_relation|square_area|geometry_application"
"M2_SIMPY_150_S09_Q145","m2_similarity_pythagoras","260711_도형의 닮음(8).pdf","145","종이접기와 피타고라스 정리","히포크라테스·피타고라스 나무·종이접기 - 복합 계산·증명","M2_SIMPY_PT174","17/5cm","pythagorean_theorem|right_triangle|length_relation|square_area|geometry_application"
"M2_SIMPY_150_S09_Q146","m2_similarity_pythagoras","260711_도형의 닮음(8).pdf","146","종이접기와 피타고라스 정리","히포크라테스·피타고라스 나무·종이접기 - 복합 계산·증명","M2_SIMPY_PT174","choices:2,4","pythagorean_theorem|right_triangle|length_relation|square_area|geometry_application"
"M2_SIMPY_150_S09_Q147","m2_similarity_pythagoras","260711_도형의 닮음(8).pdf","147","종이접기와 피타고라스 정리","히포크라테스·피타고라스 나무·종이접기 - 복합 계산·증명","M2_SIMPY_PT174","choice:4","pythagorean_theorem|right_triangle|length_relation|square_area|geometry_application"
"M2_SIMPY_150_S09_Q148","m2_similarity_pythagoras","260711_도형의 닮음(8).pdf","148","입체도형에서의 피타고라스 정리","입체도형과 원기둥 최단거리 - 복합 계산·증명","M2_SIMPY_PT177","2500","pythagorean_theorem|right_triangle|length_relation|square_area|geometry_application"
"M2_SIMPY_150_S09_Q149","m2_similarity_pythagoras","260711_도형의 닮음(8).pdf","149","입체도형에서의 피타고라스 정리","입체도형과 원기둥 최단거리 - 복합 계산·증명","M2_SIMPY_PT177","1156","pythagorean_theorem|right_triangle|length_relation|square_area|geometry_application"
"M2_SIMPY_150_S09_Q150","m2_similarity_pythagoras","260711_도형의 닮음(8).pdf","150","입체도형에서의 피타고라스 정리","입체도형과 원기둥 최단거리 - 복합 계산·증명","M2_SIMPY_PT177","676","pythagorean_theorem|right_triangle|length_relation|square_area|geometry_application"
"M3_POLY_150_S06_Q001","m3_polynomial_multiplication_factorization","260711_다항식의 곱셈과 인수분해(5).pdf","001","계수 구하기","전개식의 계수 구하기 - 계산 수행","M3_POLY_PT006","choice:2","polynomial_expansion_coefficient"
"M3_POLY_150_S06_Q002","m3_polynomial_multiplication_factorization","260711_다항식의 곱셈과 인수분해(5).pdf","002","계수 구하기","전개식의 계수 구하기 - 종합 활용","M3_POLY_PT008","8","polynomial_expansion_coefficient"
"M3_POLY_150_S06_Q003","m3_polynomial_multiplication_factorization","260711_다항식의 곱셈과 인수분해(5).pdf","003","계수 구하기","전개식의 계수 구하기 - 종합 활용","M3_POLY_PT008","choice:5","polynomial_expansion_coefficient"
"M3_POLY_150_S06_Q004","m3_polynomial_multiplication_factorization","260711_다항식의 곱셈과 인수분해(5).pdf","004","곱셈 공식(1) 합의 제곱","합의 제곱 공식 - 종합 활용","M3_POLY_PT012","choice:2,5","multiplication_formula"
"M3_POLY_150_S06_Q005","m3_polynomial_multiplication_factorization","260711_다항식의 곱셈과 인수분해(5).pdf","005","곱셈 공식(1) 합의 제곱","합의 제곱 공식 - 조건 적용","M3_POLY_PT011","choice:1,5","multiplication_formula"
"M3_POLY_150_S06_Q006","m3_polynomial_multiplication_factorization","260711_다항식의 곱셈과 인수분해(5).pdf","006","곱셈 공식(1) 합의 제곱","합의 제곱 공식","M3_POLY_PT009","choice:2,4","multiplication_formula"
"M3_POLY_150_S06_Q007","m3_polynomial_multiplication_factorization","260711_다항식의 곱셈과 인수분해(5).pdf","007","곱셈 공식(2) 차의 제곱","차의 제곱 공식","M3_POLY_PT013","choice:1","multiplication_formula"
"M3_POLY_150_S06_Q008","m3_polynomial_multiplication_factorization","260711_다항식의 곱셈과 인수분해(5).pdf","008","곱셈 공식(2) 차의 제곱","차의 제곱 공식","M3_POLY_PT013","choice:4","multiplication_formula"
"M3_POLY_150_S06_Q009","m3_polynomial_multiplication_factorization","260711_다항식의 곱셈과 인수분해(5).pdf","009","곱셈 공식(2) 차의 제곱","차의 제곱 공식","M3_POLY_PT013","choice:3","multiplication_formula"
"M3_POLY_150_S06_Q010","m3_polynomial_multiplication_factorization","260711_다항식의 곱셈과 인수분해(5).pdf","010","곱셈 공식(3) 합과 차의 곱","합과 차의 곱 공식","M3_POLY_PT017","choice:4","multiplication_formula"
"M3_POLY_150_S06_Q011","m3_polynomial_multiplication_factorization","260711_다항식의 곱셈과 인수분해(5).pdf","011","곱셈 공식(3) 합과 차의 곱","합과 차의 곱 공식 - 조건 적용","M3_POLY_PT019","4","multiplication_formula"
"M3_POLY_150_S06_Q012","m3_polynomial_multiplication_factorization","260711_다항식의 곱셈과 인수분해(5).pdf","012","곱셈 공식(3) 합과 차의 곱","합과 차의 곱 공식 - 종합 활용","M3_POLY_PT020","choice:4","multiplication_formula"
"M3_POLY_150_S06_Q013","m3_polynomial_multiplication_factorization","260711_다항식의 곱셈과 인수분해(5).pdf","013","연속한 합과 차의 곱","연속한 합과 차의 곱 - 계산 수행","M3_POLY_PT022","33","multiplication_formula"
"M3_POLY_150_S06_Q014","m3_polynomial_multiplication_factorization","260711_다항식의 곱셈과 인수분해(5).pdf","014","연속한 합과 차의 곱","연속한 합과 차의 곱 - 계산 수행","M3_POLY_PT022","choice:1","multiplication_formula"
"M3_POLY_150_S06_Q015","m3_polynomial_multiplication_factorization","260711_다항식의 곱셈과 인수분해(5).pdf","015","연속한 합과 차의 곱","연속한 합과 차의 곱 - 종합 활용","M3_POLY_PT024","choice:5","multiplication_formula"
"M3_POLY_150_S06_Q016","m3_polynomial_multiplication_factorization","260711_다항식의 곱셈과 인수분해(5).pdf","016","곱셈 공식(4) 일차항의 계수가 1인 두 일차식의 곱","일차항 계수가 1인 두 일차식의 곱 - 종합 활용","M3_POLY_PT028","-14","multiplication_formula"
"M3_POLY_150_S06_Q017","m3_polynomial_multiplication_factorization","260711_다항식의 곱셈과 인수분해(5).pdf","017","곱셈 공식(4) 일차항의 계수가 1인 두 일차식의 곱","일차항 계수가 1인 두 일차식의 곱 - 종합 활용","M3_POLY_PT028","choice:4","multiplication_formula"
"M3_POLY_150_S06_Q018","m3_polynomial_multiplication_factorization","260711_다항식의 곱셈과 인수분해(5).pdf","018","곱셈 공식(4) 일차항의 계수가 1인 두 일차식의 곱","일차항 계수가 1인 두 일차식의 곱 - 종합 활용","M3_POLY_PT028","-1","multiplication_formula"
"M3_POLY_150_S06_Q019","m3_polynomial_multiplication_factorization","260711_다항식의 곱셈과 인수분해(5).pdf","019","곱셈 공식(5) 일차항의 계수가 1이 아닌 두 일차식의 곱","일차항 계수가 1이 아닌 두 일차식의 곱 - 계산 수행","M3_POLY_PT030","1","multiplication_formula"
"M3_POLY_150_S06_Q020","m3_polynomial_multiplication_factorization","260711_다항식의 곱셈과 인수분해(5).pdf","020","곱셈 공식(5) 일차항의 계수가 1이 아닌 두 일차식의 곱","일차항 계수가 1이 아닌 두 일차식의 곱 - 조건 적용","M3_POLY_PT031","choice:2","multiplication_formula"
"M3_POLY_150_S06_Q021","m3_polynomial_multiplication_factorization","260711_다항식의 곱셈과 인수분해(5).pdf","021","곱셈 공식(5) 일차항의 계수가 1이 아닌 두 일차식의 곱","일차항 계수가 1이 아닌 두 일차식의 곱 - 종합 활용","M3_POLY_PT032","choice:3","multiplication_formula"
"M3_POLY_150_S06_Q022","m3_polynomial_multiplication_factorization","260711_다항식의 곱셈과 인수분해(5).pdf","022","곱셈 공식(종합)","곱셈 공식 종합 적용 - 계산 수행","M3_POLY_PT038","74","multiplication_formula"
"M3_POLY_150_S06_Q023","m3_polynomial_multiplication_factorization","260711_다항식의 곱셈과 인수분해(5).pdf","023","곱셈 공식(종합)","곱셈 공식 종합 적용 - 조건 적용","M3_POLY_PT039","choice:3","multiplication_formula"
"M3_POLY_150_S06_Q024","m3_polynomial_multiplication_factorization","260711_다항식의 곱셈과 인수분해(5).pdf","024","곱셈 공식(종합)","곱셈 공식 종합 적용 - 계산 수행","M3_POLY_PT038","choice:3","multiplication_formula"
"M3_POLY_150_S06_Q025","m3_polynomial_multiplication_factorization","260711_다항식의 곱셈과 인수분해(5).pdf","025","공통부분이 있는 식의 전개","공통부분이 있는 식의 전개 - 계산 수행","M3_POLY_PT046","choice:4","expansion_structure_application"
"M3_POLY_150_S06_Q026","m3_polynomial_multiplication_factorization","260711_다항식의 곱셈과 인수분해(5).pdf","026","공통부분이 있는 식의 전개","공통부분이 있는 식의 전개 - 조건 적용","M3_POLY_PT047","-10","expansion_structure_application"
"M3_POLY_150_S06_Q027","m3_polynomial_multiplication_factorization","260711_다항식의 곱셈과 인수분해(5).pdf","027","공통부분이 있는 식의 전개","공통부분이 있는 식의 전개 - 조건 적용","M3_POLY_PT047","choice:3","expansion_structure_application"
"M3_POLY_150_S06_Q028","m3_polynomial_multiplication_factorization","260711_다항식의 곱셈과 인수분해(5).pdf","028","(  )(  )(  )(  )꼴의 전개","세 항 이상의 곱 전개 - 종합 활용","M3_POLY_PT052","41","expansion_structure_application"
"M3_POLY_150_S06_Q029","m3_polynomial_multiplication_factorization","260711_다항식의 곱셈과 인수분해(5).pdf","029","(  )(  )(  )(  )꼴의 전개","세 항 이상의 곱 전개 - 조건 적용","M3_POLY_PT051","40","expansion_structure_application"
"M3_POLY_150_S06_Q030","m3_polynomial_multiplication_factorization","260711_다항식의 곱셈과 인수분해(5).pdf","030","(  )(  )(  )(  )꼴의 전개","세 항 이상의 곱 전개 - 계산 수행","M3_POLY_PT050","choice:4","expansion_structure_application"
"M3_POLY_150_S06_Q031","m3_polynomial_multiplication_factorization","260711_다항식의 곱셈과 인수분해(5).pdf","031","곱셈 공식의 도형에의 활용(1)","도형을 이용한 곱셈 공식 - 종합 활용","M3_POLY_PT044","12","expansion_structure_application|application_or_complexity"
"M3_POLY_150_S06_Q032","m3_polynomial_multiplication_factorization","260711_다항식의 곱셈과 인수분해(5).pdf","032","곱셈 공식의 도형에의 활용(1)","도형을 이용한 곱셈 공식 - 종합 활용","M3_POLY_PT044","choice:1","expansion_structure_application|application_or_complexity"
"M3_POLY_150_S06_Q033","m3_polynomial_multiplication_factorization","260711_다항식의 곱셈과 인수분해(5).pdf","033","곱셈 공식의 도형에의 활용(1)","도형을 이용한 곱셈 공식 - 종합 활용","M3_POLY_PT044","choice:1","expansion_structure_application|application_or_complexity"
"M3_POLY_150_S06_Q034","m3_polynomial_multiplication_factorization","260711_다항식의 곱셈과 인수분해(5).pdf","034","곱셈 공식의 도형에의 활용(2)","도형을 이용한 곱셈 공식 - 종합 활용","M3_POLY_PT044","choice:4","expansion_structure_application|application_or_complexity"
"M3_POLY_150_S06_Q035","m3_polynomial_multiplication_factorization","260711_다항식의 곱셈과 인수분해(5).pdf","035","곱셈 공식의 도형에의 활용(2)","도형을 이용한 곱셈 공식 - 종합 활용","M3_POLY_PT044","choice:5","expansion_structure_application|application_or_complexity"
"M3_POLY_150_S06_Q036","m3_polynomial_multiplication_factorization","260711_다항식의 곱셈과 인수분해(5).pdf","036","곱셈 공식의 도형에의 활용(2)","도형을 이용한 곱셈 공식 - 종합 활용","M3_POLY_PT044","1","expansion_structure_application|application_or_complexity"
"M3_POLY_150_S06_Q037","m3_polynomial_multiplication_factorization","260711_다항식의 곱셈과 인수분해(5).pdf","037","곱셈 공식을 이용한 수의 제곱 계산","곱셈 공식을 이용한 수의 제곱 계산 - 계산 수행","M3_POLY_PT054","1015","formula_numeric_radical_calculation"
"M3_POLY_150_S06_Q038","m3_polynomial_multiplication_factorization","260711_다항식의 곱셈과 인수분해(5).pdf","038","곱셈 공식을 이용한 수의 제곱 계산","곱셈 공식을 이용한 수의 제곱 계산 - 계산 수행","M3_POLY_PT054","9409","formula_numeric_radical_calculation"
"M3_POLY_150_S06_Q041","m3_polynomial_multiplication_factorization","260711_다항식의 곱셈과 인수분해(5).pdf","041","곱셈 공식을 이용한 두 수의 곱의 계산","곱셈 공식을 이용한 두 수의 곱 계산 - 종합 활용","M3_POLY_PT060","190","formula_numeric_radical_calculation"
"M3_POLY_150_S06_Q042","m3_polynomial_multiplication_factorization","260711_다항식의 곱셈과 인수분해(5).pdf","042","곱셈 공식을 이용한 두 수의 곱의 계산","곱셈 공식을 이용한 두 수의 곱 계산 - 종합 활용","M3_POLY_PT060","-2","formula_numeric_radical_calculation"
"M3_POLY_150_S06_Q043","m3_polynomial_multiplication_factorization","260711_다항식의 곱셈과 인수분해(5).pdf","043","곱셈 공식을 이용한 복잡한 수의 계산","복잡한 수의 계산 - 종합 활용","M3_POLY_PT064","choice:3","formula_numeric_radical_calculation"
"M3_POLY_150_S06_Q044","m3_polynomial_multiplication_factorization","260711_다항식의 곱셈과 인수분해(5).pdf","044","곱셈 공식을 이용한 복잡한 수의 계산","복잡한 수의 계산 - 종합 활용","M3_POLY_PT064","choice:5","formula_numeric_radical_calculation"
"M3_POLY_150_S06_Q045","m3_polynomial_multiplication_factorization","260711_다항식의 곱셈과 인수분해(5).pdf","045","곱셈 공식을 이용한 복잡한 수의 계산","복잡한 수의 계산 - 종합 활용","M3_POLY_PT064","20","formula_numeric_radical_calculation"
"M3_POLY_150_S06_Q046","m3_polynomial_multiplication_factorization","260711_다항식의 곱셈과 인수분해(5).pdf","046","곱셈 공식을 이용한 수의 계산: 제곱근을 포함한 경우","제곱근을 포함한 수의 계산 - 계산 수행","M3_POLY_PT066","choice:4","formula_numeric_radical_calculation"
"M3_POLY_150_S06_Q047","m3_polynomial_multiplication_factorization","260711_다항식의 곱셈과 인수분해(5).pdf","047","곱셈 공식을 이용한 수의 계산: 제곱근을 포함한 경우","제곱근을 포함한 수의 계산 - 계산 수행","M3_POLY_PT066","104","formula_numeric_radical_calculation"
"M3_POLY_150_S06_Q049","m3_polynomial_multiplication_factorization","260711_다항식의 곱셈과 인수분해(5).pdf","049","곱셈 공식을 이용한 분모의 유리화","분모의 유리화 - 조건 적용","M3_POLY_PT075","choice:1","formula_numeric_radical_calculation"
"M3_POLY_150_S06_Q050","m3_polynomial_multiplication_factorization","260711_다항식의 곱셈과 인수분해(5).pdf","050","곱셈 공식을 이용한 분모의 유리화","분모의 유리화 - 종합 활용","M3_POLY_PT076","choice:2","formula_numeric_radical_calculation"
"M3_POLY_150_S06_Q051","m3_polynomial_multiplication_factorization","260711_다항식의 곱셈과 인수분해(5).pdf","051","곱셈 공식을 이용한 분모의 유리화","분모의 유리화 - 종합 활용","M3_POLY_PT076","choice:3","formula_numeric_radical_calculation"
"M3_POLY_150_S06_Q052","m3_polynomial_multiplication_factorization","260711_다항식의 곱셈과 인수분해(5).pdf","052","식의 값 구하기(1) 수가 주어진 경우","수가 주어진 식의 값 - 종합 활용","M3_POLY_PT080","choice:5","expression_value_conditions"
"M3_POLY_150_S06_Q053","m3_polynomial_multiplication_factorization","260711_다항식의 곱셈과 인수분해(5).pdf","053","식의 값 구하기(1) 수가 주어진 경우","수가 주어진 식의 값 - 종합 활용","M3_POLY_PT080","choice:4","expression_value_conditions"
"M3_POLY_150_S06_Q054","m3_polynomial_multiplication_factorization","260711_다항식의 곱셈과 인수분해(5).pdf","054","식의 값 구하기(1) 수가 주어진 경우","수가 주어진 식의 값 - 종합 활용","M3_POLY_PT080","choice:2","expression_value_conditions"
"M3_POLY_150_S06_Q055","m3_polynomial_multiplication_factorization","260711_다항식의 곱셈과 인수분해(5).pdf","055","식의 값 구하기(2) 두 수의 합 또는 차와 곱이 주어진 경우","두 수의 합·차·곱이 주어진 식의 값 - 종합 활용","M3_POLY_PT084","9","expression_value_conditions"
"M3_POLY_150_S06_Q056","m3_polynomial_multiplication_factorization","260711_다항식의 곱셈과 인수분해(5).pdf","056","식의 값 구하기(2) 두 수의 합 또는 차와 곱이 주어진 경우","두 수의 합·차·곱이 주어진 식의 값 - 종합 활용","M3_POLY_PT084","322","expression_value_conditions"
"M3_POLY_150_S06_Q057","m3_polynomial_multiplication_factorization","260711_다항식의 곱셈과 인수분해(5).pdf","057","식의 값 구하기(2) 두 수의 합 또는 차와 곱이 주어진 경우","두 수의 합·차·곱이 주어진 식의 값 - 종합 활용","M3_POLY_PT084","7/2","expression_value_conditions"
"M3_POLY_150_S06_Q058","m3_polynomial_multiplication_factorization","260711_다항식의 곱셈과 인수분해(5).pdf","058","식의 값 구하기(3) 두 수의 곱이 1인 경우","두 수의 곱이 1인 경우와 식 만들기 - 계산 수행","M3_POLY_PT086","255","expression_value_conditions"
"M3_POLY_150_S06_Q059","m3_polynomial_multiplication_factorization","260711_다항식의 곱셈과 인수분해(5).pdf","059","식의 값 구하기(3) 두 수의 곱이 1인 경우","두 수의 곱이 1인 경우와 식 만들기 - 계산 수행","M3_POLY_PT086","choice:1","expression_value_conditions"
"M3_POLY_150_S06_Q060","m3_polynomial_multiplication_factorization","260711_다항식의 곱셈과 인수분해(5).pdf","060","식의 값 구하기(3) 두 수의 곱이 1인 경우","두 수의 곱이 1인 경우와 식 만들기 - 계산 수행","M3_POLY_PT086","choice:4","expression_value_conditions"
"M3_POLY_150_S06_Q061","m3_polynomial_multiplication_factorization","260711_다항식의 곱셈과 인수분해(5).pdf","061","식의 값 구하기(4) 두 수의 곱이 1인 식 만들기","두 수의 곱이 1인 경우와 식 만들기 - 조건 적용","M3_POLY_PT087","4","expression_value_conditions"
"M3_POLY_150_S06_Q062","m3_polynomial_multiplication_factorization","260711_다항식의 곱셈과 인수분해(5).pdf","062","식의 값 구하기(4) 두 수의 곱이 1인 식 만들기","두 수의 곱이 1인 경우와 식 만들기 - 조건 적용","M3_POLY_PT087","11","expression_value_conditions"
"M3_POLY_150_S06_Q063","m3_polynomial_multiplication_factorization","260711_다항식의 곱셈과 인수분해(5).pdf","063","식의 값 구하기(4) 두 수의 곱이 1인 식 만들기","두 수의 곱이 1인 경우와 식 만들기 - 종합 활용","M3_POLY_PT088","choice:3","expression_value_conditions"
"M3_POLY_150_S06_Q064","m3_polynomial_multiplication_factorization","260711_다항식의 곱셈과 인수분해(5).pdf","064","식의 값 구하기(5) 식을 먼저 간단히 하는 경우","식을 먼저 간단히 하여 값 구하기 - 계산 수행","M3_POLY_PT090","choice:1","expression_value_conditions"
"M3_POLY_150_S06_Q065","m3_polynomial_multiplication_factorization","260711_다항식의 곱셈과 인수분해(5).pdf","065","식의 값 구하기(5) 식을 먼저 간단히 하는 경우","식을 먼저 간단히 하여 값 구하기 - 계산 수행","M3_POLY_PT090","choice:2","expression_value_conditions"
"M3_POLY_150_S06_Q066","m3_polynomial_multiplication_factorization","260711_다항식의 곱셈과 인수분해(5).pdf","066","식의 값 구하기(5) 식을 먼저 간단히 하는 경우","식을 먼저 간단히 하여 값 구하기 - 종합 활용","M3_POLY_PT092","41/4","expression_value_conditions"
"M3_POLY_150_S06_Q067","m3_polynomial_multiplication_factorization","260711_다항식의 곱셈과 인수분해(5).pdf","067","식의 값 구하기(6) 주어진 수를 변형하여 식에 대입하는 경우","수가 주어진 식의 값 - 종합 활용","M3_POLY_PT080","1","expression_value_conditions"
"M3_POLY_150_S06_Q068","m3_polynomial_multiplication_factorization","260711_다항식의 곱셈과 인수분해(5).pdf","068","식의 값 구하기(6) 주어진 수를 변형하여 식에 대입하는 경우","수가 주어진 식의 값 - 종합 활용","M3_POLY_PT080","choice:2","expression_value_conditions"
"M3_POLY_150_S06_Q069","m3_polynomial_multiplication_factorization","260711_다항식의 곱셈과 인수분해(5).pdf","069","식의 값 구하기(6) 주어진 수를 변형하여 식에 대입하는 경우","수가 주어진 식의 값 - 종합 활용","M3_POLY_PT080","choice:2","expression_value_conditions"
"M3_POLY_150_S06_Q070","m3_polynomial_multiplication_factorization","260711_다항식의 곱셈과 인수분해(5).pdf","070","식의 값 구하기(7) 무리수의 정수 부분과 소수 부분","무리수의 정수 부분과 소수 부분 - 계산 수행","M3_POLY_PT094","5","expression_value_conditions"
"M3_POLY_150_S06_Q071","m3_polynomial_multiplication_factorization","260711_다항식의 곱셈과 인수분해(5).pdf","071","식의 값 구하기(7) 무리수의 정수 부분과 소수 부분","무리수의 정수 부분과 소수 부분 - 종합 활용","M3_POLY_PT096","-75","expression_value_conditions"
"M3_POLY_150_S06_Q072","m3_polynomial_multiplication_factorization","260711_다항식의 곱셈과 인수분해(5).pdf","072","식의 값 구하기(7) 무리수의 정수 부분과 소수 부분","무리수의 정수 부분과 소수 부분 - 종합 활용","M3_POLY_PT096","-120","expression_value_conditions"
"M3_POLY_150_S06_Q073","m3_polynomial_multiplication_factorization","260711_다항식의 곱셈과 인수분해(5).pdf","073","공통인수를 이용한 인수분해","공통인수를 이용한 인수분해 - 계산 수행","M3_POLY_PT106","52","basic_factorization_formula"
"M3_POLY_150_S06_Q074","m3_polynomial_multiplication_factorization","260711_다항식의 곱셈과 인수분해(5).pdf","074","공통인수를 이용한 인수분해","공통인수를 이용한 인수분해 - 계산 수행","M3_POLY_PT106","choice:2","basic_factorization_formula"
"M3_POLY_150_S06_Q075","m3_polynomial_multiplication_factorization","260711_다항식의 곱셈과 인수분해(5).pdf","075","공통인수를 이용한 인수분해","공통인수를 이용한 인수분해 - 계산 수행","M3_POLY_PT106","choice:5","basic_factorization_formula"
"M3_POLY_150_S06_Q079","m3_polynomial_multiplication_factorization","260711_다항식의 곱셈과 인수분해(5).pdf","079","완전제곱식이 될 조건","완전제곱식이 될 조건 - 계산 수행","M3_POLY_PT112","121/20","basic_factorization_formula"
"M3_POLY_150_S06_Q080","m3_polynomial_multiplication_factorization","260711_다항식의 곱셈과 인수분해(5).pdf","080","완전제곱식이 될 조건","완전제곱식이 될 조건 - 계산 수행","M3_POLY_PT112","2","basic_factorization_formula"
"M3_POLY_150_S06_Q082","m3_polynomial_multiplication_factorization","260711_다항식의 곱셈과 인수분해(5).pdf","082","근호 안이 완전제곱식으로 인수분해 되는 식","근호 안이 완전제곱식이 되도록 하는 식 - 계산 수행","M3_POLY_PT115","choice:4","basic_factorization_formula"
"M3_POLY_150_S06_Q083","m3_polynomial_multiplication_factorization","260711_다항식의 곱셈과 인수분해(5).pdf","083","근호 안이 완전제곱식으로 인수분해 되는 식","근호 안이 완전제곱식이 되도록 하는 식 - 조건 적용","M3_POLY_PT116","2a","basic_factorization_formula"
"M3_POLY_150_S06_Q084","m3_polynomial_multiplication_factorization","260711_다항식의 곱셈과 인수분해(5).pdf","084","근호 안이 완전제곱식으로 인수분해 되는 식","근호 안이 완전제곱식이 되도록 하는 식 - 조건 적용","M3_POLY_PT116","choice:4","basic_factorization_formula"
"M3_POLY_150_S06_Q085","m3_polynomial_multiplication_factorization","260711_다항식의 곱셈과 인수분해(5).pdf","085","인수분해 공식(2) a²-b²=(a+b)(a-b)","a^2-b^2 인수분해 - 계산 수행","M3_POLY_PT118","1","basic_factorization_formula|application_or_complexity"
"M3_POLY_150_S06_Q086","m3_polynomial_multiplication_factorization","260711_다항식의 곱셈과 인수분해(5).pdf","086","인수분해 공식(2) a²-b²=(a+b)(a-b)","a^2-b^2 인수분해 - 계산 수행","M3_POLY_PT118","choice:3","basic_factorization_formula|application_or_complexity"
"M3_POLY_150_S06_Q087","m3_polynomial_multiplication_factorization","260711_다항식의 곱셈과 인수분해(5).pdf","087","인수분해 공식(3) x²+(a+b)x+ab=(x+a)(x+b)","x²+(a+b)x+ab 꼴 인수분해 - 계산 수행","M3_POLY_PT124","-14","basic_factorization_formula"
"M3_POLY_150_S06_Q088","m3_polynomial_multiplication_factorization","260711_다항식의 곱셈과 인수분해(5).pdf","088","인수분해 공식(3) x²+(a+b)x+ab=(x+a)(x+b)","x²+(a+b)x+ab 꼴 인수분해 - 계산 수행","M3_POLY_PT124","choice:2","basic_factorization_formula"
"M3_POLY_150_S06_Q089","m3_polynomial_multiplication_factorization","260711_다항식의 곱셈과 인수분해(5).pdf","089","인수분해 공식(3) x²+(a+b)x+ab=(x+a)(x+b)","x²+(a+b)x+ab 꼴 인수분해 - 조건 적용","M3_POLY_PT125","-9","basic_factorization_formula"
"M3_POLY_150_S06_Q090","m3_polynomial_multiplication_factorization","260711_다항식의 곱셈과 인수분해(5).pdf","090","인수분해 공식(4) acx²+(ad+bc)x+bd=(ax+b)(cx+d)","일차항 계수가 1이 아닌 이차식 인수분해 - 계산 수행","M3_POLY_PT127","choice:3","basic_factorization_formula"
"M3_POLY_150_S06_Q091","m3_polynomial_multiplication_factorization","260711_다항식의 곱셈과 인수분해(5).pdf","091","인수분해 공식(4) acx²+(ad+bc)x+bd=(ax+b)(cx+d)","일차항 계수가 1이 아닌 이차식 인수분해 - 조건 적용","M3_POLY_PT128","0","basic_factorization_formula"
"M3_POLY_150_S06_Q092","m3_polynomial_multiplication_factorization","260711_다항식의 곱셈과 인수분해(5).pdf","092","인수분해 공식(4) acx²+(ad+bc)x+bd=(ax+b)(cx+d)","일차항 계수가 1이 아닌 이차식 인수분해 - 조건 적용","M3_POLY_PT128","3","basic_factorization_formula"
"M3_POLY_150_S06_Q093","m3_polynomial_multiplication_factorization","260711_다항식의 곱셈과 인수분해(5).pdf","093","인수분해 공식(종합)","인수분해 공식 종합 - 계산 수행","M3_POLY_PT136","choice:5","basic_factorization_formula"
"M3_POLY_150_S06_Q094","m3_polynomial_multiplication_factorization","260711_다항식의 곱셈과 인수분해(5).pdf","094","인수분해 공식(종합)","인수분해 공식 종합 - 계산 수행","M3_POLY_PT136","choice:2","basic_factorization_formula"
"M3_POLY_150_S06_Q095","m3_polynomial_multiplication_factorization","260711_다항식의 곱셈과 인수분해(5).pdf","095","인수분해 공식(종합)","인수분해 공식 종합 - 조건 적용","M3_POLY_PT137","choice:4","basic_factorization_formula"
"M3_POLY_150_S06_Q096","m3_polynomial_multiplication_factorization","260711_다항식의 곱셈과 인수분해(5).pdf","096","도형을 이용한 인수분해 공식","도형을 이용한 인수분해 공식 - 계산 수행","M3_POLY_PT139","choice:2,5","basic_factorization_formula|application_or_complexity"
"M3_POLY_150_S06_Q097","m3_polynomial_multiplication_factorization","260711_다항식의 곱셈과 인수분해(5).pdf","097","도형을 이용한 인수분해 공식","도형을 이용한 인수분해 공식 - 계산 수행","M3_POLY_PT139","choice:5","basic_factorization_formula|application_or_complexity"
"M3_POLY_150_S06_Q098","m3_polynomial_multiplication_factorization","260711_다항식의 곱셈과 인수분해(5).pdf","098","두 다항식의 공통인수 구하기","두 다항식의 공통인수 구하기 - 계산 수행","M3_POLY_PT142","choice:1","factor_coefficient_conditions|application_or_complexity"
"M3_POLY_150_S06_Q101","m3_polynomial_multiplication_factorization","260711_다항식의 곱셈과 인수분해(5).pdf","101","인수가 주어진 이차식의 미지수의 값 구하기","인수가 주어진 이차식의 미지수와 값 - 계산 수행","M3_POLY_PT145","36","factor_coefficient_conditions|application_or_complexity"
"M3_POLY_150_S06_Q102","m3_polynomial_multiplication_factorization","260711_다항식의 곱셈과 인수분해(5).pdf","102","인수가 주어진 이차식의 미지수의 값 구하기","인수가 주어진 이차식의 미지수와 값 - 계산 수행","M3_POLY_PT145","8","factor_coefficient_conditions|application_or_complexity"
"M3_POLY_150_S06_Q103","m3_polynomial_multiplication_factorization","260711_다항식의 곱셈과 인수분해(5).pdf","103","두 일차식의 곱으로 인수분해 될 때 미지수 구하기","두 일차식의 곱으로 인수분해될 때 미지수 - 계산 수행","M3_POLY_PT148","choice:2","factor_coefficient_conditions|application_or_complexity"
"M3_POLY_150_S06_Q104","m3_polynomial_multiplication_factorization","260711_다항식의 곱셈과 인수분해(5).pdf","104","두 일차식의 곱으로 인수분해 될 때 미지수 구하기","두 일차식의 곱으로 인수분해될 때 미지수 - 조건 적용","M3_POLY_PT149","choice:3","factor_coefficient_conditions|application_or_complexity"
"M3_POLY_150_S06_Q105","m3_polynomial_multiplication_factorization","260711_다항식의 곱셈과 인수분해(5).pdf","105","두 일차식의 곱으로 인수분해 될 때 미지수 구하기","두 일차식의 곱으로 인수분해될 때 미지수 - 조건 적용","M3_POLY_PT149","11","factor_coefficient_conditions|application_or_complexity"
"M3_POLY_150_S06_Q106","m3_polynomial_multiplication_factorization","260711_다항식의 곱셈과 인수분해(5).pdf","106","공통인수를 이용한 인수분해","복잡한 식의 공통인수 인수분해 - 계산 수행","M3_POLY_PT154","choice:3","complex_factorization_strategy|application_or_complexity"
"M3_POLY_150_S06_Q107","m3_polynomial_multiplication_factorization","260711_다항식의 곱셈과 인수분해(5).pdf","107","공통인수를 이용한 인수분해","복잡한 식의 공통인수 인수분해 - 계산 수행","M3_POLY_PT154","486","complex_factorization_strategy|application_or_complexity"
"M3_POLY_150_S06_Q108","m3_polynomial_multiplication_factorization","260711_다항식의 곱셈과 인수분해(5).pdf","108","공통인수를 이용한 인수분해","복잡한 식의 공통인수 인수분해 - 조건 적용","M3_POLY_PT155","choice:2","complex_factorization_strategy|application_or_complexity"
"M3_POLY_150_S06_Q109","m3_polynomial_multiplication_factorization","260711_다항식의 곱셈과 인수분해(5).pdf","109","치환을 이용한 인수분해(1) 공통부분이 있는 경우","공통부분이 있는 식의 치환 인수분해 - 계산 수행","M3_POLY_PT157","choice:4","complex_factorization_strategy|application_or_complexity"
"M3_POLY_150_S06_Q110","m3_polynomial_multiplication_factorization","260711_다항식의 곱셈과 인수분해(5).pdf","110","치환을 이용한 인수분해(1) 공통부분이 있는 경우","공통부분이 있는 식의 치환 인수분해 - 계산 수행","M3_POLY_PT157","11","complex_factorization_strategy|application_or_complexity"
"M3_POLY_150_S06_Q111","m3_polynomial_multiplication_factorization","260711_다항식의 곱셈과 인수분해(5).pdf","111","치환을 이용한 인수분해(1) 공통부분이 있는 경우","공통부분이 있는 식의 치환 인수분해 - 조건 적용","M3_POLY_PT158","4","complex_factorization_strategy|application_or_complexity"
"M3_POLY_150_S06_Q112","m3_polynomial_multiplication_factorization","260711_다항식의 곱셈과 인수분해(5).pdf","112","치환을 이용한 인수분해(2) 다른 형태로 주어진 공통부분이 있는 경우","다른 형태로 주어진 공통부분 치환 - 계산 수행","M3_POLY_PT160","choice:4","complex_factorization_strategy|application_or_complexity"
"M3_POLY_150_S06_Q113","m3_polynomial_multiplication_factorization","260711_다항식의 곱셈과 인수분해(5).pdf","113","치환을 이용한 인수분해(2) 다른 형태로 주어진 공통부분이 있는 경우","다른 형태로 주어진 공통부분 치환 - 조건 적용","M3_POLY_PT161","-7","complex_factorization_strategy|application_or_complexity"
"M3_POLY_150_S06_Q114","m3_polynomial_multiplication_factorization","260711_다항식의 곱셈과 인수분해(5).pdf","114","치환을 이용한 인수분해(2) 다른 형태로 주어진 공통부분이 있는 경우","다른 형태로 주어진 공통부분 치환 - 조건 적용","M3_POLY_PT161","choice:4","complex_factorization_strategy|application_or_complexity"
"M3_POLY_150_S06_Q115","m3_polynomial_multiplication_factorization","260711_다항식의 곱셈과 인수분해(5).pdf","115","치환을 이용한 인수분해(3) 공통부분이 2개 있는 경우","공통부분이 2개 있는 식의 치환 - 계산 수행","M3_POLY_PT163","9","complex_factorization_strategy|application_or_complexity"
"M3_POLY_150_S06_Q116","m3_polynomial_multiplication_factorization","260711_다항식의 곱셈과 인수분해(5).pdf","116","치환을 이용한 인수분해(3) 공통부분이 2개 있는 경우","공통부분이 2개 있는 식의 치환 - 조건 적용","M3_POLY_PT164","choice:4","complex_factorization_strategy|application_or_complexity"
"M3_POLY_150_S06_Q117","m3_polynomial_multiplication_factorization","260711_다항식의 곱셈과 인수분해(5).pdf","117","치환을 이용한 인수분해(3) 공통부분이 2개 있는 경우","공통부분이 2개 있는 식의 치환 - 조건 적용","M3_POLY_PT164","5","complex_factorization_strategy|application_or_complexity"
"M3_POLY_150_S06_Q120","m3_polynomial_multiplication_factorization","260711_다항식의 곱셈과 인수분해(5).pdf","120","(  )(  )(  )(  )+k꼴의 인수분해","( )( )( )+k꼴 인수분해 - 조건 적용","M3_POLY_PT167","choice:4","complex_factorization_strategy|application_or_complexity"
"M3_POLY_150_S06_Q121","m3_polynomial_multiplication_factorization","260711_다항식의 곱셈과 인수분해(5).pdf","121","적당한 항끼리 묶어 인수분해 하기(1) 두 항씩 묶기","적당한 항끼리 묶어 인수분해 - 계산 수행","M3_POLY_PT169","choice:3","complex_factorization_strategy|application_or_complexity"
"M3_POLY_150_S06_Q122","m3_polynomial_multiplication_factorization","260711_다항식의 곱셈과 인수분해(5).pdf","122","적당한 항끼리 묶어 인수분해 하기(1) 두 항씩 묶기","적당한 항끼리 묶어 인수분해 - 조건 적용","M3_POLY_PT170","choice:3","complex_factorization_strategy|application_or_complexity"
"M3_POLY_150_S06_Q123","m3_polynomial_multiplication_factorization","260711_다항식의 곱셈과 인수분해(5).pdf","123","적당한 항끼리 묶어 인수분해 하기(1) 두 항씩 묶기","적당한 항끼리 묶어 인수분해 - 조건 적용","M3_POLY_PT170","choice:2","complex_factorization_strategy|application_or_complexity"
"M3_POLY_150_S06_Q124","m3_polynomial_multiplication_factorization","260711_다항식의 곱셈과 인수분해(5).pdf","124","적당한 항끼리 묶어 인수분해 하기(2) ( )²-( )²꼴","제곱차 꼴로 묶어 인수분해 - 계산 수행","M3_POLY_PT172","choice:1,3","complex_factorization_strategy|application_or_complexity"
"M3_POLY_150_S06_Q125","m3_polynomial_multiplication_factorization","260711_다항식의 곱셈과 인수분해(5).pdf","125","적당한 항끼리 묶어 인수분해 하기(2) ( )²-( )²꼴","제곱차 꼴로 묶어 인수분해 - 계산 수행","M3_POLY_PT172","choice:2,3","complex_factorization_strategy|application_or_complexity"
"M3_POLY_150_S06_Q126","m3_polynomial_multiplication_factorization","260711_다항식의 곱셈과 인수분해(5).pdf","126","적당한 항끼리 묶어 인수분해 하기(2) ( )²-( )²꼴","제곱차 꼴로 묶어 인수분해 - 조건 적용","M3_POLY_PT173","choice:2","complex_factorization_strategy|application_or_complexity"
"M3_POLY_150_S06_Q127","m3_polynomial_multiplication_factorization","260711_다항식의 곱셈과 인수분해(5).pdf","127","내림차순으로 정리하여 인수분해 하기(1) 공통부분이 있는 경우","내림차순으로 정리하여 인수분해 - 계산 수행","M3_POLY_PT178","choice:2","complex_factorization_strategy|application_or_complexity"
"M3_POLY_150_S06_Q128","m3_polynomial_multiplication_factorization","260711_다항식의 곱셈과 인수분해(5).pdf","128","내림차순으로 정리하여 인수분해 하기(1) 공통부분이 있는 경우","내림차순으로 정리하여 인수분해 - 조건 적용","M3_POLY_PT179","choice:1,4","complex_factorization_strategy|application_or_complexity"
"M3_POLY_150_S06_Q129","m3_polynomial_multiplication_factorization","260711_다항식의 곱셈과 인수분해(5).pdf","129","내림차순으로 정리하여 인수분해 하기(1) 공통부분이 있는 경우","내림차순으로 정리하여 인수분해 - 조건 적용","M3_POLY_PT179","choice:2,4","complex_factorization_strategy|application_or_complexity"
"M3_POLY_150_S06_Q130","m3_polynomial_multiplication_factorization","260711_다항식의 곱셈과 인수분해(5).pdf","130","내림차순으로 정리하여 인수분해 하기(2) 공통부분이 없는 경우","내림차순으로 정리하여 인수분해 - 계산 수행","M3_POLY_PT178","choice:2","complex_factorization_strategy|application_or_complexity"
"M3_POLY_150_S06_Q131","m3_polynomial_multiplication_factorization","260711_다항식의 곱셈과 인수분해(5).pdf","131","내림차순으로 정리하여 인수분해 하기(2) 공통부분이 없는 경우","내림차순으로 정리하여 인수분해 - 계산 수행","M3_POLY_PT178","9","complex_factorization_strategy|application_or_complexity"
"M3_POLY_150_S06_Q132","m3_polynomial_multiplication_factorization","260711_다항식의 곱셈과 인수분해(5).pdf","132","내림차순으로 정리하여 인수분해 하기(2) 공통부분이 없는 경우","내림차순으로 정리하여 인수분해 - 조건 적용","M3_POLY_PT179","choice:2","complex_factorization_strategy|application_or_complexity"
"M3_POLY_150_S06_Q134","m3_polynomial_multiplication_factorization","260711_다항식의 곱셈과 인수분해(5).pdf","134","인수분해 공식을 이용한 수의 계산","인수분해 공식을 이용한 수의 계산 - 조건 적용","M3_POLY_PT182","2500","factorization_application|application_or_complexity"
"M3_POLY_150_S06_Q135","m3_polynomial_multiplication_factorization","260711_다항식의 곱셈과 인수분해(5).pdf","135","인수분해 공식을 이용한 수의 계산","인수분해 공식을 이용한 수의 계산 - 조건 적용","M3_POLY_PT182","choice:2","factorization_application|application_or_complexity"
"M3_POLY_150_S06_Q136","m3_polynomial_multiplication_factorization","260711_다항식의 곱셈과 인수분해(5).pdf","136","인수분해 공식을 이용한 수의 계산: 합과 차의 곱 활용","합과 차의 곱을 이용한 수의 계산 - 계산 수행","M3_POLY_PT184","choice:1","factorization_application|application_or_complexity"
"M3_POLY_150_S06_Q137","m3_polynomial_multiplication_factorization","260711_다항식의 곱셈과 인수분해(5).pdf","137","인수분해 공식을 이용한 수의 계산: 합과 차의 곱 활용","합과 차의 곱을 이용한 수의 계산 - 계산 수행","M3_POLY_PT184","18","factorization_application|application_or_complexity"
"M3_POLY_150_S06_Q138","m3_polynomial_multiplication_factorization","260711_다항식의 곱셈과 인수분해(5).pdf","138","인수분해 공식을 이용한 수의 계산: 합과 차의 곱 활용","합과 차의 곱을 이용한 수의 계산 - 조건 적용","M3_POLY_PT185","90000","factorization_application|application_or_complexity"
"M3_POLY_150_S06_Q139","m3_polynomial_multiplication_factorization","260711_다항식의 곱셈과 인수분해(5).pdf","139","인수분해 공식을 이용하여 식의 값 구하기(1) 문자의 값이 주어질 때","인수분해 공식을 이용한 식의 값 구하기 - 계산 수행","M3_POLY_PT187","choice:4","factorization_application|application_or_complexity"
"M3_POLY_150_S06_Q145","m3_polynomial_multiplication_factorization","260711_다항식의 곱셈과 인수분해(5).pdf","145","인수분해 공식의 도형에의 활용","인수분해 공식의 도형 활용 - 계산 수행","M3_POLY_PT190","640","factorization_application|application_or_complexity"
"M3_POLY_150_S06_Q146","m3_polynomial_multiplication_factorization","260711_다항식의 곱셈과 인수분해(5).pdf","146","인수분해 공식의 도형에의 활용","인수분해 공식의 도형 활용 - 조건 적용","M3_POLY_PT191","choice:2","factorization_application|application_or_complexity"
"M3_POLY_150_S06_Q147","m3_polynomial_multiplication_factorization","260711_다항식의 곱셈과 인수분해(5).pdf","147","인수분해 공식의 도형에의 활용","인수분해 공식의 도형 활용 - 조건 적용","M3_POLY_PT191","choice:4","factorization_application|application_or_complexity"
"M3_POLY_150_S06_Q148","m3_polynomial_multiplication_factorization","260711_다항식의 곱셈과 인수분해(5).pdf","148","인수분해 공식의 도형에의 활용: 일부분을 잘라 낸 경우","인수분해 공식의 도형 활용 - 조건 적용","M3_POLY_PT191","choice:4","factorization_application|application_or_complexity"
"M3_POLY_150_S06_Q149","m3_polynomial_multiplication_factorization","260711_다항식의 곱셈과 인수분해(5).pdf","149","인수분해 공식의 도형에의 활용: 일부분을 잘라 낸 경우","인수분해 공식의 도형 활용 - 조건 적용","M3_POLY_PT191","choice:4","factorization_application|application_or_complexity"
"M3_POLY_150_S06_Q150","m3_polynomial_multiplication_factorization","260711_다항식의 곱셈과 인수분해(5).pdf","150","인수분해 공식의 도형에의 활용: 일부분을 잘라 낸 경우","인수분해 공식의 도형 활용 - 조건 적용","M3_POLY_PT191","choice:3","factorization_application|application_or_complexity"
"M3_POLY_150_S10_Q001","m3_polynomial_multiplication_factorization","260711_다항식의 곱셈과 인수분해(13).pdf","001","계수 구하기","전개식의 계수 구하기 - 계산 수행","M3_POLY_PT006","4","expansion|distribution|like_terms"
"M3_POLY_150_S10_Q002","m3_polynomial_multiplication_factorization","260711_다항식의 곱셈과 인수분해(13).pdf","002","계수 구하기","전개식의 계수 구하기 - 계산 수행","M3_POLY_PT006","choice:3","expansion|distribution|like_terms"
"M3_POLY_150_S10_Q003","m3_polynomial_multiplication_factorization","260711_다항식의 곱셈과 인수분해(13).pdf","003","계수 구하기","전개식의 계수 구하기 - 조건 적용","M3_POLY_PT007","7","expansion|distribution|like_terms"
"M3_POLY_150_S10_Q004","m3_polynomial_multiplication_factorization","260711_다항식의 곱셈과 인수분해(13).pdf","004","계수 구하기","전개식의 계수 구하기 - 계산 수행","M3_POLY_PT006","choice:4","expansion|distribution|like_terms"
"M3_POLY_150_S10_Q005","m3_polynomial_multiplication_factorization","260711_다항식의 곱셈과 인수분해(13).pdf","005","계수 구하기","전개식의 계수 구하기 - 종합 활용","M3_POLY_PT008","37","expansion|distribution|like_terms"
"M3_POLY_150_S10_Q006","m3_polynomial_multiplication_factorization","260711_다항식의 곱셈과 인수분해(13).pdf","006","계수 구하기","전개식의 계수 구하기 - 조건 적용","M3_POLY_PT007","-2","expansion|distribution|like_terms"
"M3_POLY_150_S10_Q007","m3_polynomial_multiplication_factorization","260711_다항식의 곱셈과 인수분해(13).pdf","007","계수 구하기","전개식의 계수 구하기 - 조건 적용","M3_POLY_PT007","choice:5","expansion|distribution|like_terms"
"M3_POLY_150_S10_Q008","m3_polynomial_multiplication_factorization","260711_다항식의 곱셈과 인수분해(13).pdf","008","계수 구하기","전개식의 계수 구하기 - 조건 적용","M3_POLY_PT007","choice:3","expansion|distribution|like_terms"
"M3_POLY_150_S10_Q009","m3_polynomial_multiplication_factorization","260711_다항식의 곱셈과 인수분해(13).pdf","009","계수 구하기","전개식의 계수 구하기 - 조건 적용","M3_POLY_PT007","-1","expansion|distribution|like_terms"
"M3_POLY_150_S10_Q010","m3_polynomial_multiplication_factorization","260711_다항식의 곱셈과 인수분해(13).pdf","010","계수 구하기","전개식의 계수 구하기 - 조건 적용","M3_POLY_PT007","choice:2","expansion|distribution|like_terms"
"M3_POLY_150_S10_Q011","m3_polynomial_multiplication_factorization","260711_다항식의 곱셈과 인수분해(13).pdf","011","계수 구하기","전개식의 계수 구하기 - 조건 적용","M3_POLY_PT007","8","expansion|distribution|like_terms"
"M3_POLY_150_S10_Q012","m3_polynomial_multiplication_factorization","260711_다항식의 곱셈과 인수분해(13).pdf","012","계수 구하기","전개식의 계수 구하기 - 계산 수행","M3_POLY_PT006","-28","expansion|distribution|like_terms"
"M3_POLY_150_S10_Q013","m3_polynomial_multiplication_factorization","260711_다항식의 곱셈과 인수분해(13).pdf","013","계수 구하기","전개식의 계수 구하기 - 계산 수행","M3_POLY_PT006","-1","expansion|distribution|like_terms"
"M3_POLY_150_S10_Q014","m3_polynomial_multiplication_factorization","260711_다항식의 곱셈과 인수분해(13).pdf","014","계수 구하기","전개식의 계수 구하기 - 조건 적용","M3_POLY_PT007","choice:1","expansion|distribution|like_terms"
"M3_POLY_150_S10_Q015","m3_polynomial_multiplication_factorization","260711_다항식의 곱셈과 인수분해(13).pdf","015","계수 구하기","전개식의 계수 구하기 - 조건 적용","M3_POLY_PT007","choice:2","expansion|distribution|like_terms"
"M3_POLY_150_S10_Q016","m3_polynomial_multiplication_factorization","260711_다항식의 곱셈과 인수분해(13).pdf","016","계수 구하기","전개식의 계수 구하기 - 종합 활용","M3_POLY_PT008","choice:2","expansion|distribution|like_terms"
"M3_POLY_150_S10_Q017","m3_polynomial_multiplication_factorization","260711_다항식의 곱셈과 인수분해(13).pdf","017","곱셈 공식(5) 일차항의 계수가 1이 아닌 두 일차식의 곱","일차항 계수가 1이 아닌 두 일차식의 곱 - 조건 적용","M3_POLY_PT031","-6","multiplication_formula|middle_term|sign_error"
"M3_POLY_150_S10_Q018","m3_polynomial_multiplication_factorization","260711_다항식의 곱셈과 인수분해(13).pdf","018","곱셈 공식(5) 일차항의 계수가 1이 아닌 두 일차식의 곱","일차항 계수가 1이 아닌 두 일차식의 곱 - 조건 적용","M3_POLY_PT031","choice:3","multiplication_formula|middle_term|sign_error"
"M3_POLY_150_S10_Q019","m3_polynomial_multiplication_factorization","260711_다항식의 곱셈과 인수분해(13).pdf","019","곱셈 공식(5) 일차항의 계수가 1이 아닌 두 일차식의 곱","일차항 계수가 1이 아닌 두 일차식의 곱 - 조건 적용","M3_POLY_PT031","5","multiplication_formula|middle_term|sign_error"
"M3_POLY_150_S10_Q020","m3_polynomial_multiplication_factorization","260711_다항식의 곱셈과 인수분해(13).pdf","020","곱셈 공식(5) 일차항의 계수가 1이 아닌 두 일차식의 곱","일차항 계수가 1이 아닌 두 일차식의 곱 - 종합 활용","M3_POLY_PT032","2","multiplication_formula|middle_term|sign_error"
"M3_POLY_150_S10_Q021","m3_polynomial_multiplication_factorization","260711_다항식의 곱셈과 인수분해(13).pdf","021","곱셈 공식(5) 일차항의 계수가 1이 아닌 두 일차식의 곱","일차항 계수가 1이 아닌 두 일차식의 곱 - 계산 수행","M3_POLY_PT030","2","multiplication_formula|middle_term|sign_error"
"M3_POLY_150_S10_Q022","m3_polynomial_multiplication_factorization","260711_다항식의 곱셈과 인수분해(13).pdf","022","곱셈 공식(5) 일차항의 계수가 1이 아닌 두 일차식의 곱","일차항 계수가 1이 아닌 두 일차식의 곱 - 계산 수행","M3_POLY_PT030","6","multiplication_formula|middle_term|sign_error"
"M3_POLY_150_S10_Q023","m3_polynomial_multiplication_factorization","260711_다항식의 곱셈과 인수분해(13).pdf","023","곱셈 공식(5) 일차항의 계수가 1이 아닌 두 일차식의 곱","일차항 계수가 1이 아닌 두 일차식의 곱 - 조건 적용","M3_POLY_PT031","2","multiplication_formula|middle_term|sign_error"
"M3_POLY_150_S10_Q024","m3_polynomial_multiplication_factorization","260711_다항식의 곱셈과 인수분해(13).pdf","024","곱셈 공식(5) 일차항의 계수가 1이 아닌 두 일차식의 곱","일차항 계수가 1이 아닌 두 일차식의 곱 - 조건 적용","M3_POLY_PT031","4","multiplication_formula|middle_term|sign_error"
"M3_POLY_150_S10_Q025","m3_polynomial_multiplication_factorization","260711_다항식의 곱셈과 인수분해(13).pdf","025","곱셈 공식(5) 일차항의 계수가 1이 아닌 두 일차식의 곱","일차항 계수가 1이 아닌 두 일차식의 곱 - 종합 활용","M3_POLY_PT032","choice:3|choice:4","multiplication_formula|middle_term|sign_error"
"M3_POLY_150_S10_Q026","m3_polynomial_multiplication_factorization","260711_다항식의 곱셈과 인수분해(13).pdf","026","곱셈 공식(5) 일차항의 계수가 1이 아닌 두 일차식의 곱","일차항 계수가 1이 아닌 두 일차식의 곱 - 계산 수행","M3_POLY_PT030","1","multiplication_formula|middle_term|sign_error"
"M3_POLY_150_S10_Q027","m3_polynomial_multiplication_factorization","260711_다항식의 곱셈과 인수분해(13).pdf","027","곱셈 공식(5) 일차항의 계수가 1이 아닌 두 일차식의 곱","일차항 계수가 1이 아닌 두 일차식의 곱 - 조건 적용","M3_POLY_PT031","-4","multiplication_formula|middle_term|sign_error"
"M3_POLY_150_S10_Q028","m3_polynomial_multiplication_factorization","260711_다항식의 곱셈과 인수분해(13).pdf","028","곱셈 공식(5) 일차항의 계수가 1이 아닌 두 일차식의 곱","일차항 계수가 1이 아닌 두 일차식의 곱 - 종합 활용","M3_POLY_PT032","choice:1","multiplication_formula|middle_term|sign_error"
"M3_POLY_150_S10_Q029","m3_polynomial_multiplication_factorization","260711_다항식의 곱셈과 인수분해(13).pdf","029","곱셈 공식(5) 일차항의 계수가 1이 아닌 두 일차식의 곱","일차항 계수가 1이 아닌 두 일차식의 곱 - 조건 적용","M3_POLY_PT031","choice:3","multiplication_formula|middle_term|sign_error"
"M3_POLY_150_S10_Q030","m3_polynomial_multiplication_factorization","260711_다항식의 곱셈과 인수분해(13).pdf","030","곱셈 공식(5) 일차항의 계수가 1이 아닌 두 일차식의 곱","일차항 계수가 1이 아닌 두 일차식의 곱 - 종합 활용","M3_POLY_PT032","choice:3","multiplication_formula|middle_term|sign_error"
"M3_POLY_150_S10_Q031","m3_polynomial_multiplication_factorization","260711_다항식의 곱셈과 인수분해(13).pdf","031","곱셈 공식(5) 일차항의 계수가 1이 아닌 두 일차식의 곱","일차항 계수가 1이 아닌 두 일차식의 곱 - 종합 활용","M3_POLY_PT032","choice:3","multiplication_formula|middle_term|sign_error"
"M3_POLY_150_S10_Q032","m3_polynomial_multiplication_factorization","260711_다항식의 곱셈과 인수분해(13).pdf","032","곱셈 공식(종합)","곱셈 공식 종합 적용 - 계산 수행","M3_POLY_PT038","2","multiplication_formula|middle_term|sign_error"
"M3_POLY_150_S10_Q033","m3_polynomial_multiplication_factorization","260711_다항식의 곱셈과 인수분해(13).pdf","033","곱셈 공식(종합)","곱셈 공식 종합 적용 - 조건 적용","M3_POLY_PT039","5","multiplication_formula|middle_term|sign_error"
"M3_POLY_150_S10_Q034","m3_polynomial_multiplication_factorization","260711_다항식의 곱셈과 인수분해(13).pdf","034","곱셈 공식(종합)","곱셈 공식 종합 적용 - 조건 적용","M3_POLY_PT039","choice:1","multiplication_formula|middle_term|sign_error"
"M3_POLY_150_S10_Q035","m3_polynomial_multiplication_factorization","260711_다항식의 곱셈과 인수분해(13).pdf","035","곱셈 공식(종합)","곱셈 공식 종합 적용 - 종합 활용","M3_POLY_PT040","choice:2","multiplication_formula|middle_term|sign_error"
"M3_POLY_150_S10_Q036","m3_polynomial_multiplication_factorization","260711_다항식의 곱셈과 인수분해(13).pdf","036","곱셈 공식(종합)","곱셈 공식 종합 적용 - 종합 활용","M3_POLY_PT040","choice:3","multiplication_formula|middle_term|sign_error"
"M3_POLY_150_S10_Q037","m3_polynomial_multiplication_factorization","260711_다항식의 곱셈과 인수분해(13).pdf","037","곱셈 공식(종합)","곱셈 공식 종합 적용 - 계산 수행","M3_POLY_PT038","choice:3","multiplication_formula|middle_term|sign_error"
"M3_POLY_150_S10_Q038","m3_polynomial_multiplication_factorization","260711_다항식의 곱셈과 인수분해(13).pdf","038","곱셈 공식(종합)","곱셈 공식 종합 적용 - 계산 수행","M3_POLY_PT038","choice:1","multiplication_formula|middle_term|sign_error"
"M3_POLY_150_S10_Q039","m3_polynomial_multiplication_factorization","260711_다항식의 곱셈과 인수분해(13).pdf","039","곱셈 공식(종합)","곱셈 공식 종합 적용 - 조건 적용","M3_POLY_PT039","choice:4","multiplication_formula|middle_term|sign_error"
"M3_POLY_150_S10_Q040","m3_polynomial_multiplication_factorization","260711_다항식의 곱셈과 인수분해(13).pdf","040","곱셈 공식(종합)","곱셈 공식 종합 적용 - 종합 활용","M3_POLY_PT040","16","multiplication_formula|middle_term|sign_error"
"M3_POLY_150_S10_Q041","m3_polynomial_multiplication_factorization","260711_다항식의 곱셈과 인수분해(13).pdf","041","곱셈 공식(종합)","곱셈 공식 종합 적용 - 종합 활용","M3_POLY_PT040","16","multiplication_formula|middle_term|sign_error"
"M3_POLY_150_S10_Q042","m3_polynomial_multiplication_factorization","260711_다항식의 곱셈과 인수분해(13).pdf","042","곱셈 공식(종합)","곱셈 공식 종합 적용 - 조건 적용","M3_POLY_PT039","4","multiplication_formula|middle_term|sign_error"
"M3_POLY_150_S10_Q043","m3_polynomial_multiplication_factorization","260711_다항식의 곱셈과 인수분해(13).pdf","043","곱셈 공식(종합)","곱셈 공식 종합 적용 - 종합 활용","M3_POLY_PT040","6","multiplication_formula|middle_term|sign_error"
"M3_POLY_150_S10_Q045","m3_polynomial_multiplication_factorization","260711_다항식의 곱셈과 인수분해(13).pdf","045","곱셈 공식을 이용한 복잡한 수의 계산","복잡한 수의 계산 - 종합 활용","M3_POLY_PT064","choice:1","multiplication_formula|middle_term|sign_error|numeric_calculation"
"M3_POLY_150_S10_Q049","m3_polynomial_multiplication_factorization","260711_다항식의 곱셈과 인수분해(13).pdf","049","곱셈 공식을 이용한 분모의 유리화","분모의 유리화 - 종합 활용","M3_POLY_PT076","choice:3","multiplication_formula|middle_term|sign_error|numeric_calculation"
"M3_POLY_150_S10_Q050","m3_polynomial_multiplication_factorization","260711_다항식의 곱셈과 인수분해(13).pdf","050","곱셈 공식을 이용한 분모의 유리화","분모의 유리화 - 조건 적용","M3_POLY_PT075","1/3","multiplication_formula|middle_term|sign_error|numeric_calculation"
"M3_POLY_150_S10_Q051","m3_polynomial_multiplication_factorization","260711_다항식의 곱셈과 인수분해(13).pdf","051","곱셈 공식을 이용한 분모의 유리화","분모의 유리화 - 종합 활용","M3_POLY_PT076","13","multiplication_formula|middle_term|sign_error|numeric_calculation"
"M3_POLY_150_S10_Q052","m3_polynomial_multiplication_factorization","260711_다항식의 곱셈과 인수분해(13).pdf","052","곱셈 공식을 이용한 분모의 유리화","분모의 유리화 - 조건 적용","M3_POLY_PT075","4","multiplication_formula|middle_term|sign_error|numeric_calculation"
"M3_POLY_150_S10_Q054","m3_polynomial_multiplication_factorization","260711_다항식의 곱셈과 인수분해(13).pdf","054","곱셈 공식을 이용한 분모의 유리화","분모의 유리화 - 종합 활용","M3_POLY_PT076","4","multiplication_formula|middle_term|sign_error|numeric_calculation"
"M3_POLY_150_S10_Q055","m3_polynomial_multiplication_factorization","260711_다항식의 곱셈과 인수분해(13).pdf","055","곱셈 공식을 이용한 분모의 유리화","분모의 유리화 - 종합 활용","M3_POLY_PT076","choice:3","multiplication_formula|middle_term|sign_error|numeric_calculation"
"M3_POLY_150_S10_Q056","m3_polynomial_multiplication_factorization","260711_다항식의 곱셈과 인수분해(13).pdf","056","곱셈 공식을 이용한 분모의 유리화","분모의 유리화 - 종합 활용","M3_POLY_PT076","choice:4","multiplication_formula|middle_term|sign_error|numeric_calculation"
"M3_POLY_150_S10_Q057","m3_polynomial_multiplication_factorization","260711_다항식의 곱셈과 인수분해(13).pdf","057","곱셈 공식을 이용한 분모의 유리화","분모의 유리화 - 종합 활용","M3_POLY_PT076","6","multiplication_formula|middle_term|sign_error|numeric_calculation"
"M3_POLY_150_S10_Q058","m3_polynomial_multiplication_factorization","260711_다항식의 곱셈과 인수분해(13).pdf","058","곱셈 공식을 이용한 분모의 유리화","분모의 유리화 - 조건 적용","M3_POLY_PT075","choice:2","multiplication_formula|middle_term|sign_error|numeric_calculation"
"M3_POLY_150_S10_Q059","m3_polynomial_multiplication_factorization","260711_다항식의 곱셈과 인수분해(13).pdf","059","곱셈 공식을 이용한 분모의 유리화","분모의 유리화 - 종합 활용","M3_POLY_PT076","0","multiplication_formula|middle_term|sign_error|numeric_calculation"
"M3_POLY_150_S10_Q060","m3_polynomial_multiplication_factorization","260711_다항식의 곱셈과 인수분해(13).pdf","060","곱셈 공식을 이용한 분모의 유리화","분모의 유리화 - 종합 활용","M3_POLY_PT076","choice:1","multiplication_formula|middle_term|sign_error|numeric_calculation"
"M3_POLY_150_S10_Q061","m3_polynomial_multiplication_factorization","260711_다항식의 곱셈과 인수분해(13).pdf","061","식의 값 구하기(2) 두 수의 합 또는 차와 곱이 주어진 경우","두 수의 합·차·곱이 주어진 식의 값 - 계산 수행","M3_POLY_PT082","17","multiplication_formula|middle_term|sign_error|numeric_calculation"
"M3_POLY_150_S10_Q063","m3_polynomial_multiplication_factorization","260711_다항식의 곱셈과 인수분해(13).pdf","063","식의 값 구하기(2) 두 수의 합 또는 차와 곱이 주어진 경우","두 수의 합·차·곱이 주어진 식의 값 - 계산 수행","M3_POLY_PT082","27","multiplication_formula|middle_term|sign_error|numeric_calculation"
"M3_POLY_150_S10_Q065","m3_polynomial_multiplication_factorization","260711_다항식의 곱셈과 인수분해(13).pdf","065","식의 값 구하기(2) 두 수의 합 또는 차와 곱이 주어진 경우","두 수의 합·차·곱이 주어진 식의 값 - 종합 활용","M3_POLY_PT084","13","multiplication_formula|middle_term|sign_error|numeric_calculation"
"M3_POLY_150_S10_Q066","m3_polynomial_multiplication_factorization","260711_다항식의 곱셈과 인수분해(13).pdf","066","식의 값 구하기(2) 두 수의 합 또는 차와 곱이 주어진 경우","두 수의 합·차·곱이 주어진 식의 값 - 종합 활용","M3_POLY_PT084","-2","multiplication_formula|middle_term|sign_error|numeric_calculation"
"M3_POLY_150_S10_Q067","m3_polynomial_multiplication_factorization","260711_다항식의 곱셈과 인수분해(13).pdf","067","식의 값 구하기(2) 두 수의 합 또는 차와 곱이 주어진 경우","두 수의 합·차·곱이 주어진 식의 값 - 종합 활용","M3_POLY_PT084","7/16","multiplication_formula|middle_term|sign_error|numeric_calculation"
"M3_POLY_150_S10_Q068","m3_polynomial_multiplication_factorization","260711_다항식의 곱셈과 인수분해(13).pdf","068","식의 값 구하기(2) 두 수의 합 또는 차와 곱이 주어진 경우","두 수의 합·차·곱이 주어진 식의 값 - 종합 활용","M3_POLY_PT084","44","multiplication_formula|middle_term|sign_error|numeric_calculation"
"M3_POLY_150_S10_Q069","m3_polynomial_multiplication_factorization","260711_다항식의 곱셈과 인수분해(13).pdf","069","식의 값 구하기(2) 두 수의 합 또는 차와 곱이 주어진 경우","두 수의 합·차·곱이 주어진 식의 값 - 종합 활용","M3_POLY_PT084","24","multiplication_formula|middle_term|sign_error|numeric_calculation"
"M3_POLY_150_S10_Q070","m3_polynomial_multiplication_factorization","260711_다항식의 곱셈과 인수분해(13).pdf","070","식의 값 구하기(2) 두 수의 합 또는 차와 곱이 주어진 경우","두 수의 합·차·곱이 주어진 식의 값 - 종합 활용","M3_POLY_PT084","35","multiplication_formula|middle_term|sign_error|numeric_calculation"
"M3_POLY_150_S10_Q071","m3_polynomial_multiplication_factorization","260711_다항식의 곱셈과 인수분해(13).pdf","071","식의 값 구하기(2) 두 수의 합 또는 차와 곱이 주어진 경우","두 수의 합·차·곱이 주어진 식의 값 - 종합 활용","M3_POLY_PT084","16","multiplication_formula|middle_term|sign_error|numeric_calculation"
"M3_POLY_150_S10_Q072","m3_polynomial_multiplication_factorization","260711_다항식의 곱셈과 인수분해(13).pdf","072","식의 값 구하기(2) 두 수의 합 또는 차와 곱이 주어진 경우","두 수의 합·차·곱이 주어진 식의 값 - 종합 활용","M3_POLY_PT084","40","multiplication_formula|middle_term|sign_error|numeric_calculation"
"M3_POLY_150_S10_Q073","m3_polynomial_multiplication_factorization","260711_다항식의 곱셈과 인수분해(13).pdf","073","식의 값 구하기(2) 두 수의 합 또는 차와 곱이 주어진 경우","두 수의 합·차·곱이 주어진 식의 값 - 종합 활용","M3_POLY_PT084","54","multiplication_formula|middle_term|sign_error|numeric_calculation"
"M3_POLY_150_S10_Q074","m3_polynomial_multiplication_factorization","260711_다항식의 곱셈과 인수분해(13).pdf","074","식의 값 구하기(2) 두 수의 합 또는 차와 곱이 주어진 경우","두 수의 합·차·곱이 주어진 식의 값 - 종합 활용","M3_POLY_PT084","7","multiplication_formula|middle_term|sign_error|numeric_calculation"
"M3_POLY_150_S10_Q075","m3_polynomial_multiplication_factorization","260711_다항식의 곱셈과 인수분해(13).pdf","075","식의 값 구하기(5) 식을 먼저 간단히 하는 경우","식을 먼저 간단히 하여 값 구하기 - 계산 수행","M3_POLY_PT090","68","multiplication_formula|middle_term|sign_error"
"M3_POLY_150_S10_Q076","m3_polynomial_multiplication_factorization","260711_다항식의 곱셈과 인수분해(13).pdf","076","식의 값 구하기(5) 식을 먼저 간단히 하는 경우","식을 먼저 간단히 하여 값 구하기 - 계산 수행","M3_POLY_PT090","12","multiplication_formula|middle_term|sign_error"
"M3_POLY_150_S10_Q077","m3_polynomial_multiplication_factorization","260711_다항식의 곱셈과 인수분해(13).pdf","077","식의 값 구하기(5) 식을 먼저 간단히 하는 경우","식을 먼저 간단히 하여 값 구하기 - 조건 적용","M3_POLY_PT091","34","multiplication_formula|middle_term|sign_error"
"M3_POLY_150_S10_Q078","m3_polynomial_multiplication_factorization","260711_다항식의 곱셈과 인수분해(13).pdf","078","식의 값 구하기(5) 식을 먼저 간단히 하는 경우","식을 먼저 간단히 하여 값 구하기 - 조건 적용","M3_POLY_PT091","choice:5","multiplication_formula|middle_term|sign_error"
"M3_POLY_150_S10_Q079","m3_polynomial_multiplication_factorization","260711_다항식의 곱셈과 인수분해(13).pdf","079","식의 값 구하기(5) 식을 먼저 간단히 하는 경우","식을 먼저 간단히 하여 값 구하기 - 종합 활용","M3_POLY_PT092","14","multiplication_formula|middle_term|sign_error"
"M3_POLY_150_S10_Q080","m3_polynomial_multiplication_factorization","260711_다항식의 곱셈과 인수분해(13).pdf","080","식의 값 구하기(5) 식을 먼저 간단히 하는 경우","식을 먼저 간단히 하여 값 구하기 - 종합 활용","M3_POLY_PT092","4","multiplication_formula|middle_term|sign_error"
"M3_POLY_150_S10_Q081","m3_polynomial_multiplication_factorization","260711_다항식의 곱셈과 인수분해(13).pdf","081","식의 값 구하기(5) 식을 먼저 간단히 하는 경우","식을 먼저 간단히 하여 값 구하기 - 종합 활용","M3_POLY_PT092","-4","multiplication_formula|middle_term|sign_error"
"M3_POLY_150_S10_Q082","m3_polynomial_multiplication_factorization","260711_다항식의 곱셈과 인수분해(13).pdf","082","식의 값 구하기(5) 식을 먼저 간단히 하는 경우","식을 먼저 간단히 하여 값 구하기 - 종합 활용","M3_POLY_PT092","10/3","multiplication_formula|middle_term|sign_error"
"M3_POLY_150_S10_Q083","m3_polynomial_multiplication_factorization","260711_다항식의 곱셈과 인수분해(13).pdf","083","식의 값 구하기(5) 식을 먼저 간단히 하는 경우","식을 먼저 간단히 하여 값 구하기 - 종합 활용","M3_POLY_PT092","4","multiplication_formula|middle_term|sign_error"
"M3_POLY_150_S10_Q084","m3_polynomial_multiplication_factorization","260711_다항식의 곱셈과 인수분해(13).pdf","084","식의 값 구하기(5) 식을 먼저 간단히 하는 경우","식을 먼저 간단히 하여 값 구하기 - 종합 활용","M3_POLY_PT092","6","multiplication_formula|middle_term|sign_error"
"M3_POLY_150_S10_Q085","m3_polynomial_multiplication_factorization","260711_다항식의 곱셈과 인수분해(13).pdf","085","완전제곱식이 될 조건","완전제곱식이 될 조건 - 계산 수행","M3_POLY_PT112","choice:5","factorization|common_factor|formula_selection|expression_value"
"M3_POLY_150_S10_Q086","m3_polynomial_multiplication_factorization","260711_다항식의 곱셈과 인수분해(13).pdf","086","완전제곱식이 될 조건","완전제곱식이 될 조건 - 계산 수행","M3_POLY_PT112","choice:5","factorization|common_factor|formula_selection|expression_value"
"M3_POLY_150_S10_Q096","m3_polynomial_multiplication_factorization","260711_다항식의 곱셈과 인수분해(13).pdf","096","근호 안이 완전제곱식으로 인수분해 되는 식","근호 안이 완전제곱식이 되도록 하는 식 - 조건 적용","M3_POLY_PT116","choice:2","factorization|common_factor|formula_selection"
"M3_POLY_150_S10_Q097","m3_polynomial_multiplication_factorization","260711_다항식의 곱셈과 인수분해(13).pdf","097","치환을 이용한 인수분해(1) 공통부분이 있는 경우","공통부분이 있는 식의 치환 인수분해 - 계산 수행","M3_POLY_PT157","choice:2|choice:4","factorization|common_factor|formula_selection"
"M3_POLY_150_S10_Q098","m3_polynomial_multiplication_factorization","260711_다항식의 곱셈과 인수분해(13).pdf","098","치환을 이용한 인수분해(1) 공통부분이 있는 경우","공통부분이 있는 식의 치환 인수분해 - 조건 적용","M3_POLY_PT158","choice:1|choice:3","factorization|common_factor|formula_selection"
"M3_POLY_150_S10_Q103","m3_polynomial_multiplication_factorization","260711_다항식의 곱셈과 인수분해(13).pdf","103","인수분해 공식을 이용한 수의 계산","인수분해 공식을 이용한 수의 계산 - 조건 적용","M3_POLY_PT182","choice:1","factorization|common_factor|formula_selection|numeric_calculation"
"M3_POLY_150_S10_Q104","m3_polynomial_multiplication_factorization","260711_다항식의 곱셈과 인수분해(13).pdf","104","인수분해 공식을 이용한 수의 계산","인수분해 공식을 이용한 수의 계산 - 조건 적용","M3_POLY_PT182","choice:2","factorization|common_factor|formula_selection|numeric_calculation"
"M3_POLY_150_S10_Q111","m3_polynomial_multiplication_factorization","260711_다항식의 곱셈과 인수분해(13).pdf","111","인수분해 공식을 이용한 수의 계산: 합과 차의 곱 활용","합과 차의 곱을 이용한 수의 계산 - 계산 수행","M3_POLY_PT184","2005","factorization|common_factor|formula_selection|numeric_calculation"
"M3_POLY_150_S10_Q112","m3_polynomial_multiplication_factorization","260711_다항식의 곱셈과 인수분해(13).pdf","112","인수분해 공식을 이용한 수의 계산: 합과 차의 곱 활용","합과 차의 곱을 이용한 수의 계산 - 계산 수행","M3_POLY_PT184","110","factorization|common_factor|formula_selection|numeric_calculation"
"M3_POLY_150_S10_Q113","m3_polynomial_multiplication_factorization","260711_다항식의 곱셈과 인수분해(13).pdf","113","인수분해 공식을 이용한 수의 계산: 합과 차의 곱 활용","합과 차의 곱을 이용한 수의 계산 - 계산 수행","M3_POLY_PT184","6","factorization|common_factor|formula_selection|numeric_calculation"
"M3_POLY_150_S10_Q114","m3_polynomial_multiplication_factorization","260711_다항식의 곱셈과 인수분해(13).pdf","114","인수분해 공식을 이용한 수의 계산: 합과 차의 곱 활용","합과 차의 곱을 이용한 수의 계산 - 계산 수행","M3_POLY_PT184","3/2","factorization|common_factor|formula_selection|numeric_calculation"
"M3_POLY_150_S10_Q115","m3_polynomial_multiplication_factorization","260711_다항식의 곱셈과 인수분해(13).pdf","115","인수분해 공식을 이용한 수의 계산: 합과 차의 곱 활용","합과 차의 곱을 이용한 수의 계산 - 조건 적용","M3_POLY_PT185","0.005","factorization|common_factor|formula_selection|numeric_calculation"
"M3_POLY_150_S10_Q116","m3_polynomial_multiplication_factorization","260711_다항식의 곱셈과 인수분해(13).pdf","116","인수분해 공식을 이용한 수의 계산: 합과 차의 곱 활용","합과 차의 곱을 이용한 수의 계산 - 조건 적용","M3_POLY_PT185","choice:5","factorization|common_factor|formula_selection|numeric_calculation"
"M3_POLY_150_S10_Q117","m3_polynomial_multiplication_factorization","260711_다항식의 곱셈과 인수분해(13).pdf","117","인수분해 공식을 이용한 수의 계산: 합과 차의 곱 활용","합과 차의 곱을 이용한 수의 계산 - 조건 적용","M3_POLY_PT185","1/20","factorization|common_factor|formula_selection|numeric_calculation"
"M3_POLY_150_S10_Q118","m3_polynomial_multiplication_factorization","260711_다항식의 곱셈과 인수분해(13).pdf","118","인수분해 공식을 이용한 수의 계산: 합과 차의 곱 활용","합과 차의 곱을 이용한 수의 계산 - 조건 적용","M3_POLY_PT185","16000","factorization|common_factor|formula_selection|numeric_calculation"
"M3_POLY_150_S10_Q119","m3_polynomial_multiplication_factorization","260711_다항식의 곱셈과 인수분해(13).pdf","119","인수분해 공식을 이용한 수의 계산: 합과 차의 곱 활용","합과 차의 곱을 이용한 수의 계산 - 조건 적용","M3_POLY_PT185","100","factorization|common_factor|formula_selection|numeric_calculation"
"M3_POLY_150_S10_Q120","m3_polynomial_multiplication_factorization","260711_다항식의 곱셈과 인수분해(13).pdf","120","인수분해 공식을 이용한 수의 계산: 합과 차의 곱 활용","합과 차의 곱을 이용한 수의 계산 - 조건 적용","M3_POLY_PT185","145/12","factorization|common_factor|formula_selection|numeric_calculation"
"M3_POLY_150_S10_Q121","m3_polynomial_multiplication_factorization","260711_다항식의 곱셈과 인수분해(13).pdf","121","인수분해 공식을 이용한 수의 계산: 합과 차의 곱 활용","합과 차의 곱을 이용한 수의 계산 - 조건 적용","M3_POLY_PT185","224/15","factorization|common_factor|formula_selection|numeric_calculation"
"M3_POLY_150_S10_Q122","m3_polynomial_multiplication_factorization","260711_다항식의 곱셈과 인수분해(13).pdf","122","인수분해 공식을 이용한 수의 계산: 합과 차의 곱 활용","합과 차의 곱을 이용한 수의 계산 - 조건 적용","M3_POLY_PT185","2","factorization|common_factor|formula_selection|numeric_calculation"
"M3_POLY_150_S10_Q123","m3_polynomial_multiplication_factorization","260711_다항식의 곱셈과 인수분해(13).pdf","123","인수분해 공식을 이용한 수의 계산: 합과 차의 곱 활용","합과 차의 곱을 이용한 수의 계산 - 조건 적용","M3_POLY_PT185","44","factorization|common_factor|formula_selection|numeric_calculation"
"M3_POLY_150_S10_Q124","m3_polynomial_multiplication_factorization","260711_다항식의 곱셈과 인수분해(13).pdf","124","인수분해 공식을 이용하여 식의 값 구하기(1) 문자의 값이 주어질 때","인수분해 공식을 이용한 식의 값 구하기 - 계산 수행","M3_POLY_PT187","choice:3","factorization|common_factor|formula_selection|expression_value"
"M3_POLY_150_S10_Q125","m3_polynomial_multiplication_factorization","260711_다항식의 곱셈과 인수분해(13).pdf","125","인수분해 공식을 이용하여 식의 값 구하기(1) 문자의 값이 주어질 때","인수분해 공식을 이용한 식의 값 구하기 - 계산 수행","M3_POLY_PT187","360","factorization|common_factor|formula_selection|expression_value"
"M3_POLY_150_S10_Q126","m3_polynomial_multiplication_factorization","260711_다항식의 곱셈과 인수분해(13).pdf","126","인수분해 공식을 이용하여 식의 값 구하기(1) 문자의 값이 주어질 때","인수분해 공식을 이용한 식의 값 구하기 - 계산 수행","M3_POLY_PT187","-392","factorization|common_factor|formula_selection|expression_value"
"M3_QFUNC_150_S04_Q001","m3_quadratic_function","260711_이차함수(3).pdf","001","이차함수의 뜻","이차함수의 뜻과 표준형 - 조건 종합","M3_QFUNC_PT004","choice:4","quadratic_function|function_value|coefficient"
"M3_QFUNC_150_S04_Q002","m3_quadratic_function","260711_이차함수(3).pdf","002","이차함수의 뜻","이차함수의 뜻과 표준형 - 조건 종합","M3_QFUNC_PT004","choice:3","quadratic_function|function_value|coefficient"
"M3_QFUNC_150_S04_Q003","m3_quadratic_function","260711_이차함수(3).pdf","003","이차함수가 되도록 하는 조건","조건을 만족하는 이차함수식 판별 - 조건 종합","M3_QFUNC_PT012","choices:1,4","quadratic_function|function_value|coefficient"
"M3_QFUNC_150_S04_Q004","m3_quadratic_function","260711_이차함수(3).pdf","004","이차함수가 되도록 하는 조건","조건을 만족하는 이차함수식 판별 - 조건 종합","M3_QFUNC_PT012","choices:1,4","quadratic_function|function_value|coefficient"
"M3_QFUNC_150_S04_Q005","m3_quadratic_function","260711_이차함수(3).pdf","005","이차함수가 되도록 하는 조건","조건을 만족하는 이차함수식 판별 - 조건 종합","M3_QFUNC_PT012","choice:5","quadratic_function|function_value|coefficient"
"M3_QFUNC_150_S04_Q006","m3_quadratic_function","260711_이차함수(3).pdf","006","이차함수가 되도록 하는 조건","조건을 만족하는 이차함수식 판별 - 조건 종합","M3_QFUNC_PT012","9","quadratic_function|function_value|coefficient"
"M3_QFUNC_150_S04_Q012","m3_quadratic_function","260711_이차함수(3).pdf","012","이차함수 y=ax²의 그래프","|a|와 그래프의 폭 - 그래프 해석","M3_QFUNC_PT023","choice:2","graph_interpretation|vertex_axis|parabola|graph_reading"
"M3_QFUNC_150_S04_Q013","m3_quadratic_function","260711_이차함수(3).pdf","013","이차함수 y=ax²의 그래프","|a|와 그래프의 폭 - 그래프 해석","M3_QFUNC_PT023","choice:1","graph_interpretation|vertex_axis|parabola|graph_reading"
"M3_QFUNC_150_S04_Q015","m3_quadratic_function","260711_이차함수(3).pdf","015","이차함수 y=ax², y=-ax²의 그래프의 관계","y=ax²의 대칭성과 점 대응 - 계산 수행","M3_QFUNC_PT026","-20","graph_interpretation|vertex_axis|parabola"
"M3_QFUNC_150_S04_Q016","m3_quadratic_function","260711_이차함수(3).pdf","016","이차함수 y=ax², y=-ax²의 그래프의 관계","y=ax²의 대칭성과 점 대응 - 계산 수행","M3_QFUNC_PT026","-1","graph_interpretation|vertex_axis|parabola"
"M3_QFUNC_150_S04_Q017","m3_quadratic_function","260711_이차함수(3).pdf","017","이차함수 y=ax², y=-ax²의 그래프의 관계","y=ax²의 대칭성과 점 대응 - 계산 수행","M3_QFUNC_PT026","choice:3","graph_interpretation|vertex_axis|parabola"
"M3_QFUNC_150_S04_Q018","m3_quadratic_function","260711_이차함수(3).pdf","018","이차함수 y=ax², y=-ax²의 그래프의 관계","y=ax²의 대칭성과 점 대응 - 계산 수행","M3_QFUNC_PT026","2","graph_interpretation|vertex_axis|parabola"
"M3_QFUNC_150_S04_Q019","m3_quadratic_function","260711_이차함수(3).pdf","019","이차함수 y=ax²의 그래프의 성질","y=ax²의 그래프 기본형 - 조건 종합","M3_QFUNC_PT016","choice:2","graph_interpretation|vertex_axis|parabola"
"M3_QFUNC_150_S04_Q021","m3_quadratic_function","260711_이차함수(3).pdf","021","이차함수 y=ax²의 그래프의 성질","y=ax²의 그래프 기본형 - 조건 종합","M3_QFUNC_PT016","choice:5","graph_interpretation|vertex_axis|parabola"
"M3_QFUNC_150_S04_Q022","m3_quadratic_function","260711_이차함수(3).pdf","022","이차함수 y=ax²의 그래프의 성질","y=ax²의 그래프 기본형 - 조건 종합","M3_QFUNC_PT016","choice:4","graph_interpretation|vertex_axis|parabola"
"M3_QFUNC_150_S04_Q023","m3_quadratic_function","260711_이차함수(3).pdf","023","이차함수 y=ax²의 그래프가 지나는 점","y=ax²의 식 구하기 - 계산 수행","M3_QFUNC_PT030","-2/3","graph_interpretation|vertex_axis|parabola|equation_from_conditions"
"M3_QFUNC_150_S04_Q024","m3_quadratic_function","260711_이차함수(3).pdf","024","이차함수 y=ax²의 그래프가 지나는 점","y=ax²의 식 구하기 - 계산 수행","M3_QFUNC_PT030","choice:1","graph_interpretation|vertex_axis|parabola|equation_from_conditions"
"M3_QFUNC_150_S04_Q025","m3_quadratic_function","260711_이차함수(3).pdf","025","이차함수 y=ax²의 그래프가 지나는 점","y=ax²의 식 구하기 - 계산 수행","M3_QFUNC_PT030","choice:5","graph_interpretation|vertex_axis|parabola|equation_from_conditions"
"M3_QFUNC_150_S04_Q027","m3_quadratic_function","260711_이차함수(3).pdf","027","이차함수 y=ax²의 식 구하기","y=ax²의 식 구하기 - 조건 종합","M3_QFUNC_PT032","choice:3","graph_interpretation|vertex_axis|parabola|equation_from_conditions"
"M3_QFUNC_150_S04_Q028","m3_quadratic_function","260711_이차함수(3).pdf","028","이차함수 y=ax²의 식 구하기","y=ax²의 식 구하기 - 조건 종합","M3_QFUNC_PT032","choice:5","graph_interpretation|vertex_axis|parabola|equation_from_conditions"
"M3_QFUNC_150_S04_Q029","m3_quadratic_function","260711_이차함수(3).pdf","029","이차함수 y=ax²의 식 구하기","이차함수 고난도 종합 - 계산 수행","M3_QFUNC_PT175","choice:2","quadratic_function|function_value|coefficient"
"M3_QFUNC_150_S04_Q030","m3_quadratic_function","260711_이차함수(3).pdf","030","이차함수 y=ax²+q의 그래프가 지나는 점","이차함수 고난도 종합 - 계산 수행","M3_QFUNC_PT175","450","quadratic_function|function_value|coefficient|graph_reading"
"M3_QFUNC_150_S04_Q031","m3_quadratic_function","260711_이차함수(3).pdf","031","이차함수 y=ax²+q의 그래프가 지나는 점","y=ax²+q의 그래프 - 그래프 해석","M3_QFUNC_PT035","-80","graph_interpretation|vertex_axis|parabola|translation|graph_reading"
"M3_QFUNC_150_S04_Q033","m3_quadratic_function","260711_이차함수(3).pdf","033","이차함수 y=ax²+q의 그래프가 지나는 점","이차함수 고난도 종합 - 계산 수행","M3_QFUNC_PT175","choice:5","quadratic_function|function_value|coefficient|graph_reading"
"M3_QFUNC_150_S04_Q037","m3_quadratic_function","260711_이차함수(3).pdf","037","이차함수 y=ax²+q의 그래프의 성질","이차함수의 증가와 감소 - 계산 수행","M3_QFUNC_PT100","choice:1","maximum_minimum|range_check|axis_symmetry"
"M3_QFUNC_150_S04_Q044","m3_quadratic_function","260711_이차함수(3).pdf","044","이차함수 y=a(x-p)²의 그래프의 성질","이차함수 고난도 종합 - 계산 수행","M3_QFUNC_PT175","choice:5","quadratic_function|function_value|coefficient"
"M3_QFUNC_150_S04_Q045","m3_quadratic_function","260711_이차함수(3).pdf","045","이차함수 y=a(x-p)²의 그래프의 성질","이차함수 고난도 종합 - 계산 수행","M3_QFUNC_PT175","choice:4","quadratic_function|function_value|coefficient"
"M3_QFUNC_150_S04_Q049","m3_quadratic_function","260711_이차함수(3).pdf","049","이차함수 y=a(x-p)²+q의 그래프의 꼭짓점과 축의 방정식","y=a(x-p)²+q의 그래프 - 조건 종합","M3_QFUNC_PT044","3","graph_interpretation|vertex_axis|parabola|translation"
"M3_QFUNC_150_S04_Q050","m3_quadratic_function","260711_이차함수(3).pdf","050","이차함수 y=a(x-p)²+q의 그래프의 꼭짓점과 축의 방정식","y=a(x-p)²+q의 그래프 - 조건 종합","M3_QFUNC_PT044","1","graph_interpretation|vertex_axis|parabola|translation"
"M3_QFUNC_150_S04_Q051","m3_quadratic_function","260711_이차함수(3).pdf","051","이차함수 y=a(x-p)²+q의 그래프의 꼭짓점과 축의 방정식","y=a(x-p)²+q의 그래프 - 조건 종합","M3_QFUNC_PT044","-1","graph_interpretation|vertex_axis|parabola|translation"
"M3_QFUNC_150_S04_Q052","m3_quadratic_function","260711_이차함수(3).pdf","052","이차함수 y=a(x-p)²+q의 그래프가 지나는 사분면","p,q의 부호와 그래프 위치 - 조건 종합","M3_QFUNC_PT048","choice:2","graph_interpretation|vertex_axis|parabola|translation"
"M3_QFUNC_150_S04_Q053","m3_quadratic_function","260711_이차함수(3).pdf","053","이차함수 y=a(x-p)²+q의 그래프가 지나는 사분면","p,q의 부호와 그래프 위치 - 조건 종합","M3_QFUNC_PT048","label:제4사분면","graph_interpretation|vertex_axis|parabola|translation"
"M3_QFUNC_150_S04_Q054","m3_quadratic_function","260711_이차함수(3).pdf","054","이차함수 y=a(x-p)²+q의 그래프가 지나는 사분면","p,q의 부호와 그래프 위치 - 조건 종합","M3_QFUNC_PT048","choice:5","graph_interpretation|vertex_axis|parabola|translation"
"M3_QFUNC_150_S04_Q055","m3_quadratic_function","260711_이차함수(3).pdf","055","이차함수 y=a(x-p)²+q의 그래프가 지나는 점","y=a(x-p)²+q의 그래프 - 조건 종합","M3_QFUNC_PT044","5/4","graph_interpretation|vertex_axis|parabola|translation"
"M3_QFUNC_150_S04_Q056","m3_quadratic_function","260711_이차함수(3).pdf","056","이차함수 y=a(x-p)²+q의 그래프가 지나는 점","y=a(x-p)²+q의 그래프 - 조건 종합","M3_QFUNC_PT044","10","graph_interpretation|vertex_axis|parabola|translation"
"M3_QFUNC_150_S04_Q057","m3_quadratic_function","260711_이차함수(3).pdf","057","이차함수 y=a(x-p)²+q의 그래프가 지나는 점","y=a(x-p)²+q의 그래프 - 조건 종합","M3_QFUNC_PT044","6","graph_interpretation|vertex_axis|parabola|translation"
"M3_QFUNC_150_S04_Q058","m3_quadratic_function","260711_이차함수(3).pdf","058","이차함수 y=a(x-p)²+q의 그래프가 지나는 점","이차함수 고난도 종합 - 계산 수행","M3_QFUNC_PT175","17","quadratic_function|function_value|coefficient|graph_reading"
"M3_QFUNC_150_S04_Q059","m3_quadratic_function","260711_이차함수(3).pdf","059","이차함수 y=a(x-p)²+q의 그래프에서 증가·감소하는 범위","이차함수의 증가와 감소 - 계산 수행","M3_QFUNC_PT100","9","maximum_minimum|range_check|axis_symmetry"
"M3_QFUNC_150_S04_Q060","m3_quadratic_function","260711_이차함수(3).pdf","060","이차함수 y=a(x-p)²+q의 그래프에서 증가·감소하는 범위","이차함수의 증가와 감소 - 계산 수행","M3_QFUNC_PT100","4","maximum_minimum|range_check|axis_symmetry"
"M3_QFUNC_150_S04_Q061","m3_quadratic_function","260711_이차함수(3).pdf","061","이차함수 y=a(x-p)²+q의 그래프에서 증가·감소하는 범위","이차함수의 증가와 감소 - 계산 수행","M3_QFUNC_PT100","choice:4","maximum_minimum|range_check|axis_symmetry"
"M3_QFUNC_150_S04_Q062","m3_quadratic_function","260711_이차함수(3).pdf","062","이차함수 y=a(x-p)²+q의 그래프의 성질","y=a(x-p)²+q의 그래프 - 조건 종합","M3_QFUNC_PT044","choice:5","graph_interpretation|vertex_axis|parabola|translation"
"M3_QFUNC_150_S04_Q063","m3_quadratic_function","260711_이차함수(3).pdf","063","이차함수 y=a(x-p)²+q의 그래프의 성질","y=a(x-p)²+q의 그래프 - 조건 종합","M3_QFUNC_PT044","choices:1,3","graph_interpretation|vertex_axis|parabola|translation"
"M3_QFUNC_150_S04_Q064","m3_quadratic_function","260711_이차함수(3).pdf","064","이차함수 y=a(x-p)²+q의 그래프의 성질","y=a(x-p)²+q의 그래프 - 조건 종합","M3_QFUNC_PT044","choice:5","graph_interpretation|vertex_axis|parabola|translation"
"M3_QFUNC_150_S04_Q065","m3_quadratic_function","260711_이차함수(3).pdf","065","이차함수 y=a(x-p)²+q의 그래프의 성질","y=a(x-p)²+q의 그래프 - 조건 종합","M3_QFUNC_PT044","choice:5","graph_interpretation|vertex_axis|parabola|translation"
"M3_QFUNC_150_S04_Q066","m3_quadratic_function","260711_이차함수(3).pdf","066","이차함수 y=a(x-p)²+q의 그래프에서 a, p, q의 부호","p,q의 부호와 그래프 위치 - 조건 종합","M3_QFUNC_PT048","choice:4","graph_interpretation|vertex_axis|parabola|translation|graph_reading"
"M3_QFUNC_150_S04_Q067","m3_quadratic_function","260711_이차함수(3).pdf","067","이차함수 y=a(x-p)²+q의 그래프에서 a, p, q의 부호","p,q의 부호와 그래프 위치 - 조건 종합","M3_QFUNC_PT048","choice:5","graph_interpretation|vertex_axis|parabola|translation|graph_reading"
"M3_QFUNC_150_S04_Q068","m3_quadratic_function","260711_이차함수(3).pdf","068","이차함수 y=a(x-p)²+q의 그래프에서 a, p, q의 부호","이차함수 고난도 종합 - 계산 수행","M3_QFUNC_PT175","choice:4","quadratic_function|function_value|coefficient"
"M3_QFUNC_150_S04_Q069","m3_quadratic_function","260711_이차함수(3).pdf","069","이차함수 y=a(x-p)²+q의 그래프에서 a, p, q의 부호","이차함수 고난도 종합 - 계산 수행","M3_QFUNC_PT175","choice:5","quadratic_function|function_value|coefficient|graph_reading"
"M3_QFUNC_150_S04_Q070","m3_quadratic_function","260711_이차함수(3).pdf","070","이차함수 y=a(x-p)²+q의 그래프의 식 구하기","꼭짓점과 한 점으로 이차함수식 구하기 - 그래프 해석","M3_QFUNC_PT083","9","equation_from_conditions|coefficient_condition|substitution|graph_reading"
"M3_QFUNC_150_S04_Q071","m3_quadratic_function","260711_이차함수(3).pdf","071","이차함수 y=a(x-p)²+q의 그래프의 식 구하기","꼭짓점과 한 점으로 이차함수식 구하기 - 계산 수행","M3_QFUNC_PT082","2","equation_from_conditions|coefficient_condition|substitution"
"M3_QFUNC_150_S04_Q072","m3_quadratic_function","260711_이차함수(3).pdf","072","이차함수 y=a(x-p)²+q의 그래프의 식 구하기","이차함수 고난도 종합 - 계산 수행","M3_QFUNC_PT175","81","quadratic_function|function_value|coefficient"
"M3_QFUNC_150_S04_Q073","m3_quadratic_function","260711_이차함수(3).pdf","073","이차함수 y=ax²+bx+c의 그래프의 꼭짓점과 축의 방정식","이차함수 고난도 종합 - 계산 수행","M3_QFUNC_PT175","11/4","quadratic_function|function_value|coefficient"
"M3_QFUNC_150_S04_Q074","m3_quadratic_function","260711_이차함수(3).pdf","074","이차함수 y=ax²+bx+c의 그래프의 꼭짓점과 축의 방정식","축 조건으로 계수 구하기 - 계산 수행","M3_QFUNC_PT118","-1","equation_from_conditions|coefficient_condition|substitution"
"M3_QFUNC_150_S04_Q075","m3_quadratic_function","260711_이차함수(3).pdf","075","이차함수 y=ax²+bx+c의 그래프의 꼭짓점과 축의 방정식","꼭짓점 조건으로 계수 구하기 - 계산 수행","M3_QFUNC_PT121","5","equation_from_conditions|coefficient_condition|substitution"
"M3_QFUNC_150_S04_Q079","m3_quadratic_function","260711_이차함수(3).pdf","079","이차함수 y=ax²+bx+c의 그래프가 축과 만나는 점","이차함수 고난도 종합 - 계산 수행","M3_QFUNC_PT175","6","quadratic_function|function_value|coefficient|modeling"
"M3_QFUNC_150_S04_Q080","m3_quadratic_function","260711_이차함수(3).pdf","080","이차함수 y=ax²+bx+c의 그래프가 지나는 사분면","계수 조건으로 그래프 성질 판단 - 그래프 해석","M3_QFUNC_PT170","choice:5","graph_interpretation|vertex_axis|parabola|equation_from_conditions"
"M3_QFUNC_150_S04_Q081","m3_quadratic_function","260711_이차함수(3).pdf","081","이차함수 y=ax²+bx+c의 그래프가 지나는 사분면","이차함수 고난도 종합 - 계산 수행","M3_QFUNC_PT175","choice:4","quadratic_function|function_value|coefficient"
"M3_QFUNC_150_S04_Q082","m3_quadratic_function","260711_이차함수(3).pdf","082","이차함수 y=ax²+bx+c의 그래프가 지나는 사분면","이차함수 고난도 종합 - 계산 수행","M3_QFUNC_PT175","choice:3","quadratic_function|function_value|coefficient"
"M3_QFUNC_150_S04_Q083","m3_quadratic_function","260711_이차함수(3).pdf","083","이차함수 y=ax²+bx+c의 그래프가 지나는 사분면","계수 조건으로 그래프 성질 판단 - 계산 수행","M3_QFUNC_PT169","choice:5","graph_interpretation|vertex_axis|parabola|equation_from_conditions"
"M3_QFUNC_150_S04_Q084","m3_quadratic_function","260711_이차함수(3).pdf","084","이차함수 y=ax²+bx+c의 그래프가 지나는 점","그래프 위의 점과 미지수 좌표 - 계산 수행","M3_QFUNC_PT079","choice:1","graph_interpretation|vertex_axis|parabola|intercept"
"M3_QFUNC_150_S04_Q085","m3_quadratic_function","260711_이차함수(3).pdf","085","이차함수 y=ax²+bx+c의 그래프가 지나는 점","그래프 위의 점과 미지수 좌표 - 계산 수행","M3_QFUNC_PT079","choice:1","graph_interpretation|vertex_axis|parabola|intercept"
"M3_QFUNC_150_S04_Q086","m3_quadratic_function","260711_이차함수(3).pdf","086","이차함수 y=ax²+bx+c의 그래프가 지나는 점","그래프 위의 점과 미지수 좌표 - 그래프 해석","M3_QFUNC_PT080","361","graph_interpretation|vertex_axis|parabola|intercept|graph_reading"
"M3_QFUNC_150_S04_Q087","m3_quadratic_function","260711_이차함수(3).pdf","087","이차함수 y=ax²+bx+c의 그래프가 지나는 점","매개변수 조건 문제 - 계산 수행","M3_QFUNC_PT136","1/72","modeling|geometry_area|condition_translation"
"M3_QFUNC_150_S04_Q088","m3_quadratic_function","260711_이차함수(3).pdf","088","이차함수 y=ax²+bx+c의 그래프의 평행이동","일반형에서 그래프 정보 구하기 - 계산 수행","M3_QFUNC_PT154","4","graph_interpretation|vertex_axis|parabola"
"M3_QFUNC_150_S04_Q089","m3_quadratic_function","260711_이차함수(3).pdf","089","이차함수 y=ax²+bx+c의 그래프의 평행이동","일반형에서 그래프 정보 구하기 - 계산 수행","M3_QFUNC_PT154","choice:2","graph_interpretation|vertex_axis|parabola"
"M3_QFUNC_150_S04_Q090","m3_quadratic_function","260711_이차함수(3).pdf","090","이차함수 y=ax²+bx+c의 그래프의 평행이동","일반형에서 그래프 정보 구하기 - 계산 수행","M3_QFUNC_PT154","29","graph_interpretation|vertex_axis|parabola"
"M3_QFUNC_150_S04_Q091","m3_quadratic_function","260711_이차함수(3).pdf","091","이차함수 y=ax²+bx+c의 그래프의 평행이동","이차함수 활용 문제 - 그래프 해석","M3_QFUNC_PT173","15","modeling|geometry_area|condition_translation|graph_reading"
"M3_QFUNC_150_S04_Q092","m3_quadratic_function","260711_이차함수(3).pdf","092","이차함수 y=ax²+bx+c의 그래프에서 증가·감소하는 범위","이차함수의 증가와 감소 - 그래프 해석","M3_QFUNC_PT101","-3","maximum_minimum|range_check|axis_symmetry|graph_reading"
"M3_QFUNC_150_S04_Q093","m3_quadratic_function","260711_이차함수(3).pdf","093","이차함수 y=ax²+bx+c의 그래프에서 증가·감소하는 범위","이차함수의 증가와 감소 - 계산 수행","M3_QFUNC_PT100","choice:2","maximum_minimum|range_check|axis_symmetry"
"M3_QFUNC_150_S04_Q094","m3_quadratic_function","260711_이차함수(3).pdf","094","이차함수 y=ax²+bx+c의 그래프에서 증가·감소하는 범위","이차함수의 증가와 감소 - 계산 수행","M3_QFUNC_PT100","choice:1","maximum_minimum|range_check|axis_symmetry"
"M3_QFUNC_150_S04_Q095","m3_quadratic_function","260711_이차함수(3).pdf","095","이차함수 y=ax²+bx+c의 그래프의 성질","일반형에서 그래프 정보 구하기 - 그래프 해석","M3_QFUNC_PT155","choices:2,3","graph_interpretation|vertex_axis|parabola"
"M3_QFUNC_150_S04_Q096","m3_quadratic_function","260711_이차함수(3).pdf","096","이차함수 y=ax²+bx+c의 그래프의 성질","일반형에서 그래프 정보 구하기 - 그래프 해석","M3_QFUNC_PT155","choice:3","graph_interpretation|vertex_axis|parabola"
"M3_QFUNC_150_S04_Q097","m3_quadratic_function","260711_이차함수(3).pdf","097","이차함수 y=ax²+bx+c의 그래프의 성질","일반형에서 그래프 정보 구하기 - 그래프 해석","M3_QFUNC_PT155","choice:4","graph_interpretation|vertex_axis|parabola"
"M3_QFUNC_150_S04_Q098","m3_quadratic_function","260711_이차함수(3).pdf","098","이차함수 y=ax²+bx+c의 그래프의 성질","일반형에서 그래프 정보 구하기 - 그래프 해석","M3_QFUNC_PT155","choice:5","graph_interpretation|vertex_axis|parabola"
"M3_QFUNC_150_S04_Q099","m3_quadratic_function","260711_이차함수(3).pdf","099","이차함수 y=ax²+bx+c의 그래프와 a, b, c의 부호","계수 조건으로 그래프 성질 판단 - 그래프 해석","M3_QFUNC_PT170","choice:4","graph_interpretation|vertex_axis|parabola|equation_from_conditions|graph_reading"
"M3_QFUNC_150_S04_Q100","m3_quadratic_function","260711_이차함수(3).pdf","100","이차함수 y=ax²+bx+c의 그래프와 a, b, c의 부호","계수 조건으로 그래프 성질 판단 - 그래프 해석","M3_QFUNC_PT170","choice:3","graph_interpretation|vertex_axis|parabola|equation_from_conditions|graph_reading"
"M3_QFUNC_150_S04_Q101","m3_quadratic_function","260711_이차함수(3).pdf","101","이차함수 y=ax²+bx+c의 그래프와 a, b, c의 부호","이차함수 고난도 종합 - 계산 수행","M3_QFUNC_PT175","label:제1사분면","quadratic_function|function_value|coefficient|graph_reading"
"M3_QFUNC_150_S04_Q102","m3_quadratic_function","260711_이차함수(3).pdf","102","이차함수 y=ax²+bx+c의 그래프와 삼각형의 넓이","이차함수와 도형 넓이 - 그래프 해석","M3_QFUNC_PT128","27","modeling|geometry_area|condition_translation|graph_reading"
"M3_QFUNC_150_S04_Q103","m3_quadratic_function","260711_이차함수(3).pdf","103","이차함수 y=ax²+bx+c의 그래프와 삼각형의 넓이","이차함수와 도형 넓이 - 그래프 해석","M3_QFUNC_PT128","choice:3","modeling|geometry_area|condition_translation|graph_reading"
"M3_QFUNC_150_S04_Q104","m3_quadratic_function","260711_이차함수(3).pdf","104","이차함수 y=ax²+bx+c의 그래프와 삼각형의 넓이","이차함수 고난도 종합 - 계산 수행","M3_QFUNC_PT175","-2","quadratic_function|function_value|coefficient|graph_reading|modeling"
"M3_QFUNC_150_S04_Q105","m3_quadratic_function","260711_이차함수(3).pdf","105","이차함수 y=ax²+bx+c의 그래프와 삼각형의 넓이","이차함수 고난도 종합 - 계산 수행","M3_QFUNC_PT175","7","quadratic_function|function_value|coefficient|graph_reading|modeling"
"M3_QFUNC_150_S04_Q106","m3_quadratic_function","260711_이차함수(3).pdf","106","이차함수의 식 구하기(1) 미지수가 2개일 때","매개변수 조건 문제 - 계산 수행","M3_QFUNC_PT136","-1","modeling|geometry_area|condition_translation"
"M3_QFUNC_150_S04_Q110","m3_quadratic_function","260711_이차함수(3).pdf","110","이차함수의 식 구하기(2) 꼭짓점과 다른 한 점을 알 때","꼭짓점과 한 점으로 이차함수식 구하기 - 그래프 해석","M3_QFUNC_PT083","-5","equation_from_conditions|coefficient_condition|substitution|graph_reading"
"M3_QFUNC_150_S04_Q111","m3_quadratic_function","260711_이차함수(3).pdf","111","이차함수의 식 구하기(2) 꼭짓점과 다른 한 점을 알 때","꼭짓점과 한 점으로 이차함수식 구하기 - 계산 수행","M3_QFUNC_PT082","8","equation_from_conditions|coefficient_condition|substitution"
"M3_QFUNC_150_S04_Q112","m3_quadratic_function","260711_이차함수(3).pdf","112","이차함수의 식 구하기(2) 꼭짓점과 다른 한 점을 알 때","꼭짓점과 한 점으로 이차함수식 구하기 - 계산 수행","M3_QFUNC_PT082","12","equation_from_conditions|coefficient_condition|substitution"
"M3_QFUNC_150_S04_Q113","m3_quadratic_function","260711_이차함수(3).pdf","113","이차함수의 식 구하기(2) 꼭짓점과 다른 한 점을 알 때","꼭짓점과 한 점으로 이차함수식 구하기 - 계산 수행","M3_QFUNC_PT082","choice:4","equation_from_conditions|coefficient_condition|substitution"
"M3_QFUNC_150_S04_Q114","m3_quadratic_function","260711_이차함수(3).pdf","114","이차함수의 식 구하기(3) 축의 방정식과 두 점을 알 때","축과 점 조건으로 식 구하기 - 그래프 해석","M3_QFUNC_PT086","choice:2","equation_from_conditions|coefficient_condition|substitution|graph_reading"
"M3_QFUNC_150_S04_Q115","m3_quadratic_function","260711_이차함수(3).pdf","115","이차함수의 식 구하기(3) 축의 방정식과 두 점을 알 때","축과 점 조건으로 식 구하기 - 계산 수행","M3_QFUNC_PT085","10","equation_from_conditions|coefficient_condition|substitution"
"M3_QFUNC_150_S04_Q116","m3_quadratic_function","260711_이차함수(3).pdf","116","이차함수의 식 구하기(3) 축의 방정식과 두 점을 알 때","축과 점 조건으로 식 구하기 - 계산 수행","M3_QFUNC_PT085","choice:5","equation_from_conditions|coefficient_condition|substitution|graph_reading"
"M3_QFUNC_150_S04_Q117","m3_quadratic_function","260711_이차함수(3).pdf","117","이차함수의 식 구하기(3) 축의 방정식과 두 점을 알 때","이차함수 고난도 종합 - 계산 수행","M3_QFUNC_PT175","choice:3","quadratic_function|function_value|coefficient|modeling"
"M3_QFUNC_150_S04_Q121","m3_quadratic_function","260711_이차함수(3).pdf","121","이차함수의 식 구하기(5) x축과의 두 교점과 다른 한 점을 알 때","x절편과 y절편으로 식 구하기 - 계산 수행","M3_QFUNC_PT091","-1","equation_from_conditions|coefficient_condition|substitution|intercept"
"M3_QFUNC_150_S04_Q122","m3_quadratic_function","260711_이차함수(3).pdf","122","이차함수의 식 구하기(5) x축과의 두 교점과 다른 한 점을 알 때","x절편과 y절편으로 식 구하기 - 계산 수행","M3_QFUNC_PT091","9","equation_from_conditions|coefficient_condition|substitution|intercept"
"M3_QFUNC_150_S04_Q123","m3_quadratic_function","260711_이차함수(3).pdf","123","이차함수의 식 구하기(5) x축과의 두 교점과 다른 한 점을 알 때","x절편과 y절편으로 식 구하기 - 그래프 해석","M3_QFUNC_PT092","choice:5","equation_from_conditions|coefficient_condition|substitution|intercept|graph_reading"
"M3_QFUNC_150_S04_Q124","m3_quadratic_function","260711_이차함수(3).pdf","124","이차함수의 식 구하기(6) 그 외","이차함수 고난도 종합 - 계산 수행","M3_QFUNC_PT175","choice:3","quadratic_function|function_value|coefficient"
"M3_QFUNC_150_S04_Q125","m3_quadratic_function","260711_이차함수(3).pdf","125","이차함수의 식 구하기(6) 그 외","이차함수 고난도 종합 - 계산 수행","M3_QFUNC_PT175","choice:3","quadratic_function|function_value|coefficient"
"M3_QFUNC_150_S04_Q126","m3_quadratic_function","260711_이차함수(3).pdf","126","이차함수의 식 구하기(6) 그 외","이차함수 고난도 종합 - 계산 수행","M3_QFUNC_PT175","23/6","quadratic_function|function_value|coefficient"
"M3_QFUNC_150_S04_Q127","m3_quadratic_function","260711_이차함수(3).pdf","127","이차함수의 식 구하기(6) 그 외","이차함수 고난도 종합 - 계산 수행","M3_QFUNC_PT175","10","quadratic_function|function_value|coefficient|graph_reading|modeling"
"M3_QFUNC_150_S04_Q128","m3_quadratic_function","260711_이차함수(3).pdf","128","이차함수의 최댓값과 최솟값 (2)","이차함수의 최댓값·최솟값·증감 - 계산 수행","M3_QFUNC_PT163","choice:1","maximum_minimum|range_check|axis_symmetry"
"M3_QFUNC_150_S04_Q129","m3_quadratic_function","260711_이차함수(3).pdf","129","이차함수의 최댓값과 최솟값 (2)","이차함수의 최댓값·최솟값·증감 - 계산 수행","M3_QFUNC_PT163","-9","maximum_minimum|range_check|axis_symmetry"
"M3_QFUNC_150_S04_Q130","m3_quadratic_function","260711_이차함수(3).pdf","130","이차함수의 최댓값과 최솟값 (2)","이차함수의 최댓값·최솟값·증감 - 계산 수행","M3_QFUNC_PT163","4","maximum_minimum|range_check|axis_symmetry"
"M3_QFUNC_150_S04_Q131","m3_quadratic_function","260711_이차함수(3).pdf","131","최댓값 또는 최솟값이 주어질 때 미지수의 값 구하기 (1)","꼭짓점 조건으로 계수 구하기 - 계산 수행","M3_QFUNC_PT121","17","equation_from_conditions|coefficient_condition|substitution"
"M3_QFUNC_150_S04_Q132","m3_quadratic_function","260711_이차함수(3).pdf","132","최댓값 또는 최솟값이 주어질 때 미지수의 값 구하기 (1)","꼭짓점 조건으로 계수 구하기 - 계산 수행","M3_QFUNC_PT121","choice:3","equation_from_conditions|coefficient_condition|substitution"
"M3_QFUNC_150_S04_Q133","m3_quadratic_function","260711_이차함수(3).pdf","133","최댓값 또는 최솟값이 주어질 때 미지수의 값 구하기 (1)","꼭짓점 조건으로 계수 구하기 - 계산 수행","M3_QFUNC_PT121","choice:4","equation_from_conditions|coefficient_condition|substitution"
"M3_QFUNC_150_S04_Q134","m3_quadratic_function","260711_이차함수(3).pdf","134","최댓값 또는 최솟값이 주어질 때 미지수의 값 구하기 (2)","꼭짓점 조건으로 계수 구하기 - 계산 수행","M3_QFUNC_PT121","-1","equation_from_conditions|coefficient_condition|substitution"
"M3_QFUNC_150_S04_Q135","m3_quadratic_function","260711_이차함수(3).pdf","135","최댓값 또는 최솟값이 주어질 때 미지수의 값 구하기 (2)","꼭짓점 조건으로 계수 구하기 - 계산 수행","M3_QFUNC_PT121","1","equation_from_conditions|coefficient_condition|substitution"
"M3_QFUNC_150_S04_Q136","m3_quadratic_function","260711_이차함수(3).pdf","136","최댓값 또는 최솟값이 주어질 때 미지수의 값 구하기 (2)","꼭짓점·점·절편 조건으로 식 구하기 - 계산 수행","M3_QFUNC_PT160","33","equation_from_conditions|coefficient_condition|substitution|intercept"
"M3_QFUNC_150_S04_Q137","m3_quadratic_function","260711_이차함수(3).pdf","137","최댓값 또는 최솟값이 주어질 때 이차함수의 식 구하기","꼭짓점·점·절편 조건으로 식 구하기 - 계산 수행","M3_QFUNC_PT160","672","equation_from_conditions|coefficient_condition|substitution|intercept"
"M3_QFUNC_150_S04_Q138","m3_quadratic_function","260711_이차함수(3).pdf","138","최댓값 또는 최솟값이 주어질 때 이차함수의 식 구하기","매개변수 조건 문제 - 계산 수행","M3_QFUNC_PT136","choice:2","modeling|geometry_area|condition_translation"
"M3_QFUNC_150_S04_Q139","m3_quadratic_function","260711_이차함수(3).pdf","139","최댓값 또는 최솟값이 주어질 때 이차함수의 식 구하기","매개변수 조건 문제 - 계산 수행","M3_QFUNC_PT136","choice:2","modeling|geometry_area|condition_translation"
"M3_QFUNC_150_S04_Q144","m3_quadratic_function","260711_이차함수(3).pdf","144","이차함수의 활용(4) 이차함수의 식 또는 그래프가 주어진 경우","이차함수 활용 문제 - 그래프 해석","M3_QFUNC_PT173","choice:4","modeling|geometry_area|condition_translation|graph_reading"
"M3_QFUNC_150_S04_Q145","m3_quadratic_function","260711_이차함수(3).pdf","145","이차함수의 활용(4) 이차함수의 식 또는 그래프가 주어진 경우","상황을 이차함수로 모델링 - 계산 수행","M3_QFUNC_PT133","choice:3","modeling|geometry_area|condition_translation"
"M3_QFUNC_150_S04_Q146","m3_quadratic_function","260711_이차함수(3).pdf","146","이차함수의 활용(4) 이차함수의 식 또는 그래프가 주어진 경우","이차함수 활용 문제 - 그래프 해석","M3_QFUNC_PT173","25m","modeling|geometry_area|condition_translation|graph_reading"
"M3_QFUNC_150_S04_Q147","m3_quadratic_function","260711_이차함수(3).pdf","147","이차함수의 활용(5) 실생활","상황을 이차함수로 모델링 - 계산 수행","M3_QFUNC_PT133","choice:1","modeling|geometry_area|condition_translation"
"M3_QFUNC_150_S04_Q148","m3_quadratic_function","260711_이차함수(3).pdf","148","이차함수의 활용(5) 실생활","상황을 이차함수로 모델링 - 그래프 해석","M3_QFUNC_PT134","63.36m","modeling|geometry_area|condition_translation|graph_reading"
"M3_QFUNC_150_S04_Q149","m3_quadratic_function","260711_이차함수(3).pdf","149","이차함수의 활용(5) 실생활","상황을 이차함수로 모델링 - 그래프 해석","M3_QFUNC_PT134","59.52m","modeling|geometry_area|condition_translation|graph_reading"
"M3_QFUNC_150_S04_Q150","m3_quadratic_function","260711_이차함수(3).pdf","150","이차함수의 활용(5) 실생활","상황을 이차함수로 모델링 - 계산 수행","M3_QFUNC_PT133","61","modeling|geometry_area|condition_translation|graph_reading"
"M3_QFUNC_150_S10_Q001","m3_quadratic_function","260711_이차함수(9).pdf","001","이차함수 y=ax²의 그래프","|a|와 그래프의 폭 - 그래프 해석","M3_QFUNC_PT023","choice:1","graph_interpretation|vertex_axis|parabola|graph_reading"
"M3_QFUNC_150_S10_Q002","m3_quadratic_function","260711_이차함수(9).pdf","002","이차함수 y=ax²의 그래프","|a|와 그래프의 폭 - 그래프 해석","M3_QFUNC_PT023","choice:1","graph_interpretation|vertex_axis|parabola|graph_reading"
"M3_QFUNC_150_S10_Q003","m3_quadratic_function","260711_이차함수(9).pdf","003","이차함수 y=ax²의 그래프","|a|와 그래프의 폭 - 그래프 해석","M3_QFUNC_PT023","ㄷ","graph_interpretation|vertex_axis|parabola|graph_reading"
"M3_QFUNC_150_S10_Q004","m3_quadratic_function","260711_이차함수(9).pdf","004","이차함수 y=ax²의 그래프","|a|와 그래프의 폭 - 그래프 해석","M3_QFUNC_PT023","choices:3,5","graph_interpretation|vertex_axis|parabola|graph_reading"
"M3_QFUNC_150_S10_Q005","m3_quadratic_function","260711_이차함수(9).pdf","005","이차함수 y=ax²의 그래프","|a|와 그래프의 폭 - 그래프 해석","M3_QFUNC_PT023","choice:4","graph_interpretation|vertex_axis|parabola|graph_reading"
"M3_QFUNC_150_S10_Q006","m3_quadratic_function","260711_이차함수(9).pdf","006","이차함수 y=ax²의 그래프","|a|와 그래프의 폭 - 그래프 해석","M3_QFUNC_PT023","choices:2,4","graph_interpretation|vertex_axis|parabola|graph_reading"
"M3_QFUNC_150_S10_Q007","m3_quadratic_function","260711_이차함수(9).pdf","007","이차함수 y=ax², y=-ax²의 그래프의 관계","y=ax²의 대칭성과 점 대응 - 계산 수행","M3_QFUNC_PT026","choice:2","graph_interpretation|vertex_axis|parabola|graph_reading"
"M3_QFUNC_150_S10_Q008","m3_quadratic_function","260711_이차함수(9).pdf","008","이차함수 y=ax², y=-ax²의 그래프의 관계","y=ax²의 대칭성과 점 대응 - 계산 수행","M3_QFUNC_PT026","choice:5","graph_interpretation|vertex_axis|parabola|graph_reading"
"M3_QFUNC_150_S10_Q009","m3_quadratic_function","260711_이차함수(9).pdf","009","이차함수 y=ax², y=-ax²의 그래프의 관계","y=ax²의 대칭성과 점 대응 - 계산 수행","M3_QFUNC_PT026","choice:4","graph_interpretation|vertex_axis|parabola|graph_reading"
"M3_QFUNC_150_S10_Q010","m3_quadratic_function","260711_이차함수(9).pdf","010","이차함수 y=ax², y=-ax²의 그래프의 관계","y=ax²의 대칭성과 점 대응 - 계산 수행","M3_QFUNC_PT026","value:5","graph_interpretation|vertex_axis|parabola|graph_reading"
"M3_QFUNC_150_S10_Q011","m3_quadratic_function","260711_이차함수(9).pdf","011","이차함수 y=ax², y=-ax²의 그래프의 관계","y=ax²의 대칭성과 점 대응 - 계산 수행","M3_QFUNC_PT026","value:13","graph_interpretation|vertex_axis|parabola|graph_reading"
"M3_QFUNC_150_S10_Q012","m3_quadratic_function","260711_이차함수(9).pdf","012","이차함수 y=ax², y=-ax²의 그래프의 관계","y=ax²의 대칭성과 점 대응 - 계산 수행","M3_QFUNC_PT026","choices:2,4","graph_interpretation|vertex_axis|parabola|graph_reading"
"M3_QFUNC_150_S10_Q013","m3_quadratic_function","260711_이차함수(9).pdf","013","이차함수 y=ax², y=-ax²의 그래프의 관계","y=ax²의 대칭성과 점 대응 - 계산 수행","M3_QFUNC_PT026","choices:2,5","graph_interpretation|vertex_axis|parabola|graph_reading"
"M3_QFUNC_150_S10_Q014","m3_quadratic_function","260711_이차함수(9).pdf","014","이차함수 y=ax², y=-ax²의 그래프의 관계","y=ax²의 대칭성과 점 대응 - 계산 수행","M3_QFUNC_PT026","choices:1,5","graph_interpretation|vertex_axis|parabola|graph_reading"
"M3_QFUNC_150_S10_Q015","m3_quadratic_function","260711_이차함수(9).pdf","015","이차함수 y=ax²의 그래프의 성질","y=ax²의 그래프 기본형 - 조건 종합","M3_QFUNC_PT016","choices:2,3,5","graph_interpretation|vertex_axis|parabola"
"M3_QFUNC_150_S10_Q016","m3_quadratic_function","260711_이차함수(9).pdf","016","이차함수 y=ax²의 그래프의 성질","y=ax²의 그래프 기본형 - 조건 종합","M3_QFUNC_PT016","choice:4","graph_interpretation|vertex_axis|parabola"
"M3_QFUNC_150_S10_Q017","m3_quadratic_function","260711_이차함수(9).pdf","017","이차함수 y=ax²의 그래프의 성질","y=ax²의 그래프 기본형 - 조건 종합","M3_QFUNC_PT016","choice:5","graph_interpretation|vertex_axis|parabola"
"M3_QFUNC_150_S10_Q018","m3_quadratic_function","260711_이차함수(9).pdf","018","이차함수 y=ax²의 그래프의 성질","y=ax²의 그래프 기본형 - 조건 종합","M3_QFUNC_PT016","choice:1","graph_interpretation|vertex_axis|parabola"
"M3_QFUNC_150_S10_Q019","m3_quadratic_function","260711_이차함수(9).pdf","019","이차함수 y=ax²의 그래프의 성질","y=ax²의 그래프 기본형 - 조건 종합","M3_QFUNC_PT016","choice:5","graph_interpretation|vertex_axis|parabola"
"M3_QFUNC_150_S10_Q024","m3_quadratic_function","260711_이차함수(9).pdf","024","이차함수 y=ax²의 그래프가 지나는 점","이차함수 고난도 종합 - 계산 수행","M3_QFUNC_PT175","choice:3","quadratic_function|function_value|coefficient|graph_reading"
"M3_QFUNC_150_S10_Q025","m3_quadratic_function","260711_이차함수(9).pdf","025","이차함수 y=ax²의 그래프가 지나는 점","이차함수 고난도 종합 - 계산 수행","M3_QFUNC_PT175","choice:3","quadratic_function|function_value|coefficient|graph_reading"
"M3_QFUNC_150_S10_Q026","m3_quadratic_function","260711_이차함수(9).pdf","026","이차함수 y=ax²의 그래프가 지나는 점","이차함수 고난도 종합 - 계산 수행","M3_QFUNC_PT175","value:3/2","quadratic_function|function_value|coefficient|graph_reading"
"M3_QFUNC_150_S10_Q027","m3_quadratic_function","260711_이차함수(9).pdf","027","이차함수 y=ax²의 그래프가 지나는 점","이차함수 고난도 종합 - 계산 수행","M3_QFUNC_PT175","value:5/4","quadratic_function|function_value|coefficient|graph_reading"
"M3_QFUNC_150_S10_Q028","m3_quadratic_function","260711_이차함수(9).pdf","028","이차함수 y=ax²의 그래프가 지나는 점","이차함수 고난도 종합 - 계산 수행","M3_QFUNC_PT175","choice:4","quadratic_function|function_value|coefficient|graph_reading"
"M3_QFUNC_150_S10_Q029","m3_quadratic_function","260711_이차함수(9).pdf","029","이차함수 y=ax²의 그래프가 지나는 점","이차함수 고난도 종합 - 계산 수행","M3_QFUNC_PT175","value:400/9","quadratic_function|function_value|coefficient|graph_reading"
"M3_QFUNC_150_S10_Q036","m3_quadratic_function","260711_이차함수(9).pdf","036","이차함수 y=a(x-p)²의 그래프가 지나는 점","이차함수 고난도 종합 - 계산 수행","M3_QFUNC_PT175","value:1/4","quadratic_function|function_value|coefficient|graph_reading"
"M3_QFUNC_150_S10_Q037","m3_quadratic_function","260711_이차함수(9).pdf","037","이차함수 y=a(x-p)²의 그래프가 지나는 점","이차함수 고난도 종합 - 계산 수행","M3_QFUNC_PT175","value:6","quadratic_function|function_value|coefficient|graph_reading"
"M3_QFUNC_150_S10_Q039","m3_quadratic_function","260711_이차함수(9).pdf","039","이차함수 y=a(x-p)²+q의 그래프가 지나는 점","y=a(x-p)²+q의 그래프 - 조건 종합","M3_QFUNC_PT044","value:2","graph_interpretation|vertex_axis|parabola|translation"
"M3_QFUNC_150_S10_Q040","m3_quadratic_function","260711_이차함수(9).pdf","040","이차함수 y=a(x-p)²+q의 그래프가 지나는 점","y=a(x-p)²+q의 그래프 - 조건 종합","M3_QFUNC_PT044","value:-11","graph_interpretation|vertex_axis|parabola|translation"
"M3_QFUNC_150_S10_Q041","m3_quadratic_function","260711_이차함수(9).pdf","041","이차함수 y=a(x-p)²+q의 그래프가 지나는 점","y=a(x-p)²+q의 그래프 - 조건 종합","M3_QFUNC_PT044","value:-14","graph_interpretation|vertex_axis|parabola|translation"
"M3_QFUNC_150_S10_Q042","m3_quadratic_function","260711_이차함수(9).pdf","042","이차함수 y=a(x-p)²+q의 그래프가 지나는 점","이차함수 고난도 종합 - 계산 수행","M3_QFUNC_PT175","value:97","quadratic_function|function_value|coefficient|graph_reading"
"M3_QFUNC_150_S10_Q043","m3_quadratic_function","260711_이차함수(9).pdf","043","이차함수 y=a(x-p)²+q의 그래프가 지나는 점","y=a(x-p)²+q의 그래프 - 조건 종합","M3_QFUNC_PT044","choice:2","graph_interpretation|vertex_axis|parabola|translation"
"M3_QFUNC_150_S10_Q044","m3_quadratic_function","260711_이차함수(9).pdf","044","이차함수 y=a(x-p)²+q의 그래프가 지나는 점","y=a(x-p)²+q의 그래프 - 조건 종합","M3_QFUNC_PT044","choice:3","graph_interpretation|vertex_axis|parabola|translation"
"M3_QFUNC_150_S10_Q045","m3_quadratic_function","260711_이차함수(9).pdf","045","이차함수 y=a(x-p)²+q의 그래프가 지나는 점","y=a(x-p)²+q의 그래프 - 조건 종합","M3_QFUNC_PT044","value:68","graph_interpretation|vertex_axis|parabola|translation"
"M3_QFUNC_150_S10_Q046","m3_quadratic_function","260711_이차함수(9).pdf","046","이차함수 y=a(x-p)²+q의 그래프가 지나는 점","이차함수 고난도 종합 - 계산 수행","M3_QFUNC_PT175","choice:5","quadratic_function|function_value|coefficient|graph_reading"
"M3_QFUNC_150_S10_Q047","m3_quadratic_function","260711_이차함수(9).pdf","047","이차함수 y=a(x-p)²+q의 그래프가 지나는 점","이차함수 고난도 종합 - 계산 수행","M3_QFUNC_PT175","choice:3","quadratic_function|function_value|coefficient|graph_reading"
"M3_QFUNC_150_S10_Q048","m3_quadratic_function","260711_이차함수(9).pdf","048","이차함수 y=a(x-p)²+q의 그래프가 지나는 점","이차함수 고난도 종합 - 계산 수행","M3_QFUNC_PT175","choice:2","quadratic_function|function_value|coefficient|graph_reading"
"M3_QFUNC_150_S10_Q049","m3_quadratic_function","260711_이차함수(9).pdf","049","이차함수 y=a(x-p)²+q의 그래프에서 a, p, q의 부호","p,q의 부호와 그래프 위치 - 조건 종합","M3_QFUNC_PT048","choice:4","graph_interpretation|vertex_axis|parabola|translation|graph_reading"
"M3_QFUNC_150_S10_Q050","m3_quadratic_function","260711_이차함수(9).pdf","050","이차함수 y=a(x-p)²+q의 그래프에서 a, p, q의 부호","p,q의 부호와 그래프 위치 - 조건 종합","M3_QFUNC_PT048","choice:4","graph_interpretation|vertex_axis|parabola|translation|graph_reading"
"M3_QFUNC_150_S10_Q051","m3_quadratic_function","260711_이차함수(9).pdf","051","이차함수 y=a(x-p)²+q의 그래프에서 a, p, q의 부호","p,q의 부호와 그래프 위치 - 조건 종합","M3_QFUNC_PT048","choice:2","graph_interpretation|vertex_axis|parabola|translation|graph_reading"
"M3_QFUNC_150_S10_Q052","m3_quadratic_function","260711_이차함수(9).pdf","052","이차함수 y=a(x-p)²+q의 그래프에서 a, p, q의 부호","p,q의 부호와 그래프 위치 - 조건 종합","M3_QFUNC_PT048","choice:1","graph_interpretation|vertex_axis|parabola|translation|graph_reading"
"M3_QFUNC_150_S10_Q053","m3_quadratic_function","260711_이차함수(9).pdf","053","이차함수 y=a(x-p)²+q의 그래프에서 a, p, q의 부호","p,q의 부호와 그래프 위치 - 조건 종합","M3_QFUNC_PT048","choice:4","graph_interpretation|vertex_axis|parabola|translation"
"M3_QFUNC_150_S10_Q054","m3_quadratic_function","260711_이차함수(9).pdf","054","이차함수 y=a(x-p)²+q의 그래프에서 a, p, q의 부호","p,q의 부호와 그래프 위치 - 조건 종합","M3_QFUNC_PT048","choice:4","graph_interpretation|vertex_axis|parabola|translation"
"M3_QFUNC_150_S10_Q055","m3_quadratic_function","260711_이차함수(9).pdf","055","이차함수 y=a(x-p)²+q의 그래프에서 a, p, q의 부호","p,q의 부호와 그래프 위치 - 조건 종합","M3_QFUNC_PT048","ㄴ","graph_interpretation|vertex_axis|parabola|translation|graph_reading"
"M3_QFUNC_150_S10_Q056","m3_quadratic_function","260711_이차함수(9).pdf","056","이차함수 y=a(x-p)²+q의 그래프에서 a, p, q의 부호","p,q의 부호와 그래프 위치 - 조건 종합","M3_QFUNC_PT048","choice:1","graph_interpretation|vertex_axis|parabola|translation|graph_reading"
"M3_QFUNC_150_S10_Q057","m3_quadratic_function","260711_이차함수(9).pdf","057","이차함수 y=a(x-p)²+q의 그래프의 식 구하기","꼭짓점과 한 점으로 이차함수식 구하기 - 계산 수행","M3_QFUNC_PT082","value:-18","equation_from_conditions|coefficient_condition|substitution|graph_reading"
"M3_QFUNC_150_S10_Q058","m3_quadratic_function","260711_이차함수(9).pdf","058","이차함수 y=a(x-p)²+q의 그래프의 식 구하기","꼭짓점과 한 점으로 이차함수식 구하기 - 계산 수행","M3_QFUNC_PT082","choice:4","equation_from_conditions|coefficient_condition|substitution|graph_reading"
"M3_QFUNC_150_S10_Q059","m3_quadratic_function","260711_이차함수(9).pdf","059","이차함수 y=a(x-p)²+q의 그래프의 식 구하기","꼭짓점과 한 점으로 이차함수식 구하기 - 그래프 해석","M3_QFUNC_PT083","value:4","equation_from_conditions|coefficient_condition|substitution|graph_reading"
"M3_QFUNC_150_S10_Q060","m3_quadratic_function","260711_이차함수(9).pdf","060","이차함수 y=a(x-p)²+q의 그래프의 식 구하기","꼭짓점과 한 점으로 이차함수식 구하기 - 그래프 해석","M3_QFUNC_PT083","value:5","equation_from_conditions|coefficient_condition|substitution|graph_reading"
"M3_QFUNC_150_S10_Q061","m3_quadratic_function","260711_이차함수(9).pdf","061","이차함수 y=a(x-p)²+q의 그래프의 식 구하기","꼭짓점과 한 점으로 이차함수식 구하기 - 계산 수행","M3_QFUNC_PT082","value:4","equation_from_conditions|coefficient_condition|substitution|graph_reading"
"M3_QFUNC_150_S10_Q062","m3_quadratic_function","260711_이차함수(9).pdf","062","이차함수 y=a(x-p)²+q의 그래프의 식 구하기","꼭짓점과 한 점으로 이차함수식 구하기 - 계산 수행","M3_QFUNC_PT082","choice:2","equation_from_conditions|coefficient_condition|substitution|graph_reading"
"M3_QFUNC_150_S10_Q063","m3_quadratic_function","260711_이차함수(9).pdf","063","이차함수 y=a(x-p)²+q의 그래프의 식 구하기","꼭짓점과 한 점으로 이차함수식 구하기 - 그래프 해석","M3_QFUNC_PT083","choice:1","equation_from_conditions|coefficient_condition|substitution|graph_reading"
"M3_QFUNC_150_S10_Q064","m3_quadratic_function","260711_이차함수(9).pdf","064","이차함수 y=a(x-p)²+q의 그래프의 식 구하기","꼭짓점과 한 점으로 이차함수식 구하기 - 계산 수행","M3_QFUNC_PT082","value:3","equation_from_conditions|coefficient_condition|substitution|graph_reading"
"M3_QFUNC_150_S10_Q065","m3_quadratic_function","260711_이차함수(9).pdf","065","이차함수 y=ax²+bx+c의 그래프의 꼭짓점과 축의 방정식","이차함수 고난도 종합 - 계산 수행","M3_QFUNC_PT175","value:-3","quadratic_function|function_value|coefficient|graph_reading"
"M3_QFUNC_150_S10_Q066","m3_quadratic_function","260711_이차함수(9).pdf","066","이차함수 y=ax²+bx+c의 그래프의 꼭짓점과 축의 방정식","꼭짓점 조건으로 계수 구하기 - 계산 수행","M3_QFUNC_PT121","value:-7","equation_from_conditions|coefficient_condition|substitution"
"M3_QFUNC_150_S10_Q067","m3_quadratic_function","260711_이차함수(9).pdf","067","이차함수 y=ax²+bx+c의 그래프의 꼭짓점과 축의 방정식","꼭짓점 조건으로 계수 구하기 - 계산 수행","M3_QFUNC_PT121","value:0","equation_from_conditions|coefficient_condition|substitution"
"M3_QFUNC_150_S10_Q068","m3_quadratic_function","260711_이차함수(9).pdf","068","이차함수 y=ax²+bx+c의 그래프의 꼭짓점과 축의 방정식","축 조건으로 계수 구하기 - 계산 수행","M3_QFUNC_PT118","choice:4","equation_from_conditions|coefficient_condition|substitution|graph_reading"
"M3_QFUNC_150_S10_Q069","m3_quadratic_function","260711_이차함수(9).pdf","069","이차함수 y=ax²+bx+c의 그래프의 꼭짓점과 축의 방정식","꼭짓점 조건으로 계수 구하기 - 계산 수행","M3_QFUNC_PT121","choice:2","equation_from_conditions|coefficient_condition|substitution"
"M3_QFUNC_150_S10_Q070","m3_quadratic_function","260711_이차함수(9).pdf","070","이차함수 y=ax²+bx+c의 그래프의 꼭짓점과 축의 방정식","꼭짓점 조건으로 계수 구하기 - 계산 수행","M3_QFUNC_PT121","value:10","equation_from_conditions|coefficient_condition|substitution"
"M3_QFUNC_150_S10_Q071","m3_quadratic_function","260711_이차함수(9).pdf","071","이차함수 y=ax²+bx+c의 그래프의 꼭짓점과 축의 방정식","이차함수 고난도 종합 - 계산 수행","M3_QFUNC_PT175","value:-1","quadratic_function|function_value|coefficient|graph_reading"
"M3_QFUNC_150_S10_Q072","m3_quadratic_function","260711_이차함수(9).pdf","072","이차함수 y=ax²+bx+c의 그래프의 꼭짓점과 축의 방정식","이차함수 고난도 종합 - 계산 수행","M3_QFUNC_PT175","value:-1","quadratic_function|function_value|coefficient|graph_reading"
"M3_QFUNC_150_S10_Q078","m3_quadratic_function","260711_이차함수(9).pdf","078","이차함수 y=ax²+bx+c의 그래프가 축과 만나는 점","이차함수 고난도 종합 - 계산 수행","M3_QFUNC_PT175","value:4","quadratic_function|function_value|coefficient|graph_reading"
"M3_QFUNC_150_S10_Q080","m3_quadratic_function","260711_이차함수(9).pdf","080","이차함수 y=ax²+bx+c의 그래프가 축과 만나는 점","이차함수 고난도 종합 - 계산 수행","M3_QFUNC_PT175","choice:3","quadratic_function|function_value|coefficient|graph_reading"
"M3_QFUNC_150_S10_Q081","m3_quadratic_function","260711_이차함수(9).pdf","081","이차함수 y=ax²+bx+c의 그래프의 평행이동","일반형에서 그래프 정보 구하기 - 계산 수행","M3_QFUNC_PT154","choice:1","graph_interpretation|vertex_axis|parabola"
"M3_QFUNC_150_S10_Q082","m3_quadratic_function","260711_이차함수(9).pdf","082","이차함수 y=ax²+bx+c의 그래프의 평행이동","일반형에서 그래프 정보 구하기 - 계산 수행","M3_QFUNC_PT154","value:-19","graph_interpretation|vertex_axis|parabola"
"M3_QFUNC_150_S10_Q083","m3_quadratic_function","260711_이차함수(9).pdf","083","이차함수 y=ax²+bx+c의 그래프의 평행이동","일반형에서 그래프 정보 구하기 - 계산 수행","M3_QFUNC_PT154","choice:3","graph_interpretation|vertex_axis|parabola"
"M3_QFUNC_150_S10_Q084","m3_quadratic_function","260711_이차함수(9).pdf","084","이차함수 y=ax²+bx+c의 그래프의 평행이동","일반형에서 그래프 정보 구하기 - 계산 수행","M3_QFUNC_PT154","value:5","graph_interpretation|vertex_axis|parabola"
"M3_QFUNC_150_S10_Q085","m3_quadratic_function","260711_이차함수(9).pdf","085","이차함수 y=ax²+bx+c의 그래프의 평행이동","일반형에서 그래프 정보 구하기 - 계산 수행","M3_QFUNC_PT154","choice:5","graph_interpretation|vertex_axis|parabola"
"M3_QFUNC_150_S10_Q086","m3_quadratic_function","260711_이차함수(9).pdf","086","이차함수 y=ax²+bx+c의 그래프의 평행이동","일반형에서 그래프 정보 구하기 - 계산 수행","M3_QFUNC_PT154","value:2","graph_interpretation|vertex_axis|parabola"
"M3_QFUNC_150_S10_Q087","m3_quadratic_function","260711_이차함수(9).pdf","087","이차함수 y=ax²+bx+c의 그래프의 평행이동","일반형에서 그래프 정보 구하기 - 계산 수행","M3_QFUNC_PT154","value:4","graph_interpretation|vertex_axis|parabola"
"M3_QFUNC_150_S10_Q088","m3_quadratic_function","260711_이차함수(9).pdf","088","이차함수 y=ax²+bx+c의 그래프의 평행이동","일반형에서 그래프 정보 구하기 - 계산 수행","M3_QFUNC_PT154","value:3","graph_interpretation|vertex_axis|parabola"
"M3_QFUNC_150_S10_Q089","m3_quadratic_function","260711_이차함수(9).pdf","089","이차함수 y=ax²+bx+c의 그래프와 a, b, c의 부호","계수 조건으로 그래프 성질 판단 - 그래프 해석","M3_QFUNC_PT170","choice:2","graph_interpretation|vertex_axis|parabola|equation_from_conditions|graph_reading"
"M3_QFUNC_150_S10_Q090","m3_quadratic_function","260711_이차함수(9).pdf","090","이차함수 y=ax²+bx+c의 그래프와 a, b, c의 부호","계수 조건으로 그래프 성질 판단 - 그래프 해석","M3_QFUNC_PT170","choices:2,5","graph_interpretation|vertex_axis|parabola|equation_from_conditions|graph_reading"
"M3_QFUNC_150_S10_Q091","m3_quadratic_function","260711_이차함수(9).pdf","091","이차함수 y=ax²+bx+c의 그래프와 a, b, c의 부호","계수 조건으로 그래프 성질 판단 - 그래프 해석","M3_QFUNC_PT170","choices:2,4","graph_interpretation|vertex_axis|parabola|equation_from_conditions|graph_reading"
"M3_QFUNC_150_S10_Q092","m3_quadratic_function","260711_이차함수(9).pdf","092","이차함수 y=ax²+bx+c의 그래프와 a, b, c의 부호","계수 조건으로 그래프 성질 판단 - 그래프 해석","M3_QFUNC_PT170","choices:4,5","graph_interpretation|vertex_axis|parabola|equation_from_conditions|graph_reading"
"M3_QFUNC_150_S10_Q093","m3_quadratic_function","260711_이차함수(9).pdf","093","이차함수 y=ax²+bx+c의 그래프와 a, b, c의 부호","계수 조건으로 그래프 성질 판단 - 그래프 해석","M3_QFUNC_PT170","choices:3,5","graph_interpretation|vertex_axis|parabola|equation_from_conditions|graph_reading"
"M3_QFUNC_150_S10_Q094","m3_quadratic_function","260711_이차함수(9).pdf","094","이차함수 y=ax²+bx+c의 그래프와 a, b, c의 부호","계수 조건으로 그래프 성질 판단 - 그래프 해석","M3_QFUNC_PT170","choice:2","graph_interpretation|vertex_axis|parabola|equation_from_conditions|graph_reading"
"M3_QFUNC_150_S10_Q095","m3_quadratic_function","260711_이차함수(9).pdf","095","이차함수 y=ax²+bx+c의 그래프와 a, b, c의 부호","계수 조건으로 그래프 성질 판단 - 그래프 해석","M3_QFUNC_PT170","choice:4","graph_interpretation|vertex_axis|parabola|equation_from_conditions|graph_reading"
"M3_QFUNC_150_S10_Q096","m3_quadratic_function","260711_이차함수(9).pdf","096","이차함수 y=ax²+bx+c의 그래프와 a, b, c의 부호","계수 조건으로 그래프 성질 판단 - 그래프 해석","M3_QFUNC_PT170","choice:3","graph_interpretation|vertex_axis|parabola|equation_from_conditions|graph_reading"
"M3_QFUNC_150_S10_Q097","m3_quadratic_function","260711_이차함수(9).pdf","097","이차함수 y=ax²+bx+c의 그래프와 삼각형의 넓이","이차함수와 도형 넓이 - 그래프 해석","M3_QFUNC_PT128","value:125","modeling|geometry_area|condition_translation|graph_reading"
"M3_QFUNC_150_S10_Q098","m3_quadratic_function","260711_이차함수(9).pdf","098","이차함수 y=ax²+bx+c의 그래프와 삼각형의 넓이","이차함수와 도형 넓이 - 그래프 해석","M3_QFUNC_PT128","choice:2","modeling|geometry_area|condition_translation|graph_reading"
"M3_QFUNC_150_S10_Q099","m3_quadratic_function","260711_이차함수(9).pdf","099","이차함수 y=ax²+bx+c의 그래프와 삼각형의 넓이","이차함수와 도형 넓이 - 그래프 해석","M3_QFUNC_PT128","value:6","modeling|geometry_area|condition_translation|graph_reading"
"M3_QFUNC_150_S10_Q100","m3_quadratic_function","260711_이차함수(9).pdf","100","이차함수 y=ax²+bx+c의 그래프와 삼각형의 넓이","이차함수와 도형 넓이 - 그래프 해석","M3_QFUNC_PT128","value:8","modeling|geometry_area|condition_translation|graph_reading"
"M3_QFUNC_150_S10_Q101","m3_quadratic_function","260711_이차함수(9).pdf","101","이차함수 y=ax²+bx+c의 그래프와 삼각형의 넓이","이차함수와 도형 넓이 - 그래프 해석","M3_QFUNC_PT128","value:6","modeling|geometry_area|condition_translation|graph_reading"
"M3_QFUNC_150_S10_Q102","m3_quadratic_function","260711_이차함수(9).pdf","102","이차함수 y=ax²+bx+c의 그래프와 삼각형의 넓이","이차함수와 도형 넓이 - 그래프 해석","M3_QFUNC_PT128","value:15","modeling|geometry_area|condition_translation|graph_reading"
"M3_QFUNC_150_S10_Q103","m3_quadratic_function","260711_이차함수(9).pdf","103","이차함수 y=ax²+bx+c의 그래프와 삼각형의 넓이","이차함수와 도형 넓이 - 그래프 해석","M3_QFUNC_PT128","value:4","modeling|geometry_area|condition_translation|graph_reading"
"M3_QFUNC_150_S10_Q104","m3_quadratic_function","260711_이차함수(9).pdf","104","이차함수 y=ax²+bx+c의 그래프와 삼각형의 넓이","이차함수와 도형 넓이 - 그래프 해석","M3_QFUNC_PT128","choice:4","modeling|geometry_area|condition_translation|graph_reading"
"M3_QFUNC_150_S10_Q105","m3_quadratic_function","260711_이차함수(9).pdf","105","이차함수의 식 구하기(2) 꼭짓점과 다른 한 점을 알 때","꼭짓점과 한 점으로 이차함수식 구하기 - 계산 수행","M3_QFUNC_PT082","choice:4","equation_from_conditions|coefficient_condition|substitution|graph_reading"
"M3_QFUNC_150_S10_Q106","m3_quadratic_function","260711_이차함수(9).pdf","106","이차함수의 식 구하기(2) 꼭짓점과 다른 한 점을 알 때","꼭짓점과 한 점으로 이차함수식 구하기 - 계산 수행","M3_QFUNC_PT082","value:28","equation_from_conditions|coefficient_condition|substitution|graph_reading"
"M3_QFUNC_150_S10_Q107","m3_quadratic_function","260711_이차함수(9).pdf","107","이차함수의 식 구하기(2) 꼭짓점과 다른 한 점을 알 때","꼭짓점과 한 점으로 이차함수식 구하기 - 그래프 해석","M3_QFUNC_PT083","choice:1","equation_from_conditions|coefficient_condition|substitution|graph_reading"
"M3_QFUNC_150_S10_Q108","m3_quadratic_function","260711_이차함수(9).pdf","108","이차함수의 식 구하기(2) 꼭짓점과 다른 한 점을 알 때","꼭짓점과 한 점으로 이차함수식 구하기 - 계산 수행","M3_QFUNC_PT082","choice:4","equation_from_conditions|coefficient_condition|substitution|graph_reading"
"M3_QFUNC_150_S10_Q109","m3_quadratic_function","260711_이차함수(9).pdf","109","이차함수의 식 구하기(2) 꼭짓점과 다른 한 점을 알 때","꼭짓점과 한 점으로 이차함수식 구하기 - 계산 수행","M3_QFUNC_PT082","value:18","equation_from_conditions|coefficient_condition|substitution|graph_reading"
"M3_QFUNC_150_S10_Q110","m3_quadratic_function","260711_이차함수(9).pdf","110","이차함수의 식 구하기(2) 꼭짓점과 다른 한 점을 알 때","꼭짓점과 한 점으로 이차함수식 구하기 - 계산 수행","M3_QFUNC_PT082","choice:5","equation_from_conditions|coefficient_condition|substitution|graph_reading"
"M3_QFUNC_150_S10_Q111","m3_quadratic_function","260711_이차함수(9).pdf","111","이차함수의 식 구하기(2) 꼭짓점과 다른 한 점을 알 때","꼭짓점과 한 점으로 이차함수식 구하기 - 계산 수행","M3_QFUNC_PT082","choice:2","equation_from_conditions|coefficient_condition|substitution|graph_reading"
"M3_QFUNC_150_S10_Q112","m3_quadratic_function","260711_이차함수(9).pdf","112","이차함수의 식 구하기(2) 꼭짓점과 다른 한 점을 알 때","꼭짓점과 한 점으로 이차함수식 구하기 - 계산 수행","M3_QFUNC_PT082","choice:2","equation_from_conditions|coefficient_condition|substitution|graph_reading"
"M3_QFUNC_150_S10_Q122","m3_quadratic_function","260711_이차함수(9).pdf","122","이차함수의 식 구하기(5) x축과의 두 교점과 다른 한 점을 알 때","x절편과 y절편으로 식 구하기 - 그래프 해석","M3_QFUNC_PT092","choice:1","equation_from_conditions|coefficient_condition|substitution|intercept|graph_reading"
"M3_QFUNC_150_S10_Q123","m3_quadratic_function","260711_이차함수(9).pdf","123","이차함수의 식 구하기(5) x축과의 두 교점과 다른 한 점을 알 때","x절편과 y절편으로 식 구하기 - 그래프 해석","M3_QFUNC_PT092","choice:4","equation_from_conditions|coefficient_condition|substitution|intercept|graph_reading"
"M3_QFUNC_150_S10_Q124","m3_quadratic_function","260711_이차함수(9).pdf","124","이차함수의 식 구하기(5) x축과의 두 교점과 다른 한 점을 알 때","x절편과 y절편으로 식 구하기 - 계산 수행","M3_QFUNC_PT091","value:10","equation_from_conditions|coefficient_condition|substitution|intercept"
"M3_QFUNC_150_S10_Q125","m3_quadratic_function","260711_이차함수(9).pdf","125","이차함수의 식 구하기(5) x축과의 두 교점과 다른 한 점을 알 때","x절편과 y절편으로 식 구하기 - 그래프 해석","M3_QFUNC_PT092","choice:3","equation_from_conditions|coefficient_condition|substitution|intercept|graph_reading"
"M3_QFUNC_150_S10_Q126","m3_quadratic_function","260711_이차함수(9).pdf","126","이차함수의 식 구하기(5) x축과의 두 교점과 다른 한 점을 알 때","x절편과 y절편으로 식 구하기 - 그래프 해석","M3_QFUNC_PT092","value:25/8","equation_from_conditions|coefficient_condition|substitution|intercept|graph_reading"
"M3_QFUNC_150_S10_Q127","m3_quadratic_function","260711_이차함수(9).pdf","127","이차함수의 식 구하기(5) x축과의 두 교점과 다른 한 점을 알 때","x절편과 y절편으로 식 구하기 - 그래프 해석","M3_QFUNC_PT092","choice:2","equation_from_conditions|coefficient_condition|substitution|intercept|graph_reading"
"M3_QFUNC_150_S10_Q128","m3_quadratic_function","260711_이차함수(9).pdf","128","이차함수의 식 구하기(5) x축과의 두 교점과 다른 한 점을 알 때","x절편과 y절편으로 식 구하기 - 계산 수행","M3_QFUNC_PT091","value:3","equation_from_conditions|coefficient_condition|substitution|intercept"
"M3_QFUNC_150_S10_Q129","m3_quadratic_function","260711_이차함수(9).pdf","129","이차함수의 식 구하기(5) x축과의 두 교점과 다른 한 점을 알 때","x절편과 y절편으로 식 구하기 - 계산 수행","M3_QFUNC_PT091","value:0","equation_from_conditions|coefficient_condition|substitution|intercept"
"M3_QFUNC_150_S10_Q130","m3_quadratic_function","260711_이차함수(9).pdf","130","이차함수의 식 구하기(5) x축과의 두 교점과 다른 한 점을 알 때","x절편과 y절편으로 식 구하기 - 그래프 해석","M3_QFUNC_PT092","choice:2","equation_from_conditions|coefficient_condition|substitution|intercept|graph_reading"
"M3_QFUNC_150_S10_Q131","m3_quadratic_function","260711_이차함수(9).pdf","131","이차함수의 식 구하기(6) 그 외","이차함수 고난도 종합 - 계산 수행","M3_QFUNC_PT175","value:6","quadratic_function|function_value|coefficient|graph_reading"
"M3_QFUNC_150_S10_Q132","m3_quadratic_function","260711_이차함수(9).pdf","132","이차함수의 식 구하기(6) 그 외","이차함수 고난도 종합 - 계산 수행","M3_QFUNC_PT175","value:15","quadratic_function|function_value|coefficient|graph_reading"
"M3_QFUNC_150_S10_Q133","m3_quadratic_function","260711_이차함수(9).pdf","133","이차함수의 식 구하기(6) 그 외","이차함수 고난도 종합 - 계산 수행","M3_QFUNC_PT175","value:9","quadratic_function|function_value|coefficient|graph_reading"
"M3_QFUNC_150_S10_Q134","m3_quadratic_function","260711_이차함수(9).pdf","134","이차함수의 식 구하기(6) 그 외","이차함수 고난도 종합 - 계산 수행","M3_QFUNC_PT175","choice:2","quadratic_function|function_value|coefficient|graph_reading"
"M3_QFUNC_150_S10_Q135","m3_quadratic_function","260711_이차함수(9).pdf","135","이차함수의 식 구하기(6) 그 외","이차함수 고난도 종합 - 계산 수행","M3_QFUNC_PT175","choice:2","quadratic_function|function_value|coefficient|graph_reading"
"M3_QFUNC_150_S10_Q136","m3_quadratic_function","260711_이차함수(9).pdf","136","이차함수의 식 구하기(6) 그 외","이차함수 고난도 종합 - 계산 수행","M3_QFUNC_PT175","value:10","quadratic_function|function_value|coefficient|graph_reading"
"M3_QFUNC_150_S10_Q137","m3_quadratic_function","260711_이차함수(9).pdf","137","이차함수의 식 구하기(6) 그 외","이차함수 고난도 종합 - 계산 수행","M3_QFUNC_PT175","value:-1","quadratic_function|function_value|coefficient|graph_reading"
"M3_QFUNC_150_S10_Q138","m3_quadratic_function","260711_이차함수(9).pdf","138","이차함수의 식 구하기(6) 그 외","이차함수 고난도 종합 - 계산 수행","M3_QFUNC_PT175","choice:3","quadratic_function|function_value|coefficient|graph_reading"
"M3_QFUNC_150_S10_Q139","m3_quadratic_function","260711_이차함수(9).pdf","139","이차함수의 식 구하기(6) 그 외","이차함수 고난도 종합 - 계산 수행","M3_QFUNC_PT175","choice:3","quadratic_function|function_value|coefficient|graph_reading"
"M3_QFUNC_150_S10_Q148","m3_quadratic_function","260711_이차함수(9).pdf","148","이차함수의 활용(4) 이차함수의 식 또는 그래프가 주어진 경우","상황을 이차함수로 모델링 - 계산 수행","M3_QFUNC_PT133","choice:2","modeling|geometry_area|condition_translation|graph_reading"
"M3_QFUNC_150_S10_Q149","m3_quadratic_function","260711_이차함수(9).pdf","149","이차함수의 활용(4) 이차함수의 식 또는 그래프가 주어진 경우","이차함수 활용 문제 - 그래프 해석","M3_QFUNC_PT173","value:25/3","modeling|geometry_area|condition_translation|graph_reading"
"M3_QFUNC_150_S10_Q150","m3_quadratic_function","260711_이차함수(9).pdf","150","이차함수의 활용(4) 이차함수의 식 또는 그래프가 주어진 경우","이차함수 활용 문제 - 그래프 해석","M3_QFUNC_PT173","choice:1","modeling|geometry_area|condition_translation|graph_reading"
"M2_GEOM_150_S07_Q019","m2_geometry_properties","260710_도형의 성질(6).pdf","019","폭이 일정한 종이를 접었을 때","보조선을 이용한 각·길이 계산 - 계산·추론","M2_GEOM_PT107","choices:2|4|5","angle_relation|parallel_lines|angle_chasing|length_area|triangle_congruence|isosceles_triangle|base_angle|vertex_angle_bisector"
"M2_GEOM_150_S07_Q020","m2_geometry_properties","260710_도형의 성질(6).pdf","020","폭이 일정한 종이를 접었을 때","보조선을 이용한 각·길이 계산 - 계산·추론","M2_GEOM_PT107","16cm","angle_relation|parallel_lines|angle_chasing|length_area|triangle_congruence|isosceles_triangle|base_angle|vertex_angle_bisector"
"M2_GEOM_150_S07_Q036","m2_geometry_properties","260710_도형의 성질(6).pdf","036","둔각삼각형의 외심","삼각형의 종류와 외심 위치 - 계산·추론","M2_GEOM_PT044","50°","angle_relation|parallel_lines|angle_chasing|triangle_center|circumcenter|perpendicular_bisector|equal_radius"
"M2_GEOM_150_S07_Q037","m2_geometry_properties","260710_도형의 성질(6).pdf","037","둔각삼각형의 외심","삼각형의 종류와 외심 위치 - 계산·추론","M2_GEOM_PT044","choice:3","angle_relation|parallel_lines|angle_chasing|triangle_center|circumcenter|perpendicular_bisector|equal_radius"
"M2_GEOM_150_S07_Q038","m2_geometry_properties","260710_도형의 성질(6).pdf","038","직각삼각형의 외심(1) 변의 길이","외심을 이용한 길이와 각 계산 - 계산·추론","M2_GEOM_PT041","choice:1","angle_relation|parallel_lines|angle_chasing|triangle_center|circumcenter|perpendicular_bisector|equal_radius"
"M2_GEOM_150_S07_Q039","m2_geometry_properties","260710_도형의 성질(6).pdf","039","직각삼각형의 외심(1) 변의 길이","외심을 이용한 길이와 각 계산 - 계산·추론","M2_GEOM_PT041","16","angle_relation|parallel_lines|angle_chasing|triangle_center|circumcenter|perpendicular_bisector|equal_radius"
"M2_GEOM_150_S07_Q040","m2_geometry_properties","260710_도형의 성질(6).pdf","040","직각삼각형의 외심(1) 변의 길이","외심을 이용한 길이와 각 계산 - 계산·추론","M2_GEOM_PT041","5cm","angle_relation|parallel_lines|angle_chasing|triangle_center|circumcenter|perpendicular_bisector|equal_radius"
"M2_GEOM_150_S07_Q041","m2_geometry_properties","260710_도형의 성질(6).pdf","041","직각삼각형의 외심(2) 각의 크기","외심을 이용한 길이와 각 계산 - 계산·추론","M2_GEOM_PT041","26°","angle_relation|parallel_lines|angle_chasing|triangle_center|circumcenter|perpendicular_bisector|equal_radius"
"M2_GEOM_150_S07_Q042","m2_geometry_properties","260710_도형의 성질(6).pdf","042","직각삼각형의 외심(2) 각의 크기","외심을 이용한 길이와 각 계산 - 계산·추론","M2_GEOM_PT041","14°","angle_relation|parallel_lines|angle_chasing|triangle_center|circumcenter|perpendicular_bisector|equal_radius"
"M2_GEOM_150_S07_Q043","m2_geometry_properties","260710_도형의 성질(6).pdf","043","직각삼각형의 외심(2) 각의 크기","외심을 이용한 길이와 각 계산 - 계산·추론","M2_GEOM_PT041","36°","angle_relation|parallel_lines|angle_chasing|triangle_center|circumcenter|perpendicular_bisector|equal_radius"
"M2_GEOM_150_S07_Q044","m2_geometry_properties","260710_도형의 성질(6).pdf","044","직각삼각형의 외심(2) 각의 크기","외심을 이용한 길이와 각 계산 - 계산·추론","M2_GEOM_PT041","25°","angle_relation|parallel_lines|angle_chasing|triangle_center|circumcenter|perpendicular_bisector|equal_radius"
"M2_GEOM_150_S07_Q045","m2_geometry_properties","260710_도형의 성질(6).pdf","045","삼각형의 외심의 성질 응용(1) ∠x+∠y+∠z=90°","외심을 이용한 길이와 각 계산 - 계산·추론","M2_GEOM_PT041","90°","angle_relation|parallel_lines|angle_chasing|triangle_center|circumcenter|perpendicular_bisector|equal_radius"
"M2_GEOM_150_S07_Q046","m2_geometry_properties","260710_도형의 성질(6).pdf","046","삼각형의 외심의 성질 응용(1) ∠x+∠y+∠z=90°","외심을 이용한 길이와 각 계산 - 계산·추론","M2_GEOM_PT041","choice:3","angle_relation|parallel_lines|angle_chasing|triangle_center|circumcenter|perpendicular_bisector|equal_radius"
"M2_GEOM_150_S07_Q047","m2_geometry_properties","260710_도형의 성질(6).pdf","047","삼각형의 외심의 성질 응용(2) ∠BOC=2∠A","외심을 이용한 길이와 각 계산 - 계산·추론","M2_GEOM_PT041","60°","angle_relation|parallel_lines|angle_chasing|triangle_center|circumcenter|perpendicular_bisector|equal_radius"
"M2_GEOM_150_S07_Q048","m2_geometry_properties","260710_도형의 성질(6).pdf","048","삼각형의 외심의 성질 응용(2) ∠BOC=2∠A","외심을 이용한 길이와 각 계산 - 계산·추론","M2_GEOM_PT041","60°","angle_relation|parallel_lines|angle_chasing|triangle_center|circumcenter|perpendicular_bisector|equal_radius"
"M2_GEOM_150_S07_Q053","m2_geometry_properties","260710_도형의 성질(6).pdf","053","삼각형의 내심의 성질 응용(1) ∠x+∠y+∠z=90°","내심을 이용한 각과 길이 계산 - 계산·추론","M2_GEOM_PT053","40°","angle_relation|parallel_lines|angle_chasing|triangle_center|incenter|angle_bisector|equal_distance_to_sides|incircle"
"M2_GEOM_150_S07_Q054","m2_geometry_properties","260710_도형의 성질(6).pdf","054","삼각형의 내심의 성질 응용(1) ∠x+∠y+∠z=90°","내심을 이용한 각과 길이 계산 - 계산·추론","M2_GEOM_PT053","choice:4","angle_relation|parallel_lines|angle_chasing|triangle_center|incenter|angle_bisector|equal_distance_to_sides|incircle"
"M2_GEOM_150_S07_Q055","m2_geometry_properties","260710_도형의 성질(6).pdf","055","삼각형의 내심의 성질 응용(1) ∠x+∠y+∠z=90°","내심을 이용한 각과 길이 계산 - 계산·추론","M2_GEOM_PT053","14°","angle_relation|parallel_lines|angle_chasing|triangle_center|incenter|angle_bisector|equal_distance_to_sides|incircle"
"M2_GEOM_150_S07_Q056","m2_geometry_properties","260710_도형의 성질(6).pdf","056","삼각형의 내심의 성질 응용(2) ∠BIC=90°+1/2∠A","내심을 이용한 각과 길이 계산 - 계산·추론","M2_GEOM_PT053","choice:2","angle_relation|parallel_lines|angle_chasing|triangle_center|incenter|angle_bisector|equal_distance_to_sides|incircle"
"M2_GEOM_150_S07_Q057","m2_geometry_properties","260710_도형의 성질(6).pdf","057","삼각형의 내심의 성질 응용(2) ∠BIC=90°+1/2∠A","내심을 이용한 각과 길이 계산 - 계산·추론","M2_GEOM_PT053","80°","angle_relation|parallel_lines|angle_chasing|triangle_center|incenter|angle_bisector|equal_distance_to_sides|incircle"
"M2_GEOM_150_S07_Q058","m2_geometry_properties","260710_도형의 성질(6).pdf","058","삼각형의 내심의 성질 응용(2) ∠BIC=90°+1/2∠A","내심을 이용한 각과 길이 계산 - 계산·추론","M2_GEOM_PT053","46°","angle_relation|parallel_lines|angle_chasing|triangle_center|incenter|angle_bisector|equal_distance_to_sides|incircle"
"M2_GEOM_150_S07_Q059","m2_geometry_properties","260710_도형의 성질(6).pdf","059","삼각형의 내심의 성질 응용(2) ∠BIC=90°+1/2∠A","내심을 이용한 각과 길이 계산 - 계산·추론","M2_GEOM_PT053","162","angle_relation|parallel_lines|angle_chasing|triangle_center|incenter|angle_bisector|equal_distance_to_sides|incircle"
"M2_GEOM_150_S07_Q060","m2_geometry_properties","260710_도형의 성질(6).pdf","060","삼각형의 내접원의 반지름","내심을 이용한 각과 길이 계산 - 계산·추론","M2_GEOM_PT053","choice:1","angle_relation|parallel_lines|angle_chasing|triangle_center|incenter|angle_bisector|equal_distance_to_sides|incircle"
"M2_GEOM_150_S07_Q061","m2_geometry_properties","260710_도형의 성질(6).pdf","061","삼각형의 내접원의 반지름","내심을 이용한 각과 길이 계산 - 계산·추론","M2_GEOM_PT053","45/2cm²","angle_relation|parallel_lines|angle_chasing|triangle_center|incenter|angle_bisector|equal_distance_to_sides|incircle"
"M2_GEOM_150_S07_Q062","m2_geometry_properties","260710_도형의 성질(6).pdf","062","삼각형의 내접원의 반지름","내심을 이용한 각과 길이 계산 - 계산·추론","M2_GEOM_PT053","choice:3","angle_relation|parallel_lines|angle_chasing|triangle_center|incenter|angle_bisector|equal_distance_to_sides|incircle"
"M2_GEOM_150_S07_Q063","m2_geometry_properties","260710_도형의 성질(6).pdf","063","삼각형의 내접원의 반지름","내심을 이용한 각과 길이 계산 - 계산·추론","M2_GEOM_PT053","5cm","angle_relation|parallel_lines|angle_chasing|triangle_center|incenter|angle_bisector|equal_distance_to_sides|incircle"
"M2_GEOM_150_S07_Q064","m2_geometry_properties","260710_도형의 성질(6).pdf","064","삼각형의 내접원과 선분의 길이의 관계","내심을 이용한 각과 길이 계산 - 계산·추론","M2_GEOM_PT053","3","angle_relation|parallel_lines|angle_chasing|triangle_center|incenter|angle_bisector|equal_distance_to_sides|incircle"
"M2_GEOM_150_S07_Q065","m2_geometry_properties","260710_도형의 성질(6).pdf","065","삼각형의 내접원과 선분의 길이의 관계","내심을 이용한 각과 길이 계산 - 계산·추론","M2_GEOM_PT053","145°","angle_relation|parallel_lines|angle_chasing|triangle_center|incenter|angle_bisector|equal_distance_to_sides|incircle"
"M2_GEOM_150_S07_Q066","m2_geometry_properties","260710_도형의 성질(6).pdf","066","삼각형의 내접원과 선분의 길이의 관계","내심을 이용한 각과 길이 계산 - 계산·추론","M2_GEOM_PT053","choice:2","angle_relation|parallel_lines|angle_chasing|triangle_center|incenter|angle_bisector|equal_distance_to_sides|incircle"
"M2_GEOM_150_S07_Q067","m2_geometry_properties","260710_도형의 성질(6).pdf","067","삼각형의 내접원과 선분의 길이의 관계","내심을 이용한 각과 길이 계산 - 계산·추론","M2_GEOM_PT053","choice:5","angle_relation|parallel_lines|angle_chasing|triangle_center|incenter|angle_bisector|equal_distance_to_sides|incircle"
"M2_GEOM_150_S07_Q068","m2_geometry_properties","260710_도형의 성질(6).pdf","068","삼각형의 내심과 평행선","삼각형 중심과 사각형 성질 종합 - 계산·추론","M2_GEOM_PT119","55°","angle_relation|parallel_lines|angle_chasing|triangle_center|incenter|angle_bisector|equal_distance_to_sides|incircle"
"M2_GEOM_150_S07_Q069","m2_geometry_properties","260710_도형의 성질(6).pdf","069","삼각형의 내심과 평행선","삼각형 중심과 사각형 성질 종합 - 계산·추론","M2_GEOM_PT119","13","angle_relation|parallel_lines|angle_chasing|triangle_center|incenter|angle_bisector|equal_distance_to_sides|incircle"
"M2_GEOM_150_S07_Q070","m2_geometry_properties","260710_도형의 성질(6).pdf","070","삼각형의 내심과 평행선","삼각형 중심과 사각형 성질 종합 - 계산·추론","M2_GEOM_PT119","choice:4","angle_relation|parallel_lines|angle_chasing|triangle_center|incenter|angle_bisector|equal_distance_to_sides|incircle"
"M2_GEOM_150_S07_Q071","m2_geometry_properties","260710_도형의 성질(6).pdf","071","삼각형의 외심과 내심에 대한 설명","외심·내심의 정의와 성질 비교 - 조건 적용","M2_GEOM_PT055","choice:2","angle_relation|parallel_lines|angle_chasing|triangle_center|circumcenter|perpendicular_bisector|equal_radius"
"M2_GEOM_150_S07_Q072","m2_geometry_properties","260710_도형의 성질(6).pdf","072","삼각형의 외심과 내심에 대한 설명","외심·내심의 정의와 성질 비교 - 조건 적용","M2_GEOM_PT055","choice:4","angle_relation|parallel_lines|angle_chasing|triangle_center|circumcenter|perpendicular_bisector|equal_radius"
"M2_GEOM_150_S07_Q073","m2_geometry_properties","260710_도형의 성질(6).pdf","073","삼각형의 외심과 내심에 대한 설명","외심·내심의 정의와 성질 비교 - 조건 적용","M2_GEOM_PT055","choice:3","angle_relation|parallel_lines|angle_chasing|triangle_center|circumcenter|perpendicular_bisector|equal_radius"
"M2_GEOM_150_S07_Q074","m2_geometry_properties","260710_도형의 성질(6).pdf","074","삼각형의 외심과 내심이 모두 주어질 때","삼각형 중심과 사각형 성질 종합 - 계산·추론","M2_GEOM_PT119","choice:2","angle_relation|parallel_lines|angle_chasing|triangle_center|circumcenter|perpendicular_bisector|equal_radius"
"M2_GEOM_150_S07_Q075","m2_geometry_properties","260710_도형의 성질(6).pdf","075","삼각형의 외심과 내심이 모두 주어질 때","삼각형 중심과 사각형 성질 종합 - 계산·추론","M2_GEOM_PT119","113°","angle_relation|parallel_lines|angle_chasing|triangle_center|circumcenter|perpendicular_bisector|equal_radius"
"M2_GEOM_150_S07_Q076","m2_geometry_properties","260710_도형의 성질(6).pdf","076","삼각형의 외심과 내심이 모두 주어질 때","삼각형 중심과 사각형 성질 종합 - 계산·추론","M2_GEOM_PT119","140°","angle_relation|parallel_lines|angle_chasing|triangle_center|circumcenter|perpendicular_bisector|equal_radius"
"M2_GEOM_150_S07_Q077","m2_geometry_properties","260710_도형의 성질(6).pdf","077","직각삼각형의 외접원과 내접원","삼각형 중심과 사각형 성질 종합 - 계산·추론","M2_GEOM_PT119","6cm","angle_relation|parallel_lines|angle_chasing|triangle_center|incenter|angle_bisector|equal_distance_to_sides|incircle"
"M2_GEOM_150_S07_Q078","m2_geometry_properties","260710_도형의 성질(6).pdf","078","직각삼각형의 외접원과 내접원","삼각형 중심과 사각형 성질 종합 - 계산·추론","M2_GEOM_PT119","choice:5","angle_relation|parallel_lines|angle_chasing|triangle_center|incenter|angle_bisector|equal_distance_to_sides|incircle"
"M2_GEOM_150_S07_Q079","m2_geometry_properties","260710_도형의 성질(6).pdf","079","직각삼각형의 외접원과 내접원","삼각형 중심과 사각형 성질 종합 - 계산·추론","M2_GEOM_PT119","4cm","angle_relation|parallel_lines|angle_chasing|triangle_center|incenter|angle_bisector|equal_distance_to_sides|incircle"
"M2_GEOM_150_S07_Q080","m2_geometry_properties","260710_도형의 성질(6).pdf","080","직각삼각형의 외접원과 내접원","삼각형 중심과 사각형 성질 종합 - 계산·추론","M2_GEOM_PT119","96cm²","angle_relation|parallel_lines|angle_chasing|triangle_center|incenter|angle_bisector|equal_distance_to_sides|incircle"
"M2_GEOM_150_S07_Q081","m2_geometry_properties","260710_도형의 성질(6).pdf","081","평행사변형의 성질의 응용(1) 두 쌍의 대변의 길이가 같다","평행사변형의 길이 관계 - 계산·추론","M2_GEOM_PT074","19cm","quadrilateral_property|diagonal_property|inclusion_relation|length_area|parallelogram|opposite_sides|opposite_angles|diagonal_bisection"
"M2_GEOM_150_S07_Q082","m2_geometry_properties","260710_도형의 성질(6).pdf","082","평행사변형의 성질의 응용(1) 두 쌍의 대변의 길이가 같다","평행사변형의 길이 관계 - 계산·추론","M2_GEOM_PT074","6cm","quadrilateral_property|diagonal_property|inclusion_relation|length_area|parallelogram|opposite_sides|opposite_angles|diagonal_bisection"
"M2_GEOM_150_S07_Q083","m2_geometry_properties","260710_도형의 성질(6).pdf","083","평행사변형의 성질의 응용(1) 두 쌍의 대변의 길이가 같다","평행사변형의 길이 관계 - 계산·추론","M2_GEOM_PT074","10cm","quadrilateral_property|diagonal_property|inclusion_relation|length_area|parallelogram|opposite_sides|opposite_angles|diagonal_bisection"
"M2_GEOM_150_S07_Q084","m2_geometry_properties","260710_도형의 성질(6).pdf","084","평행사변형의 성질의 응용(1) 두 쌍의 대변의 길이가 같다","평행사변형의 길이 관계 - 계산·추론","M2_GEOM_PT074","20cm","quadrilateral_property|diagonal_property|inclusion_relation|length_area|parallelogram|opposite_sides|opposite_angles|diagonal_bisection"
"M2_GEOM_150_S07_Q089","m2_geometry_properties","260710_도형의 성질(6).pdf","089","평행사변형의 성질의 응용(3) 두 대각선은 서로 다른 것을 이등분한다","평행사변형의 길이 관계 - 계산·추론","M2_GEOM_PT074","choice:4","quadrilateral_property|diagonal_property|inclusion_relation|length_area|parallelogram|opposite_sides|opposite_angles|diagonal_bisection"
"M2_GEOM_150_S07_Q090","m2_geometry_properties","260710_도형의 성질(6).pdf","090","평행사변형의 성질의 응용(3) 두 대각선은 서로 다른 것을 이등분한다","평행사변형의 길이 관계 - 계산·추론","M2_GEOM_PT074","choice:3","quadrilateral_property|diagonal_property|inclusion_relation|length_area|parallelogram|opposite_sides|opposite_angles|diagonal_bisection"
"M2_GEOM_150_S07_Q091","m2_geometry_properties","260710_도형의 성질(6).pdf","091","평행사변형의 성질의 응용(3) 두 대각선은 서로 다른 것을 이등분한다","평행사변형의 길이 관계 - 계산·추론","M2_GEOM_PT074","104","quadrilateral_property|diagonal_property|inclusion_relation|length_area|parallelogram|opposite_sides|opposite_angles|diagonal_bisection"
"M2_GEOM_150_S07_Q098","m2_geometry_properties","260710_도형의 성질(6).pdf","098","평행사변형이 되는 조건의 응용","도형 성질을 연결한 고난도 활용 - 계산·추론","M2_GEOM_PT140","81°","angle_relation|parallel_lines|angle_chasing|proof_structure|quadrilateral_property|diagonal_property|inclusion_relation|parallelogram|opposite_sides|opposite_angles|diagonal_bisection"
"M2_GEOM_150_S07_Q099","m2_geometry_properties","260710_도형의 성질(6).pdf","099","평행사변형이 되는 조건의 응용","도형 성질을 연결한 고난도 활용 - 계산·추론","M2_GEOM_PT140","26cm","angle_relation|parallel_lines|angle_chasing|proof_structure|quadrilateral_property|diagonal_property|inclusion_relation|parallelogram|opposite_sides|opposite_angles|diagonal_bisection"
"M2_GEOM_150_S07_Q100","m2_geometry_properties","260710_도형의 성질(6).pdf","100","평행사변형과 넓이(1) 대각선에 의하여 나뉘는 삼각형","사각형 성질과 넓이 - 계산·추론","M2_GEOM_PT116","56cm²","angle_relation|parallel_lines|angle_chasing|quadrilateral_property|parallelogram|opposite_sides|opposite_angles|diagonal_bisection|area_decomposition"
"M2_GEOM_150_S07_Q101","m2_geometry_properties","260710_도형의 성질(6).pdf","101","평행사변형과 넓이(1) 대각선에 의하여 나뉘는 삼각형","사각형 성질과 넓이 - 계산·추론","M2_GEOM_PT116","choice:3","angle_relation|parallel_lines|angle_chasing|quadrilateral_property|parallelogram|opposite_sides|opposite_angles|diagonal_bisection|area_decomposition"
"M2_GEOM_150_S07_Q102","m2_geometry_properties","260710_도형의 성질(6).pdf","102","평행사변형과 넓이(1) 대각선에 의하여 나뉘는 삼각형","사각형 성질과 넓이 - 계산·추론","M2_GEOM_PT116","94cm²","angle_relation|parallel_lines|angle_chasing|quadrilateral_property|parallelogram|opposite_sides|opposite_angles|diagonal_bisection|area_decomposition"
"M2_GEOM_150_S07_Q103","m2_geometry_properties","260710_도형의 성질(6).pdf","103","평행사변형과 넓이(1) 대각선에 의하여 나뉘는 삼각형","사각형 성질과 넓이 - 계산·추론","M2_GEOM_PT116","choice:2","angle_relation|parallel_lines|angle_chasing|quadrilateral_property|parallelogram|opposite_sides|opposite_angles|diagonal_bisection|area_decomposition"
"M2_GEOM_150_S07_Q104","m2_geometry_properties","260710_도형의 성질(6).pdf","104","평행사변형과 넓이(2) 내부의 한 점","사각형 성질과 넓이 - 계산·추론","M2_GEOM_PT116","10cm²","angle_relation|parallel_lines|angle_chasing|quadrilateral_property|parallelogram|opposite_sides|opposite_angles|diagonal_bisection|area_decomposition"
"M2_GEOM_150_S07_Q105","m2_geometry_properties","260710_도형의 성질(6).pdf","105","평행사변형과 넓이(2) 내부의 한 점","사각형 성질과 넓이 - 계산·추론","M2_GEOM_PT116","10cm²","angle_relation|parallel_lines|angle_chasing|quadrilateral_property|parallelogram|opposite_sides|opposite_angles|diagonal_bisection|area_decomposition"
"M2_GEOM_150_S07_Q106","m2_geometry_properties","260710_도형의 성질(6).pdf","106","평행사변형과 넓이(2) 내부의 한 점","사각형 성질과 넓이 - 계산·추론","M2_GEOM_PT116","7cm²","angle_relation|parallel_lines|angle_chasing|quadrilateral_property|parallelogram|opposite_sides|opposite_angles|diagonal_bisection|area_decomposition"
"M2_GEOM_150_S07_Q107","m2_geometry_properties","260710_도형의 성질(6).pdf","107","평행사변형과 넓이(2) 내부의 한 점","사각형 성질과 넓이 - 계산·추론","M2_GEOM_PT116","84cm²","angle_relation|parallel_lines|angle_chasing|quadrilateral_property|parallelogram|opposite_sides|opposite_angles|diagonal_bisection|area_decomposition"
"M2_GEOM_150_S07_Q112","m2_geometry_properties","260710_도형의 성질(6).pdf","112","평행사변형이 직사각형이 되는 조건","직사각형·마름모·정사각형 증명 - 계산·추론","M2_GEOM_PT104","choice:2","angle_relation|parallel_lines|angle_chasing|quadrilateral_property|rectangle|rhombus|square|isosceles_trapezoid|quadrilateral_classification"
"M2_GEOM_150_S07_Q113","m2_geometry_properties","260710_도형의 성질(6).pdf","113","평행사변형이 직사각형이 되는 조건","직사각형·마름모·정사각형 증명 - 계산·추론","M2_GEOM_PT104","26cm²","angle_relation|parallel_lines|angle_chasing|quadrilateral_property|rectangle|rhombus|square|isosceles_trapezoid|quadrilateral_classification"
"M2_GEOM_150_S07_Q114","m2_geometry_properties","260710_도형의 성질(6).pdf","114","평행사변형이 직사각형이 되는 조건","직사각형·마름모·정사각형 증명 - 계산·추론","M2_GEOM_PT104","choices:2|3","angle_relation|parallel_lines|angle_chasing|quadrilateral_property|rectangle|rhombus|square|isosceles_trapezoid|quadrilateral_classification"
"M2_GEOM_150_S07_Q117","m2_geometry_properties","260710_도형의 성질(6).pdf","117","평행사변형이 마름모가 되는 조건","직사각형·마름모·정사각형 증명 - 계산·추론","M2_GEOM_PT104","마름모","angle_relation|parallel_lines|angle_chasing|quadrilateral_property|rectangle|rhombus|square|isosceles_trapezoid|quadrilateral_classification"
"M2_GEOM_150_S07_Q118","m2_geometry_properties","260710_도형의 성질(6).pdf","118","평행사변형이 마름모가 되는 조건","직사각형·마름모·정사각형 증명 - 계산·추론","M2_GEOM_PT104","90°","angle_relation|parallel_lines|angle_chasing|quadrilateral_property|rectangle|rhombus|square|isosceles_trapezoid|quadrilateral_classification"
"M2_GEOM_150_S07_Q123","m2_geometry_properties","260710_도형의 성질(6).pdf","123","정사각형이 되는 조건","직사각형·마름모·정사각형 증명 - 조건 적용","M2_GEOM_PT103","choice:4","angle_relation|parallel_lines|angle_chasing|quadrilateral_property|rectangle|rhombus|square|isosceles_trapezoid|quadrilateral_classification"
"M2_GEOM_150_S07_Q124","m2_geometry_properties","260710_도형의 성질(6).pdf","124","정사각형이 되는 조건","직사각형·마름모·정사각형 증명 - 조건 적용","M2_GEOM_PT103","choice:2","angle_relation|parallel_lines|angle_chasing|quadrilateral_property|rectangle|rhombus|square|isosceles_trapezoid|quadrilateral_classification"
"M2_GEOM_150_S07_Q126","m2_geometry_properties","260710_도형의 성질(6).pdf","126","여러 가지 사각형","직사각형·마름모·정사각형·등변사다리꼴 비교 - 계산·추론","M2_GEOM_PT134","20cm","angle_relation|parallel_lines|angle_chasing|quadrilateral_property|proof_structure|rectangle|rhombus|square|isosceles_trapezoid|quadrilateral_classification|area_decomposition"
"M2_GEOM_150_S07_Q127","m2_geometry_properties","260710_도형의 성질(6).pdf","127","여러 가지 사각형","직사각형·마름모·정사각형·등변사다리꼴 비교 - 계산·추론","M2_GEOM_PT134","choices:1|5","angle_relation|parallel_lines|angle_chasing|quadrilateral_property|proof_structure|rectangle|rhombus|square|isosceles_trapezoid|quadrilateral_classification|area_decomposition"
"M2_GEOM_150_S07_Q128","m2_geometry_properties","260710_도형의 성질(6).pdf","128","여러 가지 사각형 사이의 관계","여러 사각형의 포함 관계 - 계산·추론","M2_GEOM_PT089","choice:4","angle_relation|parallel_lines|angle_chasing|quadrilateral_property|rectangle|rhombus|square|isosceles_trapezoid|quadrilateral_classification"
"M2_GEOM_150_S07_Q129","m2_geometry_properties","260710_도형의 성질(6).pdf","129","여러 가지 사각형 사이의 관계","여러 사각형의 포함 관계 - 계산·추론","M2_GEOM_PT089","choice:5","angle_relation|parallel_lines|angle_chasing|quadrilateral_property|rectangle|rhombus|square|isosceles_trapezoid|quadrilateral_classification"
"M2_GEOM_150_S07_Q130","m2_geometry_properties","260710_도형의 성질(6).pdf","130","여러 가지 사각형 사이의 관계","여러 사각형의 포함 관계 - 계산·추론","M2_GEOM_PT089","choice:2","angle_relation|parallel_lines|angle_chasing|quadrilateral_property|rectangle|rhombus|square|isosceles_trapezoid|quadrilateral_classification"
"M2_GEOM_150_S07_Q131","m2_geometry_properties","260710_도형의 성질(6).pdf","131","여러 가지 사각형 사이의 관계","여러 사각형의 포함 관계 - 계산·추론","M2_GEOM_PT089","choice:4","angle_relation|parallel_lines|angle_chasing|quadrilateral_property|rectangle|rhombus|square|isosceles_trapezoid|quadrilateral_classification"
"M2_GEOM_150_S07_Q133","m2_geometry_properties","260710_도형의 성질(6).pdf","133","사각형의 각 변의 중점을 연결하여 만든 사각형","도형 성질을 연결한 고난도 활용 - 계산·추론","M2_GEOM_PT140","choice:3","angle_relation|parallel_lines|angle_chasing|proof_structure|triangle_congruence|rectangle|rhombus|square|isosceles_trapezoid|quadrilateral_classification|area_decomposition"
"M2_GEOM_150_S07_Q134","m2_geometry_properties","260710_도형의 성질(6).pdf","134","사각형의 각 변의 중점을 연결하여 만든 사각형","도형 성질을 연결한 고난도 활용 - 계산·추론","M2_GEOM_PT140","1024cm²","angle_relation|parallel_lines|angle_chasing|proof_structure|triangle_congruence|rectangle|rhombus|square|isosceles_trapezoid|quadrilateral_classification|area_decomposition"
"M2_GEOM_150_S07_Q135","m2_geometry_properties","260710_도형의 성질(6).pdf","135","사각형의 각 변의 중점을 연결하여 만든 사각형","도형 성질을 연결한 고난도 활용 - 계산·추론","M2_GEOM_PT140","128cm²","angle_relation|parallel_lines|angle_chasing|proof_structure|triangle_congruence|rectangle|rhombus|square|isosceles_trapezoid|quadrilateral_classification|area_decomposition"
"M2_GEOM_150_S07_Q136","m2_geometry_properties","260710_도형의 성질(6).pdf","136","사각형의 각 변의 중점을 연결하여 만든 사각형","도형 성질을 연결한 고난도 활용 - 계산·추론","M2_GEOM_PT140","480","angle_relation|parallel_lines|angle_chasing|proof_structure|triangle_congruence|rectangle|rhombus|square|isosceles_trapezoid|quadrilateral_classification|area_decomposition"
"M2_GEOM_150_S07_Q137","m2_geometry_properties","260710_도형의 성질(6).pdf","137","평행선과 삼각형의 넓이","사각형 성질과 넓이 - 계산·추론","M2_GEOM_PT116","45cm²","angle_relation|parallel_lines|angle_chasing|quadrilateral_property|proof_structure|equal_height|area_relation|triangle_area|area_decomposition"
"M2_GEOM_150_S07_Q138","m2_geometry_properties","260710_도형의 성질(6).pdf","138","평행선과 삼각형의 넓이","사각형 성질과 넓이 - 계산·추론","M2_GEOM_PT116","35cm²","angle_relation|parallel_lines|angle_chasing|quadrilateral_property|proof_structure|equal_height|area_relation|triangle_area|area_decomposition"
"M2_GEOM_150_S07_Q139","m2_geometry_properties","260710_도형의 성질(6).pdf","139","평행선과 삼각형의 넓이","사각형 성질과 넓이 - 계산·추론","M2_GEOM_PT116","choice:4","angle_relation|parallel_lines|angle_chasing|quadrilateral_property|proof_structure|equal_height|area_relation|triangle_area|area_decomposition"
"M2_GEOM_150_S07_Q140","m2_geometry_properties","260710_도형의 성질(6).pdf","140","평행선과 삼각형의 넓이","사각형 성질과 넓이 - 계산·추론","M2_GEOM_PT116","choice:5","angle_relation|parallel_lines|angle_chasing|quadrilateral_property|proof_structure|equal_height|area_relation|triangle_area|area_decomposition"
"M2_GEOM_150_S07_Q141","m2_geometry_properties","260710_도형의 성질(6).pdf","141","높이가 같은 삼각형의 넓이의 비","사각형 성질과 넓이 - 계산·추론","M2_GEOM_PT116","choice:2","angle_relation|parallel_lines|angle_chasing|quadrilateral_property|proof_structure|equal_height|area_relation|triangle_area|area_decomposition"
"M2_GEOM_150_S07_Q142","m2_geometry_properties","260710_도형의 성질(6).pdf","142","높이가 같은 삼각형의 넓이의 비","사각형 성질과 넓이 - 계산·추론","M2_GEOM_PT116","choice:3","angle_relation|parallel_lines|angle_chasing|quadrilateral_property|proof_structure|equal_height|area_relation|triangle_area|area_decomposition"
"M2_GEOM_150_S07_Q143","m2_geometry_properties","260710_도형의 성질(6).pdf","143","높이가 같은 삼각형의 넓이의 비","사각형 성질과 넓이 - 계산·추론","M2_GEOM_PT116","choice:3","angle_relation|parallel_lines|angle_chasing|quadrilateral_property|proof_structure|equal_height|area_relation|triangle_area|area_decomposition"
"M2_GEOM_150_S07_Q144","m2_geometry_properties","260710_도형의 성질(6).pdf","144","높이가 같은 삼각형의 넓이의 비","사각형 성질과 넓이 - 계산·추론","M2_GEOM_PT116","choice:3","angle_relation|parallel_lines|angle_chasing|quadrilateral_property|proof_structure|equal_height|area_relation|triangle_area|area_decomposition"
"M2_GEOM_150_S07_Q145","m2_geometry_properties","260710_도형의 성질(6).pdf","145","평행사변형에서 높이가 같은 삼각형의 넓이","사각형 성질과 넓이 - 계산·추론","M2_GEOM_PT116","choice:4","angle_relation|parallel_lines|angle_chasing|quadrilateral_property|proof_structure|equal_height|area_relation|triangle_area|area_decomposition"
"M2_GEOM_150_S07_Q146","m2_geometry_properties","260710_도형의 성질(6).pdf","146","평행사변형에서 높이가 같은 삼각형의 넓이","사각형 성질과 넓이 - 계산·추론","M2_GEOM_PT116","choice:4","angle_relation|parallel_lines|angle_chasing|quadrilateral_property|proof_structure|equal_height|area_relation|triangle_area|area_decomposition"
"M2_GEOM_150_S07_Q147","m2_geometry_properties","260710_도형의 성질(6).pdf","147","평행사변형에서 높이가 같은 삼각형의 넓이","사각형 성질과 넓이 - 계산·추론","M2_GEOM_PT116","choice:1","angle_relation|parallel_lines|angle_chasing|quadrilateral_property|proof_structure|equal_height|area_relation|triangle_area|area_decomposition"
"M2_GEOM_150_S07_Q148","m2_geometry_properties","260710_도형의 성질(6).pdf","148","평행사변형에서 높이가 같은 삼각형의 넓이","사각형 성질과 넓이 - 계산·추론","M2_GEOM_PT116","choice:4","angle_relation|parallel_lines|angle_chasing|quadrilateral_property|proof_structure|equal_height|area_relation|triangle_area|area_decomposition"
"M2_GEOM_150_S07_Q149","m2_geometry_properties","260710_도형의 성질(6).pdf","149","사다리꼴에서 높이가 같은 삼각형의 넓이","사각형 성질과 넓이 - 계산·추론","M2_GEOM_PT116","45cm²","angle_relation|parallel_lines|angle_chasing|quadrilateral_property|proof_structure|equal_height|area_relation|triangle_area|area_decomposition"
"M2_GEOM_150_S07_Q150","m2_geometry_properties","260710_도형의 성질(6).pdf","150","사다리꼴에서 높이가 같은 삼각형의 넓이","사각형 성질과 넓이 - 계산·추론","M2_GEOM_PT116","choice:3","angle_relation|parallel_lines|angle_chasing|quadrilateral_property|proof_structure|equal_height|area_relation|triangle_area|area_decomposition"
