"source_file","question_no","source_type_label","matched_slot","in_catalog","base_name"
"260711_원의 성질(1).pdf","001","원의 중심과 현의 수직이등분선(1)","1","YES","원의 중심과 현의 수직이등분선(1)"
"260711_원의 성질(1).pdf","002","원의 중심과 현의 수직이등분선(1)","1","YES","원의 중심과 현의 수직이등분선(1)"
"260711_원의 성질(1).pdf","003","원의 중심과 현의 수직이등분선(1)","1","YES","원의 중심과 현의 수직이등분선(1)"
"260711_원의 성질(1).pdf","004","원의 중심과 현의 수직이등분선(1)","1","YES","원의 중심과 현의 수직이등분선(1)"
"260711_원의 성질(1).pdf","005","원의 중심과 현의 수직이등분선(2)","","NO",""
"260711_원의 성질(1).pdf","006","원의 중심과 현의 수직이등분선(2)","","NO",""
"260711_원의 성질(1).pdf","007","원의 중심과 현의 수직이등분선(2)","","NO",""
"260711_원의 성질(1).pdf","008","원의 중심과 현의 수직이등분선(3); 활꼴","","NO",""
"260711_원의 성질(1).pdf","009","원의 중심과 현의 수직이등분선(3); 활꼴","","NO",""
"260711_원의 성질(1).pdf","010","원의 중심과 현의 수직이등분선(3); 활꼴","","NO",""
"260711_원의 성질(1).pdf","011","원의 중심과 현의 수직이등분선(4); 원을 접은 경우","","NO",""
"260711_원의 성질(1).pdf","012","원의 중심과 현의 수직이등분선(4); 원을 접은 경우","","NO",""
"260711_원의 성질(1).pdf","013","원의 중심과 현의 수직이등분선(4); 원을 접은 경우","","NO",""
"260711_원의 성질(1).pdf","014","원의 중심과 현의 수직이등분선(4); 원을 접은 경우","","NO",""
"260711_원의 성질(1).pdf","015","현의 길이(1); 중심에서 같은 거리의 두 현","5","YES","현의 길이(1); 중심에서 같은 거리의 두 현"
"260711_원의 성질(1).pdf","016","현의 길이(1); 중심에서 같은 거리의 두 현","5","YES","현의 길이(1); 중심에서 같은 거리의 두 현"
"260711_원의 성질(1).pdf","017","현의 길이(1); 중심에서 같은 거리의 두 현","5","YES","현의 길이(1); 중심에서 같은 거리의 두 현"
"260711_원의 성질(1).pdf","018","현의 길이(1); 중심에서 같은 거리의 두 현","5","YES","현의 길이(1); 중심에서 같은 거리의 두 현"
"260711_원의 성질(1).pdf","019","현의 길이(2); 내접하는 이등변삼각형","","NO",""
"260711_원의 성질(1).pdf","020","현의 길이(2); 내접하는 이등변삼각형","","NO",""
"260711_원의 성질(1).pdf","021","현의 길이(2); 내접하는 이등변삼각형","","NO",""
"260711_원의 성질(1).pdf","022","원의 접선과 반지름","7","YES","원의 접선과 반지름"
"260711_원의 성질(1).pdf","023","원의 접선과 반지름","7","YES","원의 접선과 반지름"
"260711_원의 성질(1).pdf","024","원의 접선과 반지름","7","YES","원의 접선과 반지름"
"260711_원의 성질(1).pdf","025","원의 접선의 성질(1)","8","YES","원의 접선의 성질(1)"
"260711_원의 성질(1).pdf","026","원의 접선의 성질(1)","8","YES","원의 접선의 성질(1)"
"260711_원의 성질(1).pdf","027","원의 접선의 성질(1)","8","YES","원의 접선의 성질(1)"
"260711_원의 성질(1).pdf","028","원의 접선의 성질(1)","8","YES","원의 접선의 성질(1)"
"260711_원의 성질(1).pdf","029","원의 접선의 성질(2); 길이","9","YES","원의 접선의 성질(2); 길이"
"260711_원의 성질(1).pdf","030","원의 접선의 성질(2); 길이","9","YES","원의 접선의 성질(2); 길이"
"260711_원의 성질(1).pdf","031","원의 접선의 성질(2); 길이","9","YES","원의 접선의 성질(2); 길이"
"260711_원의 성질(1).pdf","032","원의 접선의 성질(2); 길이","9","YES","원의 접선의 성질(2); 길이"
"260711_원의 성질(1).pdf","033","원의 접선의 성질(3); 넓이","","NO",""
"260711_원의 성질(1).pdf","034","원의 접선의 성질(3); 넓이","","NO",""
"260711_원의 성질(1).pdf","035","원의 접선의 성질(3); 넓이","","NO",""
"260711_원의 성질(1).pdf","036","원의 접선의 성질의 활용","11","YES","원의 접선의 성질의 활용"
"260711_원의 성질(1).pdf","037","원의 접선의 성질의 활용","11","YES","원의 접선의 성질의 활용"
"260711_원의 성질(1).pdf","038","원의 접선의 성질의 활용","11","YES","원의 접선의 성질의 활용"
"260711_원의 성질(1).pdf","039","반원에서의 접선","","NO",""
"260711_원의 성질(1).pdf","040","반원에서의 접선","","NO",""
"260711_원의 성질(1).pdf","041","반원에서의 접선","","NO",""
"260711_원의 성질(1).pdf","042","원의 접선과 반지름; 동심원","","NO",""
"260711_원의 성질(1).pdf","043","원의 접선과 반지름; 동심원","","NO",""
"260711_원의 성질(1).pdf","044","원의 접선과 반지름; 동심원","","NO",""
"260711_원의 성질(1).pdf","045","원의 접선과 반지름; 동심원","","NO",""
"260711_원의 성질(1).pdf","046","삼각형의 내접원","12","YES","삼각형의 내접원"
"260711_원의 성질(1).pdf","047","삼각형의 내접원","12","YES","삼각형의 내접원"
"260711_원의 성질(1).pdf","048","삼각형의 내접원","12","YES","삼각형의 내접원"
"260711_원의 성질(1).pdf","049","삼각형의 내접원","12","YES","삼각형의 내접원"
"260711_원의 성질(1).pdf","050","직각삼각형의 내접원","13","YES","직각삼각형의 내접원"
"260711_원의 성질(1).pdf","051","직각삼각형의 내접원","13","YES","직각삼각형의 내접원"
"260711_원의 성질(1).pdf","052","직각삼각형의 내접원","13","YES","직각삼각형의 내접원"
"260711_원의 성질(1).pdf","053","원에 외접하는 사각형의 성질(1)","","NO",""
"260711_원의 성질(1).pdf","054","원에 외접하는 사각형의 성질(1)","","NO",""
"260711_원의 성질(1).pdf","055","원에 외접하는 사각형의 성질(1)","","NO",""
"260711_원의 성질(1).pdf","056","원에 외접하는 사각형의 성질(1)","","NO",""
"260711_원의 성질(1).pdf","057","원에 외접하는 사각형의 성질(2); 한 내각이 90˚인 경우","15","YES","원에 외접하는 사각형의 성질(2); 한 내각이 90˚인 경우"
"260711_원의 성질(1).pdf","058","원에 외접하는 사각형의 성질(2); 한 내각이 90˚인 경우","15","YES","원에 외접하는 사각형의 성질(2); 한 내각이 90˚인 경우"
"260711_원의 성질(1).pdf","059","원에 외접하는 사각형의 성질의 활용(1); 직사각형","16","YES","원에 외접하는 사각형의 성질의 활용(1); 직사각형"
"260711_원의 성질(1).pdf","060","원에 외접하는 사각형의 성질의 활용(1); 직사각형","16","YES","원에 외접하는 사각형의 성질의 활용(1); 직사각형"
"260711_원의 성질(1).pdf","061","원에 외접하는 사각형의 성질의 활용(1); 직사각형","16","YES","원에 외접하는 사각형의 성질의 활용(1); 직사각형"
"260711_원의 성질(1).pdf","062","원에 외접하는 사각형의 성질의 활용(1); 직사각형","16","YES","원에 외접하는 사각형의 성질의 활용(1); 직사각형"
"260711_원의 성질(1).pdf","063","원에 외접하는 사각형의 성질의 활용(2); 그 외","17","YES","원에 외접하는 사각형의 성질의 활용(2); 그 외"
"260711_원의 성질(1).pdf","064","원에 외접하는 사각형의 성질의 활용(2); 그 외","17","YES","원에 외접하는 사각형의 성질의 활용(2); 그 외"
"260711_원의 성질(1).pdf","065","원에 외접하는 사각형의 성질의 활용(2); 그 외","17","YES","원에 외접하는 사각형의 성질의 활용(2); 그 외"
"260711_원의 성질(1).pdf","066","원에 외접하는 사각형의 성질의 활용(2); 그 외","17","YES","원에 외접하는 사각형의 성질의 활용(2); 그 외"
"260711_원의 성질(1).pdf","067","원주각과 중심각의 크기(1)","18","YES","원주각과 중심각의 크기(1)"
"260711_원의 성질(1).pdf","068","원주각과 중심각의 크기(1)","18","YES","원주각과 중심각의 크기(1)"
"260711_원의 성질(1).pdf","069","원주각과 중심각의 크기(1)","18","YES","원주각과 중심각의 크기(1)"
"260711_원의 성질(1).pdf","070","원주각과 중심각의 크기(1)","18","YES","원주각과 중심각의 크기(1)"
"260711_원의 성질(1).pdf","071","원주각과 중심각의 크기(2)","","NO",""
"260711_원의 성질(1).pdf","072","원주각과 중심각의 크기(2)","","NO",""
"260711_원의 성질(1).pdf","073","원주각과 중심각의 크기(2)","","NO",""
"260711_원의 성질(1).pdf","074","원주각과 중심각의 크기(3)","","NO",""
"260711_원의 성질(1).pdf","075","원주각과 중심각의 크기(3)","","NO",""
"260711_원의 성질(1).pdf","076","원주각과 중심각의 크기(3)","","NO",""
"260711_원의 성질(1).pdf","077","원주각의 성질(1); 한 호","21","YES","원주각의 성질(1); 한 호"
"260711_원의 성질(1).pdf","078","원주각의 성질(1); 한 호","21","YES","원주각의 성질(1); 한 호"
"260711_원의 성질(1).pdf","079","원주각의 성질(1); 한 호","21","YES","원주각의 성질(1); 한 호"
"260711_원의 성질(1).pdf","080","원주각의 성질(2); 반원","22","YES","원주각의 성질(2); 반원"
"260711_원의 성질(1).pdf","081","원주각의 성질(2); 반원","22","YES","원주각의 성질(2); 반원"
"260711_원의 성질(1).pdf","082","원주각의 성질(2); 반원","22","YES","원주각의 성질(2); 반원"
"260711_원의 성질(1).pdf","083","원주각과 삼각비의 값(1)","23","YES","원주각과 삼각비의 값(1)"
"260711_원의 성질(1).pdf","084","원주각과 삼각비의 값(1)","23","YES","원주각과 삼각비의 값(1)"
"260711_원의 성질(1).pdf","085","원주각과 삼각비의 값(1)","23","YES","원주각과 삼각비의 값(1)"
"260711_원의 성질(1).pdf","086","원주각과 삼각비의 값(1)","23","YES","원주각과 삼각비의 값(1)"
"260711_원의 성질(1).pdf","087","원주각과 삼각비의 값(2); 선분의 길이, 넓이","24","YES","원주각과 삼각비의 값(2); 선분의 길이, 넓이"
"260711_원의 성질(1).pdf","088","원주각과 삼각비의 값(2); 선분의 길이, 넓이","24","YES","원주각과 삼각비의 값(2); 선분의 길이, 넓이"
"260711_원의 성질(1).pdf","089","원주각과 삼각비의 값(2); 선분의 길이, 넓이","24","YES","원주각과 삼각비의 값(2); 선분의 길이, 넓이"
"260711_원의 성질(1).pdf","090","원주각과 삼각비의 값(2); 선분의 길이, 넓이","24","YES","원주각과 삼각비의 값(2); 선분의 길이, 넓이"
"260711_원의 성질(1).pdf","091","원주각의 크기와 호의 길이(1)","25","YES","원주각의 크기와 호의 길이(1)"
"260711_원의 성질(1).pdf","092","원주각의 크기와 호의 길이(1)","25","YES","원주각의 크기와 호의 길이(1)"
"260711_원의 성질(1).pdf","093","원주각의 크기와 호의 길이(1)","25","YES","원주각의 크기와 호의 길이(1)"
"260711_원의 성질(1).pdf","094","원주각의 크기와 호의 길이(1)","25","YES","원주각의 크기와 호의 길이(1)"
"260711_원의 성질(1).pdf","095","원주각의 크기와 호의 길이(2)","26","YES","원주각의 크기와 호의 길이(2)"
"260711_원의 성질(1).pdf","096","원주각의 크기와 호의 길이(2)","26","YES","원주각의 크기와 호의 길이(2)"
"260711_원의 성질(1).pdf","097","원주각의 크기와 호의 길이(2)","26","YES","원주각의 크기와 호의 길이(2)"
"260711_원의 성질(1).pdf","098","원주각의 크기와 호의 길이(3)","27","YES","원주각의 크기와 호의 길이(3)"
"260711_원의 성질(1).pdf","099","원주각의 크기와 호의 길이(3)","27","YES","원주각의 크기와 호의 길이(3)"
"260711_원의 성질(1).pdf","100","원주각의 크기와 호의 길이(3)","27","YES","원주각의 크기와 호의 길이(3)"
"260711_원의 성질(1).pdf","101","네 점이 한 원에 있기 위한 조건","28","YES","네 점이 한 원에 있기 위한 조건"
"260711_원의 성질(1).pdf","102","네 점이 한 원에 있기 위한 조건","28","YES","네 점이 한 원에 있기 위한 조건"
"260711_원의 성질(1).pdf","103","네 점이 한 원에 있기 위한 조건","28","YES","네 점이 한 원에 있기 위한 조건"
"260711_원의 성질(1).pdf","104","네 점이 한 원에 있기 위한 조건","28","YES","네 점이 한 원에 있기 위한 조건"
"260711_원의 성질(1).pdf","105","원에 내접하는 사각형의 성질(1)","29","YES","원에 내접하는 사각형의 성질(1)"
"260711_원의 성질(1).pdf","106","원에 내접하는 사각형의 성질(1)","29","YES","원에 내접하는 사각형의 성질(1)"
"260711_원의 성질(1).pdf","107","원에 내접하는 사각형의 성질(1)","29","YES","원에 내접하는 사각형의 성질(1)"
"260711_원의 성질(1).pdf","108","원에 내접하는 사각형의 성질(2)","30","YES","원에 내접하는 사각형의 성질(2)"
"260711_원의 성질(1).pdf","109","원에 내접하는 사각형의 성질(2)","30","YES","원에 내접하는 사각형의 성질(2)"
"260711_원의 성질(1).pdf","110","원에 내접하는 사각형의 성질(2)","30","YES","원에 내접하는 사각형의 성질(2)"
"260711_원의 성질(1).pdf","111","원에 내접하는 사각형의 성질(2)","30","YES","원에 내접하는 사각형의 성질(2)"
"260711_원의 성질(1).pdf","112","원에 내접하는 사각형과 외각의 성질","31","YES","원에 내접하는 사각형과 외각의 성질"
"260711_원의 성질(1).pdf","113","원에 내접하는 사각형과 외각의 성질","31","YES","원에 내접하는 사각형과 외각의 성질"
"260711_원의 성질(1).pdf","114","원에 내접하는 사각형과 외각의 성질","31","YES","원에 내접하는 사각형과 외각의 성질"
"260711_원의 성질(1).pdf","115","원에 내접하는 다각형","32","YES","원에 내접하는 다각형"
"260711_원의 성질(1).pdf","116","원에 내접하는 다각형","32","YES","원에 내접하는 다각형"
"260711_원의 성질(1).pdf","117","원에 내접하는 다각형","32","YES","원에 내접하는 다각형"
"260711_원의 성질(1).pdf","118","원에 내접하는 다각형","32","YES","원에 내접하는 다각형"
"260711_원의 성질(1).pdf","119","두 원에서 내접하는 사각형의 성질의 활용","33","YES","두 원에서 내접하는 사각형의 성질의 활용"
"260711_원의 성질(1).pdf","120","두 원에서 내접하는 사각형의 성질의 활용","33","YES","두 원에서 내접하는 사각형의 성질의 활용"
"260711_원의 성질(1).pdf","121","두 원에서 내접하는 사각형의 성질의 활용","33","YES","두 원에서 내접하는 사각형의 성질의 활용"
"260711_원의 성질(1).pdf","122","두 원에서 내접하는 사각형의 성질의 활용","33","YES","두 원에서 내접하는 사각형의 성질의 활용"
"260711_원의 성질(1).pdf","123","원에 내접하는 사각형","","NO",""
"260711_원의 성질(1).pdf","124","원에 내접하는 사각형","","NO",""
"260711_원의 성질(1).pdf","125","원에 내접하는 사각형","","NO",""
"260711_원의 성질(1).pdf","126","사각형이 원에 내접하기 위한 조건","","NO",""
"260711_원의 성질(1).pdf","127","사각형이 원에 내접하기 위한 조건","","NO",""
"260711_원의 성질(1).pdf","128","접선과 현이 이루는 각; 원주각","36","YES","접선과 현이 이루는 각; 원주각"
"260711_원의 성질(1).pdf","129","접선과 현이 이루는 각; 원주각","36","YES","접선과 현이 이루는 각; 원주각"
"260711_원의 성질(1).pdf","130","접선과 현이 이루는 각; 원주각","36","YES","접선과 현이 이루는 각; 원주각"
"260711_원의 성질(1).pdf","131","접선과 현이 이루는 각; 중심각","","NO",""
"260711_원의 성질(1).pdf","132","접선과 현이 이루는 각; 중심각","","NO",""
"260711_원의 성질(1).pdf","133","접선과 현이 이루는 각; 중심각","","NO",""
"260711_원의 성질(1).pdf","134","접선과 현이 이루는 각; 중심각","","NO",""
"260711_원의 성질(1).pdf","135","접선과 현이 이루는 각의 활용(1); 현이 중심을 지나지 않는 경우","38","YES","접선과 현이 이루는 각의 활용(1); 현이 중심을 지나지 않는 경우"
"260711_원의 성질(1).pdf","136","접선과 현이 이루는 각의 활용(1); 현이 중심을 지나지 않는 경우","38","YES","접선과 현이 이루는 각의 활용(1); 현이 중심을 지나지 않는 경우"
"260711_원의 성질(1).pdf","137","접선과 현이 이루는 각의 활용(1); 현이 중심을 지나지 않는 경우","38","YES","접선과 현이 이루는 각의 활용(1); 현이 중심을 지나지 않는 경우"
"260711_원의 성질(1).pdf","138","접선과 현이 이루는 각의 활용(2); 현이 중심을 지나는 경우","39","YES","접선과 현이 이루는 각의 활용(2); 현이 중심을 지나는 경우"
"260711_원의 성질(1).pdf","139","접선과 현이 이루는 각의 활용(2); 현이 중심을 지나는 경우","39","YES","접선과 현이 이루는 각의 활용(2); 현이 중심을 지나는 경우"
"260711_원의 성질(1).pdf","140","접선과 현이 이루는 각의 활용(2); 현이 중심을 지나는 경우","39","YES","접선과 현이 이루는 각의 활용(2); 현이 중심을 지나는 경우"
"260711_원의 성질(1).pdf","141","접선과 현이 이루는 각의 활용(3); 한 점에서 원에 그은 두 접선","40","YES","접선과 현이 이루는 각의 활용(3); 한 점에서 원에 그은 두 접선"
"260711_원의 성질(1).pdf","142","접선과 현이 이루는 각의 활용(3); 한 점에서 원에 그은 두 접선","40","YES","접선과 현이 이루는 각의 활용(3); 한 점에서 원에 그은 두 접선"
"260711_원의 성질(1).pdf","143","접선과 현이 이루는 각의 활용(3); 한 점에서 원에 그은 두 접선","40","YES","접선과 현이 이루는 각의 활용(3); 한 점에서 원에 그은 두 접선"
"260711_원의 성질(1).pdf","144","두 원에서 접선과 현이 이루는 각(1)","41","YES","두 원에서 접선과 현이 이루는 각(1)"
"260711_원의 성질(1).pdf","145","두 원에서 접선과 현이 이루는 각(1)","41","YES","두 원에서 접선과 현이 이루는 각(1)"
"260711_원의 성질(1).pdf","146","두 원에서 접선과 현이 이루는 각(1)","41","YES","두 원에서 접선과 현이 이루는 각(1)"
"260711_원의 성질(1).pdf","147","두 원에서 접선과 현이 이루는 각(1)","41","YES","두 원에서 접선과 현이 이루는 각(1)"
"260711_원의 성질(1).pdf","148","두 원에서 접선과 현이 이루는 각(2); 한 원이 다른 원의 내부에 있는 경우","42","YES","두 원에서 접선과 현이 이루는 각(2); 한 원이 다른 원의 내부에 있는 경우"
"260711_원의 성질(1).pdf","149","두 원에서 접선과 현이 이루는 각(2); 한 원이 다른 원의 내부에 있는 경우","42","YES","두 원에서 접선과 현이 이루는 각(2); 한 원이 다른 원의 내부에 있는 경우"
"260711_원의 성질(1).pdf","150","두 원에서 접선과 현이 이루는 각(2); 한 원이 다른 원의 내부에 있는 경우","42","YES","두 원에서 접선과 현이 이루는 각(2); 한 원이 다른 원의 내부에 있는 경우"
"260711_원의 성질(10).pdf","001","원의 중심과 현의 수직이등분선(1)","1","YES","원의 중심과 현의 수직이등분선(1)"
"260711_원의 성질(10).pdf","002","원의 중심과 현의 수직이등분선(1)","1","YES","원의 중심과 현의 수직이등분선(1)"
"260711_원의 성질(10).pdf","003","원의 중심과 현의 수직이등분선(1)","1","YES","원의 중심과 현의 수직이등분선(1)"
"260711_원의 성질(10).pdf","004","원의 중심과 현의 수직이등분선(1)","1","YES","원의 중심과 현의 수직이등분선(1)"
"260711_원의 성질(10).pdf","005","원의 중심과 현의 수직이등분선(1)","1","YES","원의 중심과 현의 수직이등분선(1)"
"260711_원의 성질(10).pdf","006","원의 중심과 현의 수직이등분선(1)","1","YES","원의 중심과 현의 수직이등분선(1)"
"260711_원의 성질(10).pdf","007","현의 길이(1); 중심에서 같은 거리의 두 현","5","YES","현의 길이(1); 중심에서 같은 거리의 두 현"
"260711_원의 성질(10).pdf","008","현의 길이(1); 중심에서 같은 거리의 두 현","5","YES","현의 길이(1); 중심에서 같은 거리의 두 현"
"260711_원의 성질(10).pdf","009","현의 길이(1); 중심에서 같은 거리의 두 현","5","YES","현의 길이(1); 중심에서 같은 거리의 두 현"
"260711_원의 성질(10).pdf","010","현의 길이(1); 중심에서 같은 거리의 두 현","5","YES","현의 길이(1); 중심에서 같은 거리의 두 현"
"260711_원의 성질(10).pdf","011","현의 길이(1); 중심에서 같은 거리의 두 현","5","YES","현의 길이(1); 중심에서 같은 거리의 두 현"
"260711_원의 성질(10).pdf","012","현의 길이(1); 중심에서 같은 거리의 두 현","5","YES","현의 길이(1); 중심에서 같은 거리의 두 현"
"260711_원의 성질(10).pdf","013","원의 접선의 성질(1)","8","YES","원의 접선의 성질(1)"
"260711_원의 성질(10).pdf","014","원의 접선의 성질(1)","8","YES","원의 접선의 성질(1)"
"260711_원의 성질(10).pdf","015","원의 접선의 성질(2); 길이","9","YES","원의 접선의 성질(2); 길이"
"260711_원의 성질(10).pdf","016","원의 접선의 성질(2); 길이","9","YES","원의 접선의 성질(2); 길이"
"260711_원의 성질(10).pdf","017","원의 접선의 성질(2); 길이","9","YES","원의 접선의 성질(2); 길이"
"260711_원의 성질(10).pdf","018","반원에서의 접선","","NO",""
"260711_원의 성질(10).pdf","019","반원에서의 접선","","NO",""
"260711_원의 성질(10).pdf","020","반원에서의 접선","","NO",""
"260711_원의 성질(10).pdf","021","반원에서의 접선","","NO",""
"260711_원의 성질(10).pdf","022","반원에서의 접선","","NO",""
"260711_원의 성질(10).pdf","023","반원에서의 접선","","NO",""
"260711_원의 성질(10).pdf","024","삼각형의 내접원","12","YES","삼각형의 내접원"
"260711_원의 성질(10).pdf","025","삼각형의 내접원","12","YES","삼각형의 내접원"
"260711_원의 성질(10).pdf","026","삼각형의 내접원","12","YES","삼각형의 내접원"
"260711_원의 성질(10).pdf","027","삼각형의 내접원","12","YES","삼각형의 내접원"
"260711_원의 성질(10).pdf","028","삼각형의 내접원","12","YES","삼각형의 내접원"
"260711_원의 성질(10).pdf","029","삼각형의 내접원","12","YES","삼각형의 내접원"
"260711_원의 성질(10).pdf","030","직각삼각형의 내접원","13","YES","직각삼각형의 내접원"
"260711_원의 성질(10).pdf","031","직각삼각형의 내접원","13","YES","직각삼각형의 내접원"
"260711_원의 성질(10).pdf","032","직각삼각형의 내접원","13","YES","직각삼각형의 내접원"
"260711_원의 성질(10).pdf","033","직각삼각형의 내접원","13","YES","직각삼각형의 내접원"
"260711_원의 성질(10).pdf","034","직각삼각형의 내접원","13","YES","직각삼각형의 내접원"
"260711_원의 성질(10).pdf","035","직각삼각형의 내접원","13","YES","직각삼각형의 내접원"
"260711_원의 성질(10).pdf","036","원에 외접하는 사각형의 성질의 활용(1); 직사각형","16","YES","원에 외접하는 사각형의 성질의 활용(1); 직사각형"
"260711_원의 성질(10).pdf","037","원에 외접하는 사각형의 성질의 활용(1); 직사각형","16","YES","원에 외접하는 사각형의 성질의 활용(1); 직사각형"
"260711_원의 성질(10).pdf","038","원에 외접하는 사각형의 성질의 활용(1); 직사각형","16","YES","원에 외접하는 사각형의 성질의 활용(1); 직사각형"
"260711_원의 성질(10).pdf","039","원에 외접하는 사각형의 성질의 활용(1); 직사각형","16","YES","원에 외접하는 사각형의 성질의 활용(1); 직사각형"
"260711_원의 성질(10).pdf","040","원에 외접하는 사각형의 성질의 활용(1); 직사각형","16","YES","원에 외접하는 사각형의 성질의 활용(1); 직사각형"
"260711_원의 성질(10).pdf","041","원에 외접하는 사각형의 성질의 활용(1); 직사각형","16","YES","원에 외접하는 사각형의 성질의 활용(1); 직사각형"
"260711_원의 성질(10).pdf","042","원에 외접하는 사각형의 성질의 활용(2); 그 외","17","YES","원에 외접하는 사각형의 성질의 활용(2); 그 외"
"260711_원의 성질(10).pdf","043","원에 외접하는 사각형의 성질의 활용(2); 그 외","17","YES","원에 외접하는 사각형의 성질의 활용(2); 그 외"
"260711_원의 성질(10).pdf","044","원에 외접하는 사각형의 성질의 활용(2); 그 외","17","YES","원에 외접하는 사각형의 성질의 활용(2); 그 외"
"260711_원의 성질(10).pdf","045","원에 외접하는 사각형의 성질의 활용(2); 그 외","17","YES","원에 외접하는 사각형의 성질의 활용(2); 그 외"
"260711_원의 성질(10).pdf","046","원에 외접하는 사각형의 성질의 활용(2); 그 외","17","YES","원에 외접하는 사각형의 성질의 활용(2); 그 외"
"260711_원의 성질(10).pdf","047","원주각과 중심각의 크기(1)","18","YES","원주각과 중심각의 크기(1)"
"260711_원의 성질(10).pdf","048","원주각과 중심각의 크기(1)","18","YES","원주각과 중심각의 크기(1)"
"260711_원의 성질(10).pdf","049","원주각과 중심각의 크기(1)","18","YES","원주각과 중심각의 크기(1)"
"260711_원의 성질(10).pdf","050","원주각과 중심각의 크기(1)","18","YES","원주각과 중심각의 크기(1)"
"260711_원의 성질(10).pdf","051","원주각과 중심각의 크기(1)","18","YES","원주각과 중심각의 크기(1)"
"260711_원의 성질(10).pdf","052","원주각과 중심각의 크기(1)","18","YES","원주각과 중심각의 크기(1)"
"260711_원의 성질(10).pdf","053","원주각의 성질(1); 한 호","21","YES","원주각의 성질(1); 한 호"
"260711_원의 성질(10).pdf","054","원주각의 성질(1); 한 호","21","YES","원주각의 성질(1); 한 호"
"260711_원의 성질(10).pdf","055","원주각의 성질(1); 한 호","21","YES","원주각의 성질(1); 한 호"
"260711_원의 성질(10).pdf","056","원주각의 성질(1); 한 호","21","YES","원주각의 성질(1); 한 호"
"260711_원의 성질(10).pdf","057","원주각의 성질(1); 한 호","21","YES","원주각의 성질(1); 한 호"
"260711_원의 성질(10).pdf","058","원주각의 성질(1); 한 호","21","YES","원주각의 성질(1); 한 호"
"260711_원의 성질(10).pdf","059","원주각의 성질(2); 반원","22","YES","원주각의 성질(2); 반원"
"260711_원의 성질(10).pdf","060","원주각의 성질(2); 반원","22","YES","원주각의 성질(2); 반원"
"260711_원의 성질(10).pdf","061","원주각의 성질(2); 반원","22","YES","원주각의 성질(2); 반원"
"260711_원의 성질(10).pdf","062","원주각의 성질(2); 반원","22","YES","원주각의 성질(2); 반원"
"260711_원의 성질(10).pdf","063","원주각의 성질(2); 반원","22","YES","원주각의 성질(2); 반원"
"260711_원의 성질(10).pdf","064","원주각의 성질(2); 반원","22","YES","원주각의 성질(2); 반원"
"260711_원의 성질(10).pdf","065","원주각과 삼각비의 값(2); 선분의 길이, 넓이","24","YES","원주각과 삼각비의 값(2); 선분의 길이, 넓이"
"260711_원의 성질(10).pdf","066","원주각과 삼각비의 값(2); 선분의 길이, 넓이","24","YES","원주각과 삼각비의 값(2); 선분의 길이, 넓이"
"260711_원의 성질(10).pdf","067","원주각과 삼각비의 값(2); 선분의 길이, 넓이","24","YES","원주각과 삼각비의 값(2); 선분의 길이, 넓이"
"260711_원의 성질(10).pdf","068","원주각과 삼각비의 값(2); 선분의 길이, 넓이","24","YES","원주각과 삼각비의 값(2); 선분의 길이, 넓이"
"260711_원의 성질(10).pdf","069","원주각과 삼각비의 값(2); 선분의 길이, 넓이","24","YES","원주각과 삼각비의 값(2); 선분의 길이, 넓이"
"260711_원의 성질(10).pdf","070","원주각과 삼각비의 값(2); 선분의 길이, 넓이","24","YES","원주각과 삼각비의 값(2); 선분의 길이, 넓이"
"260711_원의 성질(10).pdf","071","원주각의 크기와 호의 길이(1)","25","YES","원주각의 크기와 호의 길이(1)"
"260711_원의 성질(10).pdf","072","원주각의 크기와 호의 길이(1)","25","YES","원주각의 크기와 호의 길이(1)"
"260711_원의 성질(10).pdf","073","원주각의 크기와 호의 길이(1)","25","YES","원주각의 크기와 호의 길이(1)"
"260711_원의 성질(10).pdf","074","원주각의 크기와 호의 길이(1)","25","YES","원주각의 크기와 호의 길이(1)"
"260711_원의 성질(10).pdf","075","원주각의 크기와 호의 길이(1)","25","YES","원주각의 크기와 호의 길이(1)"
"260711_원의 성질(10).pdf","076","원주각의 크기와 호의 길이(1)","25","YES","원주각의 크기와 호의 길이(1)"
"260711_원의 성질(10).pdf","077","원주각의 크기와 호의 길이(2)","26","YES","원주각의 크기와 호의 길이(2)"
"260711_원의 성질(10).pdf","078","원주각의 크기와 호의 길이(2)","26","YES","원주각의 크기와 호의 길이(2)"
"260711_원의 성질(10).pdf","079","원주각의 크기와 호의 길이(2)","26","YES","원주각의 크기와 호의 길이(2)"
"260711_원의 성질(10).pdf","080","원주각의 크기와 호의 길이(2)","26","YES","원주각의 크기와 호의 길이(2)"
"260711_원의 성질(10).pdf","081","원주각의 크기와 호의 길이(2)","26","YES","원주각의 크기와 호의 길이(2)"
"260711_원의 성질(10).pdf","082","원주각의 크기와 호의 길이(2)","26","YES","원주각의 크기와 호의 길이(2)"
"260711_원의 성질(10).pdf","083","원주각의 크기와 호의 길이(2)","26","YES","원주각의 크기와 호의 길이(2)"
"260711_원의 성질(10).pdf","084","원주각의 크기와 호의 길이(2)","26","YES","원주각의 크기와 호의 길이(2)"
"260711_원의 성질(10).pdf","085","원주각의 크기와 호의 길이(2)","26","YES","원주각의 크기와 호의 길이(2)"
"260711_원의 성질(10).pdf","086","원주각의 크기와 호의 길이(3)","27","YES","원주각의 크기와 호의 길이(3)"
"260711_원의 성질(10).pdf","087","원주각의 크기와 호의 길이(3)","27","YES","원주각의 크기와 호의 길이(3)"
"260711_원의 성질(10).pdf","088","원주각의 크기와 호의 길이(3)","27","YES","원주각의 크기와 호의 길이(3)"
"260711_원의 성질(10).pdf","089","원주각의 크기와 호의 길이(3)","27","YES","원주각의 크기와 호의 길이(3)"
"260711_원의 성질(10).pdf","090","원주각의 크기와 호의 길이(3)","27","YES","원주각의 크기와 호의 길이(3)"
"260711_원의 성질(10).pdf","091","원주각의 크기와 호의 길이(3)","27","YES","원주각의 크기와 호의 길이(3)"
"260711_원의 성질(10).pdf","092","원주각의 크기와 호의 길이(3)","27","YES","원주각의 크기와 호의 길이(3)"
"260711_원의 성질(10).pdf","093","네 점이 한 원에 있기 위한 조건","28","YES","네 점이 한 원에 있기 위한 조건"
"260711_원의 성질(10).pdf","094","네 점이 한 원에 있기 위한 조건","28","YES","네 점이 한 원에 있기 위한 조건"
"260711_원의 성질(10).pdf","095","네 점이 한 원에 있기 위한 조건","28","YES","네 점이 한 원에 있기 위한 조건"
"260711_원의 성질(10).pdf","096","네 점이 한 원에 있기 위한 조건","28","YES","네 점이 한 원에 있기 위한 조건"
"260711_원의 성질(10).pdf","097","네 점이 한 원에 있기 위한 조건","28","YES","네 점이 한 원에 있기 위한 조건"
"260711_원의 성질(10).pdf","098","네 점이 한 원에 있기 위한 조건","28","YES","네 점이 한 원에 있기 위한 조건"
"260711_원의 성질(10).pdf","099","원에 내접하는 사각형의 성질(1)","29","YES","원에 내접하는 사각형의 성질(1)"
"260711_원의 성질(10).pdf","100","원에 내접하는 사각형의 성질(1)","29","YES","원에 내접하는 사각형의 성질(1)"
"260711_원의 성질(10).pdf","101","원에 내접하는 사각형의 성질(1)","29","YES","원에 내접하는 사각형의 성질(1)"
"260711_원의 성질(10).pdf","102","원에 내접하는 사각형의 성질(1)","29","YES","원에 내접하는 사각형의 성질(1)"
"260711_원의 성질(10).pdf","103","원에 내접하는 사각형의 성질(1)","29","YES","원에 내접하는 사각형의 성질(1)"
"260711_원의 성질(10).pdf","104","원에 내접하는 사각형의 성질(1)","29","YES","원에 내접하는 사각형의 성질(1)"
"260711_원의 성질(10).pdf","105","원에 내접하는 사각형의 성질(1)","29","YES","원에 내접하는 사각형의 성질(1)"
"260711_원의 성질(10).pdf","106","원에 내접하는 사각형의 성질(1)","29","YES","원에 내접하는 사각형의 성질(1)"
"260711_원의 성질(10).pdf","107","원에 내접하는 사각형의 성질(2)","30","YES","원에 내접하는 사각형의 성질(2)"
"260711_원의 성질(10).pdf","108","원에 내접하는 사각형의 성질(2)","30","YES","원에 내접하는 사각형의 성질(2)"
"260711_원의 성질(10).pdf","109","원에 내접하는 사각형의 성질(2)","30","YES","원에 내접하는 사각형의 성질(2)"
"260711_원의 성질(10).pdf","110","원에 내접하는 사각형의 성질(2)","30","YES","원에 내접하는 사각형의 성질(2)"
"260711_원의 성질(10).pdf","111","원에 내접하는 사각형의 성질(2)","30","YES","원에 내접하는 사각형의 성질(2)"
"260711_원의 성질(10).pdf","112","원에 내접하는 사각형의 성질(2)","30","YES","원에 내접하는 사각형의 성질(2)"
"260711_원의 성질(10).pdf","113","원에 내접하는 사각형의 성질(2)","30","YES","원에 내접하는 사각형의 성질(2)"
"260711_원의 성질(10).pdf","114","원에 내접하는 다각형","32","YES","원에 내접하는 다각형"
"260711_원의 성질(10).pdf","115","원에 내접하는 다각형","32","YES","원에 내접하는 다각형"
"260711_원의 성질(10).pdf","116","원에 내접하는 다각형","32","YES","원에 내접하는 다각형"
"260711_원의 성질(10).pdf","117","원에 내접하는 다각형","32","YES","원에 내접하는 다각형"
"260711_원의 성질(10).pdf","118","원에 내접하는 다각형","32","YES","원에 내접하는 다각형"
"260711_원의 성질(10).pdf","119","원에 내접하는 다각형","32","YES","원에 내접하는 다각형"
"260711_원의 성질(10).pdf","120","두 원에서 내접하는 사각형의 성질의 활용","33","YES","두 원에서 내접하는 사각형의 성질의 활용"
"260711_원의 성질(10).pdf","121","두 원에서 내접하는 사각형의 성질의 활용","33","YES","두 원에서 내접하는 사각형의 성질의 활용"
"260711_원의 성질(10).pdf","122","두 원에서 내접하는 사각형의 성질의 활용","33","YES","두 원에서 내접하는 사각형의 성질의 활용"
"260711_원의 성질(10).pdf","123","접선과 현이 이루는 각; 원주각","36","YES","접선과 현이 이루는 각; 원주각"
"260711_원의 성질(10).pdf","124","접선과 현이 이루는 각; 원주각","36","YES","접선과 현이 이루는 각; 원주각"
"260711_원의 성질(10).pdf","125","접선과 현이 이루는 각; 원주각","36","YES","접선과 현이 이루는 각; 원주각"
"260711_원의 성질(10).pdf","126","접선과 현이 이루는 각; 원주각","36","YES","접선과 현이 이루는 각; 원주각"
"260711_원의 성질(10).pdf","127","접선과 현이 이루는 각; 원주각","36","YES","접선과 현이 이루는 각; 원주각"
"260711_원의 성질(10).pdf","128","접선과 현이 이루는 각; 원주각","36","YES","접선과 현이 이루는 각; 원주각"
"260711_원의 성질(10).pdf","129","접선과 현이 이루는 각; 원주각","36","YES","접선과 현이 이루는 각; 원주각"
"260711_원의 성질(10).pdf","130","접선과 현이 이루는 각의 활용(1); 현이 중심을 지나지 않는 경우","38","YES","접선과 현이 이루는 각의 활용(1); 현이 중심을 지나지 않는 경우"
"260711_원의 성질(10).pdf","131","접선과 현이 이루는 각의 활용(1); 현이 중심을 지나지 않는 경우","38","YES","접선과 현이 이루는 각의 활용(1); 현이 중심을 지나지 않는 경우"
"260711_원의 성질(10).pdf","132","접선과 현이 이루는 각의 활용(1); 현이 중심을 지나지 않는 경우","38","YES","접선과 현이 이루는 각의 활용(1); 현이 중심을 지나지 않는 경우"
"260711_원의 성질(10).pdf","133","접선과 현이 이루는 각의 활용(1); 현이 중심을 지나지 않는 경우","38","YES","접선과 현이 이루는 각의 활용(1); 현이 중심을 지나지 않는 경우"
"260711_원의 성질(10).pdf","134","접선과 현이 이루는 각의 활용(1); 현이 중심을 지나지 않는 경우","38","YES","접선과 현이 이루는 각의 활용(1); 현이 중심을 지나지 않는 경우"
"260711_원의 성질(10).pdf","135","접선과 현이 이루는 각의 활용(1); 현이 중심을 지나지 않는 경우","38","YES","접선과 현이 이루는 각의 활용(1); 현이 중심을 지나지 않는 경우"
"260711_원의 성질(10).pdf","136","접선과 현이 이루는 각의 활용(1); 현이 중심을 지나지 않는 경우","38","YES","접선과 현이 이루는 각의 활용(1); 현이 중심을 지나지 않는 경우"
"260711_원의 성질(10).pdf","137","접선과 현이 이루는 각의 활용(1); 현이 중심을 지나지 않는 경우","38","YES","접선과 현이 이루는 각의 활용(1); 현이 중심을 지나지 않는 경우"
"260711_원의 성질(10).pdf","138","접선과 현이 이루는 각의 활용(1); 현이 중심을 지나지 않는 경우","38","YES","접선과 현이 이루는 각의 활용(1); 현이 중심을 지나지 않는 경우"
"260711_원의 성질(10).pdf","139","접선과 현이 이루는 각의 활용(1); 현이 중심을 지나지 않는 경우","38","YES","접선과 현이 이루는 각의 활용(1); 현이 중심을 지나지 않는 경우"
"260711_원의 성질(10).pdf","140","접선과 현이 이루는 각의 활용(2); 현이 중심을 지나는 경우","39","YES","접선과 현이 이루는 각의 활용(2); 현이 중심을 지나는 경우"
"260711_원의 성질(10).pdf","141","접선과 현이 이루는 각의 활용(2); 현이 중심을 지나는 경우","39","YES","접선과 현이 이루는 각의 활용(2); 현이 중심을 지나는 경우"
"260711_원의 성질(10).pdf","142","접선과 현이 이루는 각의 활용(2); 현이 중심을 지나는 경우","39","YES","접선과 현이 이루는 각의 활용(2); 현이 중심을 지나는 경우"
"260711_원의 성질(10).pdf","143","접선과 현이 이루는 각의 활용(2); 현이 중심을 지나는 경우","39","YES","접선과 현이 이루는 각의 활용(2); 현이 중심을 지나는 경우"
"260711_원의 성질(10).pdf","144","접선과 현이 이루는 각의 활용(2); 현이 중심을 지나는 경우","39","YES","접선과 현이 이루는 각의 활용(2); 현이 중심을 지나는 경우"
"260711_원의 성질(10).pdf","145","접선과 현이 이루는 각의 활용(2); 현이 중심을 지나는 경우","39","YES","접선과 현이 이루는 각의 활용(2); 현이 중심을 지나는 경우"
"260711_원의 성질(10).pdf","146","접선과 현이 이루는 각의 활용(2); 현이 중심을 지나는 경우","39","YES","접선과 현이 이루는 각의 활용(2); 현이 중심을 지나는 경우"
"260711_원의 성질(10).pdf","147","접선과 현이 이루는 각의 활용(2); 현이 중심을 지나는 경우","39","YES","접선과 현이 이루는 각의 활용(2); 현이 중심을 지나는 경우"
"260711_원의 성질(10).pdf","148","접선과 현이 이루는 각의 활용(3); 한 점에서 원에 그은 두 접선","40","YES","접선과 현이 이루는 각의 활용(3); 한 점에서 원에 그은 두 접선"
"260711_원의 성질(10).pdf","149","접선과 현이 이루는 각의 활용(3); 한 점에서 원에 그은 두 접선","40","YES","접선과 현이 이루는 각의 활용(3); 한 점에서 원에 그은 두 접선"
"260711_원의 성질(10).pdf","150","접선과 현이 이루는 각의 활용(3); 한 점에서 원에 그은 두 접선","40","YES","접선과 현이 이루는 각의 활용(3); 한 점에서 원에 그은 두 접선"
"260711_원의 성질(11).pdf","001","원의 중심과 현의 수직이등분선(1)","1","YES","원의 중심과 현의 수직이등분선(1)"
"260711_원의 성질(11).pdf","002","원의 중심과 현의 수직이등분선(1)","1","YES","원의 중심과 현의 수직이등분선(1)"
"260711_원의 성질(11).pdf","003","현의 길이(1); 중심에서 같은 거리의 두 현","5","YES","현의 길이(1); 중심에서 같은 거리의 두 현"
"260711_원의 성질(11).pdf","004","반원에서의 접선","","NO",""
"260711_원의 성질(11).pdf","005","반원에서의 접선","","NO",""
"260711_원의 성질(11).pdf","006","반원에서의 접선","","NO",""
"260711_원의 성질(11).pdf","007","반원에서의 접선","","NO",""
"260711_원의 성질(11).pdf","008","반원에서의 접선","","NO",""
"260711_원의 성질(11).pdf","009","반원에서의 접선","","NO",""
"260711_원의 성질(11).pdf","010","반원에서의 접선","","NO",""
"260711_원의 성질(11).pdf","011","반원에서의 접선","","NO",""
"260711_원의 성질(11).pdf","012","반원에서의 접선","","NO",""
"260711_원의 성질(11).pdf","013","반원에서의 접선","","NO",""
"260711_원의 성질(11).pdf","014","삼각형의 내접원","12","YES","삼각형의 내접원"
"260711_원의 성질(11).pdf","015","삼각형의 내접원","12","YES","삼각형의 내접원"
"260711_원의 성질(11).pdf","016","삼각형의 내접원","12","YES","삼각형의 내접원"
"260711_원의 성질(11).pdf","017","원에 외접하는 사각형의 성질의 활용(1); 직사각형","16","YES","원에 외접하는 사각형의 성질의 활용(1); 직사각형"
"260711_원의 성질(11).pdf","018","원에 외접하는 사각형의 성질의 활용(1); 직사각형","16","YES","원에 외접하는 사각형의 성질의 활용(1); 직사각형"
"260711_원의 성질(11).pdf","019","원에 외접하는 사각형의 성질의 활용(1); 직사각형","16","YES","원에 외접하는 사각형의 성질의 활용(1); 직사각형"
"260711_원의 성질(11).pdf","020","원에 외접하는 사각형의 성질의 활용(1); 직사각형","16","YES","원에 외접하는 사각형의 성질의 활용(1); 직사각형"
"260711_원의 성질(11).pdf","021","원에 외접하는 사각형의 성질의 활용(1); 직사각형","16","YES","원에 외접하는 사각형의 성질의 활용(1); 직사각형"
"260711_원의 성질(11).pdf","022","원에 외접하는 사각형의 성질의 활용(1); 직사각형","16","YES","원에 외접하는 사각형의 성질의 활용(1); 직사각형"
"260711_원의 성질(11).pdf","023","원에 외접하는 사각형의 성질의 활용(1); 직사각형","16","YES","원에 외접하는 사각형의 성질의 활용(1); 직사각형"
"260711_원의 성질(11).pdf","024","원에 외접하는 사각형의 성질의 활용(1); 직사각형","16","YES","원에 외접하는 사각형의 성질의 활용(1); 직사각형"
"260711_원의 성질(11).pdf","025","원에 외접하는 사각형의 성질의 활용(1); 직사각형","16","YES","원에 외접하는 사각형의 성질의 활용(1); 직사각형"
"260711_원의 성질(11).pdf","026","원주각과 중심각의 크기(1)","18","YES","원주각과 중심각의 크기(1)"
"260711_원의 성질(11).pdf","027","원주각과 중심각의 크기(1)","18","YES","원주각과 중심각의 크기(1)"
"260711_원의 성질(11).pdf","028","원주각과 중심각의 크기(1)","18","YES","원주각과 중심각의 크기(1)"
"260711_원의 성질(11).pdf","029","원주각과 중심각의 크기(1)","18","YES","원주각과 중심각의 크기(1)"
"260711_원의 성질(11).pdf","030","원주각과 중심각의 크기(1)","18","YES","원주각과 중심각의 크기(1)"
"260711_원의 성질(11).pdf","031","원주각과 중심각의 크기(1)","18","YES","원주각과 중심각의 크기(1)"
"260711_원의 성질(11).pdf","032","원주각과 중심각의 크기(1)","18","YES","원주각과 중심각의 크기(1)"
"260711_원의 성질(11).pdf","033","원주각과 중심각의 크기(1)","18","YES","원주각과 중심각의 크기(1)"
"260711_원의 성질(11).pdf","034","원주각과 중심각의 크기(1)","18","YES","원주각과 중심각의 크기(1)"
"260711_원의 성질(11).pdf","035","원주각의 성질(1); 한 호","21","YES","원주각의 성질(1); 한 호"
"260711_원의 성질(11).pdf","036","원주각의 성질(1); 한 호","21","YES","원주각의 성질(1); 한 호"
"260711_원의 성질(11).pdf","037","원주각의 성질(1); 한 호","21","YES","원주각의 성질(1); 한 호"
"260711_원의 성질(11).pdf","038","원주각의 성질(1); 한 호","21","YES","원주각의 성질(1); 한 호"
"260711_원의 성질(11).pdf","039","원주각의 성질(1); 한 호","21","YES","원주각의 성질(1); 한 호"
"260711_원의 성질(11).pdf","040","원주각의 성질(1); 한 호","21","YES","원주각의 성질(1); 한 호"
"260711_원의 성질(11).pdf","041","원주각의 성질(1); 한 호","21","YES","원주각의 성질(1); 한 호"
"260711_원의 성질(11).pdf","042","원주각의 성질(1); 한 호","21","YES","원주각의 성질(1); 한 호"
"260711_원의 성질(11).pdf","043","원주각의 성질(1); 한 호","21","YES","원주각의 성질(1); 한 호"
"260711_원의 성질(11).pdf","044","원주각의 성질(2); 반원","22","YES","원주각의 성질(2); 반원"
"260711_원의 성질(11).pdf","045","원주각의 성질(2); 반원","22","YES","원주각의 성질(2); 반원"
"260711_원의 성질(11).pdf","046","원주각의 성질(2); 반원","22","YES","원주각의 성질(2); 반원"
"260711_원의 성질(11).pdf","047","원주각의 성질(2); 반원","22","YES","원주각의 성질(2); 반원"
"260711_원의 성질(11).pdf","048","원주각의 성질(2); 반원","22","YES","원주각의 성질(2); 반원"
"260711_원의 성질(11).pdf","049","원주각의 성질(2); 반원","22","YES","원주각의 성질(2); 반원"
"260711_원의 성질(11).pdf","050","원주각의 성질(2); 반원","22","YES","원주각의 성질(2); 반원"
"260711_원의 성질(11).pdf","051","원주각의 성질(2); 반원","22","YES","원주각의 성질(2); 반원"
"260711_원의 성질(11).pdf","052","원주각의 성질(2); 반원","22","YES","원주각의 성질(2); 반원"
"260711_원의 성질(11).pdf","053","원주각과 삼각비의 값(2); 선분의 길이, 넓이","24","YES","원주각과 삼각비의 값(2); 선분의 길이, 넓이"
"260711_원의 성질(11).pdf","054","원주각과 삼각비의 값(2); 선분의 길이, 넓이","24","YES","원주각과 삼각비의 값(2); 선분의 길이, 넓이"
"260711_원의 성질(11).pdf","055","원주각과 삼각비의 값(2); 선분의 길이, 넓이","24","YES","원주각과 삼각비의 값(2); 선분의 길이, 넓이"
"260711_원의 성질(11).pdf","056","원주각과 삼각비의 값(2); 선분의 길이, 넓이","24","YES","원주각과 삼각비의 값(2); 선분의 길이, 넓이"
"260711_원의 성질(11).pdf","057","원주각과 삼각비의 값(2); 선분의 길이, 넓이","24","YES","원주각과 삼각비의 값(2); 선분의 길이, 넓이"
"260711_원의 성질(11).pdf","058","원주각의 크기와 호의 길이(1)","25","YES","원주각의 크기와 호의 길이(1)"
"260711_원의 성질(11).pdf","059","원주각의 크기와 호의 길이(1)","25","YES","원주각의 크기와 호의 길이(1)"
"260711_원의 성질(11).pdf","060","원주각의 크기와 호의 길이(1)","25","YES","원주각의 크기와 호의 길이(1)"
"260711_원의 성질(11).pdf","061","원주각의 크기와 호의 길이(1)","25","YES","원주각의 크기와 호의 길이(1)"
"260711_원의 성질(11).pdf","062","원주각의 크기와 호의 길이(1)","25","YES","원주각의 크기와 호의 길이(1)"
"260711_원의 성질(11).pdf","063","원주각의 크기와 호의 길이(2)","26","YES","원주각의 크기와 호의 길이(2)"
"260711_원의 성질(11).pdf","064","원주각의 크기와 호의 길이(2)","26","YES","원주각의 크기와 호의 길이(2)"
"260711_원의 성질(11).pdf","065","원주각의 크기와 호의 길이(2)","26","YES","원주각의 크기와 호의 길이(2)"
"260711_원의 성질(11).pdf","066","원주각의 크기와 호의 길이(2)","26","YES","원주각의 크기와 호의 길이(2)"
"260711_원의 성질(11).pdf","067","원주각의 크기와 호의 길이(2)","26","YES","원주각의 크기와 호의 길이(2)"
"260711_원의 성질(11).pdf","068","원주각의 크기와 호의 길이(2)","26","YES","원주각의 크기와 호의 길이(2)"
"260711_원의 성질(11).pdf","069","원주각의 크기와 호의 길이(2)","26","YES","원주각의 크기와 호의 길이(2)"
"260711_원의 성질(11).pdf","070","원주각의 크기와 호의 길이(2)","26","YES","원주각의 크기와 호의 길이(2)"
"260711_원의 성질(11).pdf","071","원주각의 크기와 호의 길이(2)","26","YES","원주각의 크기와 호의 길이(2)"
"260711_원의 성질(11).pdf","072","원주각의 크기와 호의 길이(2)","26","YES","원주각의 크기와 호의 길이(2)"
"260711_원의 성질(11).pdf","073","원주각의 크기와 호의 길이(2)","26","YES","원주각의 크기와 호의 길이(2)"
"260711_원의 성질(11).pdf","074","원주각의 크기와 호의 길이(2)","26","YES","원주각의 크기와 호의 길이(2)"
"260711_원의 성질(11).pdf","075","원주각의 크기와 호의 길이(2)","26","YES","원주각의 크기와 호의 길이(2)"
"260711_원의 성질(11).pdf","076","원주각의 크기와 호의 길이(2)","26","YES","원주각의 크기와 호의 길이(2)"
"260711_원의 성질(11).pdf","077","원주각의 크기와 호의 길이(2)","26","YES","원주각의 크기와 호의 길이(2)"
"260711_원의 성질(11).pdf","078","원주각의 크기와 호의 길이(2)","26","YES","원주각의 크기와 호의 길이(2)"
"260711_원의 성질(11).pdf","079","원주각의 크기와 호의 길이(3)","27","YES","원주각의 크기와 호의 길이(3)"
"260711_원의 성질(11).pdf","080","원주각의 크기와 호의 길이(3)","27","YES","원주각의 크기와 호의 길이(3)"
"260711_원의 성질(11).pdf","081","원주각의 크기와 호의 길이(3)","27","YES","원주각의 크기와 호의 길이(3)"
"260711_원의 성질(11).pdf","082","원주각의 크기와 호의 길이(3)","27","YES","원주각의 크기와 호의 길이(3)"
"260711_원의 성질(11).pdf","083","원주각의 크기와 호의 길이(3)","27","YES","원주각의 크기와 호의 길이(3)"
"260711_원의 성질(11).pdf","084","원주각의 크기와 호의 길이(3)","27","YES","원주각의 크기와 호의 길이(3)"
"260711_원의 성질(11).pdf","085","원주각의 크기와 호의 길이(3)","27","YES","원주각의 크기와 호의 길이(3)"
"260711_원의 성질(11).pdf","086","원주각의 크기와 호의 길이(3)","27","YES","원주각의 크기와 호의 길이(3)"
"260711_원의 성질(11).pdf","087","원주각의 크기와 호의 길이(3)","27","YES","원주각의 크기와 호의 길이(3)"
"260711_원의 성질(11).pdf","088","네 점이 한 원에 있기 위한 조건","28","YES","네 점이 한 원에 있기 위한 조건"
"260711_원의 성질(11).pdf","089","네 점이 한 원에 있기 위한 조건","28","YES","네 점이 한 원에 있기 위한 조건"
"260711_원의 성질(11).pdf","090","네 점이 한 원에 있기 위한 조건","28","YES","네 점이 한 원에 있기 위한 조건"
"260711_원의 성질(11).pdf","091","네 점이 한 원에 있기 위한 조건","28","YES","네 점이 한 원에 있기 위한 조건"
"260711_원의 성질(11).pdf","092","네 점이 한 원에 있기 위한 조건","28","YES","네 점이 한 원에 있기 위한 조건"
"260711_원의 성질(11).pdf","093","네 점이 한 원에 있기 위한 조건","28","YES","네 점이 한 원에 있기 위한 조건"
"260711_원의 성질(11).pdf","094","네 점이 한 원에 있기 위한 조건","28","YES","네 점이 한 원에 있기 위한 조건"
"260711_원의 성질(11).pdf","095","네 점이 한 원에 있기 위한 조건","28","YES","네 점이 한 원에 있기 위한 조건"
"260711_원의 성질(11).pdf","096","네 점이 한 원에 있기 위한 조건","28","YES","네 점이 한 원에 있기 위한 조건"
"260711_원의 성질(11).pdf","097","원에 내접하는 사각형의 성질(1)","29","YES","원에 내접하는 사각형의 성질(1)"
"260711_원의 성질(11).pdf","098","원에 내접하는 사각형의 성질(1)","29","YES","원에 내접하는 사각형의 성질(1)"
"260711_원의 성질(11).pdf","099","원에 내접하는 사각형의 성질(1)","29","YES","원에 내접하는 사각형의 성질(1)"
"260711_원의 성질(11).pdf","100","원에 내접하는 사각형의 성질(1)","29","YES","원에 내접하는 사각형의 성질(1)"
"260711_원의 성질(11).pdf","101","원에 내접하는 사각형의 성질(1)","29","YES","원에 내접하는 사각형의 성질(1)"
"260711_원의 성질(11).pdf","102","원에 내접하는 사각형의 성질(1)","29","YES","원에 내접하는 사각형의 성질(1)"
"260711_원의 성질(11).pdf","103","원에 내접하는 사각형의 성질(1)","29","YES","원에 내접하는 사각형의 성질(1)"
"260711_원의 성질(11).pdf","104","원에 내접하는 사각형의 성질(1)","29","YES","원에 내접하는 사각형의 성질(1)"
"260711_원의 성질(11).pdf","105","원에 내접하는 사각형의 성질(1)","29","YES","원에 내접하는 사각형의 성질(1)"
"260711_원의 성질(11).pdf","106","원에 내접하는 사각형의 성질(1)","29","YES","원에 내접하는 사각형의 성질(1)"
"260711_원의 성질(11).pdf","107","원에 내접하는 사각형의 성질(1)","29","YES","원에 내접하는 사각형의 성질(1)"
"260711_원의 성질(11).pdf","108","원에 내접하는 사각형의 성질(1)","29","YES","원에 내접하는 사각형의 성질(1)"
"260711_원의 성질(11).pdf","109","원에 내접하는 사각형의 성질(2)","30","YES","원에 내접하는 사각형의 성질(2)"
"260711_원의 성질(11).pdf","110","원에 내접하는 사각형의 성질(2)","30","YES","원에 내접하는 사각형의 성질(2)"
"260711_원의 성질(11).pdf","111","원에 내접하는 사각형의 성질(2)","30","YES","원에 내접하는 사각형의 성질(2)"
"260711_원의 성질(11).pdf","112","원에 내접하는 사각형의 성질(2)","30","YES","원에 내접하는 사각형의 성질(2)"
"260711_원의 성질(11).pdf","113","원에 내접하는 사각형의 성질(2)","30","YES","원에 내접하는 사각형의 성질(2)"
"260711_원의 성질(11).pdf","114","원에 내접하는 사각형의 성질(2)","30","YES","원에 내접하는 사각형의 성질(2)"
"260711_원의 성질(11).pdf","115","원에 내접하는 사각형의 성질(2)","30","YES","원에 내접하는 사각형의 성질(2)"
"260711_원의 성질(11).pdf","116","원에 내접하는 사각형의 성질(2)","30","YES","원에 내접하는 사각형의 성질(2)"
"260711_원의 성질(11).pdf","117","원에 내접하는 사각형의 성질(2)","30","YES","원에 내접하는 사각형의 성질(2)"
"260711_원의 성질(11).pdf","118","원에 내접하는 사각형의 성질(2)","30","YES","원에 내접하는 사각형의 성질(2)"
"260711_원의 성질(11).pdf","119","원에 내접하는 사각형의 성질(2)","30","YES","원에 내접하는 사각형의 성질(2)"
"260711_원의 성질(11).pdf","120","원에 내접하는 사각형의 성질(2)","30","YES","원에 내접하는 사각형의 성질(2)"
"260711_원의 성질(11).pdf","121","원에 내접하는 사각형의 성질(2)","30","YES","원에 내접하는 사각형의 성질(2)"
"260711_원의 성질(11).pdf","122","원에 내접하는 사각형의 성질(2)","30","YES","원에 내접하는 사각형의 성질(2)"
"260711_원의 성질(11).pdf","123","원에 내접하는 사각형의 성질(2)","30","YES","원에 내접하는 사각형의 성질(2)"
"260711_원의 성질(11).pdf","124","접선과 현이 이루는 각; 원주각","36","YES","접선과 현이 이루는 각; 원주각"
"260711_원의 성질(11).pdf","125","접선과 현이 이루는 각; 원주각","36","YES","접선과 현이 이루는 각; 원주각"
"260711_원의 성질(11).pdf","126","접선과 현이 이루는 각; 원주각","36","YES","접선과 현이 이루는 각; 원주각"
"260711_원의 성질(11).pdf","127","접선과 현이 이루는 각; 원주각","36","YES","접선과 현이 이루는 각; 원주각"
"260711_원의 성질(11).pdf","128","접선과 현이 이루는 각; 원주각","36","YES","접선과 현이 이루는 각; 원주각"
"260711_원의 성질(11).pdf","129","접선과 현이 이루는 각; 원주각","36","YES","접선과 현이 이루는 각; 원주각"
"260711_원의 성질(11).pdf","130","접선과 현이 이루는 각; 원주각","36","YES","접선과 현이 이루는 각; 원주각"
"260711_원의 성질(11).pdf","131","접선과 현이 이루는 각; 원주각","36","YES","접선과 현이 이루는 각; 원주각"
"260711_원의 성질(11).pdf","132","접선과 현이 이루는 각; 원주각","36","YES","접선과 현이 이루는 각; 원주각"
"260711_원의 성질(11).pdf","133","접선과 현이 이루는 각의 활용(1); 현이 중심을 지나지 않는 경우","38","YES","접선과 현이 이루는 각의 활용(1); 현이 중심을 지나지 않는 경우"
"260711_원의 성질(11).pdf","134","접선과 현이 이루는 각의 활용(1); 현이 중심을 지나지 않는 경우","38","YES","접선과 현이 이루는 각의 활용(1); 현이 중심을 지나지 않는 경우"
"260711_원의 성질(11).pdf","135","접선과 현이 이루는 각의 활용(1); 현이 중심을 지나지 않는 경우","38","YES","접선과 현이 이루는 각의 활용(1); 현이 중심을 지나지 않는 경우"
"260711_원의 성질(11).pdf","136","접선과 현이 이루는 각의 활용(1); 현이 중심을 지나지 않는 경우","38","YES","접선과 현이 이루는 각의 활용(1); 현이 중심을 지나지 않는 경우"
"260711_원의 성질(11).pdf","137","접선과 현이 이루는 각의 활용(1); 현이 중심을 지나지 않는 경우","38","YES","접선과 현이 이루는 각의 활용(1); 현이 중심을 지나지 않는 경우"
"260711_원의 성질(11).pdf","138","접선과 현이 이루는 각의 활용(1); 현이 중심을 지나지 않는 경우","38","YES","접선과 현이 이루는 각의 활용(1); 현이 중심을 지나지 않는 경우"
"260711_원의 성질(11).pdf","139","접선과 현이 이루는 각의 활용(1); 현이 중심을 지나지 않는 경우","38","YES","접선과 현이 이루는 각의 활용(1); 현이 중심을 지나지 않는 경우"
"260711_원의 성질(11).pdf","140","접선과 현이 이루는 각의 활용(1); 현이 중심을 지나지 않는 경우","38","YES","접선과 현이 이루는 각의 활용(1); 현이 중심을 지나지 않는 경우"
"260711_원의 성질(11).pdf","141","접선과 현이 이루는 각의 활용(1); 현이 중심을 지나지 않는 경우","38","YES","접선과 현이 이루는 각의 활용(1); 현이 중심을 지나지 않는 경우"
"260711_원의 성질(11).pdf","142","접선과 현이 이루는 각의 활용(2); 현이 중심을 지나는 경우","39","YES","접선과 현이 이루는 각의 활용(2); 현이 중심을 지나는 경우"
"260711_원의 성질(11).pdf","143","접선과 현이 이루는 각의 활용(2); 현이 중심을 지나는 경우","39","YES","접선과 현이 이루는 각의 활용(2); 현이 중심을 지나는 경우"
"260711_원의 성질(11).pdf","144","접선과 현이 이루는 각의 활용(2); 현이 중심을 지나는 경우","39","YES","접선과 현이 이루는 각의 활용(2); 현이 중심을 지나는 경우"
"260711_원의 성질(11).pdf","145","접선과 현이 이루는 각의 활용(2); 현이 중심을 지나는 경우","39","YES","접선과 현이 이루는 각의 활용(2); 현이 중심을 지나는 경우"
"260711_원의 성질(11).pdf","146","접선과 현이 이루는 각의 활용(2); 현이 중심을 지나는 경우","39","YES","접선과 현이 이루는 각의 활용(2); 현이 중심을 지나는 경우"
"260711_원의 성질(11).pdf","147","접선과 현이 이루는 각의 활용(2); 현이 중심을 지나는 경우","39","YES","접선과 현이 이루는 각의 활용(2); 현이 중심을 지나는 경우"
"260711_원의 성질(11).pdf","148","접선과 현이 이루는 각의 활용(2); 현이 중심을 지나는 경우","39","YES","접선과 현이 이루는 각의 활용(2); 현이 중심을 지나는 경우"
"260711_원의 성질(11).pdf","149","접선과 현이 이루는 각의 활용(2); 현이 중심을 지나는 경우","39","YES","접선과 현이 이루는 각의 활용(2); 현이 중심을 지나는 경우"
"260711_원의 성질(11).pdf","150","접선과 현이 이루는 각의 활용(2); 현이 중심을 지나는 경우","39","YES","접선과 현이 이루는 각의 활용(2); 현이 중심을 지나는 경우"
"260711_원의 성질(12).pdf","001","반원에서의 접선","","NO",""
"260711_원의 성질(12).pdf","002","반원에서의 접선","","NO",""
"260711_원의 성질(12).pdf","003","반원에서의 접선","","NO",""
"260711_원의 성질(12).pdf","004","반원에서의 접선","","NO",""
"260711_원의 성질(12).pdf","005","반원에서의 접선","","NO",""
"260711_원의 성질(12).pdf","006","반원에서의 접선","","NO",""
"260711_원의 성질(12).pdf","007","반원에서의 접선","","NO",""
"260711_원의 성질(12).pdf","008","반원에서의 접선","","NO",""
"260711_원의 성질(12).pdf","009","반원에서의 접선","","NO",""
"260711_원의 성질(12).pdf","010","반원에서의 접선","","NO",""
"260711_원의 성질(12).pdf","011","반원에서의 접선","","NO",""
"260711_원의 성질(12).pdf","012","반원에서의 접선","","NO",""
"260711_원의 성질(12).pdf","013","원에 외접하는 사각형의 성질의 활용(1); 직사각형","16","YES","원에 외접하는 사각형의 성질의 활용(1); 직사각형"
"260711_원의 성질(12).pdf","014","원에 외접하는 사각형의 성질의 활용(1); 직사각형","16","YES","원에 외접하는 사각형의 성질의 활용(1); 직사각형"
"260711_원의 성질(12).pdf","015","원에 외접하는 사각형의 성질의 활용(1); 직사각형","16","YES","원에 외접하는 사각형의 성질의 활용(1); 직사각형"
"260711_원의 성질(12).pdf","016","원에 외접하는 사각형의 성질의 활용(1); 직사각형","16","YES","원에 외접하는 사각형의 성질의 활용(1); 직사각형"
"260711_원의 성질(12).pdf","017","원주각과 중심각의 크기(1)","18","YES","원주각과 중심각의 크기(1)"
"260711_원의 성질(12).pdf","018","원주각과 중심각의 크기(1)","18","YES","원주각과 중심각의 크기(1)"
"260711_원의 성질(12).pdf","019","원주각과 중심각의 크기(1)","18","YES","원주각과 중심각의 크기(1)"
"260711_원의 성질(12).pdf","020","원주각과 중심각의 크기(1)","18","YES","원주각과 중심각의 크기(1)"
"260711_원의 성질(12).pdf","021","원주각과 중심각의 크기(1)","18","YES","원주각과 중심각의 크기(1)"
"260711_원의 성질(12).pdf","022","원주각과 중심각의 크기(1)","18","YES","원주각과 중심각의 크기(1)"
"260711_원의 성질(12).pdf","023","원주각과 중심각의 크기(1)","18","YES","원주각과 중심각의 크기(1)"
"260711_원의 성질(12).pdf","024","원주각과 중심각의 크기(1)","18","YES","원주각과 중심각의 크기(1)"
"260711_원의 성질(12).pdf","025","원주각과 중심각의 크기(1)","18","YES","원주각과 중심각의 크기(1)"
"260711_원의 성질(12).pdf","026","원주각과 중심각의 크기(1)","18","YES","원주각과 중심각의 크기(1)"
"260711_원의 성질(12).pdf","027","원주각과 중심각의 크기(1)","18","YES","원주각과 중심각의 크기(1)"
"260711_원의 성질(12).pdf","028","원주각과 중심각의 크기(1)","18","YES","원주각과 중심각의 크기(1)"
"260711_원의 성질(12).pdf","029","원주각과 중심각의 크기(1)","18","YES","원주각과 중심각의 크기(1)"
"260711_원의 성질(12).pdf","030","원주각과 중심각의 크기(1)","18","YES","원주각과 중심각의 크기(1)"
"260711_원의 성질(12).pdf","031","원주각의 성질(1); 한 호","21","YES","원주각의 성질(1); 한 호"
"260711_원의 성질(12).pdf","032","원주각의 성질(1); 한 호","21","YES","원주각의 성질(1); 한 호"
"260711_원의 성질(12).pdf","033","원주각의 성질(1); 한 호","21","YES","원주각의 성질(1); 한 호"
"260711_원의 성질(12).pdf","034","원주각의 성질(1); 한 호","21","YES","원주각의 성질(1); 한 호"
"260711_원의 성질(12).pdf","035","원주각의 성질(1); 한 호","21","YES","원주각의 성질(1); 한 호"
"260711_원의 성질(12).pdf","036","원주각의 성질(1); 한 호","21","YES","원주각의 성질(1); 한 호"
"260711_원의 성질(12).pdf","037","원주각의 성질(1); 한 호","21","YES","원주각의 성질(1); 한 호"
"260711_원의 성질(12).pdf","038","원주각의 성질(1); 한 호","21","YES","원주각의 성질(1); 한 호"
"260711_원의 성질(12).pdf","039","원주각의 성질(1); 한 호","21","YES","원주각의 성질(1); 한 호"
"260711_원의 성질(12).pdf","040","원주각의 성질(1); 한 호","21","YES","원주각의 성질(1); 한 호"
"260711_원의 성질(12).pdf","041","원주각의 성질(1); 한 호","21","YES","원주각의 성질(1); 한 호"
"260711_원의 성질(12).pdf","042","원주각의 성질(1); 한 호","21","YES","원주각의 성질(1); 한 호"
"260711_원의 성질(12).pdf","043","원주각의 성질(2); 반원","22","YES","원주각의 성질(2); 반원"
"260711_원의 성질(12).pdf","044","원주각의 성질(2); 반원","22","YES","원주각의 성질(2); 반원"
"260711_원의 성질(12).pdf","045","원주각의 성질(2); 반원","22","YES","원주각의 성질(2); 반원"
"260711_원의 성질(12).pdf","046","원주각의 성질(2); 반원","22","YES","원주각의 성질(2); 반원"
"260711_원의 성질(12).pdf","047","원주각의 성질(2); 반원","22","YES","원주각의 성질(2); 반원"
"260711_원의 성질(12).pdf","048","원주각의 성질(2); 반원","22","YES","원주각의 성질(2); 반원"
"260711_원의 성질(12).pdf","049","원주각의 성질(2); 반원","22","YES","원주각의 성질(2); 반원"
"260711_원의 성질(12).pdf","050","원주각의 성질(2); 반원","22","YES","원주각의 성질(2); 반원"
"260711_원의 성질(12).pdf","051","원주각의 성질(2); 반원","22","YES","원주각의 성질(2); 반원"
"260711_원의 성질(12).pdf","052","원주각의 성질(2); 반원","22","YES","원주각의 성질(2); 반원"
"260711_원의 성질(12).pdf","053","원주각의 성질(2); 반원","22","YES","원주각의 성질(2); 반원"
"260711_원의 성질(12).pdf","054","원주각의 성질(2); 반원","22","YES","원주각의 성질(2); 반원"
"260711_원의 성질(12).pdf","055","원주각의 성질(2); 반원","22","YES","원주각의 성질(2); 반원"
"260711_원의 성질(12).pdf","056","원주각의 성질(2); 반원","22","YES","원주각의 성질(2); 반원"
"260711_원의 성질(12).pdf","057","원주각의 크기와 호의 길이(2)","26","YES","원주각의 크기와 호의 길이(2)"
"260711_원의 성질(12).pdf","058","원주각의 크기와 호의 길이(2)","26","YES","원주각의 크기와 호의 길이(2)"
"260711_원의 성질(12).pdf","059","원주각의 크기와 호의 길이(2)","26","YES","원주각의 크기와 호의 길이(2)"
"260711_원의 성질(12).pdf","060","원주각의 크기와 호의 길이(2)","26","YES","원주각의 크기와 호의 길이(2)"
"260711_원의 성질(12).pdf","061","원주각의 크기와 호의 길이(2)","26","YES","원주각의 크기와 호의 길이(2)"
"260711_원의 성질(12).pdf","062","원주각의 크기와 호의 길이(2)","26","YES","원주각의 크기와 호의 길이(2)"
"260711_원의 성질(12).pdf","063","원주각의 크기와 호의 길이(2)","26","YES","원주각의 크기와 호의 길이(2)"
"260711_원의 성질(12).pdf","064","원주각의 크기와 호의 길이(2)","26","YES","원주각의 크기와 호의 길이(2)"
"260711_원의 성질(12).pdf","065","원주각의 크기와 호의 길이(2)","26","YES","원주각의 크기와 호의 길이(2)"
"260711_원의 성질(12).pdf","066","원주각의 크기와 호의 길이(2)","26","YES","원주각의 크기와 호의 길이(2)"
"260711_원의 성질(12).pdf","067","원주각의 크기와 호의 길이(2)","26","YES","원주각의 크기와 호의 길이(2)"
"260711_원의 성질(12).pdf","068","원주각의 크기와 호의 길이(2)","26","YES","원주각의 크기와 호의 길이(2)"
"260711_원의 성질(12).pdf","069","원주각의 크기와 호의 길이(3)","27","YES","원주각의 크기와 호의 길이(3)"
"260711_원의 성질(12).pdf","070","원주각의 크기와 호의 길이(3)","27","YES","원주각의 크기와 호의 길이(3)"
"260711_원의 성질(12).pdf","071","원주각의 크기와 호의 길이(3)","27","YES","원주각의 크기와 호의 길이(3)"
"260711_원의 성질(12).pdf","072","원주각의 크기와 호의 길이(3)","27","YES","원주각의 크기와 호의 길이(3)"
"260711_원의 성질(12).pdf","073","원주각의 크기와 호의 길이(3)","27","YES","원주각의 크기와 호의 길이(3)"
"260711_원의 성질(12).pdf","074","원주각의 크기와 호의 길이(3)","27","YES","원주각의 크기와 호의 길이(3)"
"260711_원의 성질(12).pdf","075","원주각의 크기와 호의 길이(3)","27","YES","원주각의 크기와 호의 길이(3)"
"260711_원의 성질(12).pdf","076","원주각의 크기와 호의 길이(3)","27","YES","원주각의 크기와 호의 길이(3)"
"260711_원의 성질(12).pdf","077","원주각의 크기와 호의 길이(3)","27","YES","원주각의 크기와 호의 길이(3)"
"260711_원의 성질(12).pdf","078","원주각의 크기와 호의 길이(3)","27","YES","원주각의 크기와 호의 길이(3)"
"260711_원의 성질(12).pdf","079","원주각의 크기와 호의 길이(3)","27","YES","원주각의 크기와 호의 길이(3)"
"260711_원의 성질(12).pdf","080","원주각의 크기와 호의 길이(3)","27","YES","원주각의 크기와 호의 길이(3)"
"260711_원의 성질(12).pdf","081","네 점이 한 원에 있기 위한 조건","28","YES","네 점이 한 원에 있기 위한 조건"
"260711_원의 성질(12).pdf","082","네 점이 한 원에 있기 위한 조건","28","YES","네 점이 한 원에 있기 위한 조건"
"260711_원의 성질(12).pdf","083","네 점이 한 원에 있기 위한 조건","28","YES","네 점이 한 원에 있기 위한 조건"
"260711_원의 성질(12).pdf","084","네 점이 한 원에 있기 위한 조건","28","YES","네 점이 한 원에 있기 위한 조건"
"260711_원의 성질(12).pdf","085","네 점이 한 원에 있기 위한 조건","28","YES","네 점이 한 원에 있기 위한 조건"
"260711_원의 성질(12).pdf","086","네 점이 한 원에 있기 위한 조건","28","YES","네 점이 한 원에 있기 위한 조건"
"260711_원의 성질(12).pdf","087","네 점이 한 원에 있기 위한 조건","28","YES","네 점이 한 원에 있기 위한 조건"
"260711_원의 성질(12).pdf","088","네 점이 한 원에 있기 위한 조건","28","YES","네 점이 한 원에 있기 위한 조건"
"260711_원의 성질(12).pdf","089","원에 내접하는 사각형의 성질(1)","29","YES","원에 내접하는 사각형의 성질(1)"
"260711_원의 성질(12).pdf","090","원에 내접하는 사각형의 성질(1)","29","YES","원에 내접하는 사각형의 성질(1)"
"260711_원의 성질(12).pdf","091","원에 내접하는 사각형의 성질(1)","29","YES","원에 내접하는 사각형의 성질(1)"
"260711_원의 성질(12).pdf","092","원에 내접하는 사각형의 성질(1)","29","YES","원에 내접하는 사각형의 성질(1)"
"260711_원의 성질(12).pdf","093","원에 내접하는 사각형의 성질(1)","29","YES","원에 내접하는 사각형의 성질(1)"
"260711_원의 성질(12).pdf","094","원에 내접하는 사각형의 성질(1)","29","YES","원에 내접하는 사각형의 성질(1)"
"260711_원의 성질(12).pdf","095","원에 내접하는 사각형의 성질(1)","29","YES","원에 내접하는 사각형의 성질(1)"
"260711_원의 성질(12).pdf","096","원에 내접하는 사각형의 성질(1)","29","YES","원에 내접하는 사각형의 성질(1)"
"260711_원의 성질(12).pdf","097","원에 내접하는 사각형의 성질(1)","29","YES","원에 내접하는 사각형의 성질(1)"
"260711_원의 성질(12).pdf","098","원에 내접하는 사각형의 성질(1)","29","YES","원에 내접하는 사각형의 성질(1)"
"260711_원의 성질(12).pdf","099","원에 내접하는 사각형의 성질(1)","29","YES","원에 내접하는 사각형의 성질(1)"
"260711_원의 성질(12).pdf","100","원에 내접하는 사각형의 성질(1)","29","YES","원에 내접하는 사각형의 성질(1)"
"260711_원의 성질(12).pdf","101","원에 내접하는 사각형의 성질(1)","29","YES","원에 내접하는 사각형의 성질(1)"
"260711_원의 성질(12).pdf","102","원에 내접하는 사각형의 성질(1)","29","YES","원에 내접하는 사각형의 성질(1)"
"260711_원의 성질(12).pdf","103","원에 내접하는 사각형의 성질(1)","29","YES","원에 내접하는 사각형의 성질(1)"
"260711_원의 성질(12).pdf","104","원에 내접하는 사각형의 성질(1)","29","YES","원에 내접하는 사각형의 성질(1)"
"260711_원의 성질(12).pdf","105","원에 내접하는 사각형의 성질(1)","29","YES","원에 내접하는 사각형의 성질(1)"
"260711_원의 성질(12).pdf","106","원에 내접하는 사각형의 성질(1)","29","YES","원에 내접하는 사각형의 성질(1)"
"260711_원의 성질(12).pdf","107","원에 내접하는 사각형의 성질(1)","29","YES","원에 내접하는 사각형의 성질(1)"
"260711_원의 성질(12).pdf","108","원에 내접하는 사각형의 성질(2)","30","YES","원에 내접하는 사각형의 성질(2)"
"260711_원의 성질(12).pdf","109","원에 내접하는 사각형의 성질(2)","30","YES","원에 내접하는 사각형의 성질(2)"
"260711_원의 성질(12).pdf","110","원에 내접하는 사각형의 성질(2)","30","YES","원에 내접하는 사각형의 성질(2)"
"260711_원의 성질(12).pdf","111","원에 내접하는 사각형의 성질(2)","30","YES","원에 내접하는 사각형의 성질(2)"
"260711_원의 성질(12).pdf","112","원에 내접하는 사각형의 성질(2)","30","YES","원에 내접하는 사각형의 성질(2)"
"260711_원의 성질(12).pdf","113","원에 내접하는 사각형의 성질(2)","30","YES","원에 내접하는 사각형의 성질(2)"
"260711_원의 성질(12).pdf","114","원에 내접하는 사각형의 성질(2)","30","YES","원에 내접하는 사각형의 성질(2)"
"260711_원의 성질(12).pdf","115","원에 내접하는 사각형의 성질(2)","30","YES","원에 내접하는 사각형의 성질(2)"
"260711_원의 성질(12).pdf","116","원에 내접하는 사각형의 성질(2)","30","YES","원에 내접하는 사각형의 성질(2)"
"260711_원의 성질(12).pdf","117","원에 내접하는 사각형의 성질(2)","30","YES","원에 내접하는 사각형의 성질(2)"
"260711_원의 성질(12).pdf","118","원에 내접하는 사각형의 성질(2)","30","YES","원에 내접하는 사각형의 성질(2)"
"260711_원의 성질(12).pdf","119","원에 내접하는 사각형의 성질(2)","30","YES","원에 내접하는 사각형의 성질(2)"
"260711_원의 성질(12).pdf","120","접선과 현이 이루는 각; 원주각","36","YES","접선과 현이 이루는 각; 원주각"
"260711_원의 성질(12).pdf","121","접선과 현이 이루는 각; 원주각","36","YES","접선과 현이 이루는 각; 원주각"
"260711_원의 성질(12).pdf","122","접선과 현이 이루는 각; 원주각","36","YES","접선과 현이 이루는 각; 원주각"
"260711_원의 성질(12).pdf","123","접선과 현이 이루는 각; 원주각","36","YES","접선과 현이 이루는 각; 원주각"
"260711_원의 성질(12).pdf","124","접선과 현이 이루는 각; 원주각","36","YES","접선과 현이 이루는 각; 원주각"
"260711_원의 성질(12).pdf","125","접선과 현이 이루는 각; 원주각","36","YES","접선과 현이 이루는 각; 원주각"
"260711_원의 성질(12).pdf","126","접선과 현이 이루는 각; 원주각","36","YES","접선과 현이 이루는 각; 원주각"
"260711_원의 성질(12).pdf","127","접선과 현이 이루는 각; 원주각","36","YES","접선과 현이 이루는 각; 원주각"
"260711_원의 성질(12).pdf","128","접선과 현이 이루는 각; 원주각","36","YES","접선과 현이 이루는 각; 원주각"
"260711_원의 성질(12).pdf","129","접선과 현이 이루는 각; 원주각","36","YES","접선과 현이 이루는 각; 원주각"
"260711_원의 성질(12).pdf","130","접선과 현이 이루는 각; 원주각","36","YES","접선과 현이 이루는 각; 원주각"
"260711_원의 성질(12).pdf","131","접선과 현이 이루는 각; 원주각","36","YES","접선과 현이 이루는 각; 원주각"
"260711_원의 성질(12).pdf","132","접선과 현이 이루는 각; 원주각","36","YES","접선과 현이 이루는 각; 원주각"
"260711_원의 성질(12).pdf","133","접선과 현이 이루는 각; 원주각","36","YES","접선과 현이 이루는 각; 원주각"
"260711_원의 성질(12).pdf","134","접선과 현이 이루는 각의 활용(1); 현이 중심을 지나지 않는 경우","38","YES","접선과 현이 이루는 각의 활용(1); 현이 중심을 지나지 않는 경우"
"260711_원의 성질(12).pdf","135","접선과 현이 이루는 각의 활용(1); 현이 중심을 지나지 않는 경우","38","YES","접선과 현이 이루는 각의 활용(1); 현이 중심을 지나지 않는 경우"
"260711_원의 성질(12).pdf","136","접선과 현이 이루는 각의 활용(1); 현이 중심을 지나지 않는 경우","38","YES","접선과 현이 이루는 각의 활용(1); 현이 중심을 지나지 않는 경우"
"260711_원의 성질(12).pdf","137","접선과 현이 이루는 각의 활용(1); 현이 중심을 지나지 않는 경우","38","YES","접선과 현이 이루는 각의 활용(1); 현이 중심을 지나지 않는 경우"
"260711_원의 성질(12).pdf","138","접선과 현이 이루는 각의 활용(1); 현이 중심을 지나지 않는 경우","38","YES","접선과 현이 이루는 각의 활용(1); 현이 중심을 지나지 않는 경우"
"260711_원의 성질(12).pdf","139","접선과 현이 이루는 각의 활용(2); 현이 중심을 지나는 경우","39","YES","접선과 현이 이루는 각의 활용(2); 현이 중심을 지나는 경우"
"260711_원의 성질(12).pdf","140","접선과 현이 이루는 각의 활용(2); 현이 중심을 지나는 경우","39","YES","접선과 현이 이루는 각의 활용(2); 현이 중심을 지나는 경우"
"260711_원의 성질(12).pdf","141","접선과 현이 이루는 각의 활용(2); 현이 중심을 지나는 경우","39","YES","접선과 현이 이루는 각의 활용(2); 현이 중심을 지나는 경우"
"260711_원의 성질(12).pdf","142","접선과 현이 이루는 각의 활용(2); 현이 중심을 지나는 경우","39","YES","접선과 현이 이루는 각의 활용(2); 현이 중심을 지나는 경우"
"260711_원의 성질(12).pdf","143","접선과 현이 이루는 각의 활용(2); 현이 중심을 지나는 경우","39","YES","접선과 현이 이루는 각의 활용(2); 현이 중심을 지나는 경우"
"260711_원의 성질(12).pdf","144","접선과 현이 이루는 각의 활용(2); 현이 중심을 지나는 경우","39","YES","접선과 현이 이루는 각의 활용(2); 현이 중심을 지나는 경우"
"260711_원의 성질(12).pdf","145","접선과 현이 이루는 각의 활용(2); 현이 중심을 지나는 경우","39","YES","접선과 현이 이루는 각의 활용(2); 현이 중심을 지나는 경우"
"260711_원의 성질(12).pdf","146","접선과 현이 이루는 각의 활용(2); 현이 중심을 지나는 경우","39","YES","접선과 현이 이루는 각의 활용(2); 현이 중심을 지나는 경우"
"260711_원의 성질(12).pdf","147","접선과 현이 이루는 각의 활용(2); 현이 중심을 지나는 경우","39","YES","접선과 현이 이루는 각의 활용(2); 현이 중심을 지나는 경우"
"260711_원의 성질(12).pdf","148","접선과 현이 이루는 각의 활용(2); 현이 중심을 지나는 경우","39","YES","접선과 현이 이루는 각의 활용(2); 현이 중심을 지나는 경우"
"260711_원의 성질(12).pdf","149","접선과 현이 이루는 각의 활용(2); 현이 중심을 지나는 경우","39","YES","접선과 현이 이루는 각의 활용(2); 현이 중심을 지나는 경우"
"260711_원의 성질(12).pdf","150","접선과 현이 이루는 각의 활용(2); 현이 중심을 지나는 경우","39","YES","접선과 현이 이루는 각의 활용(2); 현이 중심을 지나는 경우"
"260711_원의 성질(13).pdf","001","반원에서의 접선","","NO",""
"260711_원의 성질(13).pdf","002","반원에서의 접선","","NO",""
"260711_원의 성질(13).pdf","003","반원에서의 접선","","NO",""
"260711_원의 성질(13).pdf","004","반원에서의 접선","","NO",""
"260711_원의 성질(13).pdf","005","반원에서의 접선","","NO",""
"260711_원의 성질(13).pdf","006","반원에서의 접선","","NO",""
"260711_원의 성질(13).pdf","007","반원에서의 접선","","NO",""
"260711_원의 성질(13).pdf","008","반원에서의 접선","","NO",""
"260711_원의 성질(13).pdf","009","반원에서의 접선","","NO",""
"260711_원의 성질(13).pdf","010","원주각과 중심각의 크기(1)","18","YES","원주각과 중심각의 크기(1)"
"260711_원의 성질(13).pdf","011","원주각과 중심각의 크기(1)","18","YES","원주각과 중심각의 크기(1)"
"260711_원의 성질(13).pdf","012","원주각과 중심각의 크기(1)","18","YES","원주각과 중심각의 크기(1)"
"260711_원의 성질(13).pdf","013","원주각과 중심각의 크기(1)","18","YES","원주각과 중심각의 크기(1)"
"260711_원의 성질(13).pdf","014","원주각과 중심각의 크기(1)","18","YES","원주각과 중심각의 크기(1)"
"260711_원의 성질(13).pdf","015","원주각과 중심각의 크기(1)","18","YES","원주각과 중심각의 크기(1)"
"260711_원의 성질(13).pdf","016","원주각과 중심각의 크기(1)","18","YES","원주각과 중심각의 크기(1)"
"260711_원의 성질(13).pdf","017","원주각과 중심각의 크기(1)","18","YES","원주각과 중심각의 크기(1)"
"260711_원의 성질(13).pdf","018","원주각과 중심각의 크기(1)","18","YES","원주각과 중심각의 크기(1)"
"260711_원의 성질(13).pdf","019","원주각과 중심각의 크기(1)","18","YES","원주각과 중심각의 크기(1)"
"260711_원의 성질(13).pdf","020","원주각과 중심각의 크기(1)","18","YES","원주각과 중심각의 크기(1)"
"260711_원의 성질(13).pdf","021","원주각과 중심각의 크기(1)","18","YES","원주각과 중심각의 크기(1)"
"260711_원의 성질(13).pdf","022","원주각과 중심각의 크기(1)","18","YES","원주각과 중심각의 크기(1)"
"260711_원의 성질(13).pdf","023","원주각과 중심각의 크기(1)","18","YES","원주각과 중심각의 크기(1)"
"260711_원의 성질(13).pdf","024","원주각과 중심각의 크기(1)","18","YES","원주각과 중심각의 크기(1)"
"260711_원의 성질(13).pdf","025","원주각의 성질(1); 한 호","21","YES","원주각의 성질(1); 한 호"
"260711_원의 성질(13).pdf","026","원주각의 성질(1); 한 호","21","YES","원주각의 성질(1); 한 호"
"260711_원의 성질(13).pdf","027","원주각의 성질(1); 한 호","21","YES","원주각의 성질(1); 한 호"
"260711_원의 성질(13).pdf","028","원주각의 성질(1); 한 호","21","YES","원주각의 성질(1); 한 호"
"260711_원의 성질(13).pdf","029","원주각의 성질(1); 한 호","21","YES","원주각의 성질(1); 한 호"
"260711_원의 성질(13).pdf","030","원주각의 성질(1); 한 호","21","YES","원주각의 성질(1); 한 호"
"260711_원의 성질(13).pdf","031","원주각의 성질(1); 한 호","21","YES","원주각의 성질(1); 한 호"
"260711_원의 성질(13).pdf","032","원주각의 성질(2); 반원","22","YES","원주각의 성질(2); 반원"
"260711_원의 성질(13).pdf","033","원주각의 성질(2); 반원","22","YES","원주각의 성질(2); 반원"
"260711_원의 성질(13).pdf","034","원주각의 성질(2); 반원","22","YES","원주각의 성질(2); 반원"
"260711_원의 성질(13).pdf","035","원주각의 성질(2); 반원","22","YES","원주각의 성질(2); 반원"
"260711_원의 성질(13).pdf","036","원주각의 성질(2); 반원","22","YES","원주각의 성질(2); 반원"
"260711_원의 성질(13).pdf","037","원주각의 성질(2); 반원","22","YES","원주각의 성질(2); 반원"
"260711_원의 성질(13).pdf","038","원주각의 성질(2); 반원","22","YES","원주각의 성질(2); 반원"
"260711_원의 성질(13).pdf","039","원주각의 성질(2); 반원","22","YES","원주각의 성질(2); 반원"
"260711_원의 성질(13).pdf","040","원주각의 성질(2); 반원","22","YES","원주각의 성질(2); 반원"
"260711_원의 성질(13).pdf","041","원주각의 성질(2); 반원","22","YES","원주각의 성질(2); 반원"
"260711_원의 성질(13).pdf","042","원주각의 성질(2); 반원","22","YES","원주각의 성질(2); 반원"
"260711_원의 성질(13).pdf","043","원주각의 성질(2); 반원","22","YES","원주각의 성질(2); 반원"
"260711_원의 성질(13).pdf","044","원주각의 성질(2); 반원","22","YES","원주각의 성질(2); 반원"
"260711_원의 성질(13).pdf","045","원주각의 성질(2); 반원","22","YES","원주각의 성질(2); 반원"
"260711_원의 성질(13).pdf","046","원주각의 성질(2); 반원","22","YES","원주각의 성질(2); 반원"
"260711_원의 성질(13).pdf","047","원주각의 크기와 호의 길이(2)","26","YES","원주각의 크기와 호의 길이(2)"
"260711_원의 성질(13).pdf","048","원주각의 크기와 호의 길이(2)","26","YES","원주각의 크기와 호의 길이(2)"
"260711_원의 성질(13).pdf","049","원주각의 크기와 호의 길이(2)","26","YES","원주각의 크기와 호의 길이(2)"
"260711_원의 성질(13).pdf","050","원주각의 크기와 호의 길이(2)","26","YES","원주각의 크기와 호의 길이(2)"
"260711_원의 성질(13).pdf","051","원주각의 크기와 호의 길이(2)","26","YES","원주각의 크기와 호의 길이(2)"
"260711_원의 성질(13).pdf","052","원주각의 크기와 호의 길이(2)","26","YES","원주각의 크기와 호의 길이(2)"
"260711_원의 성질(13).pdf","053","원주각의 크기와 호의 길이(2)","26","YES","원주각의 크기와 호의 길이(2)"
"260711_원의 성질(13).pdf","054","원주각의 크기와 호의 길이(3)","27","YES","원주각의 크기와 호의 길이(3)"
"260711_원의 성질(13).pdf","055","원주각의 크기와 호의 길이(3)","27","YES","원주각의 크기와 호의 길이(3)"
"260711_원의 성질(13).pdf","056","원주각의 크기와 호의 길이(3)","27","YES","원주각의 크기와 호의 길이(3)"
"260711_원의 성질(13).pdf","057","원주각의 크기와 호의 길이(3)","27","YES","원주각의 크기와 호의 길이(3)"
"260711_원의 성질(13).pdf","058","원주각의 크기와 호의 길이(3)","27","YES","원주각의 크기와 호의 길이(3)"
"260711_원의 성질(13).pdf","059","원주각의 크기와 호의 길이(3)","27","YES","원주각의 크기와 호의 길이(3)"
"260711_원의 성질(13).pdf","060","원주각의 크기와 호의 길이(3)","27","YES","원주각의 크기와 호의 길이(3)"
"260711_원의 성질(13).pdf","061","원주각의 크기와 호의 길이(3)","27","YES","원주각의 크기와 호의 길이(3)"
"260711_원의 성질(13).pdf","062","원주각의 크기와 호의 길이(3)","27","YES","원주각의 크기와 호의 길이(3)"
"260711_원의 성질(13).pdf","063","원주각의 크기와 호의 길이(3)","27","YES","원주각의 크기와 호의 길이(3)"
"260711_원의 성질(13).pdf","064","원주각의 크기와 호의 길이(3)","27","YES","원주각의 크기와 호의 길이(3)"
"260711_원의 성질(13).pdf","065","원주각의 크기와 호의 길이(3)","27","YES","원주각의 크기와 호의 길이(3)"
"260711_원의 성질(13).pdf","066","원주각의 크기와 호의 길이(3)","27","YES","원주각의 크기와 호의 길이(3)"
"260711_원의 성질(13).pdf","067","원주각의 크기와 호의 길이(3)","27","YES","원주각의 크기와 호의 길이(3)"
"260711_원의 성질(13).pdf","068","원주각의 크기와 호의 길이(3)","27","YES","원주각의 크기와 호의 길이(3)"
"260711_원의 성질(13).pdf","069","원에 내접하는 사각형의 성질(1)","29","YES","원에 내접하는 사각형의 성질(1)"
"260711_원의 성질(13).pdf","070","원에 내접하는 사각형의 성질(1)","29","YES","원에 내접하는 사각형의 성질(1)"
"260711_원의 성질(13).pdf","071","원에 내접하는 사각형의 성질(1)","29","YES","원에 내접하는 사각형의 성질(1)"
"260711_원의 성질(13).pdf","072","원에 내접하는 사각형의 성질(1)","29","YES","원에 내접하는 사각형의 성질(1)"
"260711_원의 성질(13).pdf","073","원에 내접하는 사각형의 성질(1)","29","YES","원에 내접하는 사각형의 성질(1)"
"260711_원의 성질(13).pdf","074","원에 내접하는 사각형의 성질(1)","29","YES","원에 내접하는 사각형의 성질(1)"
"260711_원의 성질(13).pdf","075","원에 내접하는 사각형의 성질(1)","29","YES","원에 내접하는 사각형의 성질(1)"
"260711_원의 성질(13).pdf","076","원에 내접하는 사각형의 성질(1)","29","YES","원에 내접하는 사각형의 성질(1)"
"260711_원의 성질(13).pdf","077","원에 내접하는 사각형의 성질(1)","29","YES","원에 내접하는 사각형의 성질(1)"
"260711_원의 성질(13).pdf","078","원에 내접하는 사각형의 성질(1)","29","YES","원에 내접하는 사각형의 성질(1)"
"260711_원의 성질(13).pdf","079","원에 내접하는 사각형의 성질(1)","29","YES","원에 내접하는 사각형의 성질(1)"
"260711_원의 성질(13).pdf","080","원에 내접하는 사각형의 성질(1)","29","YES","원에 내접하는 사각형의 성질(1)"
"260711_원의 성질(13).pdf","081","원에 내접하는 사각형의 성질(1)","29","YES","원에 내접하는 사각형의 성질(1)"
"260711_원의 성질(13).pdf","082","원에 내접하는 사각형의 성질(1)","29","YES","원에 내접하는 사각형의 성질(1)"
"260711_원의 성질(13).pdf","083","원에 내접하는 사각형의 성질(1)","29","YES","원에 내접하는 사각형의 성질(1)"
"260711_원의 성질(13).pdf","084","원에 내접하는 사각형의 성질(2)","30","YES","원에 내접하는 사각형의 성질(2)"
"260711_원의 성질(13).pdf","085","원에 내접하는 사각형의 성질(2)","30","YES","원에 내접하는 사각형의 성질(2)"
"260711_원의 성질(13).pdf","086","원에 내접하는 사각형의 성질(2)","30","YES","원에 내접하는 사각형의 성질(2)"
"260711_원의 성질(13).pdf","087","원에 내접하는 사각형의 성질(2)","30","YES","원에 내접하는 사각형의 성질(2)"
"260711_원의 성질(13).pdf","088","원에 내접하는 사각형의 성질(2)","30","YES","원에 내접하는 사각형의 성질(2)"
"260711_원의 성질(13).pdf","089","원에 내접하는 사각형의 성질(2)","30","YES","원에 내접하는 사각형의 성질(2)"
"260711_원의 성질(13).pdf","090","접선과 현이 이루는 각; 원주각","36","YES","접선과 현이 이루는 각; 원주각"
"260711_원의 성질(13).pdf","091","접선과 현이 이루는 각; 원주각","36","YES","접선과 현이 이루는 각; 원주각"
"260711_원의 성질(13).pdf","092","접선과 현이 이루는 각; 원주각","36","YES","접선과 현이 이루는 각; 원주각"
"260711_원의 성질(13).pdf","093","접선과 현이 이루는 각; 원주각","36","YES","접선과 현이 이루는 각; 원주각"
"260711_원의 성질(13).pdf","094","접선과 현이 이루는 각; 원주각","36","YES","접선과 현이 이루는 각; 원주각"
"260711_원의 성질(13).pdf","095","접선과 현이 이루는 각; 원주각","36","YES","접선과 현이 이루는 각; 원주각"
"260711_원의 성질(13).pdf","096","접선과 현이 이루는 각; 원주각","36","YES","접선과 현이 이루는 각; 원주각"
"260711_원의 성질(13).pdf","097","접선과 현이 이루는 각; 원주각","36","YES","접선과 현이 이루는 각; 원주각"
"260711_원의 성질(13).pdf","098","접선과 현이 이루는 각; 원주각","36","YES","접선과 현이 이루는 각; 원주각"
"260711_원의 성질(13).pdf","099","접선과 현이 이루는 각; 원주각","36","YES","접선과 현이 이루는 각; 원주각"
"260711_원의 성질(13).pdf","100","접선과 현이 이루는 각; 원주각","36","YES","접선과 현이 이루는 각; 원주각"
"260711_원의 성질(13).pdf","101","접선과 현이 이루는 각; 원주각","36","YES","접선과 현이 이루는 각; 원주각"
"260711_원의 성질(13).pdf","102","접선과 현이 이루는 각; 원주각","36","YES","접선과 현이 이루는 각; 원주각"
"260711_원의 성질(13).pdf","103","접선과 현이 이루는 각; 원주각","36","YES","접선과 현이 이루는 각; 원주각"
"260711_원의 성질(13).pdf","104","접선과 현이 이루는 각; 원주각","36","YES","접선과 현이 이루는 각; 원주각"
"260711_원의 성질(13).pdf","105","접선과 현이 이루는 각의 활용(2); 현이 중심을 지나는 경우","39","YES","접선과 현이 이루는 각의 활용(2); 현이 중심을 지나는 경우"
"260711_원의 성질(13).pdf","106","접선과 현이 이루는 각의 활용(2); 현이 중심을 지나는 경우","39","YES","접선과 현이 이루는 각의 활용(2); 현이 중심을 지나는 경우"
"260711_원의 성질(13).pdf","107","접선과 현이 이루는 각의 활용(2); 현이 중심을 지나는 경우","39","YES","접선과 현이 이루는 각의 활용(2); 현이 중심을 지나는 경우"
"260711_원의 성질(13).pdf","108","접선과 현이 이루는 각의 활용(2); 현이 중심을 지나는 경우","39","YES","접선과 현이 이루는 각의 활용(2); 현이 중심을 지나는 경우"
"260711_원의 성질(13).pdf","109","접선과 현이 이루는 각의 활용(2); 현이 중심을 지나는 경우","39","YES","접선과 현이 이루는 각의 활용(2); 현이 중심을 지나는 경우"
"260711_원의 성질(13).pdf","110","접선과 현이 이루는 각의 활용(2); 현이 중심을 지나는 경우","39","YES","접선과 현이 이루는 각의 활용(2); 현이 중심을 지나는 경우"
"260711_원의 성질(13).pdf","111","접선과 현이 이루는 각의 활용(2); 현이 중심을 지나는 경우","39","YES","접선과 현이 이루는 각의 활용(2); 현이 중심을 지나는 경우"
"260711_원의 성질(13).pdf","112","접선과 현이 이루는 각의 활용(2); 현이 중심을 지나는 경우","39","YES","접선과 현이 이루는 각의 활용(2); 현이 중심을 지나는 경우"
"260711_원의 성질(13).pdf","113","접선과 현이 이루는 각의 활용(2); 현이 중심을 지나는 경우","39","YES","접선과 현이 이루는 각의 활용(2); 현이 중심을 지나는 경우"
"260711_원의 성질(13).pdf","114","접선과 현이 이루는 각의 활용(2); 현이 중심을 지나는 경우","39","YES","접선과 현이 이루는 각의 활용(2); 현이 중심을 지나는 경우"
"260711_원의 성질(13).pdf","115","접선과 현이 이루는 각의 활용(2); 현이 중심을 지나는 경우","39","YES","접선과 현이 이루는 각의 활용(2); 현이 중심을 지나는 경우"
"260711_원의 성질(13).pdf","116","접선과 현이 이루는 각의 활용(2); 현이 중심을 지나는 경우","39","YES","접선과 현이 이루는 각의 활용(2); 현이 중심을 지나는 경우"
"260711_원의 성질(13).pdf","117","접선과 현이 이루는 각의 활용(2); 현이 중심을 지나는 경우","39","YES","접선과 현이 이루는 각의 활용(2); 현이 중심을 지나는 경우"
"260711_원의 성질(13).pdf","118","접선과 현이 이루는 각의 활용(2); 현이 중심을 지나는 경우","39","YES","접선과 현이 이루는 각의 활용(2); 현이 중심을 지나는 경우"
"260711_원의 성질(13).pdf","119","접선과 현이 이루는 각의 활용(2); 현이 중심을 지나는 경우","39","YES","접선과 현이 이루는 각의 활용(2); 현이 중심을 지나는 경우"
"260711_원의 성질(14).pdf","001","원주각과 중심각의 크기(1)","18","YES","원주각과 중심각의 크기(1)"
"260711_원의 성질(14).pdf","002","원주각과 중심각의 크기(1)","18","YES","원주각과 중심각의 크기(1)"
"260711_원의 성질(14).pdf","003","원주각과 중심각의 크기(1)","18","YES","원주각과 중심각의 크기(1)"
"260711_원의 성질(14).pdf","004","원주각의 성질(2); 반원","22","YES","원주각의 성질(2); 반원"
"260711_원의 성질(14).pdf","005","원주각의 성질(2); 반원","22","YES","원주각의 성질(2); 반원"
"260711_원의 성질(14).pdf","006","원주각의 성질(2); 반원","22","YES","원주각의 성질(2); 반원"
"260711_원의 성질(14).pdf","007","원주각의 성질(2); 반원","22","YES","원주각의 성질(2); 반원"
"260711_원의 성질(14).pdf","008","원주각의 성질(2); 반원","22","YES","원주각의 성질(2); 반원"
"260711_원의 성질(14).pdf","009","원주각의 성질(2); 반원","22","YES","원주각의 성질(2); 반원"
"260711_원의 성질(14).pdf","010","원주각의 성질(2); 반원","22","YES","원주각의 성질(2); 반원"
"260711_원의 성질(14).pdf","011","원주각의 성질(2); 반원","22","YES","원주각의 성질(2); 반원"
"260711_원의 성질(14).pdf","012","원주각의 성질(2); 반원","22","YES","원주각의 성질(2); 반원"
"260711_원의 성질(14).pdf","013","원주각의 성질(2); 반원","22","YES","원주각의 성질(2); 반원"
"260711_원의 성질(14).pdf","014","원주각의 성질(2); 반원","22","YES","원주각의 성질(2); 반원"
"260711_원의 성질(14).pdf","015","원주각의 성질(2); 반원","22","YES","원주각의 성질(2); 반원"
"260711_원의 성질(14).pdf","016","원주각의 성질(2); 반원","22","YES","원주각의 성질(2); 반원"
"260711_원의 성질(14).pdf","017","원주각의 성질(2); 반원","22","YES","원주각의 성질(2); 반원"
"260711_원의 성질(14).pdf","018","원주각의 성질(2); 반원","22","YES","원주각의 성질(2); 반원"
"260711_원의 성질(14).pdf","019","원주각의 성질(2); 반원","22","YES","원주각의 성질(2); 반원"
"260711_원의 성질(14).pdf","020","원주각의 크기와 호의 길이(3)","27","YES","원주각의 크기와 호의 길이(3)"
"260711_원의 성질(14).pdf","021","원주각의 크기와 호의 길이(3)","27","YES","원주각의 크기와 호의 길이(3)"
"260711_원의 성질(14).pdf","022","원주각의 크기와 호의 길이(3)","27","YES","원주각의 크기와 호의 길이(3)"
"260711_원의 성질(14).pdf","023","원주각의 크기와 호의 길이(3)","27","YES","원주각의 크기와 호의 길이(3)"
"260711_원의 성질(14).pdf","024","원주각의 크기와 호의 길이(3)","27","YES","원주각의 크기와 호의 길이(3)"
"260711_원의 성질(14).pdf","025","원주각의 크기와 호의 길이(3)","27","YES","원주각의 크기와 호의 길이(3)"
"260711_원의 성질(14).pdf","026","원주각의 크기와 호의 길이(3)","27","YES","원주각의 크기와 호의 길이(3)"
"260711_원의 성질(14).pdf","027","원주각의 크기와 호의 길이(3)","27","YES","원주각의 크기와 호의 길이(3)"
"260711_원의 성질(14).pdf","028","원주각의 크기와 호의 길이(3)","27","YES","원주각의 크기와 호의 길이(3)"
"260711_원의 성질(14).pdf","029","원주각의 크기와 호의 길이(3)","27","YES","원주각의 크기와 호의 길이(3)"
"260711_원의 성질(14).pdf","030","원주각의 크기와 호의 길이(3)","27","YES","원주각의 크기와 호의 길이(3)"
"260711_원의 성질(14).pdf","031","원주각의 크기와 호의 길이(3)","27","YES","원주각의 크기와 호의 길이(3)"
"260711_원의 성질(14).pdf","032","원주각의 크기와 호의 길이(3)","27","YES","원주각의 크기와 호의 길이(3)"
"260711_원의 성질(14).pdf","033","원주각의 크기와 호의 길이(3)","27","YES","원주각의 크기와 호의 길이(3)"
"260711_원의 성질(14).pdf","034","원주각의 크기와 호의 길이(3)","27","YES","원주각의 크기와 호의 길이(3)"
"260711_원의 성질(14).pdf","035","원주각의 크기와 호의 길이(3)","27","YES","원주각의 크기와 호의 길이(3)"
"260711_원의 성질(14).pdf","036","원주각의 크기와 호의 길이(3)","27","YES","원주각의 크기와 호의 길이(3)"
"260711_원의 성질(14).pdf","037","원주각의 크기와 호의 길이(3)","27","YES","원주각의 크기와 호의 길이(3)"
"260711_원의 성질(14).pdf","038","원주각의 크기와 호의 길이(3)","27","YES","원주각의 크기와 호의 길이(3)"
"260711_원의 성질(14).pdf","039","원주각의 크기와 호의 길이(3)","27","YES","원주각의 크기와 호의 길이(3)"
"260711_원의 성질(14).pdf","040","원주각의 크기와 호의 길이(3)","27","YES","원주각의 크기와 호의 길이(3)"
"260711_원의 성질(14).pdf","041","원주각의 크기와 호의 길이(3)","27","YES","원주각의 크기와 호의 길이(3)"
"260711_원의 성질(14).pdf","042","원주각의 크기와 호의 길이(3)","27","YES","원주각의 크기와 호의 길이(3)"
"260711_원의 성질(14).pdf","043","원주각의 크기와 호의 길이(3)","27","YES","원주각의 크기와 호의 길이(3)"
"260711_원의 성질(14).pdf","044","원주각의 크기와 호의 길이(3)","27","YES","원주각의 크기와 호의 길이(3)"
"260711_원의 성질(14).pdf","045","원에 내접하는 사각형의 성질(1)","29","YES","원에 내접하는 사각형의 성질(1)"
"260711_원의 성질(14).pdf","046","원에 내접하는 사각형의 성질(1)","29","YES","원에 내접하는 사각형의 성질(1)"
"260711_원의 성질(14).pdf","047","원에 내접하는 사각형의 성질(1)","29","YES","원에 내접하는 사각형의 성질(1)"
"260711_원의 성질(14).pdf","048","원에 내접하는 사각형의 성질(1)","29","YES","원에 내접하는 사각형의 성질(1)"
"260711_원의 성질(14).pdf","049","원에 내접하는 사각형의 성질(1)","29","YES","원에 내접하는 사각형의 성질(1)"
"260711_원의 성질(14).pdf","050","원에 내접하는 사각형의 성질(1)","29","YES","원에 내접하는 사각형의 성질(1)"
"260711_원의 성질(14).pdf","051","원에 내접하는 사각형의 성질(1)","29","YES","원에 내접하는 사각형의 성질(1)"
"260711_원의 성질(14).pdf","052","원에 내접하는 사각형의 성질(1)","29","YES","원에 내접하는 사각형의 성질(1)"
"260711_원의 성질(14).pdf","053","원에 내접하는 사각형의 성질(1)","29","YES","원에 내접하는 사각형의 성질(1)"
"260711_원의 성질(14).pdf","054","원에 내접하는 사각형의 성질(1)","29","YES","원에 내접하는 사각형의 성질(1)"
"260711_원의 성질(14).pdf","055","원에 내접하는 사각형의 성질(1)","29","YES","원에 내접하는 사각형의 성질(1)"
"260711_원의 성질(14).pdf","056","원에 내접하는 사각형의 성질(1)","29","YES","원에 내접하는 사각형의 성질(1)"
"260711_원의 성질(14).pdf","057","원에 내접하는 사각형의 성질(1)","29","YES","원에 내접하는 사각형의 성질(1)"
"260711_원의 성질(14).pdf","058","원에 내접하는 사각형의 성질(1)","29","YES","원에 내접하는 사각형의 성질(1)"
"260711_원의 성질(14).pdf","059","원에 내접하는 사각형의 성질(1)","29","YES","원에 내접하는 사각형의 성질(1)"
"260711_원의 성질(14).pdf","060","원에 내접하는 사각형의 성질(1)","29","YES","원에 내접하는 사각형의 성질(1)"
"260711_원의 성질(14).pdf","061","원에 내접하는 사각형의 성질(1)","29","YES","원에 내접하는 사각형의 성질(1)"
"260711_원의 성질(14).pdf","062","원에 내접하는 사각형의 성질(1)","29","YES","원에 내접하는 사각형의 성질(1)"
"260711_원의 성질(14).pdf","063","원에 내접하는 사각형의 성질(1)","29","YES","원에 내접하는 사각형의 성질(1)"
"260711_원의 성질(14).pdf","064","원에 내접하는 사각형의 성질(1)","29","YES","원에 내접하는 사각형의 성질(1)"
"260711_원의 성질(14).pdf","065","원에 내접하는 사각형의 성질(1)","29","YES","원에 내접하는 사각형의 성질(1)"
"260711_원의 성질(14).pdf","066","원에 내접하는 사각형의 성질(1)","29","YES","원에 내접하는 사각형의 성질(1)"
"260711_원의 성질(14).pdf","067","원에 내접하는 사각형의 성질(1)","29","YES","원에 내접하는 사각형의 성질(1)"
"260711_원의 성질(14).pdf","068","원에 내접하는 사각형의 성질(1)","29","YES","원에 내접하는 사각형의 성질(1)"
"260711_원의 성질(14).pdf","069","원에 내접하는 사각형의 성질(1)","29","YES","원에 내접하는 사각형의 성질(1)"
"260711_원의 성질(14).pdf","070","접선과 현이 이루는 각; 원주각","36","YES","접선과 현이 이루는 각; 원주각"
"260711_원의 성질(14).pdf","071","접선과 현이 이루는 각; 원주각","36","YES","접선과 현이 이루는 각; 원주각"
"260711_원의 성질(14).pdf","072","접선과 현이 이루는 각; 원주각","36","YES","접선과 현이 이루는 각; 원주각"
"260711_원의 성질(14).pdf","073","접선과 현이 이루는 각; 원주각","36","YES","접선과 현이 이루는 각; 원주각"
"260711_원의 성질(14).pdf","074","접선과 현이 이루는 각; 원주각","36","YES","접선과 현이 이루는 각; 원주각"
"260711_원의 성질(14).pdf","075","접선과 현이 이루는 각; 원주각","36","YES","접선과 현이 이루는 각; 원주각"
"260711_원의 성질(14).pdf","076","접선과 현이 이루는 각; 원주각","36","YES","접선과 현이 이루는 각; 원주각"
"260711_원의 성질(14).pdf","077","접선과 현이 이루는 각; 원주각","36","YES","접선과 현이 이루는 각; 원주각"
"260711_원의 성질(14).pdf","078","접선과 현이 이루는 각; 원주각","36","YES","접선과 현이 이루는 각; 원주각"
"260711_원의 성질(14).pdf","079","접선과 현이 이루는 각; 원주각","36","YES","접선과 현이 이루는 각; 원주각"
"260711_원의 성질(14).pdf","080","접선과 현이 이루는 각; 원주각","36","YES","접선과 현이 이루는 각; 원주각"
"260711_원의 성질(14).pdf","081","접선과 현이 이루는 각; 원주각","36","YES","접선과 현이 이루는 각; 원주각"
"260711_원의 성질(14).pdf","082","접선과 현이 이루는 각; 원주각","36","YES","접선과 현이 이루는 각; 원주각"
"260711_원의 성질(14).pdf","083","접선과 현이 이루는 각; 원주각","36","YES","접선과 현이 이루는 각; 원주각"
"260711_원의 성질(14).pdf","084","접선과 현이 이루는 각; 원주각","36","YES","접선과 현이 이루는 각; 원주각"
"260711_원의 성질(14).pdf","085","접선과 현이 이루는 각의 활용(2); 현이 중심을 지나는 경우","39","YES","접선과 현이 이루는 각의 활용(2); 현이 중심을 지나는 경우"
"260711_원의 성질(15).pdf","001","원주각의 크기와 호의 길이(3)","27","YES","원주각의 크기와 호의 길이(3)"
"260711_원의 성질(15).pdf","002","원주각의 크기와 호의 길이(3)","27","YES","원주각의 크기와 호의 길이(3)"
"260711_원의 성질(15).pdf","003","원주각의 크기와 호의 길이(3)","27","YES","원주각의 크기와 호의 길이(3)"
"260711_원의 성질(15).pdf","004","원주각의 크기와 호의 길이(3)","27","YES","원주각의 크기와 호의 길이(3)"
"260711_원의 성질(15).pdf","005","원주각의 크기와 호의 길이(3)","27","YES","원주각의 크기와 호의 길이(3)"
"260711_원의 성질(15).pdf","006","원주각의 크기와 호의 길이(3)","27","YES","원주각의 크기와 호의 길이(3)"
"260711_원의 성질(15).pdf","007","원에 내접하는 사각형의 성질(1)","29","YES","원에 내접하는 사각형의 성질(1)"
"260711_원의 성질(15).pdf","008","원에 내접하는 사각형의 성질(1)","29","YES","원에 내접하는 사각형의 성질(1)"
"260711_원의 성질(15).pdf","009","원에 내접하는 사각형의 성질(1)","29","YES","원에 내접하는 사각형의 성질(1)"
"260711_원의 성질(15).pdf","010","원에 내접하는 사각형의 성질(1)","29","YES","원에 내접하는 사각형의 성질(1)"
"260711_원의 성질(15).pdf","011","원에 내접하는 사각형의 성질(1)","29","YES","원에 내접하는 사각형의 성질(1)"
"260711_원의 성질(15).pdf","012","원에 내접하는 사각형의 성질(1)","29","YES","원에 내접하는 사각형의 성질(1)"
"260711_원의 성질(15).pdf","013","원에 내접하는 사각형의 성질(1)","29","YES","원에 내접하는 사각형의 성질(1)"
"260711_원의 성질(15).pdf","014","원에 내접하는 사각형의 성질(1)","29","YES","원에 내접하는 사각형의 성질(1)"
"260711_원의 성질(15).pdf","015","원에 내접하는 사각형의 성질(1)","29","YES","원에 내접하는 사각형의 성질(1)"
"260711_원의 성질(2).pdf","001","원의 중심과 현의 수직이등분선(1)","1","YES","원의 중심과 현의 수직이등분선(1)"
"260711_원의 성질(2).pdf","002","원의 중심과 현의 수직이등분선(1)","1","YES","원의 중심과 현의 수직이등분선(1)"
"260711_원의 성질(2).pdf","003","원의 중심과 현의 수직이등분선(1)","1","YES","원의 중심과 현의 수직이등분선(1)"
"260711_원의 성질(2).pdf","004","원의 중심과 현의 수직이등분선(2)","","NO",""
"260711_원의 성질(2).pdf","005","원의 중심과 현의 수직이등분선(2)","","NO",""
"260711_원의 성질(2).pdf","006","원의 중심과 현의 수직이등분선(2)","","NO",""
"260711_원의 성질(2).pdf","007","원의 중심과 현의 수직이등분선(2)","","NO",""
"260711_원의 성질(2).pdf","008","원의 중심과 현의 수직이등분선(3); 활꼴","","NO",""
"260711_원의 성질(2).pdf","009","원의 중심과 현의 수직이등분선(3); 활꼴","","NO",""
"260711_원의 성질(2).pdf","010","원의 중심과 현의 수직이등분선(3); 활꼴","","NO",""
"260711_원의 성질(2).pdf","011","원의 중심과 현의 수직이등분선(3); 활꼴","","NO",""
"260711_원의 성질(2).pdf","012","현의 길이(1); 중심에서 같은 거리의 두 현","5","YES","현의 길이(1); 중심에서 같은 거리의 두 현"
"260711_원의 성질(2).pdf","013","현의 길이(1); 중심에서 같은 거리의 두 현","5","YES","현의 길이(1); 중심에서 같은 거리의 두 현"
"260711_원의 성질(2).pdf","014","현의 길이(1); 중심에서 같은 거리의 두 현","5","YES","현의 길이(1); 중심에서 같은 거리의 두 현"
"260711_원의 성질(2).pdf","015","현의 길이(2); 내접하는 이등변삼각형","","NO",""
"260711_원의 성질(2).pdf","016","현의 길이(2); 내접하는 이등변삼각형","","NO",""
"260711_원의 성질(2).pdf","017","현의 길이(2); 내접하는 이등변삼각형","","NO",""
"260711_원의 성질(2).pdf","018","현의 길이(2); 내접하는 이등변삼각형","","NO",""
"260711_원의 성질(2).pdf","019","원의 접선과 반지름","7","YES","원의 접선과 반지름"
"260711_원의 성질(2).pdf","020","원의 접선과 반지름","7","YES","원의 접선과 반지름"
"260711_원의 성질(2).pdf","021","원의 접선과 반지름","7","YES","원의 접선과 반지름"
"260711_원의 성질(2).pdf","022","원의 접선의 성질(1)","8","YES","원의 접선의 성질(1)"
"260711_원의 성질(2).pdf","023","원의 접선의 성질(1)","8","YES","원의 접선의 성질(1)"
"260711_원의 성질(2).pdf","024","원의 접선의 성질(1)","8","YES","원의 접선의 성질(1)"
"260711_원의 성질(2).pdf","025","원의 접선의 성질(1)","8","YES","원의 접선의 성질(1)"
"260711_원의 성질(2).pdf","026","원의 접선의 성질(2); 길이","9","YES","원의 접선의 성질(2); 길이"
"260711_원의 성질(2).pdf","027","원의 접선의 성질(2); 길이","9","YES","원의 접선의 성질(2); 길이"
"260711_원의 성질(2).pdf","028","원의 접선의 성질(2); 길이","9","YES","원의 접선의 성질(2); 길이"
"260711_원의 성질(2).pdf","029","원의 접선의 성질(2); 길이","9","YES","원의 접선의 성질(2); 길이"
"260711_원의 성질(2).pdf","030","원의 접선의 성질(3); 넓이","","NO",""
"260711_원의 성질(2).pdf","031","원의 접선의 성질(3); 넓이","","NO",""
"260711_원의 성질(2).pdf","032","원의 접선의 성질(3); 넓이","","NO",""
"260711_원의 성질(2).pdf","033","원의 접선의 성질의 활용","11","YES","원의 접선의 성질의 활용"
"260711_원의 성질(2).pdf","034","원의 접선의 성질의 활용","11","YES","원의 접선의 성질의 활용"
"260711_원의 성질(2).pdf","035","원의 접선의 성질의 활용","11","YES","원의 접선의 성질의 활용"
"260711_원의 성질(2).pdf","036","원의 접선의 성질의 활용","11","YES","원의 접선의 성질의 활용"
"260711_원의 성질(2).pdf","037","반원에서의 접선","","NO",""
"260711_원의 성질(2).pdf","038","반원에서의 접선","","NO",""
"260711_원의 성질(2).pdf","039","반원에서의 접선","","NO",""
"260711_원의 성질(2).pdf","040","반원에서의 접선","","NO",""
"260711_원의 성질(2).pdf","041","원의 접선과 반지름; 동심원","","NO",""
"260711_원의 성질(2).pdf","042","원의 접선과 반지름; 동심원","","NO",""
"260711_원의 성질(2).pdf","043","원의 접선과 반지름; 동심원","","NO",""
"260711_원의 성질(2).pdf","044","원의 접선과 반지름; 동심원","","NO",""
"260711_원의 성질(2).pdf","045","삼각형의 내접원","12","YES","삼각형의 내접원"
"260711_원의 성질(2).pdf","046","삼각형의 내접원","12","YES","삼각형의 내접원"
"260711_원의 성질(2).pdf","047","삼각형의 내접원","12","YES","삼각형의 내접원"
"260711_원의 성질(2).pdf","048","삼각형의 내접원","12","YES","삼각형의 내접원"
"260711_원의 성질(2).pdf","049","직각삼각형의 내접원","13","YES","직각삼각형의 내접원"
"260711_원의 성질(2).pdf","050","직각삼각형의 내접원","13","YES","직각삼각형의 내접원"
"260711_원의 성질(2).pdf","051","직각삼각형의 내접원","13","YES","직각삼각형의 내접원"
"260711_원의 성질(2).pdf","052","원에 외접하는 사각형의 성질(1)","","NO",""
"260711_원의 성질(2).pdf","053","원에 외접하는 사각형의 성질(1)","","NO",""
"260711_원의 성질(2).pdf","054","원에 외접하는 사각형의 성질(1)","","NO",""
"260711_원의 성질(2).pdf","055","원에 외접하는 사각형의 성질(1)","","NO",""
"260711_원의 성질(2).pdf","056","원에 외접하는 사각형의 성질(2); 한 내각이 90˚인 경우","15","YES","원에 외접하는 사각형의 성질(2); 한 내각이 90˚인 경우"
"260711_원의 성질(2).pdf","057","원에 외접하는 사각형의 성질(2); 한 내각이 90˚인 경우","15","YES","원에 외접하는 사각형의 성질(2); 한 내각이 90˚인 경우"
"260711_원의 성질(2).pdf","058","원에 외접하는 사각형의 성질(2); 한 내각이 90˚인 경우","15","YES","원에 외접하는 사각형의 성질(2); 한 내각이 90˚인 경우"
"260711_원의 성질(2).pdf","059","원에 외접하는 사각형의 성질의 활용(1); 직사각형","16","YES","원에 외접하는 사각형의 성질의 활용(1); 직사각형"
"260711_원의 성질(2).pdf","060","원에 외접하는 사각형의 성질의 활용(1); 직사각형","16","YES","원에 외접하는 사각형의 성질의 활용(1); 직사각형"
"260711_원의 성질(2).pdf","061","원에 외접하는 사각형의 성질의 활용(2); 그 외","17","YES","원에 외접하는 사각형의 성질의 활용(2); 그 외"
"260711_원의 성질(2).pdf","062","원에 외접하는 사각형의 성질의 활용(2); 그 외","17","YES","원에 외접하는 사각형의 성질의 활용(2); 그 외"
"260711_원의 성질(2).pdf","063","원에 외접하는 사각형의 성질의 활용(2); 그 외","17","YES","원에 외접하는 사각형의 성질의 활용(2); 그 외"
"260711_원의 성질(2).pdf","064","원주각과 중심각의 크기(1)","18","YES","원주각과 중심각의 크기(1)"
"260711_원의 성질(2).pdf","065","원주각과 중심각의 크기(1)","18","YES","원주각과 중심각의 크기(1)"
"260711_원의 성질(2).pdf","066","원주각과 중심각의 크기(1)","18","YES","원주각과 중심각의 크기(1)"
"260711_원의 성질(2).pdf","067","원주각과 중심각의 크기(1)","18","YES","원주각과 중심각의 크기(1)"
"260711_원의 성질(2).pdf","068","원주각과 중심각의 크기(2)","","NO",""
"260711_원의 성질(2).pdf","069","원주각과 중심각의 크기(2)","","NO",""
"260711_원의 성질(2).pdf","070","원주각과 중심각의 크기(2)","","NO",""
"260711_원의 성질(2).pdf","071","원주각과 중심각의 크기(2)","","NO",""
"260711_원의 성질(2).pdf","072","원주각과 중심각의 크기(3)","","NO",""
"260711_원의 성질(2).pdf","073","원주각과 중심각의 크기(3)","","NO",""
"260711_원의 성질(2).pdf","074","원주각과 중심각의 크기(3)","","NO",""
"260711_원의 성질(2).pdf","075","원주각과 중심각의 크기(3)","","NO",""
"260711_원의 성질(2).pdf","076","원주각의 성질(1); 한 호","21","YES","원주각의 성질(1); 한 호"
"260711_원의 성질(2).pdf","077","원주각의 성질(1); 한 호","21","YES","원주각의 성질(1); 한 호"
"260711_원의 성질(2).pdf","078","원주각의 성질(1); 한 호","21","YES","원주각의 성질(1); 한 호"
"260711_원의 성질(2).pdf","079","원주각의 성질(1); 한 호","21","YES","원주각의 성질(1); 한 호"
"260711_원의 성질(2).pdf","080","원주각의 성질(2); 반원","22","YES","원주각의 성질(2); 반원"
"260711_원의 성질(2).pdf","081","원주각의 성질(2); 반원","22","YES","원주각의 성질(2); 반원"
"260711_원의 성질(2).pdf","082","원주각의 성질(2); 반원","22","YES","원주각의 성질(2); 반원"
"260711_원의 성질(2).pdf","083","원주각과 삼각비의 값(1)","23","YES","원주각과 삼각비의 값(1)"
"260711_원의 성질(2).pdf","084","원주각과 삼각비의 값(1)","23","YES","원주각과 삼각비의 값(1)"
"260711_원의 성질(2).pdf","085","원주각과 삼각비의 값(1)","23","YES","원주각과 삼각비의 값(1)"
"260711_원의 성질(2).pdf","086","원주각과 삼각비의 값(1)","23","YES","원주각과 삼각비의 값(1)"
"260711_원의 성질(2).pdf","087","원주각과 삼각비의 값(2); 선분의 길이, 넓이","24","YES","원주각과 삼각비의 값(2); 선분의 길이, 넓이"
"260711_원의 성질(2).pdf","088","원주각과 삼각비의 값(2); 선분의 길이, 넓이","24","YES","원주각과 삼각비의 값(2); 선분의 길이, 넓이"
"260711_원의 성질(2).pdf","089","원주각과 삼각비의 값(2); 선분의 길이, 넓이","24","YES","원주각과 삼각비의 값(2); 선분의 길이, 넓이"
"260711_원의 성질(2).pdf","090","원주각의 크기와 호의 길이(1)","25","YES","원주각의 크기와 호의 길이(1)"
"260711_원의 성질(2).pdf","091","원주각의 크기와 호의 길이(1)","25","YES","원주각의 크기와 호의 길이(1)"
"260711_원의 성질(2).pdf","092","원주각의 크기와 호의 길이(1)","25","YES","원주각의 크기와 호의 길이(1)"
"260711_원의 성질(2).pdf","093","원주각의 크기와 호의 길이(2)","26","YES","원주각의 크기와 호의 길이(2)"
"260711_원의 성질(2).pdf","094","원주각의 크기와 호의 길이(2)","26","YES","원주각의 크기와 호의 길이(2)"
"260711_원의 성질(2).pdf","095","원주각의 크기와 호의 길이(2)","26","YES","원주각의 크기와 호의 길이(2)"
"260711_원의 성질(2).pdf","096","원주각의 크기와 호의 길이(3)","27","YES","원주각의 크기와 호의 길이(3)"
"260711_원의 성질(2).pdf","097","원주각의 크기와 호의 길이(3)","27","YES","원주각의 크기와 호의 길이(3)"
"260711_원의 성질(2).pdf","098","원주각의 크기와 호의 길이(3)","27","YES","원주각의 크기와 호의 길이(3)"
"260711_원의 성질(2).pdf","099","원주각의 크기와 호의 길이(3)","27","YES","원주각의 크기와 호의 길이(3)"
"260711_원의 성질(2).pdf","100","네 점이 한 원에 있기 위한 조건","28","YES","네 점이 한 원에 있기 위한 조건"
"260711_원의 성질(2).pdf","101","네 점이 한 원에 있기 위한 조건","28","YES","네 점이 한 원에 있기 위한 조건"
"260711_원의 성질(2).pdf","102","네 점이 한 원에 있기 위한 조건","28","YES","네 점이 한 원에 있기 위한 조건"
"260711_원의 성질(2).pdf","103","원에 내접하는 사각형의 성질(1)","29","YES","원에 내접하는 사각형의 성질(1)"
"260711_원의 성질(2).pdf","104","원에 내접하는 사각형의 성질(1)","29","YES","원에 내접하는 사각형의 성질(1)"
"260711_원의 성질(2).pdf","105","원에 내접하는 사각형의 성질(1)","29","YES","원에 내접하는 사각형의 성질(1)"
"260711_원의 성질(2).pdf","106","원에 내접하는 사각형의 성질(2)","30","YES","원에 내접하는 사각형의 성질(2)"
"260711_원의 성질(2).pdf","107","원에 내접하는 사각형의 성질(2)","30","YES","원에 내접하는 사각형의 성질(2)"
"260711_원의 성질(2).pdf","108","원에 내접하는 사각형의 성질(2)","30","YES","원에 내접하는 사각형의 성질(2)"
"260711_원의 성질(2).pdf","109","원에 내접하는 사각형의 성질(2)","30","YES","원에 내접하는 사각형의 성질(2)"
"260711_원의 성질(2).pdf","110","원에 내접하는 사각형과 외각의 성질","31","YES","원에 내접하는 사각형과 외각의 성질"
"260711_원의 성질(2).pdf","111","원에 내접하는 사각형과 외각의 성질","31","YES","원에 내접하는 사각형과 외각의 성질"
"260711_원의 성질(2).pdf","112","원에 내접하는 사각형과 외각의 성질","31","YES","원에 내접하는 사각형과 외각의 성질"
"260711_원의 성질(2).pdf","113","원에 내접하는 사각형과 외각의 성질","31","YES","원에 내접하는 사각형과 외각의 성질"
"260711_원의 성질(2).pdf","114","원에 내접하는 다각형","32","YES","원에 내접하는 다각형"
"260711_원의 성질(2).pdf","115","원에 내접하는 다각형","32","YES","원에 내접하는 다각형"
"260711_원의 성질(2).pdf","116","원에 내접하는 다각형","32","YES","원에 내접하는 다각형"
"260711_원의 성질(2).pdf","117","원에 내접하는 다각형","32","YES","원에 내접하는 다각형"
"260711_원의 성질(2).pdf","118","두 원에서 내접하는 사각형의 성질의 활용","33","YES","두 원에서 내접하는 사각형의 성질의 활용"
"260711_원의 성질(2).pdf","119","두 원에서 내접하는 사각형의 성질의 활용","33","YES","두 원에서 내접하는 사각형의 성질의 활용"
"260711_원의 성질(2).pdf","120","두 원에서 내접하는 사각형의 성질의 활용","33","YES","두 원에서 내접하는 사각형의 성질의 활용"
"260711_원의 성질(2).pdf","121","두 원에서 내접하는 사각형의 성질의 활용","33","YES","두 원에서 내접하는 사각형의 성질의 활용"
"260711_원의 성질(2).pdf","122","원에 내접하는 사각형","","NO",""
"260711_원의 성질(2).pdf","123","원에 내접하는 사각형","","NO",""
"260711_원의 성질(2).pdf","124","사각형이 원에 내접하기 위한 조건","","NO",""
"260711_원의 성질(2).pdf","125","사각형이 원에 내접하기 위한 조건","","NO",""
"260711_원의 성질(2).pdf","126","사각형이 원에 내접하기 위한 조건","","NO",""
"260711_원의 성질(2).pdf","127","접선과 현이 이루는 각; 원주각","36","YES","접선과 현이 이루는 각; 원주각"
"260711_원의 성질(2).pdf","128","접선과 현이 이루는 각; 원주각","36","YES","접선과 현이 이루는 각; 원주각"
"260711_원의 성질(2).pdf","129","접선과 현이 이루는 각; 원주각","36","YES","접선과 현이 이루는 각; 원주각"
"260711_원의 성질(2).pdf","130","접선과 현이 이루는 각; 중심각","","NO",""
"260711_원의 성질(2).pdf","131","접선과 현이 이루는 각; 중심각","","NO",""
"260711_원의 성질(2).pdf","132","접선과 현이 이루는 각의 활용(1); 현이 중심을 지나지 않는 경우","38","YES","접선과 현이 이루는 각의 활용(1); 현이 중심을 지나지 않는 경우"
"260711_원의 성질(2).pdf","133","접선과 현이 이루는 각의 활용(1); 현이 중심을 지나지 않는 경우","38","YES","접선과 현이 이루는 각의 활용(1); 현이 중심을 지나지 않는 경우"
"260711_원의 성질(2).pdf","134","접선과 현이 이루는 각의 활용(1); 현이 중심을 지나지 않는 경우","38","YES","접선과 현이 이루는 각의 활용(1); 현이 중심을 지나지 않는 경우"
"260711_원의 성질(2).pdf","135","접선과 현이 이루는 각의 활용(1); 현이 중심을 지나지 않는 경우","38","YES","접선과 현이 이루는 각의 활용(1); 현이 중심을 지나지 않는 경우"
"260711_원의 성질(2).pdf","136","접선과 현이 이루는 각의 활용(2); 현이 중심을 지나는 경우","39","YES","접선과 현이 이루는 각의 활용(2); 현이 중심을 지나는 경우"
"260711_원의 성질(2).pdf","137","접선과 현이 이루는 각의 활용(2); 현이 중심을 지나는 경우","39","YES","접선과 현이 이루는 각의 활용(2); 현이 중심을 지나는 경우"
"260711_원의 성질(2).pdf","138","접선과 현이 이루는 각의 활용(2); 현이 중심을 지나는 경우","39","YES","접선과 현이 이루는 각의 활용(2); 현이 중심을 지나는 경우"
"260711_원의 성질(2).pdf","139","접선과 현이 이루는 각의 활용(2); 현이 중심을 지나는 경우","39","YES","접선과 현이 이루는 각의 활용(2); 현이 중심을 지나는 경우"
"260711_원의 성질(2).pdf","140","접선과 현이 이루는 각의 활용(3); 한 점에서 원에 그은 두 접선","40","YES","접선과 현이 이루는 각의 활용(3); 한 점에서 원에 그은 두 접선"
"260711_원의 성질(2).pdf","141","접선과 현이 이루는 각의 활용(3); 한 점에서 원에 그은 두 접선","40","YES","접선과 현이 이루는 각의 활용(3); 한 점에서 원에 그은 두 접선"
"260711_원의 성질(2).pdf","142","접선과 현이 이루는 각의 활용(3); 한 점에서 원에 그은 두 접선","40","YES","접선과 현이 이루는 각의 활용(3); 한 점에서 원에 그은 두 접선"
"260711_원의 성질(2).pdf","143","두 원에서 접선과 현이 이루는 각(1)","41","YES","두 원에서 접선과 현이 이루는 각(1)"
"260711_원의 성질(2).pdf","144","두 원에서 접선과 현이 이루는 각(1)","41","YES","두 원에서 접선과 현이 이루는 각(1)"
"260711_원의 성질(2).pdf","145","두 원에서 접선과 현이 이루는 각(1)","41","YES","두 원에서 접선과 현이 이루는 각(1)"
"260711_원의 성질(2).pdf","146","두 원에서 접선과 현이 이루는 각(1)","41","YES","두 원에서 접선과 현이 이루는 각(1)"
"260711_원의 성질(2).pdf","147","두 원에서 접선과 현이 이루는 각(2); 한 원이 다른 원의 내부에 있는 경우","42","YES","두 원에서 접선과 현이 이루는 각(2); 한 원이 다른 원의 내부에 있는 경우"
"260711_원의 성질(2).pdf","148","두 원에서 접선과 현이 이루는 각(2); 한 원이 다른 원의 내부에 있는 경우","42","YES","두 원에서 접선과 현이 이루는 각(2); 한 원이 다른 원의 내부에 있는 경우"
"260711_원의 성질(2).pdf","149","두 원에서 접선과 현이 이루는 각(2); 한 원이 다른 원의 내부에 있는 경우","42","YES","두 원에서 접선과 현이 이루는 각(2); 한 원이 다른 원의 내부에 있는 경우"
"260711_원의 성질(2).pdf","150","두 원에서 접선과 현이 이루는 각(2); 한 원이 다른 원의 내부에 있는 경우","42","YES","두 원에서 접선과 현이 이루는 각(2); 한 원이 다른 원의 내부에 있는 경우"
"260711_원의 성질(3).pdf","001","원의 중심과 현의 수직이등분선(1)","1","YES","원의 중심과 현의 수직이등분선(1)"
"260711_원의 성질(3).pdf","002","원의 중심과 현의 수직이등분선(1)","1","YES","원의 중심과 현의 수직이등분선(1)"
"260711_원의 성질(3).pdf","003","원의 중심과 현의 수직이등분선(1)","1","YES","원의 중심과 현의 수직이등분선(1)"
"260711_원의 성질(3).pdf","004","원의 중심과 현의 수직이등분선(1)","1","YES","원의 중심과 현의 수직이등분선(1)"
"260711_원의 성질(3).pdf","005","원의 중심과 현의 수직이등분선(2)","","NO",""
"260711_원의 성질(3).pdf","006","원의 중심과 현의 수직이등분선(2)","","NO",""
"260711_원의 성질(3).pdf","007","원의 중심과 현의 수직이등분선(2)","","NO",""
"260711_원의 성질(3).pdf","008","원의 중심과 현의 수직이등분선(3); 활꼴","","NO",""
"260711_원의 성질(3).pdf","009","원의 중심과 현의 수직이등분선(3); 활꼴","","NO",""
"260711_원의 성질(3).pdf","010","원의 중심과 현의 수직이등분선(3); 활꼴","","NO",""
"260711_원의 성질(3).pdf","011","원의 중심과 현의 수직이등분선(3); 활꼴","","NO",""
"260711_원의 성질(3).pdf","012","현의 길이(1); 중심에서 같은 거리의 두 현","5","YES","현의 길이(1); 중심에서 같은 거리의 두 현"
"260711_원의 성질(3).pdf","013","현의 길이(1); 중심에서 같은 거리의 두 현","5","YES","현의 길이(1); 중심에서 같은 거리의 두 현"
"260711_원의 성질(3).pdf","014","현의 길이(1); 중심에서 같은 거리의 두 현","5","YES","현의 길이(1); 중심에서 같은 거리의 두 현"
"260711_원의 성질(3).pdf","015","현의 길이(1); 중심에서 같은 거리의 두 현","5","YES","현의 길이(1); 중심에서 같은 거리의 두 현"
"260711_원의 성질(3).pdf","016","현의 길이(2); 내접하는 이등변삼각형","","NO",""
"260711_원의 성질(3).pdf","017","현의 길이(2); 내접하는 이등변삼각형","","NO",""
"260711_원의 성질(3).pdf","018","현의 길이(2); 내접하는 이등변삼각형","","NO",""
"260711_원의 성질(3).pdf","019","현의 길이(2); 내접하는 이등변삼각형","","NO",""
"260711_원의 성질(3).pdf","020","원의 접선과 반지름","7","YES","원의 접선과 반지름"
"260711_원의 성질(3).pdf","021","원의 접선과 반지름","7","YES","원의 접선과 반지름"
"260711_원의 성질(3).pdf","022","원의 접선과 반지름","7","YES","원의 접선과 반지름"
"260711_원의 성질(3).pdf","023","원의 접선의 성질(1)","8","YES","원의 접선의 성질(1)"
"260711_원의 성질(3).pdf","024","원의 접선의 성질(1)","8","YES","원의 접선의 성질(1)"
"260711_원의 성질(3).pdf","025","원의 접선의 성질(1)","8","YES","원의 접선의 성질(1)"
"260711_원의 성질(3).pdf","026","원의 접선의 성질(1)","8","YES","원의 접선의 성질(1)"
"260711_원의 성질(3).pdf","027","원의 접선의 성질(2); 길이","9","YES","원의 접선의 성질(2); 길이"
"260711_원의 성질(3).pdf","028","원의 접선의 성질(2); 길이","9","YES","원의 접선의 성질(2); 길이"
"260711_원의 성질(3).pdf","029","원의 접선의 성질(2); 길이","9","YES","원의 접선의 성질(2); 길이"
"260711_원의 성질(3).pdf","030","원의 접선의 성질(2); 길이","9","YES","원의 접선의 성질(2); 길이"
"260711_원의 성질(3).pdf","031","원의 접선의 성질(3); 넓이","","NO",""
"260711_원의 성질(3).pdf","032","원의 접선의 성질(3); 넓이","","NO",""
"260711_원의 성질(3).pdf","033","원의 접선의 성질(3); 넓이","","NO",""
"260711_원의 성질(3).pdf","034","원의 접선의 성질의 활용","11","YES","원의 접선의 성질의 활용"
"260711_원의 성질(3).pdf","035","원의 접선의 성질의 활용","11","YES","원의 접선의 성질의 활용"
"260711_원의 성질(3).pdf","036","원의 접선의 성질의 활용","11","YES","원의 접선의 성질의 활용"
"260711_원의 성질(3).pdf","037","원의 접선의 성질의 활용","11","YES","원의 접선의 성질의 활용"
"260711_원의 성질(3).pdf","038","반원에서의 접선","","NO",""
"260711_원의 성질(3).pdf","039","반원에서의 접선","","NO",""
"260711_원의 성질(3).pdf","040","반원에서의 접선","","NO",""
"260711_원의 성질(3).pdf","041","반원에서의 접선","","NO",""
"260711_원의 성질(3).pdf","042","원의 접선과 반지름; 동심원","","NO",""
"260711_원의 성질(3).pdf","043","원의 접선과 반지름; 동심원","","NO",""
"260711_원의 성질(3).pdf","044","원의 접선과 반지름; 동심원","","NO",""
"260711_원의 성질(3).pdf","045","원의 접선과 반지름; 동심원","","NO",""
"260711_원의 성질(3).pdf","046","삼각형의 내접원","12","YES","삼각형의 내접원"
"260711_원의 성질(3).pdf","047","삼각형의 내접원","12","YES","삼각형의 내접원"
"260711_원의 성질(3).pdf","048","삼각형의 내접원","12","YES","삼각형의 내접원"
"260711_원의 성질(3).pdf","049","삼각형의 내접원","12","YES","삼각형의 내접원"
"260711_원의 성질(3).pdf","050","직각삼각형의 내접원","13","YES","직각삼각형의 내접원"
"260711_원의 성질(3).pdf","051","직각삼각형의 내접원","13","YES","직각삼각형의 내접원"
"260711_원의 성질(3).pdf","052","직각삼각형의 내접원","13","YES","직각삼각형의 내접원"
"260711_원의 성질(3).pdf","053","원에 외접하는 사각형의 성질(1)","","NO",""
"260711_원의 성질(3).pdf","054","원에 외접하는 사각형의 성질(1)","","NO",""
"260711_원의 성질(3).pdf","055","원에 외접하는 사각형의 성질(1)","","NO",""
"260711_원의 성질(3).pdf","056","원에 외접하는 사각형의 성질(2); 한 내각이 90˚인 경우","15","YES","원에 외접하는 사각형의 성질(2); 한 내각이 90˚인 경우"
"260711_원의 성질(3).pdf","057","원에 외접하는 사각형의 성질(2); 한 내각이 90˚인 경우","15","YES","원에 외접하는 사각형의 성질(2); 한 내각이 90˚인 경우"
"260711_원의 성질(3).pdf","058","원에 외접하는 사각형의 성질(2); 한 내각이 90˚인 경우","15","YES","원에 외접하는 사각형의 성질(2); 한 내각이 90˚인 경우"
"260711_원의 성질(3).pdf","059","원에 외접하는 사각형의 성질(2); 한 내각이 90˚인 경우","15","YES","원에 외접하는 사각형의 성질(2); 한 내각이 90˚인 경우"
"260711_원의 성질(3).pdf","060","원에 외접하는 사각형의 성질의 활용(1); 직사각형","16","YES","원에 외접하는 사각형의 성질의 활용(1); 직사각형"
"260711_원의 성질(3).pdf","061","원에 외접하는 사각형의 성질의 활용(1); 직사각형","16","YES","원에 외접하는 사각형의 성질의 활용(1); 직사각형"
"260711_원의 성질(3).pdf","062","원에 외접하는 사각형의 성질의 활용(1); 직사각형","16","YES","원에 외접하는 사각형의 성질의 활용(1); 직사각형"
"260711_원의 성질(3).pdf","063","원에 외접하는 사각형의 성질의 활용(1); 직사각형","16","YES","원에 외접하는 사각형의 성질의 활용(1); 직사각형"
"260711_원의 성질(3).pdf","064","원에 외접하는 사각형의 성질의 활용(2); 그 외","17","YES","원에 외접하는 사각형의 성질의 활용(2); 그 외"
"260711_원의 성질(3).pdf","065","원에 외접하는 사각형의 성질의 활용(2); 그 외","17","YES","원에 외접하는 사각형의 성질의 활용(2); 그 외"
"260711_원의 성질(3).pdf","066","원에 외접하는 사각형의 성질의 활용(2); 그 외","17","YES","원에 외접하는 사각형의 성질의 활용(2); 그 외"
"260711_원의 성질(3).pdf","067","원에 외접하는 사각형의 성질의 활용(2); 그 외","17","YES","원에 외접하는 사각형의 성질의 활용(2); 그 외"
"260711_원의 성질(3).pdf","068","원주각과 중심각의 크기(1)","18","YES","원주각과 중심각의 크기(1)"
"260711_원의 성질(3).pdf","069","원주각과 중심각의 크기(1)","18","YES","원주각과 중심각의 크기(1)"
"260711_원의 성질(3).pdf","070","원주각과 중심각의 크기(1)","18","YES","원주각과 중심각의 크기(1)"
"260711_원의 성질(3).pdf","071","원주각과 중심각의 크기(1)","18","YES","원주각과 중심각의 크기(1)"
"260711_원의 성질(3).pdf","072","원주각과 중심각의 크기(3)","","NO",""
"260711_원의 성질(3).pdf","073","원주각과 중심각의 크기(3)","","NO",""
"260711_원의 성질(3).pdf","074","원주각과 중심각의 크기(3)","","NO",""
"260711_원의 성질(3).pdf","075","원주각과 중심각의 크기(3)","","NO",""
"260711_원의 성질(3).pdf","076","원주각의 성질(1); 한 호","21","YES","원주각의 성질(1); 한 호"
"260711_원의 성질(3).pdf","077","원주각의 성질(1); 한 호","21","YES","원주각의 성질(1); 한 호"
"260711_원의 성질(3).pdf","078","원주각의 성질(1); 한 호","21","YES","원주각의 성질(1); 한 호"
"260711_원의 성질(3).pdf","079","원주각의 성질(1); 한 호","21","YES","원주각의 성질(1); 한 호"
"260711_원의 성질(3).pdf","080","원주각의 성질(2); 반원","22","YES","원주각의 성질(2); 반원"
"260711_원의 성질(3).pdf","081","원주각의 성질(2); 반원","22","YES","원주각의 성질(2); 반원"
"260711_원의 성질(3).pdf","082","원주각의 성질(2); 반원","22","YES","원주각의 성질(2); 반원"
"260711_원의 성질(3).pdf","083","원주각의 성질(2); 반원","22","YES","원주각의 성질(2); 반원"
"260711_원의 성질(3).pdf","084","원주각과 삼각비의 값(1)","23","YES","원주각과 삼각비의 값(1)"
"260711_원의 성질(3).pdf","085","원주각과 삼각비의 값(1)","23","YES","원주각과 삼각비의 값(1)"
"260711_원의 성질(3).pdf","086","원주각과 삼각비의 값(1)","23","YES","원주각과 삼각비의 값(1)"
"260711_원의 성질(3).pdf","087","원주각과 삼각비의 값(2); 선분의 길이, 넓이","24","YES","원주각과 삼각비의 값(2); 선분의 길이, 넓이"
"260711_원의 성질(3).pdf","088","원주각과 삼각비의 값(2); 선분의 길이, 넓이","24","YES","원주각과 삼각비의 값(2); 선분의 길이, 넓이"
"260711_원의 성질(3).pdf","089","원주각과 삼각비의 값(2); 선분의 길이, 넓이","24","YES","원주각과 삼각비의 값(2); 선분의 길이, 넓이"
"260711_원의 성질(3).pdf","090","원주각의 크기와 호의 길이(1)","25","YES","원주각의 크기와 호의 길이(1)"
"260711_원의 성질(3).pdf","091","원주각의 크기와 호의 길이(1)","25","YES","원주각의 크기와 호의 길이(1)"
"260711_원의 성질(3).pdf","092","원주각의 크기와 호의 길이(1)","25","YES","원주각의 크기와 호의 길이(1)"
"260711_원의 성질(3).pdf","093","원주각의 크기와 호의 길이(2)","26","YES","원주각의 크기와 호의 길이(2)"
"260711_원의 성질(3).pdf","094","원주각의 크기와 호의 길이(2)","26","YES","원주각의 크기와 호의 길이(2)"
"260711_원의 성질(3).pdf","095","원주각의 크기와 호의 길이(2)","26","YES","원주각의 크기와 호의 길이(2)"
"260711_원의 성질(3).pdf","096","원주각의 크기와 호의 길이(2)","26","YES","원주각의 크기와 호의 길이(2)"
"260711_원의 성질(3).pdf","097","원주각의 크기와 호의 길이(3)","27","YES","원주각의 크기와 호의 길이(3)"
"260711_원의 성질(3).pdf","098","원주각의 크기와 호의 길이(3)","27","YES","원주각의 크기와 호의 길이(3)"
"260711_원의 성질(3).pdf","099","원주각의 크기와 호의 길이(3)","27","YES","원주각의 크기와 호의 길이(3)"
"260711_원의 성질(3).pdf","100","네 점이 한 원에 있기 위한 조건","28","YES","네 점이 한 원에 있기 위한 조건"
"260711_원의 성질(3).pdf","101","네 점이 한 원에 있기 위한 조건","28","YES","네 점이 한 원에 있기 위한 조건"
"260711_원의 성질(3).pdf","102","네 점이 한 원에 있기 위한 조건","28","YES","네 점이 한 원에 있기 위한 조건"
"260711_원의 성질(3).pdf","103","네 점이 한 원에 있기 위한 조건","28","YES","네 점이 한 원에 있기 위한 조건"
"260711_원의 성질(3).pdf","104","원에 내접하는 사각형의 성질(1)","29","YES","원에 내접하는 사각형의 성질(1)"
"260711_원의 성질(3).pdf","105","원에 내접하는 사각형의 성질(1)","29","YES","원에 내접하는 사각형의 성질(1)"
"260711_원의 성질(3).pdf","106","원에 내접하는 사각형의 성질(1)","29","YES","원에 내접하는 사각형의 성질(1)"
"260711_원의 성질(3).pdf","107","원에 내접하는 사각형의 성질(1)","29","YES","원에 내접하는 사각형의 성질(1)"
"260711_원의 성질(3).pdf","108","원에 내접하는 사각형의 성질(2)","30","YES","원에 내접하는 사각형의 성질(2)"
"260711_원의 성질(3).pdf","109","원에 내접하는 사각형의 성질(2)","30","YES","원에 내접하는 사각형의 성질(2)"
"260711_원의 성질(3).pdf","110","원에 내접하는 사각형의 성질(2)","30","YES","원에 내접하는 사각형의 성질(2)"
"260711_원의 성질(3).pdf","111","원에 내접하는 사각형의 성질(2)","30","YES","원에 내접하는 사각형의 성질(2)"
"260711_원의 성질(3).pdf","112","원에 내접하는 사각형과 외각의 성질","31","YES","원에 내접하는 사각형과 외각의 성질"
"260711_원의 성질(3).pdf","113","원에 내접하는 사각형과 외각의 성질","31","YES","원에 내접하는 사각형과 외각의 성질"
"260711_원의 성질(3).pdf","114","원에 내접하는 사각형과 외각의 성질","31","YES","원에 내접하는 사각형과 외각의 성질"
"260711_원의 성질(3).pdf","115","원에 내접하는 사각형과 외각의 성질","31","YES","원에 내접하는 사각형과 외각의 성질"
"260711_원의 성질(3).pdf","116","원에 내접하는 다각형","32","YES","원에 내접하는 다각형"
"260711_원의 성질(3).pdf","117","원에 내접하는 다각형","32","YES","원에 내접하는 다각형"
"260711_원의 성질(3).pdf","118","원에 내접하는 다각형","32","YES","원에 내접하는 다각형"
"260711_원의 성질(3).pdf","119","두 원에서 내접하는 사각형의 성질의 활용","33","YES","두 원에서 내접하는 사각형의 성질의 활용"
"260711_원의 성질(3).pdf","120","두 원에서 내접하는 사각형의 성질의 활용","33","YES","두 원에서 내접하는 사각형의 성질의 활용"
"260711_원의 성질(3).pdf","121","두 원에서 내접하는 사각형의 성질의 활용","33","YES","두 원에서 내접하는 사각형의 성질의 활용"
"260711_원의 성질(3).pdf","122","두 원에서 내접하는 사각형의 성질의 활용","33","YES","두 원에서 내접하는 사각형의 성질의 활용"
"260711_원의 성질(3).pdf","123","원에 내접하는 사각형","","NO",""
"260711_원의 성질(3).pdf","124","원에 내접하는 사각형","","NO",""
"260711_원의 성질(3).pdf","125","사각형이 원에 내접하기 위한 조건","","NO",""
"260711_원의 성질(3).pdf","126","사각형이 원에 내접하기 위한 조건","","NO",""
"260711_원의 성질(3).pdf","127","사각형이 원에 내접하기 위한 조건","","NO",""
"260711_원의 성질(3).pdf","128","사각형이 원에 내접하기 위한 조건","","NO",""
"260711_원의 성질(3).pdf","129","접선과 현이 이루는 각; 원주각","36","YES","접선과 현이 이루는 각; 원주각"
"260711_원의 성질(3).pdf","130","접선과 현이 이루는 각; 원주각","36","YES","접선과 현이 이루는 각; 원주각"
"260711_원의 성질(3).pdf","131","접선과 현이 이루는 각; 원주각","36","YES","접선과 현이 이루는 각; 원주각"
"260711_원의 성질(3).pdf","132","접선과 현이 이루는 각; 원주각","36","YES","접선과 현이 이루는 각; 원주각"
"260711_원의 성질(3).pdf","133","접선과 현이 이루는 각의 활용(1); 현이 중심을 지나지 않는 경우","38","YES","접선과 현이 이루는 각의 활용(1); 현이 중심을 지나지 않는 경우"
"260711_원의 성질(3).pdf","134","접선과 현이 이루는 각의 활용(1); 현이 중심을 지나지 않는 경우","38","YES","접선과 현이 이루는 각의 활용(1); 현이 중심을 지나지 않는 경우"
"260711_원의 성질(3).pdf","135","접선과 현이 이루는 각의 활용(1); 현이 중심을 지나지 않는 경우","38","YES","접선과 현이 이루는 각의 활용(1); 현이 중심을 지나지 않는 경우"
"260711_원의 성질(3).pdf","136","접선과 현이 이루는 각의 활용(1); 현이 중심을 지나지 않는 경우","38","YES","접선과 현이 이루는 각의 활용(1); 현이 중심을 지나지 않는 경우"
"260711_원의 성질(3).pdf","137","접선과 현이 이루는 각의 활용(2); 현이 중심을 지나는 경우","39","YES","접선과 현이 이루는 각의 활용(2); 현이 중심을 지나는 경우"
"260711_원의 성질(3).pdf","138","접선과 현이 이루는 각의 활용(2); 현이 중심을 지나는 경우","39","YES","접선과 현이 이루는 각의 활용(2); 현이 중심을 지나는 경우"
"260711_원의 성질(3).pdf","139","접선과 현이 이루는 각의 활용(2); 현이 중심을 지나는 경우","39","YES","접선과 현이 이루는 각의 활용(2); 현이 중심을 지나는 경우"
"260711_원의 성질(3).pdf","140","접선과 현이 이루는 각의 활용(2); 현이 중심을 지나는 경우","39","YES","접선과 현이 이루는 각의 활용(2); 현이 중심을 지나는 경우"
"260711_원의 성질(3).pdf","141","접선과 현이 이루는 각의 활용(3); 한 점에서 원에 그은 두 접선","40","YES","접선과 현이 이루는 각의 활용(3); 한 점에서 원에 그은 두 접선"
"260711_원의 성질(3).pdf","142","접선과 현이 이루는 각의 활용(3); 한 점에서 원에 그은 두 접선","40","YES","접선과 현이 이루는 각의 활용(3); 한 점에서 원에 그은 두 접선"
"260711_원의 성질(3).pdf","143","접선과 현이 이루는 각의 활용(3); 한 점에서 원에 그은 두 접선","40","YES","접선과 현이 이루는 각의 활용(3); 한 점에서 원에 그은 두 접선"
"260711_원의 성질(3).pdf","144","접선과 현이 이루는 각의 활용(3); 한 점에서 원에 그은 두 접선","40","YES","접선과 현이 이루는 각의 활용(3); 한 점에서 원에 그은 두 접선"
"260711_원의 성질(3).pdf","145","두 원에서 접선과 현이 이루는 각(1)","41","YES","두 원에서 접선과 현이 이루는 각(1)"
"260711_원의 성질(3).pdf","146","두 원에서 접선과 현이 이루는 각(1)","41","YES","두 원에서 접선과 현이 이루는 각(1)"
"260711_원의 성질(3).pdf","147","두 원에서 접선과 현이 이루는 각(1)","41","YES","두 원에서 접선과 현이 이루는 각(1)"
"260711_원의 성질(3).pdf","148","두 원에서 접선과 현이 이루는 각(1)","41","YES","두 원에서 접선과 현이 이루는 각(1)"
"260711_원의 성질(3).pdf","149","두 원에서 접선과 현이 이루는 각(2); 한 원이 다른 원의 내부에 있는 경우","42","YES","두 원에서 접선과 현이 이루는 각(2); 한 원이 다른 원의 내부에 있는 경우"
"260711_원의 성질(3).pdf","150","두 원에서 접선과 현이 이루는 각(2); 한 원이 다른 원의 내부에 있는 경우","42","YES","두 원에서 접선과 현이 이루는 각(2); 한 원이 다른 원의 내부에 있는 경우"
"260711_원의 성질(4).pdf","001","원의 중심과 현의 수직이등분선(1)","1","YES","원의 중심과 현의 수직이등분선(1)"
"260711_원의 성질(4).pdf","002","원의 중심과 현의 수직이등분선(1)","1","YES","원의 중심과 현의 수직이등분선(1)"
"260711_원의 성질(4).pdf","003","원의 중심과 현의 수직이등분선(1)","1","YES","원의 중심과 현의 수직이등분선(1)"
"260711_원의 성질(4).pdf","004","원의 중심과 현의 수직이등분선(1)","1","YES","원의 중심과 현의 수직이등분선(1)"
"260711_원의 성질(4).pdf","005","원의 중심과 현의 수직이등분선(2)","","NO",""
"260711_원의 성질(4).pdf","006","현의 길이(1); 중심에서 같은 거리의 두 현","5","YES","현의 길이(1); 중심에서 같은 거리의 두 현"
"260711_원의 성질(4).pdf","007","현의 길이(1); 중심에서 같은 거리의 두 현","5","YES","현의 길이(1); 중심에서 같은 거리의 두 현"
"260711_원의 성질(4).pdf","008","현의 길이(1); 중심에서 같은 거리의 두 현","5","YES","현의 길이(1); 중심에서 같은 거리의 두 현"
"260711_원의 성질(4).pdf","009","현의 길이(1); 중심에서 같은 거리의 두 현","5","YES","현의 길이(1); 중심에서 같은 거리의 두 현"
"260711_원의 성질(4).pdf","010","현의 길이(2); 내접하는 이등변삼각형","","NO",""
"260711_원의 성질(4).pdf","011","현의 길이(2); 내접하는 이등변삼각형","","NO",""
"260711_원의 성질(4).pdf","012","현의 길이(2); 내접하는 이등변삼각형","","NO",""
"260711_원의 성질(4).pdf","013","현의 길이(2); 내접하는 이등변삼각형","","NO",""
"260711_원의 성질(4).pdf","014","원의 접선과 반지름","7","YES","원의 접선과 반지름"
"260711_원의 성질(4).pdf","015","원의 접선과 반지름","7","YES","원의 접선과 반지름"
"260711_원의 성질(4).pdf","016","원의 접선과 반지름","7","YES","원의 접선과 반지름"
"260711_원의 성질(4).pdf","017","원의 접선과 반지름","7","YES","원의 접선과 반지름"
"260711_원의 성질(4).pdf","018","원의 접선의 성질(1)","8","YES","원의 접선의 성질(1)"
"260711_원의 성질(4).pdf","019","원의 접선의 성질(1)","8","YES","원의 접선의 성질(1)"
"260711_원의 성질(4).pdf","020","원의 접선의 성질(1)","8","YES","원의 접선의 성질(1)"
"260711_원의 성질(4).pdf","021","원의 접선의 성질(1)","8","YES","원의 접선의 성질(1)"
"260711_원의 성질(4).pdf","022","원의 접선의 성질(2); 길이","9","YES","원의 접선의 성질(2); 길이"
"260711_원의 성질(4).pdf","023","원의 접선의 성질(2); 길이","9","YES","원의 접선의 성질(2); 길이"
"260711_원의 성질(4).pdf","024","원의 접선의 성질(2); 길이","9","YES","원의 접선의 성질(2); 길이"
"260711_원의 성질(4).pdf","025","원의 접선의 성질(2); 길이","9","YES","원의 접선의 성질(2); 길이"
"260711_원의 성질(4).pdf","026","원의 접선의 성질의 활용","11","YES","원의 접선의 성질의 활용"
"260711_원의 성질(4).pdf","027","원의 접선의 성질의 활용","11","YES","원의 접선의 성질의 활용"
"260711_원의 성질(4).pdf","028","원의 접선의 성질의 활용","11","YES","원의 접선의 성질의 활용"
"260711_원의 성질(4).pdf","029","원의 접선의 성질의 활용","11","YES","원의 접선의 성질의 활용"
"260711_원의 성질(4).pdf","030","반원에서의 접선","","NO",""
"260711_원의 성질(4).pdf","031","반원에서의 접선","","NO",""
"260711_원의 성질(4).pdf","032","반원에서의 접선","","NO",""
"260711_원의 성질(4).pdf","033","반원에서의 접선","","NO",""
"260711_원의 성질(4).pdf","034","원의 접선과 반지름; 동심원","","NO",""
"260711_원의 성질(4).pdf","035","원의 접선과 반지름; 동심원","","NO",""
"260711_원의 성질(4).pdf","036","원의 접선과 반지름; 동심원","","NO",""
"260711_원의 성질(4).pdf","037","원의 접선과 반지름; 동심원","","NO",""
"260711_원의 성질(4).pdf","038","삼각형의 내접원","12","YES","삼각형의 내접원"
"260711_원의 성질(4).pdf","039","삼각형의 내접원","12","YES","삼각형의 내접원"
"260711_원의 성질(4).pdf","040","삼각형의 내접원","12","YES","삼각형의 내접원"
"260711_원의 성질(4).pdf","041","삼각형의 내접원","12","YES","삼각형의 내접원"
"260711_원의 성질(4).pdf","042","직각삼각형의 내접원","13","YES","직각삼각형의 내접원"
"260711_원의 성질(4).pdf","043","직각삼각형의 내접원","13","YES","직각삼각형의 내접원"
"260711_원의 성질(4).pdf","044","직각삼각형의 내접원","13","YES","직각삼각형의 내접원"
"260711_원의 성질(4).pdf","045","직각삼각형의 내접원","13","YES","직각삼각형의 내접원"
"260711_원의 성질(4).pdf","046","원에 외접하는 사각형의 성질(1)","","NO",""
"260711_원의 성질(4).pdf","047","원에 외접하는 사각형의 성질(1)","","NO",""
"260711_원의 성질(4).pdf","048","원에 외접하는 사각형의 성질(1)","","NO",""
"260711_원의 성질(4).pdf","049","원에 외접하는 사각형의 성질(1)","","NO",""
"260711_원의 성질(4).pdf","050","원에 외접하는 사각형의 성질(2); 한 내각이 90˚인 경우","15","YES","원에 외접하는 사각형의 성질(2); 한 내각이 90˚인 경우"
"260711_원의 성질(4).pdf","051","원에 외접하는 사각형의 성질(2); 한 내각이 90˚인 경우","15","YES","원에 외접하는 사각형의 성질(2); 한 내각이 90˚인 경우"
"260711_원의 성질(4).pdf","052","원에 외접하는 사각형의 성질(2); 한 내각이 90˚인 경우","15","YES","원에 외접하는 사각형의 성질(2); 한 내각이 90˚인 경우"
"260711_원의 성질(4).pdf","053","원에 외접하는 사각형의 성질(2); 한 내각이 90˚인 경우","15","YES","원에 외접하는 사각형의 성질(2); 한 내각이 90˚인 경우"
"260711_원의 성질(4).pdf","054","원에 외접하는 사각형의 성질의 활용(1); 직사각형","16","YES","원에 외접하는 사각형의 성질의 활용(1); 직사각형"
"260711_원의 성질(4).pdf","055","원에 외접하는 사각형의 성질의 활용(1); 직사각형","16","YES","원에 외접하는 사각형의 성질의 활용(1); 직사각형"
"260711_원의 성질(4).pdf","056","원에 외접하는 사각형의 성질의 활용(1); 직사각형","16","YES","원에 외접하는 사각형의 성질의 활용(1); 직사각형"
"260711_원의 성질(4).pdf","057","원에 외접하는 사각형의 성질의 활용(1); 직사각형","16","YES","원에 외접하는 사각형의 성질의 활용(1); 직사각형"
"260711_원의 성질(4).pdf","058","원에 외접하는 사각형의 성질의 활용(2); 그 외","17","YES","원에 외접하는 사각형의 성질의 활용(2); 그 외"
"260711_원의 성질(4).pdf","059","원에 외접하는 사각형의 성질의 활용(2); 그 외","17","YES","원에 외접하는 사각형의 성질의 활용(2); 그 외"
"260711_원의 성질(4).pdf","060","원에 외접하는 사각형의 성질의 활용(2); 그 외","17","YES","원에 외접하는 사각형의 성질의 활용(2); 그 외"
"260711_원의 성질(4).pdf","061","원에 외접하는 사각형의 성질의 활용(2); 그 외","17","YES","원에 외접하는 사각형의 성질의 활용(2); 그 외"
"260711_원의 성질(4).pdf","062","원주각과 중심각의 크기(1)","18","YES","원주각과 중심각의 크기(1)"
"260711_원의 성질(4).pdf","063","원주각과 중심각의 크기(1)","18","YES","원주각과 중심각의 크기(1)"
"260711_원의 성질(4).pdf","064","원주각과 중심각의 크기(1)","18","YES","원주각과 중심각의 크기(1)"
"260711_원의 성질(4).pdf","065","원주각과 중심각의 크기(1)","18","YES","원주각과 중심각의 크기(1)"
"260711_원의 성질(4).pdf","066","원주각과 중심각의 크기(3)","","NO",""
"260711_원의 성질(4).pdf","067","원주각과 중심각의 크기(3)","","NO",""
"260711_원의 성질(4).pdf","068","원주각과 중심각의 크기(3)","","NO",""
"260711_원의 성질(4).pdf","069","원주각과 중심각의 크기(3)","","NO",""
"260711_원의 성질(4).pdf","070","원주각의 성질(1); 한 호","21","YES","원주각의 성질(1); 한 호"
"260711_원의 성질(4).pdf","071","원주각의 성질(1); 한 호","21","YES","원주각의 성질(1); 한 호"
"260711_원의 성질(4).pdf","072","원주각의 성질(1); 한 호","21","YES","원주각의 성질(1); 한 호"
"260711_원의 성질(4).pdf","073","원주각의 성질(1); 한 호","21","YES","원주각의 성질(1); 한 호"
"260711_원의 성질(4).pdf","074","원주각의 성질(2); 반원","22","YES","원주각의 성질(2); 반원"
"260711_원의 성질(4).pdf","075","원주각의 성질(2); 반원","22","YES","원주각의 성질(2); 반원"
"260711_원의 성질(4).pdf","076","원주각의 성질(2); 반원","22","YES","원주각의 성질(2); 반원"
"260711_원의 성질(4).pdf","077","원주각의 성질(2); 반원","22","YES","원주각의 성질(2); 반원"
"260711_원의 성질(4).pdf","078","원주각과 삼각비의 값(1)","23","YES","원주각과 삼각비의 값(1)"
"260711_원의 성질(4).pdf","079","원주각과 삼각비의 값(1)","23","YES","원주각과 삼각비의 값(1)"
"260711_원의 성질(4).pdf","080","원주각과 삼각비의 값(1)","23","YES","원주각과 삼각비의 값(1)"
"260711_원의 성질(4).pdf","081","원주각과 삼각비의 값(1)","23","YES","원주각과 삼각비의 값(1)"
"260711_원의 성질(4).pdf","082","원주각과 삼각비의 값(2); 선분의 길이, 넓이","24","YES","원주각과 삼각비의 값(2); 선분의 길이, 넓이"
"260711_원의 성질(4).pdf","083","원주각과 삼각비의 값(2); 선분의 길이, 넓이","24","YES","원주각과 삼각비의 값(2); 선분의 길이, 넓이"
"260711_원의 성질(4).pdf","084","원주각과 삼각비의 값(2); 선분의 길이, 넓이","24","YES","원주각과 삼각비의 값(2); 선분의 길이, 넓이"
"260711_원의 성질(4).pdf","085","원주각과 삼각비의 값(2); 선분의 길이, 넓이","24","YES","원주각과 삼각비의 값(2); 선분의 길이, 넓이"
"260711_원의 성질(4).pdf","086","원주각의 크기와 호의 길이(1)","25","YES","원주각의 크기와 호의 길이(1)"
"260711_원의 성질(4).pdf","087","원주각의 크기와 호의 길이(1)","25","YES","원주각의 크기와 호의 길이(1)"
"260711_원의 성질(4).pdf","088","원주각의 크기와 호의 길이(1)","25","YES","원주각의 크기와 호의 길이(1)"
"260711_원의 성질(4).pdf","089","원주각의 크기와 호의 길이(1)","25","YES","원주각의 크기와 호의 길이(1)"
"260711_원의 성질(4).pdf","090","원주각의 크기와 호의 길이(2)","26","YES","원주각의 크기와 호의 길이(2)"
"260711_원의 성질(4).pdf","091","원주각의 크기와 호의 길이(2)","26","YES","원주각의 크기와 호의 길이(2)"
"260711_원의 성질(4).pdf","092","원주각의 크기와 호의 길이(2)","26","YES","원주각의 크기와 호의 길이(2)"
"260711_원의 성질(4).pdf","093","원주각의 크기와 호의 길이(2)","26","YES","원주각의 크기와 호의 길이(2)"
"260711_원의 성질(4).pdf","094","원주각의 크기와 호의 길이(3)","27","YES","원주각의 크기와 호의 길이(3)"
"260711_원의 성질(4).pdf","095","원주각의 크기와 호의 길이(3)","27","YES","원주각의 크기와 호의 길이(3)"
"260711_원의 성질(4).pdf","096","원주각의 크기와 호의 길이(3)","27","YES","원주각의 크기와 호의 길이(3)"
"260711_원의 성질(4).pdf","097","원주각의 크기와 호의 길이(3)","27","YES","원주각의 크기와 호의 길이(3)"
"260711_원의 성질(4).pdf","098","네 점이 한 원에 있기 위한 조건","28","YES","네 점이 한 원에 있기 위한 조건"
"260711_원의 성질(4).pdf","099","네 점이 한 원에 있기 위한 조건","28","YES","네 점이 한 원에 있기 위한 조건"
"260711_원의 성질(4).pdf","100","네 점이 한 원에 있기 위한 조건","28","YES","네 점이 한 원에 있기 위한 조건"
"260711_원의 성질(4).pdf","101","네 점이 한 원에 있기 위한 조건","28","YES","네 점이 한 원에 있기 위한 조건"
"260711_원의 성질(4).pdf","102","원에 내접하는 사각형의 성질(1)","29","YES","원에 내접하는 사각형의 성질(1)"
"260711_원의 성질(4).pdf","103","원에 내접하는 사각형의 성질(1)","29","YES","원에 내접하는 사각형의 성질(1)"
"260711_원의 성질(4).pdf","104","원에 내접하는 사각형의 성질(1)","29","YES","원에 내접하는 사각형의 성질(1)"
"260711_원의 성질(4).pdf","105","원에 내접하는 사각형의 성질(1)","29","YES","원에 내접하는 사각형의 성질(1)"
"260711_원의 성질(4).pdf","106","원에 내접하는 사각형의 성질(2)","30","YES","원에 내접하는 사각형의 성질(2)"
"260711_원의 성질(4).pdf","107","원에 내접하는 사각형의 성질(2)","30","YES","원에 내접하는 사각형의 성질(2)"
"260711_원의 성질(4).pdf","108","원에 내접하는 사각형의 성질(2)","30","YES","원에 내접하는 사각형의 성질(2)"
"260711_원의 성질(4).pdf","109","원에 내접하는 사각형의 성질(2)","30","YES","원에 내접하는 사각형의 성질(2)"
"260711_원의 성질(4).pdf","110","원에 내접하는 사각형과 외각의 성질","31","YES","원에 내접하는 사각형과 외각의 성질"
"260711_원의 성질(4).pdf","111","원에 내접하는 사각형과 외각의 성질","31","YES","원에 내접하는 사각형과 외각의 성질"
"260711_원의 성질(4).pdf","112","원에 내접하는 사각형과 외각의 성질","31","YES","원에 내접하는 사각형과 외각의 성질"
"260711_원의 성질(4).pdf","113","원에 내접하는 사각형과 외각의 성질","31","YES","원에 내접하는 사각형과 외각의 성질"
"260711_원의 성질(4).pdf","114","원에 내접하는 다각형","32","YES","원에 내접하는 다각형"
"260711_원의 성질(4).pdf","115","원에 내접하는 다각형","32","YES","원에 내접하는 다각형"
"260711_원의 성질(4).pdf","116","원에 내접하는 다각형","32","YES","원에 내접하는 다각형"
"260711_원의 성질(4).pdf","117","원에 내접하는 다각형","32","YES","원에 내접하는 다각형"
"260711_원의 성질(4).pdf","118","두 원에서 내접하는 사각형의 성질의 활용","33","YES","두 원에서 내접하는 사각형의 성질의 활용"
"260711_원의 성질(4).pdf","119","두 원에서 내접하는 사각형의 성질의 활용","33","YES","두 원에서 내접하는 사각형의 성질의 활용"
"260711_원의 성질(4).pdf","120","두 원에서 내접하는 사각형의 성질의 활용","33","YES","두 원에서 내접하는 사각형의 성질의 활용"
"260711_원의 성질(4).pdf","121","두 원에서 내접하는 사각형의 성질의 활용","33","YES","두 원에서 내접하는 사각형의 성질의 활용"
"260711_원의 성질(4).pdf","122","사각형이 원에 내접하기 위한 조건","","NO",""
"260711_원의 성질(4).pdf","123","사각형이 원에 내접하기 위한 조건","","NO",""
"260711_원의 성질(4).pdf","124","사각형이 원에 내접하기 위한 조건","","NO",""
"260711_원의 성질(4).pdf","125","사각형이 원에 내접하기 위한 조건","","NO",""
"260711_원의 성질(4).pdf","126","접선과 현이 이루는 각; 원주각","36","YES","접선과 현이 이루는 각; 원주각"
"260711_원의 성질(4).pdf","127","접선과 현이 이루는 각; 원주각","36","YES","접선과 현이 이루는 각; 원주각"
"260711_원의 성질(4).pdf","128","접선과 현이 이루는 각; 원주각","36","YES","접선과 현이 이루는 각; 원주각"
"260711_원의 성질(4).pdf","129","접선과 현이 이루는 각; 원주각","36","YES","접선과 현이 이루는 각; 원주각"
"260711_원의 성질(4).pdf","130","접선과 현이 이루는 각의 활용(1); 현이 중심을 지나지 않는 경우","38","YES","접선과 현이 이루는 각의 활용(1); 현이 중심을 지나지 않는 경우"
"260711_원의 성질(4).pdf","131","접선과 현이 이루는 각의 활용(1); 현이 중심을 지나지 않는 경우","38","YES","접선과 현이 이루는 각의 활용(1); 현이 중심을 지나지 않는 경우"
"260711_원의 성질(4).pdf","132","접선과 현이 이루는 각의 활용(1); 현이 중심을 지나지 않는 경우","38","YES","접선과 현이 이루는 각의 활용(1); 현이 중심을 지나지 않는 경우"
"260711_원의 성질(4).pdf","133","접선과 현이 이루는 각의 활용(1); 현이 중심을 지나지 않는 경우","38","YES","접선과 현이 이루는 각의 활용(1); 현이 중심을 지나지 않는 경우"
"260711_원의 성질(4).pdf","134","접선과 현이 이루는 각의 활용(2); 현이 중심을 지나는 경우","39","YES","접선과 현이 이루는 각의 활용(2); 현이 중심을 지나는 경우"
"260711_원의 성질(4).pdf","135","접선과 현이 이루는 각의 활용(2); 현이 중심을 지나는 경우","39","YES","접선과 현이 이루는 각의 활용(2); 현이 중심을 지나는 경우"
"260711_원의 성질(4).pdf","136","접선과 현이 이루는 각의 활용(2); 현이 중심을 지나는 경우","39","YES","접선과 현이 이루는 각의 활용(2); 현이 중심을 지나는 경우"
"260711_원의 성질(4).pdf","137","접선과 현이 이루는 각의 활용(2); 현이 중심을 지나는 경우","39","YES","접선과 현이 이루는 각의 활용(2); 현이 중심을 지나는 경우"
"260711_원의 성질(4).pdf","138","접선과 현이 이루는 각의 활용(3); 한 점에서 원에 그은 두 접선","40","YES","접선과 현이 이루는 각의 활용(3); 한 점에서 원에 그은 두 접선"
"260711_원의 성질(4).pdf","139","접선과 현이 이루는 각의 활용(3); 한 점에서 원에 그은 두 접선","40","YES","접선과 현이 이루는 각의 활용(3); 한 점에서 원에 그은 두 접선"
"260711_원의 성질(4).pdf","140","접선과 현이 이루는 각의 활용(3); 한 점에서 원에 그은 두 접선","40","YES","접선과 현이 이루는 각의 활용(3); 한 점에서 원에 그은 두 접선"
"260711_원의 성질(4).pdf","141","접선과 현이 이루는 각의 활용(3); 한 점에서 원에 그은 두 접선","40","YES","접선과 현이 이루는 각의 활용(3); 한 점에서 원에 그은 두 접선"
"260711_원의 성질(4).pdf","142","접선과 현이 이루는 각의 활용(3); 한 점에서 원에 그은 두 접선","40","YES","접선과 현이 이루는 각의 활용(3); 한 점에서 원에 그은 두 접선"
"260711_원의 성질(4).pdf","143","두 원에서 접선과 현이 이루는 각(1)","41","YES","두 원에서 접선과 현이 이루는 각(1)"
"260711_원의 성질(4).pdf","144","두 원에서 접선과 현이 이루는 각(1)","41","YES","두 원에서 접선과 현이 이루는 각(1)"
"260711_원의 성질(4).pdf","145","두 원에서 접선과 현이 이루는 각(1)","41","YES","두 원에서 접선과 현이 이루는 각(1)"
"260711_원의 성질(4).pdf","146","두 원에서 접선과 현이 이루는 각(1)","41","YES","두 원에서 접선과 현이 이루는 각(1)"
"260711_원의 성질(4).pdf","147","두 원에서 접선과 현이 이루는 각(2); 한 원이 다른 원의 내부에 있는 경우","42","YES","두 원에서 접선과 현이 이루는 각(2); 한 원이 다른 원의 내부에 있는 경우"
"260711_원의 성질(4).pdf","148","두 원에서 접선과 현이 이루는 각(2); 한 원이 다른 원의 내부에 있는 경우","42","YES","두 원에서 접선과 현이 이루는 각(2); 한 원이 다른 원의 내부에 있는 경우"
"260711_원의 성질(4).pdf","149","두 원에서 접선과 현이 이루는 각(2); 한 원이 다른 원의 내부에 있는 경우","42","YES","두 원에서 접선과 현이 이루는 각(2); 한 원이 다른 원의 내부에 있는 경우"
"260711_원의 성질(4).pdf","150","두 원에서 접선과 현이 이루는 각(2); 한 원이 다른 원의 내부에 있는 경우","42","YES","두 원에서 접선과 현이 이루는 각(2); 한 원이 다른 원의 내부에 있는 경우"
"260711_원의 성질(5).pdf","001","원의 중심과 현의 수직이등분선(1)","1","YES","원의 중심과 현의 수직이등분선(1)"
"260711_원의 성질(5).pdf","002","원의 중심과 현의 수직이등분선(1)","1","YES","원의 중심과 현의 수직이등분선(1)"
"260711_원의 성질(5).pdf","003","원의 중심과 현의 수직이등분선(1)","1","YES","원의 중심과 현의 수직이등분선(1)"
"260711_원의 성질(5).pdf","004","원의 중심과 현의 수직이등분선(1)","1","YES","원의 중심과 현의 수직이등분선(1)"
"260711_원의 성질(5).pdf","005","현의 길이(1); 중심에서 같은 거리의 두 현","5","YES","현의 길이(1); 중심에서 같은 거리의 두 현"
"260711_원의 성질(5).pdf","006","현의 길이(1); 중심에서 같은 거리의 두 현","5","YES","현의 길이(1); 중심에서 같은 거리의 두 현"
"260711_원의 성질(5).pdf","007","현의 길이(1); 중심에서 같은 거리의 두 현","5","YES","현의 길이(1); 중심에서 같은 거리의 두 현"
"260711_원의 성질(5).pdf","008","현의 길이(1); 중심에서 같은 거리의 두 현","5","YES","현의 길이(1); 중심에서 같은 거리의 두 현"
"260711_원의 성질(5).pdf","009","현의 길이(1); 중심에서 같은 거리의 두 현","5","YES","현의 길이(1); 중심에서 같은 거리의 두 현"
"260711_원의 성질(5).pdf","010","원의 접선과 반지름","7","YES","원의 접선과 반지름"
"260711_원의 성질(5).pdf","011","원의 접선과 반지름","7","YES","원의 접선과 반지름"
"260711_원의 성질(5).pdf","012","원의 접선과 반지름","7","YES","원의 접선과 반지름"
"260711_원의 성질(5).pdf","013","원의 접선과 반지름","7","YES","원의 접선과 반지름"
"260711_원의 성질(5).pdf","014","원의 접선과 반지름","7","YES","원의 접선과 반지름"
"260711_원의 성질(5).pdf","015","원의 접선의 성질(1)","8","YES","원의 접선의 성질(1)"
"260711_원의 성질(5).pdf","016","원의 접선의 성질(1)","8","YES","원의 접선의 성질(1)"
"260711_원의 성질(5).pdf","017","원의 접선의 성질(1)","8","YES","원의 접선의 성질(1)"
"260711_원의 성질(5).pdf","018","원의 접선의 성질(1)","8","YES","원의 접선의 성질(1)"
"260711_원의 성질(5).pdf","019","원의 접선의 성질(2); 길이","9","YES","원의 접선의 성질(2); 길이"
"260711_원의 성질(5).pdf","020","원의 접선의 성질(2); 길이","9","YES","원의 접선의 성질(2); 길이"
"260711_원의 성질(5).pdf","021","원의 접선의 성질(2); 길이","9","YES","원의 접선의 성질(2); 길이"
"260711_원의 성질(5).pdf","022","원의 접선의 성질(2); 길이","9","YES","원의 접선의 성질(2); 길이"
"260711_원의 성질(5).pdf","023","원의 접선의 성질(2); 길이","9","YES","원의 접선의 성질(2); 길이"
"260711_원의 성질(5).pdf","024","원의 접선의 성질의 활용","11","YES","원의 접선의 성질의 활용"
"260711_원의 성질(5).pdf","025","원의 접선의 성질의 활용","11","YES","원의 접선의 성질의 활용"
"260711_원의 성질(5).pdf","026","원의 접선의 성질의 활용","11","YES","원의 접선의 성질의 활용"
"260711_원의 성질(5).pdf","027","원의 접선의 성질의 활용","11","YES","원의 접선의 성질의 활용"
"260711_원의 성질(5).pdf","028","원의 접선의 성질의 활용","11","YES","원의 접선의 성질의 활용"
"260711_원의 성질(5).pdf","029","반원에서의 접선","","NO",""
"260711_원의 성질(5).pdf","030","반원에서의 접선","","NO",""
"260711_원의 성질(5).pdf","031","반원에서의 접선","","NO",""
"260711_원의 성질(5).pdf","032","반원에서의 접선","","NO",""
"260711_원의 성질(5).pdf","033","반원에서의 접선","","NO",""
"260711_원의 성질(5).pdf","034","원의 접선과 반지름; 동심원","","NO",""
"260711_원의 성질(5).pdf","035","삼각형의 내접원","12","YES","삼각형의 내접원"
"260711_원의 성질(5).pdf","036","삼각형의 내접원","12","YES","삼각형의 내접원"
"260711_원의 성질(5).pdf","037","삼각형의 내접원","12","YES","삼각형의 내접원"
"260711_원의 성질(5).pdf","038","삼각형의 내접원","12","YES","삼각형의 내접원"
"260711_원의 성질(5).pdf","039","직각삼각형의 내접원","13","YES","직각삼각형의 내접원"
"260711_원의 성질(5).pdf","040","직각삼각형의 내접원","13","YES","직각삼각형의 내접원"
"260711_원의 성질(5).pdf","041","직각삼각형의 내접원","13","YES","직각삼각형의 내접원"
"260711_원의 성질(5).pdf","042","직각삼각형의 내접원","13","YES","직각삼각형의 내접원"
"260711_원의 성질(5).pdf","043","직각삼각형의 내접원","13","YES","직각삼각형의 내접원"
"260711_원의 성질(5).pdf","044","원에 외접하는 사각형의 성질(1)","","NO",""
"260711_원의 성질(5).pdf","045","원에 외접하는 사각형의 성질(1)","","NO",""
"260711_원의 성질(5).pdf","046","원에 외접하는 사각형의 성질(1)","","NO",""
"260711_원의 성질(5).pdf","047","원에 외접하는 사각형의 성질(2); 한 내각이 90˚인 경우","15","YES","원에 외접하는 사각형의 성질(2); 한 내각이 90˚인 경우"
"260711_원의 성질(5).pdf","048","원에 외접하는 사각형의 성질(2); 한 내각이 90˚인 경우","15","YES","원에 외접하는 사각형의 성질(2); 한 내각이 90˚인 경우"
"260711_원의 성질(5).pdf","049","원에 외접하는 사각형의 성질(2); 한 내각이 90˚인 경우","15","YES","원에 외접하는 사각형의 성질(2); 한 내각이 90˚인 경우"
"260711_원의 성질(5).pdf","050","원에 외접하는 사각형의 성질(2); 한 내각이 90˚인 경우","15","YES","원에 외접하는 사각형의 성질(2); 한 내각이 90˚인 경우"
"260711_원의 성질(5).pdf","051","원에 외접하는 사각형의 성질의 활용(1); 직사각형","16","YES","원에 외접하는 사각형의 성질의 활용(1); 직사각형"
"260711_원의 성질(5).pdf","052","원에 외접하는 사각형의 성질의 활용(1); 직사각형","16","YES","원에 외접하는 사각형의 성질의 활용(1); 직사각형"
"260711_원의 성질(5).pdf","053","원에 외접하는 사각형의 성질의 활용(1); 직사각형","16","YES","원에 외접하는 사각형의 성질의 활용(1); 직사각형"
"260711_원의 성질(5).pdf","054","원에 외접하는 사각형의 성질의 활용(2); 그 외","17","YES","원에 외접하는 사각형의 성질의 활용(2); 그 외"
"260711_원의 성질(5).pdf","055","원에 외접하는 사각형의 성질의 활용(2); 그 외","17","YES","원에 외접하는 사각형의 성질의 활용(2); 그 외"
"260711_원의 성질(5).pdf","056","원에 외접하는 사각형의 성질의 활용(2); 그 외","17","YES","원에 외접하는 사각형의 성질의 활용(2); 그 외"
"260711_원의 성질(5).pdf","057","원에 외접하는 사각형의 성질의 활용(2); 그 외","17","YES","원에 외접하는 사각형의 성질의 활용(2); 그 외"
"260711_원의 성질(5).pdf","058","원주각과 중심각의 크기(1)","18","YES","원주각과 중심각의 크기(1)"
"260711_원의 성질(5).pdf","059","원주각과 중심각의 크기(1)","18","YES","원주각과 중심각의 크기(1)"
"260711_원의 성질(5).pdf","060","원주각과 중심각의 크기(1)","18","YES","원주각과 중심각의 크기(1)"
"260711_원의 성질(5).pdf","061","원주각과 중심각의 크기(3)","","NO",""
"260711_원의 성질(5).pdf","062","원주각의 성질(1); 한 호","21","YES","원주각의 성질(1); 한 호"
"260711_원의 성질(5).pdf","063","원주각의 성질(1); 한 호","21","YES","원주각의 성질(1); 한 호"
"260711_원의 성질(5).pdf","064","원주각의 성질(1); 한 호","21","YES","원주각의 성질(1); 한 호"
"260711_원의 성질(5).pdf","065","원주각의 성질(2); 반원","22","YES","원주각의 성질(2); 반원"
"260711_원의 성질(5).pdf","066","원주각의 성질(2); 반원","22","YES","원주각의 성질(2); 반원"
"260711_원의 성질(5).pdf","067","원주각의 성질(2); 반원","22","YES","원주각의 성질(2); 반원"
"260711_원의 성질(5).pdf","068","원주각의 성질(2); 반원","22","YES","원주각의 성질(2); 반원"
"260711_원의 성질(5).pdf","069","원주각의 성질(2); 반원","22","YES","원주각의 성질(2); 반원"
"260711_원의 성질(5).pdf","070","원주각과 삼각비의 값(1)","23","YES","원주각과 삼각비의 값(1)"
"260711_원의 성질(5).pdf","071","원주각과 삼각비의 값(1)","23","YES","원주각과 삼각비의 값(1)"
"260711_원의 성질(5).pdf","072","원주각과 삼각비의 값(1)","23","YES","원주각과 삼각비의 값(1)"
"260711_원의 성질(5).pdf","073","원주각과 삼각비의 값(1)","23","YES","원주각과 삼각비의 값(1)"
"260711_원의 성질(5).pdf","074","원주각과 삼각비의 값(2); 선분의 길이, 넓이","24","YES","원주각과 삼각비의 값(2); 선분의 길이, 넓이"
"260711_원의 성질(5).pdf","075","원주각과 삼각비의 값(2); 선분의 길이, 넓이","24","YES","원주각과 삼각비의 값(2); 선분의 길이, 넓이"
"260711_원의 성질(5).pdf","076","원주각과 삼각비의 값(2); 선분의 길이, 넓이","24","YES","원주각과 삼각비의 값(2); 선분의 길이, 넓이"
"260711_원의 성질(5).pdf","077","원주각과 삼각비의 값(2); 선분의 길이, 넓이","24","YES","원주각과 삼각비의 값(2); 선분의 길이, 넓이"
"260711_원의 성질(5).pdf","078","원주각의 크기와 호의 길이(1)","25","YES","원주각의 크기와 호의 길이(1)"
"260711_원의 성질(5).pdf","079","원주각의 크기와 호의 길이(1)","25","YES","원주각의 크기와 호의 길이(1)"
"260711_원의 성질(5).pdf","080","원주각의 크기와 호의 길이(1)","25","YES","원주각의 크기와 호의 길이(1)"
"260711_원의 성질(5).pdf","081","원주각의 크기와 호의 길이(1)","25","YES","원주각의 크기와 호의 길이(1)"
"260711_원의 성질(5).pdf","082","원주각의 크기와 호의 길이(2)","26","YES","원주각의 크기와 호의 길이(2)"
"260711_원의 성질(5).pdf","083","원주각의 크기와 호의 길이(2)","26","YES","원주각의 크기와 호의 길이(2)"
"260711_원의 성질(5).pdf","084","원주각의 크기와 호의 길이(2)","26","YES","원주각의 크기와 호의 길이(2)"
"260711_원의 성질(5).pdf","085","원주각의 크기와 호의 길이(2)","26","YES","원주각의 크기와 호의 길이(2)"
"260711_원의 성질(5).pdf","086","원주각의 크기와 호의 길이(2)","26","YES","원주각의 크기와 호의 길이(2)"
"260711_원의 성질(5).pdf","087","원주각의 크기와 호의 길이(3)","27","YES","원주각의 크기와 호의 길이(3)"
"260711_원의 성질(5).pdf","088","원주각의 크기와 호의 길이(3)","27","YES","원주각의 크기와 호의 길이(3)"
"260711_원의 성질(5).pdf","089","원주각의 크기와 호의 길이(3)","27","YES","원주각의 크기와 호의 길이(3)"
"260711_원의 성질(5).pdf","090","원주각의 크기와 호의 길이(3)","27","YES","원주각의 크기와 호의 길이(3)"
"260711_원의 성질(5).pdf","091","원주각의 크기와 호의 길이(3)","27","YES","원주각의 크기와 호의 길이(3)"
"260711_원의 성질(5).pdf","092","네 점이 한 원에 있기 위한 조건","28","YES","네 점이 한 원에 있기 위한 조건"
"260711_원의 성질(5).pdf","093","네 점이 한 원에 있기 위한 조건","28","YES","네 점이 한 원에 있기 위한 조건"
"260711_원의 성질(5).pdf","094","네 점이 한 원에 있기 위한 조건","28","YES","네 점이 한 원에 있기 위한 조건"
"260711_원의 성질(5).pdf","095","네 점이 한 원에 있기 위한 조건","28","YES","네 점이 한 원에 있기 위한 조건"
"260711_원의 성질(5).pdf","096","네 점이 한 원에 있기 위한 조건","28","YES","네 점이 한 원에 있기 위한 조건"
"260711_원의 성질(5).pdf","097","원에 내접하는 사각형의 성질(1)","29","YES","원에 내접하는 사각형의 성질(1)"
"260711_원의 성질(5).pdf","098","원에 내접하는 사각형의 성질(1)","29","YES","원에 내접하는 사각형의 성질(1)"
"260711_원의 성질(5).pdf","099","원에 내접하는 사각형의 성질(1)","29","YES","원에 내접하는 사각형의 성질(1)"
"260711_원의 성질(5).pdf","100","원에 내접하는 사각형의 성질(1)","29","YES","원에 내접하는 사각형의 성질(1)"
"260711_원의 성질(5).pdf","101","원에 내접하는 사각형의 성질(1)","29","YES","원에 내접하는 사각형의 성질(1)"
"260711_원의 성질(5).pdf","102","원에 내접하는 사각형의 성질(2)","30","YES","원에 내접하는 사각형의 성질(2)"
"260711_원의 성질(5).pdf","103","원에 내접하는 사각형의 성질(2)","30","YES","원에 내접하는 사각형의 성질(2)"
"260711_원의 성질(5).pdf","104","원에 내접하는 사각형의 성질(2)","30","YES","원에 내접하는 사각형의 성질(2)"
"260711_원의 성질(5).pdf","105","원에 내접하는 사각형의 성질(2)","30","YES","원에 내접하는 사각형의 성질(2)"
"260711_원의 성질(5).pdf","106","원에 내접하는 사각형의 성질(2)","30","YES","원에 내접하는 사각형의 성질(2)"
"260711_원의 성질(5).pdf","107","원에 내접하는 사각형과 외각의 성질","31","YES","원에 내접하는 사각형과 외각의 성질"
"260711_원의 성질(5).pdf","108","원에 내접하는 사각형과 외각의 성질","31","YES","원에 내접하는 사각형과 외각의 성질"
"260711_원의 성질(5).pdf","109","원에 내접하는 사각형과 외각의 성질","31","YES","원에 내접하는 사각형과 외각의 성질"
"260711_원의 성질(5).pdf","110","원에 내접하는 사각형과 외각의 성질","31","YES","원에 내접하는 사각형과 외각의 성질"
"260711_원의 성질(5).pdf","111","원에 내접하는 사각형과 외각의 성질","31","YES","원에 내접하는 사각형과 외각의 성질"
"260711_원의 성질(5).pdf","112","원에 내접하는 다각형","32","YES","원에 내접하는 다각형"
"260711_원의 성질(5).pdf","113","원에 내접하는 다각형","32","YES","원에 내접하는 다각형"
"260711_원의 성질(5).pdf","114","원에 내접하는 다각형","32","YES","원에 내접하는 다각형"
"260711_원의 성질(5).pdf","115","원에 내접하는 다각형","32","YES","원에 내접하는 다각형"
"260711_원의 성질(5).pdf","116","원에 내접하는 다각형","32","YES","원에 내접하는 다각형"
"260711_원의 성질(5).pdf","117","두 원에서 내접하는 사각형의 성질의 활용","33","YES","두 원에서 내접하는 사각형의 성질의 활용"
"260711_원의 성질(5).pdf","118","두 원에서 내접하는 사각형의 성질의 활용","33","YES","두 원에서 내접하는 사각형의 성질의 활용"
"260711_원의 성질(5).pdf","119","두 원에서 내접하는 사각형의 성질의 활용","33","YES","두 원에서 내접하는 사각형의 성질의 활용"
"260711_원의 성질(5).pdf","120","두 원에서 내접하는 사각형의 성질의 활용","33","YES","두 원에서 내접하는 사각형의 성질의 활용"
"260711_원의 성질(5).pdf","121","두 원에서 내접하는 사각형의 성질의 활용","33","YES","두 원에서 내접하는 사각형의 성질의 활용"
"260711_원의 성질(5).pdf","122","사각형이 원에 내접하기 위한 조건","","NO",""
"260711_원의 성질(5).pdf","123","사각형이 원에 내접하기 위한 조건","","NO",""
"260711_원의 성질(5).pdf","124","접선과 현이 이루는 각; 원주각","36","YES","접선과 현이 이루는 각; 원주각"
"260711_원의 성질(5).pdf","125","접선과 현이 이루는 각; 원주각","36","YES","접선과 현이 이루는 각; 원주각"
"260711_원의 성질(5).pdf","126","접선과 현이 이루는 각; 원주각","36","YES","접선과 현이 이루는 각; 원주각"
"260711_원의 성질(5).pdf","127","접선과 현이 이루는 각; 원주각","36","YES","접선과 현이 이루는 각; 원주각"
"260711_원의 성질(5).pdf","128","접선과 현이 이루는 각; 원주각","36","YES","접선과 현이 이루는 각; 원주각"
"260711_원의 성질(5).pdf","129","접선과 현이 이루는 각의 활용(1); 현이 중심을 지나지 않는 경우","38","YES","접선과 현이 이루는 각의 활용(1); 현이 중심을 지나지 않는 경우"
"260711_원의 성질(5).pdf","130","접선과 현이 이루는 각의 활용(1); 현이 중심을 지나지 않는 경우","38","YES","접선과 현이 이루는 각의 활용(1); 현이 중심을 지나지 않는 경우"
"260711_원의 성질(5).pdf","131","접선과 현이 이루는 각의 활용(1); 현이 중심을 지나지 않는 경우","38","YES","접선과 현이 이루는 각의 활용(1); 현이 중심을 지나지 않는 경우"
"260711_원의 성질(5).pdf","132","접선과 현이 이루는 각의 활용(1); 현이 중심을 지나지 않는 경우","38","YES","접선과 현이 이루는 각의 활용(1); 현이 중심을 지나지 않는 경우"
"260711_원의 성질(5).pdf","133","접선과 현이 이루는 각의 활용(1); 현이 중심을 지나지 않는 경우","38","YES","접선과 현이 이루는 각의 활용(1); 현이 중심을 지나지 않는 경우"
"260711_원의 성질(5).pdf","134","접선과 현이 이루는 각의 활용(2); 현이 중심을 지나는 경우","39","YES","접선과 현이 이루는 각의 활용(2); 현이 중심을 지나는 경우"
"260711_원의 성질(5).pdf","135","접선과 현이 이루는 각의 활용(2); 현이 중심을 지나는 경우","39","YES","접선과 현이 이루는 각의 활용(2); 현이 중심을 지나는 경우"
"260711_원의 성질(5).pdf","136","접선과 현이 이루는 각의 활용(2); 현이 중심을 지나는 경우","39","YES","접선과 현이 이루는 각의 활용(2); 현이 중심을 지나는 경우"
"260711_원의 성질(5).pdf","137","접선과 현이 이루는 각의 활용(2); 현이 중심을 지나는 경우","39","YES","접선과 현이 이루는 각의 활용(2); 현이 중심을 지나는 경우"
"260711_원의 성질(5).pdf","138","접선과 현이 이루는 각의 활용(2); 현이 중심을 지나는 경우","39","YES","접선과 현이 이루는 각의 활용(2); 현이 중심을 지나는 경우"
"260711_원의 성질(5).pdf","139","접선과 현이 이루는 각의 활용(3); 한 점에서 원에 그은 두 접선","40","YES","접선과 현이 이루는 각의 활용(3); 한 점에서 원에 그은 두 접선"
"260711_원의 성질(5).pdf","140","접선과 현이 이루는 각의 활용(3); 한 점에서 원에 그은 두 접선","40","YES","접선과 현이 이루는 각의 활용(3); 한 점에서 원에 그은 두 접선"
"260711_원의 성질(5).pdf","141","접선과 현이 이루는 각의 활용(3); 한 점에서 원에 그은 두 접선","40","YES","접선과 현이 이루는 각의 활용(3); 한 점에서 원에 그은 두 접선"
"260711_원의 성질(5).pdf","142","접선과 현이 이루는 각의 활용(3); 한 점에서 원에 그은 두 접선","40","YES","접선과 현이 이루는 각의 활용(3); 한 점에서 원에 그은 두 접선"
"260711_원의 성질(5).pdf","143","접선과 현이 이루는 각의 활용(3); 한 점에서 원에 그은 두 접선","40","YES","접선과 현이 이루는 각의 활용(3); 한 점에서 원에 그은 두 접선"
"260711_원의 성질(5).pdf","144","두 원에서 접선과 현이 이루는 각(1)","41","YES","두 원에서 접선과 현이 이루는 각(1)"
"260711_원의 성질(5).pdf","145","두 원에서 접선과 현이 이루는 각(1)","41","YES","두 원에서 접선과 현이 이루는 각(1)"
"260711_원의 성질(5).pdf","146","두 원에서 접선과 현이 이루는 각(1)","41","YES","두 원에서 접선과 현이 이루는 각(1)"
"260711_원의 성질(5).pdf","147","두 원에서 접선과 현이 이루는 각(1)","41","YES","두 원에서 접선과 현이 이루는 각(1)"
"260711_원의 성질(5).pdf","148","두 원에서 접선과 현이 이루는 각(1)","41","YES","두 원에서 접선과 현이 이루는 각(1)"
"260711_원의 성질(5).pdf","149","두 원에서 접선과 현이 이루는 각(2); 한 원이 다른 원의 내부에 있는 경우","42","YES","두 원에서 접선과 현이 이루는 각(2); 한 원이 다른 원의 내부에 있는 경우"
"260711_원의 성질(5).pdf","150","두 원에서 접선과 현이 이루는 각(2); 한 원이 다른 원의 내부에 있는 경우","42","YES","두 원에서 접선과 현이 이루는 각(2); 한 원이 다른 원의 내부에 있는 경우"
"260711_원의 성질(6).pdf","001","원의 중심과 현의 수직이등분선(1)","1","YES","원의 중심과 현의 수직이등분선(1)"
"260711_원의 성질(6).pdf","002","원의 중심과 현의 수직이등분선(1)","1","YES","원의 중심과 현의 수직이등분선(1)"
"260711_원의 성질(6).pdf","003","원의 중심과 현의 수직이등분선(1)","1","YES","원의 중심과 현의 수직이등분선(1)"
"260711_원의 성질(6).pdf","004","원의 중심과 현의 수직이등분선(1)","1","YES","원의 중심과 현의 수직이등분선(1)"
"260711_원의 성질(6).pdf","005","현의 길이(1); 중심에서 같은 거리의 두 현","5","YES","현의 길이(1); 중심에서 같은 거리의 두 현"
"260711_원의 성질(6).pdf","006","현의 길이(1); 중심에서 같은 거리의 두 현","5","YES","현의 길이(1); 중심에서 같은 거리의 두 현"
"260711_원의 성질(6).pdf","007","현의 길이(1); 중심에서 같은 거리의 두 현","5","YES","현의 길이(1); 중심에서 같은 거리의 두 현"
"260711_원의 성질(6).pdf","008","현의 길이(1); 중심에서 같은 거리의 두 현","5","YES","현의 길이(1); 중심에서 같은 거리의 두 현"
"260711_원의 성질(6).pdf","009","현의 길이(1); 중심에서 같은 거리의 두 현","5","YES","현의 길이(1); 중심에서 같은 거리의 두 현"
"260711_원의 성질(6).pdf","010","원의 접선과 반지름","7","YES","원의 접선과 반지름"
"260711_원의 성질(6).pdf","011","원의 접선과 반지름","7","YES","원의 접선과 반지름"
"260711_원의 성질(6).pdf","012","원의 접선과 반지름","7","YES","원의 접선과 반지름"
"260711_원의 성질(6).pdf","013","원의 접선과 반지름","7","YES","원의 접선과 반지름"
"260711_원의 성질(6).pdf","014","원의 접선과 반지름","7","YES","원의 접선과 반지름"
"260711_원의 성질(6).pdf","015","원의 접선의 성질(1)","8","YES","원의 접선의 성질(1)"
"260711_원의 성질(6).pdf","016","원의 접선의 성질(1)","8","YES","원의 접선의 성질(1)"
"260711_원의 성질(6).pdf","017","원의 접선의 성질(1)","8","YES","원의 접선의 성질(1)"
"260711_원의 성질(6).pdf","018","원의 접선의 성질(1)","8","YES","원의 접선의 성질(1)"
"260711_원의 성질(6).pdf","019","원의 접선의 성질(1)","8","YES","원의 접선의 성질(1)"
"260711_원의 성질(6).pdf","020","원의 접선의 성질(2); 길이","9","YES","원의 접선의 성질(2); 길이"
"260711_원의 성질(6).pdf","021","원의 접선의 성질(2); 길이","9","YES","원의 접선의 성질(2); 길이"
"260711_원의 성질(6).pdf","022","원의 접선의 성질(2); 길이","9","YES","원의 접선의 성질(2); 길이"
"260711_원의 성질(6).pdf","023","원의 접선의 성질(2); 길이","9","YES","원의 접선의 성질(2); 길이"
"260711_원의 성질(6).pdf","024","원의 접선의 성질(2); 길이","9","YES","원의 접선의 성질(2); 길이"
"260711_원의 성질(6).pdf","025","원의 접선의 성질의 활용","11","YES","원의 접선의 성질의 활용"
"260711_원의 성질(6).pdf","026","원의 접선의 성질의 활용","11","YES","원의 접선의 성질의 활용"
"260711_원의 성질(6).pdf","027","원의 접선의 성질의 활용","11","YES","원의 접선의 성질의 활용"
"260711_원의 성질(6).pdf","028","원의 접선의 성질의 활용","11","YES","원의 접선의 성질의 활용"
"260711_원의 성질(6).pdf","029","원의 접선의 성질의 활용","11","YES","원의 접선의 성질의 활용"
"260711_원의 성질(6).pdf","030","반원에서의 접선","","NO",""
"260711_원의 성질(6).pdf","031","반원에서의 접선","","NO",""
"260711_원의 성질(6).pdf","032","반원에서의 접선","","NO",""
"260711_원의 성질(6).pdf","033","반원에서의 접선","","NO",""
"260711_원의 성질(6).pdf","034","반원에서의 접선","","NO",""
"260711_원의 성질(6).pdf","035","삼각형의 내접원","12","YES","삼각형의 내접원"
"260711_원의 성질(6).pdf","036","삼각형의 내접원","12","YES","삼각형의 내접원"
"260711_원의 성질(6).pdf","037","삼각형의 내접원","12","YES","삼각형의 내접원"
"260711_원의 성질(6).pdf","038","삼각형의 내접원","12","YES","삼각형의 내접원"
"260711_원의 성질(6).pdf","039","삼각형의 내접원","12","YES","삼각형의 내접원"
"260711_원의 성질(6).pdf","040","직각삼각형의 내접원","13","YES","직각삼각형의 내접원"
"260711_원의 성질(6).pdf","041","직각삼각형의 내접원","13","YES","직각삼각형의 내접원"
"260711_원의 성질(6).pdf","042","직각삼각형의 내접원","13","YES","직각삼각형의 내접원"
"260711_원의 성질(6).pdf","043","직각삼각형의 내접원","13","YES","직각삼각형의 내접원"
"260711_원의 성질(6).pdf","044","직각삼각형의 내접원","13","YES","직각삼각형의 내접원"
"260711_원의 성질(6).pdf","045","원에 외접하는 사각형의 성질(2); 한 내각이 90˚인 경우","15","YES","원에 외접하는 사각형의 성질(2); 한 내각이 90˚인 경우"
"260711_원의 성질(6).pdf","046","원에 외접하는 사각형의 성질(2); 한 내각이 90˚인 경우","15","YES","원에 외접하는 사각형의 성질(2); 한 내각이 90˚인 경우"
"260711_원의 성질(6).pdf","047","원에 외접하는 사각형의 성질(2); 한 내각이 90˚인 경우","15","YES","원에 외접하는 사각형의 성질(2); 한 내각이 90˚인 경우"
"260711_원의 성질(6).pdf","048","원에 외접하는 사각형의 성질(2); 한 내각이 90˚인 경우","15","YES","원에 외접하는 사각형의 성질(2); 한 내각이 90˚인 경우"
"260711_원의 성질(6).pdf","049","원에 외접하는 사각형의 성질(2); 한 내각이 90˚인 경우","15","YES","원에 외접하는 사각형의 성질(2); 한 내각이 90˚인 경우"
"260711_원의 성질(6).pdf","050","원에 외접하는 사각형의 성질의 활용(1); 직사각형","16","YES","원에 외접하는 사각형의 성질의 활용(1); 직사각형"
"260711_원의 성질(6).pdf","051","원에 외접하는 사각형의 성질의 활용(1); 직사각형","16","YES","원에 외접하는 사각형의 성질의 활용(1); 직사각형"
"260711_원의 성질(6).pdf","052","원에 외접하는 사각형의 성질의 활용(1); 직사각형","16","YES","원에 외접하는 사각형의 성질의 활용(1); 직사각형"
"260711_원의 성질(6).pdf","053","원에 외접하는 사각형의 성질의 활용(1); 직사각형","16","YES","원에 외접하는 사각형의 성질의 활용(1); 직사각형"
"260711_원의 성질(6).pdf","054","원에 외접하는 사각형의 성질의 활용(1); 직사각형","16","YES","원에 외접하는 사각형의 성질의 활용(1); 직사각형"
"260711_원의 성질(6).pdf","055","원에 외접하는 사각형의 성질의 활용(2); 그 외","17","YES","원에 외접하는 사각형의 성질의 활용(2); 그 외"
"260711_원의 성질(6).pdf","056","원에 외접하는 사각형의 성질의 활용(2); 그 외","17","YES","원에 외접하는 사각형의 성질의 활용(2); 그 외"
"260711_원의 성질(6).pdf","057","원에 외접하는 사각형의 성질의 활용(2); 그 외","17","YES","원에 외접하는 사각형의 성질의 활용(2); 그 외"
"260711_원의 성질(6).pdf","058","원주각과 중심각의 크기(1)","18","YES","원주각과 중심각의 크기(1)"
"260711_원의 성질(6).pdf","059","원주각과 중심각의 크기(1)","18","YES","원주각과 중심각의 크기(1)"
"260711_원의 성질(6).pdf","060","원주각과 중심각의 크기(1)","18","YES","원주각과 중심각의 크기(1)"
"260711_원의 성질(6).pdf","061","원주각과 중심각의 크기(1)","18","YES","원주각과 중심각의 크기(1)"
"260711_원의 성질(6).pdf","062","원주각의 성질(1); 한 호","21","YES","원주각의 성질(1); 한 호"
"260711_원의 성질(6).pdf","063","원주각의 성질(1); 한 호","21","YES","원주각의 성질(1); 한 호"
"260711_원의 성질(6).pdf","064","원주각의 성질(1); 한 호","21","YES","원주각의 성질(1); 한 호"
"260711_원의 성질(6).pdf","065","원주각의 성질(1); 한 호","21","YES","원주각의 성질(1); 한 호"
"260711_원의 성질(6).pdf","066","원주각의 성질(2); 반원","22","YES","원주각의 성질(2); 반원"
"260711_원의 성질(6).pdf","067","원주각의 성질(2); 반원","22","YES","원주각의 성질(2); 반원"
"260711_원의 성질(6).pdf","068","원주각의 성질(2); 반원","22","YES","원주각의 성질(2); 반원"
"260711_원의 성질(6).pdf","069","원주각의 성질(2); 반원","22","YES","원주각의 성질(2); 반원"
"260711_원의 성질(6).pdf","070","원주각의 성질(2); 반원","22","YES","원주각의 성질(2); 반원"
"260711_원의 성질(6).pdf","071","원주각과 삼각비의 값(1)","23","YES","원주각과 삼각비의 값(1)"
"260711_원의 성질(6).pdf","072","원주각과 삼각비의 값(1)","23","YES","원주각과 삼각비의 값(1)"
"260711_원의 성질(6).pdf","073","원주각과 삼각비의 값(1)","23","YES","원주각과 삼각비의 값(1)"
"260711_원의 성질(6).pdf","074","원주각과 삼각비의 값(1)","23","YES","원주각과 삼각비의 값(1)"
"260711_원의 성질(6).pdf","075","원주각과 삼각비의 값(1)","23","YES","원주각과 삼각비의 값(1)"
"260711_원의 성질(6).pdf","076","원주각과 삼각비의 값(2); 선분의 길이, 넓이","24","YES","원주각과 삼각비의 값(2); 선분의 길이, 넓이"
"260711_원의 성질(6).pdf","077","원주각과 삼각비의 값(2); 선분의 길이, 넓이","24","YES","원주각과 삼각비의 값(2); 선분의 길이, 넓이"
"260711_원의 성질(6).pdf","078","원주각과 삼각비의 값(2); 선분의 길이, 넓이","24","YES","원주각과 삼각비의 값(2); 선분의 길이, 넓이"
"260711_원의 성질(6).pdf","079","원주각과 삼각비의 값(2); 선분의 길이, 넓이","24","YES","원주각과 삼각비의 값(2); 선분의 길이, 넓이"
"260711_원의 성질(6).pdf","080","원주각의 크기와 호의 길이(1)","25","YES","원주각의 크기와 호의 길이(1)"
"260711_원의 성질(6).pdf","081","원주각의 크기와 호의 길이(1)","25","YES","원주각의 크기와 호의 길이(1)"
"260711_원의 성질(6).pdf","082","원주각의 크기와 호의 길이(1)","25","YES","원주각의 크기와 호의 길이(1)"
"260711_원의 성질(6).pdf","083","원주각의 크기와 호의 길이(1)","25","YES","원주각의 크기와 호의 길이(1)"
"260711_원의 성질(6).pdf","084","원주각의 크기와 호의 길이(2)","26","YES","원주각의 크기와 호의 길이(2)"
"260711_원의 성질(6).pdf","085","원주각의 크기와 호의 길이(2)","26","YES","원주각의 크기와 호의 길이(2)"
"260711_원의 성질(6).pdf","086","원주각의 크기와 호의 길이(2)","26","YES","원주각의 크기와 호의 길이(2)"
"260711_원의 성질(6).pdf","087","원주각의 크기와 호의 길이(2)","26","YES","원주각의 크기와 호의 길이(2)"
"260711_원의 성질(6).pdf","088","원주각의 크기와 호의 길이(2)","26","YES","원주각의 크기와 호의 길이(2)"
"260711_원의 성질(6).pdf","089","원주각의 크기와 호의 길이(3)","27","YES","원주각의 크기와 호의 길이(3)"
"260711_원의 성질(6).pdf","090","원주각의 크기와 호의 길이(3)","27","YES","원주각의 크기와 호의 길이(3)"
"260711_원의 성질(6).pdf","091","원주각의 크기와 호의 길이(3)","27","YES","원주각의 크기와 호의 길이(3)"
"260711_원의 성질(6).pdf","092","원주각의 크기와 호의 길이(3)","27","YES","원주각의 크기와 호의 길이(3)"
"260711_원의 성질(6).pdf","093","원주각의 크기와 호의 길이(3)","27","YES","원주각의 크기와 호의 길이(3)"
"260711_원의 성질(6).pdf","094","네 점이 한 원에 있기 위한 조건","28","YES","네 점이 한 원에 있기 위한 조건"
"260711_원의 성질(6).pdf","095","네 점이 한 원에 있기 위한 조건","28","YES","네 점이 한 원에 있기 위한 조건"
"260711_원의 성질(6).pdf","096","네 점이 한 원에 있기 위한 조건","28","YES","네 점이 한 원에 있기 위한 조건"
"260711_원의 성질(6).pdf","097","네 점이 한 원에 있기 위한 조건","28","YES","네 점이 한 원에 있기 위한 조건"
"260711_원의 성질(6).pdf","098","원에 내접하는 사각형의 성질(1)","29","YES","원에 내접하는 사각형의 성질(1)"
"260711_원의 성질(6).pdf","099","원에 내접하는 사각형의 성질(1)","29","YES","원에 내접하는 사각형의 성질(1)"
"260711_원의 성질(6).pdf","100","원에 내접하는 사각형의 성질(1)","29","YES","원에 내접하는 사각형의 성질(1)"
"260711_원의 성질(6).pdf","101","원에 내접하는 사각형의 성질(1)","29","YES","원에 내접하는 사각형의 성질(1)"
"260711_원의 성질(6).pdf","102","원에 내접하는 사각형의 성질(1)","29","YES","원에 내접하는 사각형의 성질(1)"
"260711_원의 성질(6).pdf","103","원에 내접하는 사각형의 성질(2)","30","YES","원에 내접하는 사각형의 성질(2)"
"260711_원의 성질(6).pdf","104","원에 내접하는 사각형의 성질(2)","30","YES","원에 내접하는 사각형의 성질(2)"
"260711_원의 성질(6).pdf","105","원에 내접하는 사각형의 성질(2)","30","YES","원에 내접하는 사각형의 성질(2)"
"260711_원의 성질(6).pdf","106","원에 내접하는 사각형의 성질(2)","30","YES","원에 내접하는 사각형의 성질(2)"
"260711_원의 성질(6).pdf","107","원에 내접하는 사각형의 성질(2)","30","YES","원에 내접하는 사각형의 성질(2)"
"260711_원의 성질(6).pdf","108","원에 내접하는 사각형과 외각의 성질","31","YES","원에 내접하는 사각형과 외각의 성질"
"260711_원의 성질(6).pdf","109","원에 내접하는 사각형과 외각의 성질","31","YES","원에 내접하는 사각형과 외각의 성질"
"260711_원의 성질(6).pdf","110","원에 내접하는 사각형과 외각의 성질","31","YES","원에 내접하는 사각형과 외각의 성질"
"260711_원의 성질(6).pdf","111","원에 내접하는 사각형과 외각의 성질","31","YES","원에 내접하는 사각형과 외각의 성질"
"260711_원의 성질(6).pdf","112","원에 내접하는 사각형과 외각의 성질","31","YES","원에 내접하는 사각형과 외각의 성질"
"260711_원의 성질(6).pdf","113","원에 내접하는 다각형","32","YES","원에 내접하는 다각형"
"260711_원의 성질(6).pdf","114","원에 내접하는 다각형","32","YES","원에 내접하는 다각형"
"260711_원의 성질(6).pdf","115","원에 내접하는 다각형","32","YES","원에 내접하는 다각형"
"260711_원의 성질(6).pdf","116","원에 내접하는 다각형","32","YES","원에 내접하는 다각형"
"260711_원의 성질(6).pdf","117","원에 내접하는 다각형","32","YES","원에 내접하는 다각형"
"260711_원의 성질(6).pdf","118","두 원에서 내접하는 사각형의 성질의 활용","33","YES","두 원에서 내접하는 사각형의 성질의 활용"
"260711_원의 성질(6).pdf","119","두 원에서 내접하는 사각형의 성질의 활용","33","YES","두 원에서 내접하는 사각형의 성질의 활용"
"260711_원의 성질(6).pdf","120","두 원에서 내접하는 사각형의 성질의 활용","33","YES","두 원에서 내접하는 사각형의 성질의 활용"
"260711_원의 성질(6).pdf","121","두 원에서 내접하는 사각형의 성질의 활용","33","YES","두 원에서 내접하는 사각형의 성질의 활용"
"260711_원의 성질(6).pdf","122","두 원에서 내접하는 사각형의 성질의 활용","33","YES","두 원에서 내접하는 사각형의 성질의 활용"
"260711_원의 성질(6).pdf","123","접선과 현이 이루는 각; 원주각","36","YES","접선과 현이 이루는 각; 원주각"
"260711_원의 성질(6).pdf","124","접선과 현이 이루는 각; 원주각","36","YES","접선과 현이 이루는 각; 원주각"
"260711_원의 성질(6).pdf","125","접선과 현이 이루는 각; 원주각","36","YES","접선과 현이 이루는 각; 원주각"
"260711_원의 성질(6).pdf","126","접선과 현이 이루는 각; 원주각","36","YES","접선과 현이 이루는 각; 원주각"
"260711_원의 성질(6).pdf","127","접선과 현이 이루는 각; 원주각","36","YES","접선과 현이 이루는 각; 원주각"
"260711_원의 성질(6).pdf","128","접선과 현이 이루는 각의 활용(1); 현이 중심을 지나지 않는 경우","38","YES","접선과 현이 이루는 각의 활용(1); 현이 중심을 지나지 않는 경우"
"260711_원의 성질(6).pdf","129","접선과 현이 이루는 각의 활용(1); 현이 중심을 지나지 않는 경우","38","YES","접선과 현이 이루는 각의 활용(1); 현이 중심을 지나지 않는 경우"
"260711_원의 성질(6).pdf","130","접선과 현이 이루는 각의 활용(1); 현이 중심을 지나지 않는 경우","38","YES","접선과 현이 이루는 각의 활용(1); 현이 중심을 지나지 않는 경우"
"260711_원의 성질(6).pdf","131","접선과 현이 이루는 각의 활용(1); 현이 중심을 지나지 않는 경우","38","YES","접선과 현이 이루는 각의 활용(1); 현이 중심을 지나지 않는 경우"
"260711_원의 성질(6).pdf","132","접선과 현이 이루는 각의 활용(1); 현이 중심을 지나지 않는 경우","38","YES","접선과 현이 이루는 각의 활용(1); 현이 중심을 지나지 않는 경우"
"260711_원의 성질(6).pdf","133","접선과 현이 이루는 각의 활용(2); 현이 중심을 지나는 경우","39","YES","접선과 현이 이루는 각의 활용(2); 현이 중심을 지나는 경우"
"260711_원의 성질(6).pdf","134","접선과 현이 이루는 각의 활용(2); 현이 중심을 지나는 경우","39","YES","접선과 현이 이루는 각의 활용(2); 현이 중심을 지나는 경우"
"260711_원의 성질(6).pdf","135","접선과 현이 이루는 각의 활용(2); 현이 중심을 지나는 경우","39","YES","접선과 현이 이루는 각의 활용(2); 현이 중심을 지나는 경우"
"260711_원의 성질(6).pdf","136","접선과 현이 이루는 각의 활용(2); 현이 중심을 지나는 경우","39","YES","접선과 현이 이루는 각의 활용(2); 현이 중심을 지나는 경우"
"260711_원의 성질(6).pdf","137","접선과 현이 이루는 각의 활용(2); 현이 중심을 지나는 경우","39","YES","접선과 현이 이루는 각의 활용(2); 현이 중심을 지나는 경우"
"260711_원의 성질(6).pdf","138","접선과 현이 이루는 각의 활용(3); 한 점에서 원에 그은 두 접선","40","YES","접선과 현이 이루는 각의 활용(3); 한 점에서 원에 그은 두 접선"
"260711_원의 성질(6).pdf","139","접선과 현이 이루는 각의 활용(3); 한 점에서 원에 그은 두 접선","40","YES","접선과 현이 이루는 각의 활용(3); 한 점에서 원에 그은 두 접선"
"260711_원의 성질(6).pdf","140","접선과 현이 이루는 각의 활용(3); 한 점에서 원에 그은 두 접선","40","YES","접선과 현이 이루는 각의 활용(3); 한 점에서 원에 그은 두 접선"
"260711_원의 성질(6).pdf","141","접선과 현이 이루는 각의 활용(3); 한 점에서 원에 그은 두 접선","40","YES","접선과 현이 이루는 각의 활용(3); 한 점에서 원에 그은 두 접선"
"260711_원의 성질(6).pdf","142","접선과 현이 이루는 각의 활용(3); 한 점에서 원에 그은 두 접선","40","YES","접선과 현이 이루는 각의 활용(3); 한 점에서 원에 그은 두 접선"
"260711_원의 성질(6).pdf","143","두 원에서 접선과 현이 이루는 각(1)","41","YES","두 원에서 접선과 현이 이루는 각(1)"
"260711_원의 성질(6).pdf","144","두 원에서 접선과 현이 이루는 각(1)","41","YES","두 원에서 접선과 현이 이루는 각(1)"
"260711_원의 성질(6).pdf","145","두 원에서 접선과 현이 이루는 각(1)","41","YES","두 원에서 접선과 현이 이루는 각(1)"
"260711_원의 성질(6).pdf","146","두 원에서 접선과 현이 이루는 각(1)","41","YES","두 원에서 접선과 현이 이루는 각(1)"
"260711_원의 성질(6).pdf","147","두 원에서 접선과 현이 이루는 각(1)","41","YES","두 원에서 접선과 현이 이루는 각(1)"
"260711_원의 성질(6).pdf","148","두 원에서 접선과 현이 이루는 각(2); 한 원이 다른 원의 내부에 있는 경우","42","YES","두 원에서 접선과 현이 이루는 각(2); 한 원이 다른 원의 내부에 있는 경우"
"260711_원의 성질(6).pdf","149","두 원에서 접선과 현이 이루는 각(2); 한 원이 다른 원의 내부에 있는 경우","42","YES","두 원에서 접선과 현이 이루는 각(2); 한 원이 다른 원의 내부에 있는 경우"
"260711_원의 성질(6).pdf","150","두 원에서 접선과 현이 이루는 각(2); 한 원이 다른 원의 내부에 있는 경우","42","YES","두 원에서 접선과 현이 이루는 각(2); 한 원이 다른 원의 내부에 있는 경우"
"260711_원의 성질(7).pdf","001","원의 중심과 현의 수직이등분선(1)","1","YES","원의 중심과 현의 수직이등분선(1)"
"260711_원의 성질(7).pdf","002","원의 중심과 현의 수직이등분선(1)","1","YES","원의 중심과 현의 수직이등분선(1)"
"260711_원의 성질(7).pdf","003","원의 중심과 현의 수직이등분선(1)","1","YES","원의 중심과 현의 수직이등분선(1)"
"260711_원의 성질(7).pdf","004","원의 중심과 현의 수직이등분선(1)","1","YES","원의 중심과 현의 수직이등분선(1)"
"260711_원의 성질(7).pdf","005","원의 중심과 현의 수직이등분선(1)","1","YES","원의 중심과 현의 수직이등분선(1)"
"260711_원의 성질(7).pdf","006","현의 길이(1); 중심에서 같은 거리의 두 현","5","YES","현의 길이(1); 중심에서 같은 거리의 두 현"
"260711_원의 성질(7).pdf","007","현의 길이(1); 중심에서 같은 거리의 두 현","5","YES","현의 길이(1); 중심에서 같은 거리의 두 현"
"260711_원의 성질(7).pdf","008","현의 길이(1); 중심에서 같은 거리의 두 현","5","YES","현의 길이(1); 중심에서 같은 거리의 두 현"
"260711_원의 성질(7).pdf","009","현의 길이(1); 중심에서 같은 거리의 두 현","5","YES","현의 길이(1); 중심에서 같은 거리의 두 현"
"260711_원의 성질(7).pdf","010","현의 길이(1); 중심에서 같은 거리의 두 현","5","YES","현의 길이(1); 중심에서 같은 거리의 두 현"
"260711_원의 성질(7).pdf","011","원의 접선과 반지름","7","YES","원의 접선과 반지름"
"260711_원의 성질(7).pdf","012","원의 접선과 반지름","7","YES","원의 접선과 반지름"
"260711_원의 성질(7).pdf","013","원의 접선의 성질(1)","8","YES","원의 접선의 성질(1)"
"260711_원의 성질(7).pdf","014","원의 접선의 성질(1)","8","YES","원의 접선의 성질(1)"
"260711_원의 성질(7).pdf","015","원의 접선의 성질(1)","8","YES","원의 접선의 성질(1)"
"260711_원의 성질(7).pdf","016","원의 접선의 성질(1)","8","YES","원의 접선의 성질(1)"
"260711_원의 성질(7).pdf","017","원의 접선의 성질(1)","8","YES","원의 접선의 성질(1)"
"260711_원의 성질(7).pdf","018","원의 접선의 성질(2); 길이","9","YES","원의 접선의 성질(2); 길이"
"260711_원의 성질(7).pdf","019","원의 접선의 성질(2); 길이","9","YES","원의 접선의 성질(2); 길이"
"260711_원의 성질(7).pdf","020","원의 접선의 성질(2); 길이","9","YES","원의 접선의 성질(2); 길이"
"260711_원의 성질(7).pdf","021","원의 접선의 성질(2); 길이","9","YES","원의 접선의 성질(2); 길이"
"260711_원의 성질(7).pdf","022","원의 접선의 성질(2); 길이","9","YES","원의 접선의 성질(2); 길이"
"260711_원의 성질(7).pdf","023","원의 접선의 성질의 활용","11","YES","원의 접선의 성질의 활용"
"260711_원의 성질(7).pdf","024","원의 접선의 성질의 활용","11","YES","원의 접선의 성질의 활용"
"260711_원의 성질(7).pdf","025","원의 접선의 성질의 활용","11","YES","원의 접선의 성질의 활용"
"260711_원의 성질(7).pdf","026","반원에서의 접선","","NO",""
"260711_원의 성질(7).pdf","027","반원에서의 접선","","NO",""
"260711_원의 성질(7).pdf","028","반원에서의 접선","","NO",""
"260711_원의 성질(7).pdf","029","반원에서의 접선","","NO",""
"260711_원의 성질(7).pdf","030","반원에서의 접선","","NO",""
"260711_원의 성질(7).pdf","031","삼각형의 내접원","12","YES","삼각형의 내접원"
"260711_원의 성질(7).pdf","032","삼각형의 내접원","12","YES","삼각형의 내접원"
"260711_원의 성질(7).pdf","033","삼각형의 내접원","12","YES","삼각형의 내접원"
"260711_원의 성질(7).pdf","034","삼각형의 내접원","12","YES","삼각형의 내접원"
"260711_원의 성질(7).pdf","035","삼각형의 내접원","12","YES","삼각형의 내접원"
"260711_원의 성질(7).pdf","036","직각삼각형의 내접원","13","YES","직각삼각형의 내접원"
"260711_원의 성질(7).pdf","037","직각삼각형의 내접원","13","YES","직각삼각형의 내접원"
"260711_원의 성질(7).pdf","038","직각삼각형의 내접원","13","YES","직각삼각형의 내접원"
"260711_원의 성질(7).pdf","039","직각삼각형의 내접원","13","YES","직각삼각형의 내접원"
"260711_원의 성질(7).pdf","040","직각삼각형의 내접원","13","YES","직각삼각형의 내접원"
"260711_원의 성질(7).pdf","041","원에 외접하는 사각형의 성질(2); 한 내각이 90˚인 경우","15","YES","원에 외접하는 사각형의 성질(2); 한 내각이 90˚인 경우"
"260711_원의 성질(7).pdf","042","원에 외접하는 사각형의 성질(2); 한 내각이 90˚인 경우","15","YES","원에 외접하는 사각형의 성질(2); 한 내각이 90˚인 경우"
"260711_원의 성질(7).pdf","043","원에 외접하는 사각형의 성질(2); 한 내각이 90˚인 경우","15","YES","원에 외접하는 사각형의 성질(2); 한 내각이 90˚인 경우"
"260711_원의 성질(7).pdf","044","원에 외접하는 사각형의 성질(2); 한 내각이 90˚인 경우","15","YES","원에 외접하는 사각형의 성질(2); 한 내각이 90˚인 경우"
"260711_원의 성질(7).pdf","045","원에 외접하는 사각형의 성질(2); 한 내각이 90˚인 경우","15","YES","원에 외접하는 사각형의 성질(2); 한 내각이 90˚인 경우"
"260711_원의 성질(7).pdf","046","원에 외접하는 사각형의 성질의 활용(1); 직사각형","16","YES","원에 외접하는 사각형의 성질의 활용(1); 직사각형"
"260711_원의 성질(7).pdf","047","원에 외접하는 사각형의 성질의 활용(1); 직사각형","16","YES","원에 외접하는 사각형의 성질의 활용(1); 직사각형"
"260711_원의 성질(7).pdf","048","원에 외접하는 사각형의 성질의 활용(1); 직사각형","16","YES","원에 외접하는 사각형의 성질의 활용(1); 직사각형"
"260711_원의 성질(7).pdf","049","원에 외접하는 사각형의 성질의 활용(1); 직사각형","16","YES","원에 외접하는 사각형의 성질의 활용(1); 직사각형"
"260711_원의 성질(7).pdf","050","원에 외접하는 사각형의 성질의 활용(1); 직사각형","16","YES","원에 외접하는 사각형의 성질의 활용(1); 직사각형"
"260711_원의 성질(7).pdf","051","원에 외접하는 사각형의 성질의 활용(2); 그 외","17","YES","원에 외접하는 사각형의 성질의 활용(2); 그 외"
"260711_원의 성질(7).pdf","052","원에 외접하는 사각형의 성질의 활용(2); 그 외","17","YES","원에 외접하는 사각형의 성질의 활용(2); 그 외"
"260711_원의 성질(7).pdf","053","원에 외접하는 사각형의 성질의 활용(2); 그 외","17","YES","원에 외접하는 사각형의 성질의 활용(2); 그 외"
"260711_원의 성질(7).pdf","054","원주각과 중심각의 크기(1)","18","YES","원주각과 중심각의 크기(1)"
"260711_원의 성질(7).pdf","055","원주각과 중심각의 크기(1)","18","YES","원주각과 중심각의 크기(1)"
"260711_원의 성질(7).pdf","056","원주각과 중심각의 크기(1)","18","YES","원주각과 중심각의 크기(1)"
"260711_원의 성질(7).pdf","057","원주각과 중심각의 크기(1)","18","YES","원주각과 중심각의 크기(1)"
"260711_원의 성질(7).pdf","058","원주각과 중심각의 크기(1)","18","YES","원주각과 중심각의 크기(1)"
"260711_원의 성질(7).pdf","059","원주각의 성질(1); 한 호","21","YES","원주각의 성질(1); 한 호"
"260711_원의 성질(7).pdf","060","원주각의 성질(1); 한 호","21","YES","원주각의 성질(1); 한 호"
"260711_원의 성질(7).pdf","061","원주각의 성질(1); 한 호","21","YES","원주각의 성질(1); 한 호"
"260711_원의 성질(7).pdf","062","원주각의 성질(1); 한 호","21","YES","원주각의 성질(1); 한 호"
"260711_원의 성질(7).pdf","063","원주각의 성질(1); 한 호","21","YES","원주각의 성질(1); 한 호"
"260711_원의 성질(7).pdf","064","원주각의 성질(2); 반원","22","YES","원주각의 성질(2); 반원"
"260711_원의 성질(7).pdf","065","원주각의 성질(2); 반원","22","YES","원주각의 성질(2); 반원"
"260711_원의 성질(7).pdf","066","원주각의 성질(2); 반원","22","YES","원주각의 성질(2); 반원"
"260711_원의 성질(7).pdf","067","원주각의 성질(2); 반원","22","YES","원주각의 성질(2); 반원"
"260711_원의 성질(7).pdf","068","원주각의 성질(2); 반원","22","YES","원주각의 성질(2); 반원"
"260711_원의 성질(7).pdf","069","원주각과 삼각비의 값(1)","23","YES","원주각과 삼각비의 값(1)"
"260711_원의 성질(7).pdf","070","원주각과 삼각비의 값(1)","23","YES","원주각과 삼각비의 값(1)"
"260711_원의 성질(7).pdf","071","원주각과 삼각비의 값(1)","23","YES","원주각과 삼각비의 값(1)"
"260711_원의 성질(7).pdf","072","원주각과 삼각비의 값(2); 선분의 길이, 넓이","24","YES","원주각과 삼각비의 값(2); 선분의 길이, 넓이"
"260711_원의 성질(7).pdf","073","원주각과 삼각비의 값(2); 선분의 길이, 넓이","24","YES","원주각과 삼각비의 값(2); 선분의 길이, 넓이"
"260711_원의 성질(7).pdf","074","원주각과 삼각비의 값(2); 선분의 길이, 넓이","24","YES","원주각과 삼각비의 값(2); 선분의 길이, 넓이"
"260711_원의 성질(7).pdf","075","원주각과 삼각비의 값(2); 선분의 길이, 넓이","24","YES","원주각과 삼각비의 값(2); 선분의 길이, 넓이"
"260711_원의 성질(7).pdf","076","원주각과 삼각비의 값(2); 선분의 길이, 넓이","24","YES","원주각과 삼각비의 값(2); 선분의 길이, 넓이"
"260711_원의 성질(7).pdf","077","원주각의 크기와 호의 길이(1)","25","YES","원주각의 크기와 호의 길이(1)"
"260711_원의 성질(7).pdf","078","원주각의 크기와 호의 길이(1)","25","YES","원주각의 크기와 호의 길이(1)"
"260711_원의 성질(7).pdf","079","원주각의 크기와 호의 길이(1)","25","YES","원주각의 크기와 호의 길이(1)"
"260711_원의 성질(7).pdf","080","원주각의 크기와 호의 길이(1)","25","YES","원주각의 크기와 호의 길이(1)"
"260711_원의 성질(7).pdf","081","원주각의 크기와 호의 길이(1)","25","YES","원주각의 크기와 호의 길이(1)"
"260711_원의 성질(7).pdf","082","원주각의 크기와 호의 길이(2)","26","YES","원주각의 크기와 호의 길이(2)"
"260711_원의 성질(7).pdf","083","원주각의 크기와 호의 길이(2)","26","YES","원주각의 크기와 호의 길이(2)"
"260711_원의 성질(7).pdf","084","원주각의 크기와 호의 길이(2)","26","YES","원주각의 크기와 호의 길이(2)"
"260711_원의 성질(7).pdf","085","원주각의 크기와 호의 길이(2)","26","YES","원주각의 크기와 호의 길이(2)"
"260711_원의 성질(7).pdf","086","원주각의 크기와 호의 길이(2)","26","YES","원주각의 크기와 호의 길이(2)"
"260711_원의 성질(7).pdf","087","원주각의 크기와 호의 길이(3)","27","YES","원주각의 크기와 호의 길이(3)"
"260711_원의 성질(7).pdf","088","원주각의 크기와 호의 길이(3)","27","YES","원주각의 크기와 호의 길이(3)"
"260711_원의 성질(7).pdf","089","원주각의 크기와 호의 길이(3)","27","YES","원주각의 크기와 호의 길이(3)"
"260711_원의 성질(7).pdf","090","원주각의 크기와 호의 길이(3)","27","YES","원주각의 크기와 호의 길이(3)"
"260711_원의 성질(7).pdf","091","원주각의 크기와 호의 길이(3)","27","YES","원주각의 크기와 호의 길이(3)"
"260711_원의 성질(7).pdf","092","네 점이 한 원에 있기 위한 조건","28","YES","네 점이 한 원에 있기 위한 조건"
"260711_원의 성질(7).pdf","093","네 점이 한 원에 있기 위한 조건","28","YES","네 점이 한 원에 있기 위한 조건"
"260711_원의 성질(7).pdf","094","네 점이 한 원에 있기 위한 조건","28","YES","네 점이 한 원에 있기 위한 조건"
"260711_원의 성질(7).pdf","095","네 점이 한 원에 있기 위한 조건","28","YES","네 점이 한 원에 있기 위한 조건"
"260711_원의 성질(7).pdf","096","네 점이 한 원에 있기 위한 조건","28","YES","네 점이 한 원에 있기 위한 조건"
"260711_원의 성질(7).pdf","097","원에 내접하는 사각형의 성질(1)","29","YES","원에 내접하는 사각형의 성질(1)"
"260711_원의 성질(7).pdf","098","원에 내접하는 사각형의 성질(1)","29","YES","원에 내접하는 사각형의 성질(1)"
"260711_원의 성질(7).pdf","099","원에 내접하는 사각형의 성질(1)","29","YES","원에 내접하는 사각형의 성질(1)"
"260711_원의 성질(7).pdf","100","원에 내접하는 사각형의 성질(1)","29","YES","원에 내접하는 사각형의 성질(1)"
"260711_원의 성질(7).pdf","101","원에 내접하는 사각형의 성질(1)","29","YES","원에 내접하는 사각형의 성질(1)"
"260711_원의 성질(7).pdf","102","원에 내접하는 사각형의 성질(2)","30","YES","원에 내접하는 사각형의 성질(2)"
"260711_원의 성질(7).pdf","103","원에 내접하는 사각형의 성질(2)","30","YES","원에 내접하는 사각형의 성질(2)"
"260711_원의 성질(7).pdf","104","원에 내접하는 사각형의 성질(2)","30","YES","원에 내접하는 사각형의 성질(2)"
"260711_원의 성질(7).pdf","105","원에 내접하는 사각형의 성질(2)","30","YES","원에 내접하는 사각형의 성질(2)"
"260711_원의 성질(7).pdf","106","원에 내접하는 사각형의 성질(2)","30","YES","원에 내접하는 사각형의 성질(2)"
"260711_원의 성질(7).pdf","107","원에 내접하는 사각형과 외각의 성질","31","YES","원에 내접하는 사각형과 외각의 성질"
"260711_원의 성질(7).pdf","108","원에 내접하는 사각형과 외각의 성질","31","YES","원에 내접하는 사각형과 외각의 성질"
"260711_원의 성질(7).pdf","109","원에 내접하는 사각형과 외각의 성질","31","YES","원에 내접하는 사각형과 외각의 성질"
"260711_원의 성질(7).pdf","110","원에 내접하는 사각형과 외각의 성질","31","YES","원에 내접하는 사각형과 외각의 성질"
"260711_원의 성질(7).pdf","111","원에 내접하는 사각형과 외각의 성질","31","YES","원에 내접하는 사각형과 외각의 성질"
"260711_원의 성질(7).pdf","112","원에 내접하는 다각형","32","YES","원에 내접하는 다각형"
"260711_원의 성질(7).pdf","113","원에 내접하는 다각형","32","YES","원에 내접하는 다각형"
"260711_원의 성질(7).pdf","114","원에 내접하는 다각형","32","YES","원에 내접하는 다각형"
"260711_원의 성질(7).pdf","115","원에 내접하는 다각형","32","YES","원에 내접하는 다각형"
"260711_원의 성질(7).pdf","116","원에 내접하는 다각형","32","YES","원에 내접하는 다각형"
"260711_원의 성질(7).pdf","117","두 원에서 내접하는 사각형의 성질의 활용","33","YES","두 원에서 내접하는 사각형의 성질의 활용"
"260711_원의 성질(7).pdf","118","두 원에서 내접하는 사각형의 성질의 활용","33","YES","두 원에서 내접하는 사각형의 성질의 활용"
"260711_원의 성질(7).pdf","119","두 원에서 내접하는 사각형의 성질의 활용","33","YES","두 원에서 내접하는 사각형의 성질의 활용"
"260711_원의 성질(7).pdf","120","두 원에서 내접하는 사각형의 성질의 활용","33","YES","두 원에서 내접하는 사각형의 성질의 활용"
"260711_원의 성질(7).pdf","121","두 원에서 내접하는 사각형의 성질의 활용","33","YES","두 원에서 내접하는 사각형의 성질의 활용"
"260711_원의 성질(7).pdf","122","접선과 현이 이루는 각; 원주각","36","YES","접선과 현이 이루는 각; 원주각"
"260711_원의 성질(7).pdf","123","접선과 현이 이루는 각; 원주각","36","YES","접선과 현이 이루는 각; 원주각"
"260711_원의 성질(7).pdf","124","접선과 현이 이루는 각; 원주각","36","YES","접선과 현이 이루는 각; 원주각"
"260711_원의 성질(7).pdf","125","접선과 현이 이루는 각; 원주각","36","YES","접선과 현이 이루는 각; 원주각"
"260711_원의 성질(7).pdf","126","접선과 현이 이루는 각; 원주각","36","YES","접선과 현이 이루는 각; 원주각"
"260711_원의 성질(7).pdf","127","접선과 현이 이루는 각의 활용(1); 현이 중심을 지나지 않는 경우","38","YES","접선과 현이 이루는 각의 활용(1); 현이 중심을 지나지 않는 경우"
"260711_원의 성질(7).pdf","128","접선과 현이 이루는 각의 활용(1); 현이 중심을 지나지 않는 경우","38","YES","접선과 현이 이루는 각의 활용(1); 현이 중심을 지나지 않는 경우"
"260711_원의 성질(7).pdf","129","접선과 현이 이루는 각의 활용(1); 현이 중심을 지나지 않는 경우","38","YES","접선과 현이 이루는 각의 활용(1); 현이 중심을 지나지 않는 경우"
"260711_원의 성질(7).pdf","130","접선과 현이 이루는 각의 활용(1); 현이 중심을 지나지 않는 경우","38","YES","접선과 현이 이루는 각의 활용(1); 현이 중심을 지나지 않는 경우"
"260711_원의 성질(7).pdf","131","접선과 현이 이루는 각의 활용(1); 현이 중심을 지나지 않는 경우","38","YES","접선과 현이 이루는 각의 활용(1); 현이 중심을 지나지 않는 경우"
"260711_원의 성질(7).pdf","132","접선과 현이 이루는 각의 활용(2); 현이 중심을 지나는 경우","39","YES","접선과 현이 이루는 각의 활용(2); 현이 중심을 지나는 경우"
"260711_원의 성질(7).pdf","133","접선과 현이 이루는 각의 활용(2); 현이 중심을 지나는 경우","39","YES","접선과 현이 이루는 각의 활용(2); 현이 중심을 지나는 경우"
"260711_원의 성질(7).pdf","134","접선과 현이 이루는 각의 활용(2); 현이 중심을 지나는 경우","39","YES","접선과 현이 이루는 각의 활용(2); 현이 중심을 지나는 경우"
"260711_원의 성질(7).pdf","135","접선과 현이 이루는 각의 활용(2); 현이 중심을 지나는 경우","39","YES","접선과 현이 이루는 각의 활용(2); 현이 중심을 지나는 경우"
"260711_원의 성질(7).pdf","136","접선과 현이 이루는 각의 활용(2); 현이 중심을 지나는 경우","39","YES","접선과 현이 이루는 각의 활용(2); 현이 중심을 지나는 경우"
"260711_원의 성질(7).pdf","137","접선과 현이 이루는 각의 활용(3); 한 점에서 원에 그은 두 접선","40","YES","접선과 현이 이루는 각의 활용(3); 한 점에서 원에 그은 두 접선"
"260711_원의 성질(7).pdf","138","접선과 현이 이루는 각의 활용(3); 한 점에서 원에 그은 두 접선","40","YES","접선과 현이 이루는 각의 활용(3); 한 점에서 원에 그은 두 접선"
"260711_원의 성질(7).pdf","139","접선과 현이 이루는 각의 활용(3); 한 점에서 원에 그은 두 접선","40","YES","접선과 현이 이루는 각의 활용(3); 한 점에서 원에 그은 두 접선"
"260711_원의 성질(7).pdf","140","접선과 현이 이루는 각의 활용(3); 한 점에서 원에 그은 두 접선","40","YES","접선과 현이 이루는 각의 활용(3); 한 점에서 원에 그은 두 접선"
"260711_원의 성질(7).pdf","141","접선과 현이 이루는 각의 활용(3); 한 점에서 원에 그은 두 접선","40","YES","접선과 현이 이루는 각의 활용(3); 한 점에서 원에 그은 두 접선"
"260711_원의 성질(7).pdf","142","두 원에서 접선과 현이 이루는 각(1)","41","YES","두 원에서 접선과 현이 이루는 각(1)"
"260711_원의 성질(7).pdf","143","두 원에서 접선과 현이 이루는 각(1)","41","YES","두 원에서 접선과 현이 이루는 각(1)"
"260711_원의 성질(7).pdf","144","두 원에서 접선과 현이 이루는 각(1)","41","YES","두 원에서 접선과 현이 이루는 각(1)"
"260711_원의 성질(7).pdf","145","두 원에서 접선과 현이 이루는 각(1)","41","YES","두 원에서 접선과 현이 이루는 각(1)"
"260711_원의 성질(7).pdf","146","두 원에서 접선과 현이 이루는 각(1)","41","YES","두 원에서 접선과 현이 이루는 각(1)"
"260711_원의 성질(7).pdf","147","두 원에서 접선과 현이 이루는 각(2); 한 원이 다른 원의 내부에 있는 경우","42","YES","두 원에서 접선과 현이 이루는 각(2); 한 원이 다른 원의 내부에 있는 경우"
"260711_원의 성질(7).pdf","148","두 원에서 접선과 현이 이루는 각(2); 한 원이 다른 원의 내부에 있는 경우","42","YES","두 원에서 접선과 현이 이루는 각(2); 한 원이 다른 원의 내부에 있는 경우"
"260711_원의 성질(7).pdf","149","두 원에서 접선과 현이 이루는 각(2); 한 원이 다른 원의 내부에 있는 경우","42","YES","두 원에서 접선과 현이 이루는 각(2); 한 원이 다른 원의 내부에 있는 경우"
"260711_원의 성질(7).pdf","150","두 원에서 접선과 현이 이루는 각(2); 한 원이 다른 원의 내부에 있는 경우","42","YES","두 원에서 접선과 현이 이루는 각(2); 한 원이 다른 원의 내부에 있는 경우"
"260711_원의 성질(8).pdf","001","원의 중심과 현의 수직이등분선(1)","1","YES","원의 중심과 현의 수직이등분선(1)"
"260711_원의 성질(8).pdf","002","원의 중심과 현의 수직이등분선(1)","1","YES","원의 중심과 현의 수직이등분선(1)"
"260711_원의 성질(8).pdf","003","원의 중심과 현의 수직이등분선(1)","1","YES","원의 중심과 현의 수직이등분선(1)"
"260711_원의 성질(8).pdf","004","원의 중심과 현의 수직이등분선(1)","1","YES","원의 중심과 현의 수직이등분선(1)"
"260711_원의 성질(8).pdf","005","현의 길이(1); 중심에서 같은 거리의 두 현","5","YES","현의 길이(1); 중심에서 같은 거리의 두 현"
"260711_원의 성질(8).pdf","006","현의 길이(1); 중심에서 같은 거리의 두 현","5","YES","현의 길이(1); 중심에서 같은 거리의 두 현"
"260711_원의 성질(8).pdf","007","현의 길이(1); 중심에서 같은 거리의 두 현","5","YES","현의 길이(1); 중심에서 같은 거리의 두 현"
"260711_원의 성질(8).pdf","008","현의 길이(1); 중심에서 같은 거리의 두 현","5","YES","현의 길이(1); 중심에서 같은 거리의 두 현"
"260711_원의 성질(8).pdf","009","현의 길이(1); 중심에서 같은 거리의 두 현","5","YES","현의 길이(1); 중심에서 같은 거리의 두 현"
"260711_원의 성질(8).pdf","010","현의 길이(1); 중심에서 같은 거리의 두 현","5","YES","현의 길이(1); 중심에서 같은 거리의 두 현"
"260711_원의 성질(8).pdf","011","원의 접선의 성질(1)","8","YES","원의 접선의 성질(1)"
"260711_원의 성질(8).pdf","012","원의 접선의 성질(1)","8","YES","원의 접선의 성질(1)"
"260711_원의 성질(8).pdf","013","원의 접선의 성질(1)","8","YES","원의 접선의 성질(1)"
"260711_원의 성질(8).pdf","014","원의 접선의 성질(1)","8","YES","원의 접선의 성질(1)"
"260711_원의 성질(8).pdf","015","원의 접선의 성질(1)","8","YES","원의 접선의 성질(1)"
"260711_원의 성질(8).pdf","016","원의 접선의 성질(1)","8","YES","원의 접선의 성질(1)"
"260711_원의 성질(8).pdf","017","원의 접선의 성질(2); 길이","9","YES","원의 접선의 성질(2); 길이"
"260711_원의 성질(8).pdf","018","원의 접선의 성질(2); 길이","9","YES","원의 접선의 성질(2); 길이"
"260711_원의 성질(8).pdf","019","원의 접선의 성질(2); 길이","9","YES","원의 접선의 성질(2); 길이"
"260711_원의 성질(8).pdf","020","원의 접선의 성질(2); 길이","9","YES","원의 접선의 성질(2); 길이"
"260711_원의 성질(8).pdf","021","원의 접선의 성질(2); 길이","9","YES","원의 접선의 성질(2); 길이"
"260711_원의 성질(8).pdf","022","원의 접선의 성질(2); 길이","9","YES","원의 접선의 성질(2); 길이"
"260711_원의 성질(8).pdf","023","반원에서의 접선","","NO",""
"260711_원의 성질(8).pdf","024","반원에서의 접선","","NO",""
"260711_원의 성질(8).pdf","025","반원에서의 접선","","NO",""
"260711_원의 성질(8).pdf","026","반원에서의 접선","","NO",""
"260711_원의 성질(8).pdf","027","반원에서의 접선","","NO",""
"260711_원의 성질(8).pdf","028","반원에서의 접선","","NO",""
"260711_원의 성질(8).pdf","029","삼각형의 내접원","12","YES","삼각형의 내접원"
"260711_원의 성질(8).pdf","030","삼각형의 내접원","12","YES","삼각형의 내접원"
"260711_원의 성질(8).pdf","031","삼각형의 내접원","12","YES","삼각형의 내접원"
"260711_원의 성질(8).pdf","032","삼각형의 내접원","12","YES","삼각형의 내접원"
"260711_원의 성질(8).pdf","033","삼각형의 내접원","12","YES","삼각형의 내접원"
"260711_원의 성질(8).pdf","034","삼각형의 내접원","12","YES","삼각형의 내접원"
"260711_원의 성질(8).pdf","035","직각삼각형의 내접원","13","YES","직각삼각형의 내접원"
"260711_원의 성질(8).pdf","036","직각삼각형의 내접원","13","YES","직각삼각형의 내접원"
"260711_원의 성질(8).pdf","037","직각삼각형의 내접원","13","YES","직각삼각형의 내접원"
"260711_원의 성질(8).pdf","038","직각삼각형의 내접원","13","YES","직각삼각형의 내접원"
"260711_원의 성질(8).pdf","039","직각삼각형의 내접원","13","YES","직각삼각형의 내접원"
"260711_원의 성질(8).pdf","040","직각삼각형의 내접원","13","YES","직각삼각형의 내접원"
"260711_원의 성질(8).pdf","041","원에 외접하는 사각형의 성질의 활용(1); 직사각형","16","YES","원에 외접하는 사각형의 성질의 활용(1); 직사각형"
"260711_원의 성질(8).pdf","042","원에 외접하는 사각형의 성질의 활용(1); 직사각형","16","YES","원에 외접하는 사각형의 성질의 활용(1); 직사각형"
"260711_원의 성질(8).pdf","043","원에 외접하는 사각형의 성질의 활용(1); 직사각형","16","YES","원에 외접하는 사각형의 성질의 활용(1); 직사각형"
"260711_원의 성질(8).pdf","044","원에 외접하는 사각형의 성질의 활용(1); 직사각형","16","YES","원에 외접하는 사각형의 성질의 활용(1); 직사각형"
"260711_원의 성질(8).pdf","045","원에 외접하는 사각형의 성질의 활용(1); 직사각형","16","YES","원에 외접하는 사각형의 성질의 활용(1); 직사각형"
"260711_원의 성질(8).pdf","046","원에 외접하는 사각형의 성질의 활용(1); 직사각형","16","YES","원에 외접하는 사각형의 성질의 활용(1); 직사각형"
"260711_원의 성질(8).pdf","047","원에 외접하는 사각형의 성질의 활용(2); 그 외","17","YES","원에 외접하는 사각형의 성질의 활용(2); 그 외"
"260711_원의 성질(8).pdf","048","원에 외접하는 사각형의 성질의 활용(2); 그 외","17","YES","원에 외접하는 사각형의 성질의 활용(2); 그 외"
"260711_원의 성질(8).pdf","049","원주각과 중심각의 크기(1)","18","YES","원주각과 중심각의 크기(1)"
"260711_원의 성질(8).pdf","050","원주각과 중심각의 크기(1)","18","YES","원주각과 중심각의 크기(1)"
"260711_원의 성질(8).pdf","051","원주각과 중심각의 크기(1)","18","YES","원주각과 중심각의 크기(1)"
"260711_원의 성질(8).pdf","052","원주각과 중심각의 크기(1)","18","YES","원주각과 중심각의 크기(1)"
"260711_원의 성질(8).pdf","053","원주각과 중심각의 크기(1)","18","YES","원주각과 중심각의 크기(1)"
"260711_원의 성질(8).pdf","054","원주각과 중심각의 크기(1)","18","YES","원주각과 중심각의 크기(1)"
"260711_원의 성질(8).pdf","055","원주각의 성질(1); 한 호","21","YES","원주각의 성질(1); 한 호"
"260711_원의 성질(8).pdf","056","원주각의 성질(1); 한 호","21","YES","원주각의 성질(1); 한 호"
"260711_원의 성질(8).pdf","057","원주각의 성질(1); 한 호","21","YES","원주각의 성질(1); 한 호"
"260711_원의 성질(8).pdf","058","원주각의 성질(2); 반원","22","YES","원주각의 성질(2); 반원"
"260711_원의 성질(8).pdf","059","원주각의 성질(2); 반원","22","YES","원주각의 성질(2); 반원"
"260711_원의 성질(8).pdf","060","원주각의 성질(2); 반원","22","YES","원주각의 성질(2); 반원"
"260711_원의 성질(8).pdf","061","원주각의 성질(2); 반원","22","YES","원주각의 성질(2); 반원"
"260711_원의 성질(8).pdf","062","원주각의 성질(2); 반원","22","YES","원주각의 성질(2); 반원"
"260711_원의 성질(8).pdf","063","원주각의 성질(2); 반원","22","YES","원주각의 성질(2); 반원"
"260711_원의 성질(8).pdf","064","원주각과 삼각비의 값(2); 선분의 길이, 넓이","24","YES","원주각과 삼각비의 값(2); 선분의 길이, 넓이"
"260711_원의 성질(8).pdf","065","원주각과 삼각비의 값(2); 선분의 길이, 넓이","24","YES","원주각과 삼각비의 값(2); 선분의 길이, 넓이"
"260711_원의 성질(8).pdf","066","원주각과 삼각비의 값(2); 선분의 길이, 넓이","24","YES","원주각과 삼각비의 값(2); 선분의 길이, 넓이"
"260711_원의 성질(8).pdf","067","원주각과 삼각비의 값(2); 선분의 길이, 넓이","24","YES","원주각과 삼각비의 값(2); 선분의 길이, 넓이"
"260711_원의 성질(8).pdf","068","원주각과 삼각비의 값(2); 선분의 길이, 넓이","24","YES","원주각과 삼각비의 값(2); 선분의 길이, 넓이"
"260711_원의 성질(8).pdf","069","원주각의 크기와 호의 길이(1)","25","YES","원주각의 크기와 호의 길이(1)"
"260711_원의 성질(8).pdf","070","원주각의 크기와 호의 길이(1)","25","YES","원주각의 크기와 호의 길이(1)"
"260711_원의 성질(8).pdf","071","원주각의 크기와 호의 길이(1)","25","YES","원주각의 크기와 호의 길이(1)"
"260711_원의 성질(8).pdf","072","원주각의 크기와 호의 길이(1)","25","YES","원주각의 크기와 호의 길이(1)"
"260711_원의 성질(8).pdf","073","원주각의 크기와 호의 길이(2)","26","YES","원주각의 크기와 호의 길이(2)"
"260711_원의 성질(8).pdf","074","원주각의 크기와 호의 길이(2)","26","YES","원주각의 크기와 호의 길이(2)"
"260711_원의 성질(8).pdf","075","원주각의 크기와 호의 길이(2)","26","YES","원주각의 크기와 호의 길이(2)"
"260711_원의 성질(8).pdf","076","원주각의 크기와 호의 길이(2)","26","YES","원주각의 크기와 호의 길이(2)"
"260711_원의 성질(8).pdf","077","원주각의 크기와 호의 길이(2)","26","YES","원주각의 크기와 호의 길이(2)"
"260711_원의 성질(8).pdf","078","원주각의 크기와 호의 길이(2)","26","YES","원주각의 크기와 호의 길이(2)"
"260711_원의 성질(8).pdf","079","원주각의 크기와 호의 길이(3)","27","YES","원주각의 크기와 호의 길이(3)"
"260711_원의 성질(8).pdf","080","원주각의 크기와 호의 길이(3)","27","YES","원주각의 크기와 호의 길이(3)"
"260711_원의 성질(8).pdf","081","원주각의 크기와 호의 길이(3)","27","YES","원주각의 크기와 호의 길이(3)"
"260711_원의 성질(8).pdf","082","원주각의 크기와 호의 길이(3)","27","YES","원주각의 크기와 호의 길이(3)"
"260711_원의 성질(8).pdf","083","원주각의 크기와 호의 길이(3)","27","YES","원주각의 크기와 호의 길이(3)"
"260711_원의 성질(8).pdf","084","원주각의 크기와 호의 길이(3)","27","YES","원주각의 크기와 호의 길이(3)"
"260711_원의 성질(8).pdf","085","네 점이 한 원에 있기 위한 조건","28","YES","네 점이 한 원에 있기 위한 조건"
"260711_원의 성질(8).pdf","086","네 점이 한 원에 있기 위한 조건","28","YES","네 점이 한 원에 있기 위한 조건"
"260711_원의 성질(8).pdf","087","네 점이 한 원에 있기 위한 조건","28","YES","네 점이 한 원에 있기 위한 조건"
"260711_원의 성질(8).pdf","088","네 점이 한 원에 있기 위한 조건","28","YES","네 점이 한 원에 있기 위한 조건"
"260711_원의 성질(8).pdf","089","네 점이 한 원에 있기 위한 조건","28","YES","네 점이 한 원에 있기 위한 조건"
"260711_원의 성질(8).pdf","090","네 점이 한 원에 있기 위한 조건","28","YES","네 점이 한 원에 있기 위한 조건"
"260711_원의 성질(8).pdf","091","원에 내접하는 사각형의 성질(1)","29","YES","원에 내접하는 사각형의 성질(1)"
"260711_원의 성질(8).pdf","092","원에 내접하는 사각형의 성질(1)","29","YES","원에 내접하는 사각형의 성질(1)"
"260711_원의 성질(8).pdf","093","원에 내접하는 사각형의 성질(1)","29","YES","원에 내접하는 사각형의 성질(1)"
"260711_원의 성질(8).pdf","094","원에 내접하는 사각형의 성질(1)","29","YES","원에 내접하는 사각형의 성질(1)"
"260711_원의 성질(8).pdf","095","원에 내접하는 사각형의 성질(1)","29","YES","원에 내접하는 사각형의 성질(1)"
"260711_원의 성질(8).pdf","096","원에 내접하는 사각형의 성질(1)","29","YES","원에 내접하는 사각형의 성질(1)"
"260711_원의 성질(8).pdf","097","원에 내접하는 사각형의 성질(2)","30","YES","원에 내접하는 사각형의 성질(2)"
"260711_원의 성질(8).pdf","098","원에 내접하는 사각형의 성질(2)","30","YES","원에 내접하는 사각형의 성질(2)"
"260711_원의 성질(8).pdf","099","원에 내접하는 사각형의 성질(2)","30","YES","원에 내접하는 사각형의 성질(2)"
"260711_원의 성질(8).pdf","100","원에 내접하는 사각형의 성질(2)","30","YES","원에 내접하는 사각형의 성질(2)"
"260711_원의 성질(8).pdf","101","원에 내접하는 사각형의 성질(2)","30","YES","원에 내접하는 사각형의 성질(2)"
"260711_원의 성질(8).pdf","102","원에 내접하는 사각형의 성질(2)","30","YES","원에 내접하는 사각형의 성질(2)"
"260711_원의 성질(8).pdf","103","원에 내접하는 사각형과 외각의 성질","31","YES","원에 내접하는 사각형과 외각의 성질"
"260711_원의 성질(8).pdf","104","원에 내접하는 사각형과 외각의 성질","31","YES","원에 내접하는 사각형과 외각의 성질"
"260711_원의 성질(8).pdf","105","원에 내접하는 사각형과 외각의 성질","31","YES","원에 내접하는 사각형과 외각의 성질"
"260711_원의 성질(8).pdf","106","원에 내접하는 사각형과 외각의 성질","31","YES","원에 내접하는 사각형과 외각의 성질"
"260711_원의 성질(8).pdf","107","원에 내접하는 사각형과 외각의 성질","31","YES","원에 내접하는 사각형과 외각의 성질"
"260711_원의 성질(8).pdf","108","원에 내접하는 사각형과 외각의 성질","31","YES","원에 내접하는 사각형과 외각의 성질"
"260711_원의 성질(8).pdf","109","원에 내접하는 다각형","32","YES","원에 내접하는 다각형"
"260711_원의 성질(8).pdf","110","원에 내접하는 다각형","32","YES","원에 내접하는 다각형"
"260711_원의 성질(8).pdf","111","원에 내접하는 다각형","32","YES","원에 내접하는 다각형"
"260711_원의 성질(8).pdf","112","원에 내접하는 다각형","32","YES","원에 내접하는 다각형"
"260711_원의 성질(8).pdf","113","원에 내접하는 다각형","32","YES","원에 내접하는 다각형"
"260711_원의 성질(8).pdf","114","원에 내접하는 다각형","32","YES","원에 내접하는 다각형"
"260711_원의 성질(8).pdf","115","두 원에서 내접하는 사각형의 성질의 활용","33","YES","두 원에서 내접하는 사각형의 성질의 활용"
"260711_원의 성질(8).pdf","116","두 원에서 내접하는 사각형의 성질의 활용","33","YES","두 원에서 내접하는 사각형의 성질의 활용"
"260711_원의 성질(8).pdf","117","두 원에서 내접하는 사각형의 성질의 활용","33","YES","두 원에서 내접하는 사각형의 성질의 활용"
"260711_원의 성질(8).pdf","118","두 원에서 내접하는 사각형의 성질의 활용","33","YES","두 원에서 내접하는 사각형의 성질의 활용"
"260711_원의 성질(8).pdf","119","두 원에서 내접하는 사각형의 성질의 활용","33","YES","두 원에서 내접하는 사각형의 성질의 활용"
"260711_원의 성질(8).pdf","120","두 원에서 내접하는 사각형의 성질의 활용","33","YES","두 원에서 내접하는 사각형의 성질의 활용"
"260711_원의 성질(8).pdf","121","접선과 현이 이루는 각; 원주각","36","YES","접선과 현이 이루는 각; 원주각"
"260711_원의 성질(8).pdf","122","접선과 현이 이루는 각; 원주각","36","YES","접선과 현이 이루는 각; 원주각"
"260711_원의 성질(8).pdf","123","접선과 현이 이루는 각; 원주각","36","YES","접선과 현이 이루는 각; 원주각"
"260711_원의 성질(8).pdf","124","접선과 현이 이루는 각; 원주각","36","YES","접선과 현이 이루는 각; 원주각"
"260711_원의 성질(8).pdf","125","접선과 현이 이루는 각; 원주각","36","YES","접선과 현이 이루는 각; 원주각"
"260711_원의 성질(8).pdf","126","접선과 현이 이루는 각; 원주각","36","YES","접선과 현이 이루는 각; 원주각"
"260711_원의 성질(8).pdf","127","접선과 현이 이루는 각의 활용(1); 현이 중심을 지나지 않는 경우","38","YES","접선과 현이 이루는 각의 활용(1); 현이 중심을 지나지 않는 경우"
"260711_원의 성질(8).pdf","128","접선과 현이 이루는 각의 활용(1); 현이 중심을 지나지 않는 경우","38","YES","접선과 현이 이루는 각의 활용(1); 현이 중심을 지나지 않는 경우"
"260711_원의 성질(8).pdf","129","접선과 현이 이루는 각의 활용(1); 현이 중심을 지나지 않는 경우","38","YES","접선과 현이 이루는 각의 활용(1); 현이 중심을 지나지 않는 경우"
"260711_원의 성질(8).pdf","130","접선과 현이 이루는 각의 활용(1); 현이 중심을 지나지 않는 경우","38","YES","접선과 현이 이루는 각의 활용(1); 현이 중심을 지나지 않는 경우"
"260711_원의 성질(8).pdf","131","접선과 현이 이루는 각의 활용(1); 현이 중심을 지나지 않는 경우","38","YES","접선과 현이 이루는 각의 활용(1); 현이 중심을 지나지 않는 경우"
"260711_원의 성질(8).pdf","132","접선과 현이 이루는 각의 활용(1); 현이 중심을 지나지 않는 경우","38","YES","접선과 현이 이루는 각의 활용(1); 현이 중심을 지나지 않는 경우"
"260711_원의 성질(8).pdf","133","접선과 현이 이루는 각의 활용(2); 현이 중심을 지나는 경우","39","YES","접선과 현이 이루는 각의 활용(2); 현이 중심을 지나는 경우"
"260711_원의 성질(8).pdf","134","접선과 현이 이루는 각의 활용(2); 현이 중심을 지나는 경우","39","YES","접선과 현이 이루는 각의 활용(2); 현이 중심을 지나는 경우"
"260711_원의 성질(8).pdf","135","접선과 현이 이루는 각의 활용(2); 현이 중심을 지나는 경우","39","YES","접선과 현이 이루는 각의 활용(2); 현이 중심을 지나는 경우"
"260711_원의 성질(8).pdf","136","접선과 현이 이루는 각의 활용(2); 현이 중심을 지나는 경우","39","YES","접선과 현이 이루는 각의 활용(2); 현이 중심을 지나는 경우"
"260711_원의 성질(8).pdf","137","접선과 현이 이루는 각의 활용(2); 현이 중심을 지나는 경우","39","YES","접선과 현이 이루는 각의 활용(2); 현이 중심을 지나는 경우"
"260711_원의 성질(8).pdf","138","접선과 현이 이루는 각의 활용(2); 현이 중심을 지나는 경우","39","YES","접선과 현이 이루는 각의 활용(2); 현이 중심을 지나는 경우"
"260711_원의 성질(8).pdf","139","접선과 현이 이루는 각의 활용(3); 한 점에서 원에 그은 두 접선","40","YES","접선과 현이 이루는 각의 활용(3); 한 점에서 원에 그은 두 접선"
"260711_원의 성질(8).pdf","140","접선과 현이 이루는 각의 활용(3); 한 점에서 원에 그은 두 접선","40","YES","접선과 현이 이루는 각의 활용(3); 한 점에서 원에 그은 두 접선"
"260711_원의 성질(8).pdf","141","접선과 현이 이루는 각의 활용(3); 한 점에서 원에 그은 두 접선","40","YES","접선과 현이 이루는 각의 활용(3); 한 점에서 원에 그은 두 접선"
"260711_원의 성질(8).pdf","142","접선과 현이 이루는 각의 활용(3); 한 점에서 원에 그은 두 접선","40","YES","접선과 현이 이루는 각의 활용(3); 한 점에서 원에 그은 두 접선"
"260711_원의 성질(8).pdf","143","접선과 현이 이루는 각의 활용(3); 한 점에서 원에 그은 두 접선","40","YES","접선과 현이 이루는 각의 활용(3); 한 점에서 원에 그은 두 접선"
"260711_원의 성질(8).pdf","144","접선과 현이 이루는 각의 활용(3); 한 점에서 원에 그은 두 접선","40","YES","접선과 현이 이루는 각의 활용(3); 한 점에서 원에 그은 두 접선"
"260711_원의 성질(8).pdf","145","두 원에서 접선과 현이 이루는 각(1)","41","YES","두 원에서 접선과 현이 이루는 각(1)"
"260711_원의 성질(8).pdf","146","두 원에서 접선과 현이 이루는 각(1)","41","YES","두 원에서 접선과 현이 이루는 각(1)"
"260711_원의 성질(8).pdf","147","두 원에서 접선과 현이 이루는 각(1)","41","YES","두 원에서 접선과 현이 이루는 각(1)"
"260711_원의 성질(8).pdf","148","두 원에서 접선과 현이 이루는 각(1)","41","YES","두 원에서 접선과 현이 이루는 각(1)"
"260711_원의 성질(8).pdf","149","두 원에서 접선과 현이 이루는 각(2); 한 원이 다른 원의 내부에 있는 경우","42","YES","두 원에서 접선과 현이 이루는 각(2); 한 원이 다른 원의 내부에 있는 경우"
"260711_원의 성질(8).pdf","150","두 원에서 접선과 현이 이루는 각(2); 한 원이 다른 원의 내부에 있는 경우","42","YES","두 원에서 접선과 현이 이루는 각(2); 한 원이 다른 원의 내부에 있는 경우"
"260711_원의 성질(9).pdf","001","원의 중심과 현의 수직이등분선(1)","1","YES","원의 중심과 현의 수직이등분선(1)"
"260711_원의 성질(9).pdf","002","원의 중심과 현의 수직이등분선(1)","1","YES","원의 중심과 현의 수직이등분선(1)"
"260711_원의 성질(9).pdf","003","원의 중심과 현의 수직이등분선(1)","1","YES","원의 중심과 현의 수직이등분선(1)"
"260711_원의 성질(9).pdf","004","원의 중심과 현의 수직이등분선(1)","1","YES","원의 중심과 현의 수직이등분선(1)"
"260711_원의 성질(9).pdf","005","원의 중심과 현의 수직이등분선(1)","1","YES","원의 중심과 현의 수직이등분선(1)"
"260711_원의 성질(9).pdf","006","현의 길이(1); 중심에서 같은 거리의 두 현","5","YES","현의 길이(1); 중심에서 같은 거리의 두 현"
"260711_원의 성질(9).pdf","007","현의 길이(1); 중심에서 같은 거리의 두 현","5","YES","현의 길이(1); 중심에서 같은 거리의 두 현"
"260711_원의 성질(9).pdf","008","현의 길이(1); 중심에서 같은 거리의 두 현","5","YES","현의 길이(1); 중심에서 같은 거리의 두 현"
"260711_원의 성질(9).pdf","009","현의 길이(1); 중심에서 같은 거리의 두 현","5","YES","현의 길이(1); 중심에서 같은 거리의 두 현"
"260711_원의 성질(9).pdf","010","현의 길이(1); 중심에서 같은 거리의 두 현","5","YES","현의 길이(1); 중심에서 같은 거리의 두 현"
"260711_원의 성질(9).pdf","011","현의 길이(1); 중심에서 같은 거리의 두 현","5","YES","현의 길이(1); 중심에서 같은 거리의 두 현"
"260711_원의 성질(9).pdf","012","원의 접선의 성질(1)","8","YES","원의 접선의 성질(1)"
"260711_원의 성질(9).pdf","013","원의 접선의 성질(1)","8","YES","원의 접선의 성질(1)"
"260711_원의 성질(9).pdf","014","원의 접선의 성질(1)","8","YES","원의 접선의 성질(1)"
"260711_원의 성질(9).pdf","015","원의 접선의 성질(1)","8","YES","원의 접선의 성질(1)"
"260711_원의 성질(9).pdf","016","원의 접선의 성질(1)","8","YES","원의 접선의 성질(1)"
"260711_원의 성질(9).pdf","017","원의 접선의 성질(1)","8","YES","원의 접선의 성질(1)"
"260711_원의 성질(9).pdf","018","원의 접선의 성질(2); 길이","9","YES","원의 접선의 성질(2); 길이"
"260711_원의 성질(9).pdf","019","원의 접선의 성질(2); 길이","9","YES","원의 접선의 성질(2); 길이"
"260711_원의 성질(9).pdf","020","원의 접선의 성질(2); 길이","9","YES","원의 접선의 성질(2); 길이"
"260711_원의 성질(9).pdf","021","원의 접선의 성질(2); 길이","9","YES","원의 접선의 성질(2); 길이"
"260711_원의 성질(9).pdf","022","원의 접선의 성질(2); 길이","9","YES","원의 접선의 성질(2); 길이"
"260711_원의 성질(9).pdf","023","원의 접선의 성질(2); 길이","9","YES","원의 접선의 성질(2); 길이"
"260711_원의 성질(9).pdf","024","반원에서의 접선","","NO",""
"260711_원의 성질(9).pdf","025","반원에서의 접선","","NO",""
"260711_원의 성질(9).pdf","026","반원에서의 접선","","NO",""
"260711_원의 성질(9).pdf","027","반원에서의 접선","","NO",""
"260711_원의 성질(9).pdf","028","반원에서의 접선","","NO",""
"260711_원의 성질(9).pdf","029","반원에서의 접선","","NO",""
"260711_원의 성질(9).pdf","030","삼각형의 내접원","12","YES","삼각형의 내접원"
"260711_원의 성질(9).pdf","031","삼각형의 내접원","12","YES","삼각형의 내접원"
"260711_원의 성질(9).pdf","032","삼각형의 내접원","12","YES","삼각형의 내접원"
"260711_원의 성질(9).pdf","033","삼각형의 내접원","12","YES","삼각형의 내접원"
"260711_원의 성질(9).pdf","034","삼각형의 내접원","12","YES","삼각형의 내접원"
"260711_원의 성질(9).pdf","035","삼각형의 내접원","12","YES","삼각형의 내접원"
"260711_원의 성질(9).pdf","036","직각삼각형의 내접원","13","YES","직각삼각형의 내접원"
"260711_원의 성질(9).pdf","037","직각삼각형의 내접원","13","YES","직각삼각형의 내접원"
"260711_원의 성질(9).pdf","038","직각삼각형의 내접원","13","YES","직각삼각형의 내접원"
"260711_원의 성질(9).pdf","039","직각삼각형의 내접원","13","YES","직각삼각형의 내접원"
"260711_원의 성질(9).pdf","040","직각삼각형의 내접원","13","YES","직각삼각형의 내접원"
"260711_원의 성질(9).pdf","041","직각삼각형의 내접원","13","YES","직각삼각형의 내접원"
"260711_원의 성질(9).pdf","042","원에 외접하는 사각형의 성질의 활용(1); 직사각형","16","YES","원에 외접하는 사각형의 성질의 활용(1); 직사각형"
"260711_원의 성질(9).pdf","043","원에 외접하는 사각형의 성질의 활용(1); 직사각형","16","YES","원에 외접하는 사각형의 성질의 활용(1); 직사각형"
"260711_원의 성질(9).pdf","044","원에 외접하는 사각형의 성질의 활용(1); 직사각형","16","YES","원에 외접하는 사각형의 성질의 활용(1); 직사각형"
"260711_원의 성질(9).pdf","045","원에 외접하는 사각형의 성질의 활용(1); 직사각형","16","YES","원에 외접하는 사각형의 성질의 활용(1); 직사각형"
"260711_원의 성질(9).pdf","046","원에 외접하는 사각형의 성질의 활용(1); 직사각형","16","YES","원에 외접하는 사각형의 성질의 활용(1); 직사각형"
"260711_원의 성질(9).pdf","047","원에 외접하는 사각형의 성질의 활용(1); 직사각형","16","YES","원에 외접하는 사각형의 성질의 활용(1); 직사각형"
"260711_원의 성질(9).pdf","048","원에 외접하는 사각형의 성질의 활용(2); 그 외","17","YES","원에 외접하는 사각형의 성질의 활용(2); 그 외"
"260711_원의 성질(9).pdf","049","원에 외접하는 사각형의 성질의 활용(2); 그 외","17","YES","원에 외접하는 사각형의 성질의 활용(2); 그 외"
"260711_원의 성질(9).pdf","050","원에 외접하는 사각형의 성질의 활용(2); 그 외","17","YES","원에 외접하는 사각형의 성질의 활용(2); 그 외"
"260711_원의 성질(9).pdf","051","원에 외접하는 사각형의 성질의 활용(2); 그 외","17","YES","원에 외접하는 사각형의 성질의 활용(2); 그 외"
"260711_원의 성질(9).pdf","052","원에 외접하는 사각형의 성질의 활용(2); 그 외","17","YES","원에 외접하는 사각형의 성질의 활용(2); 그 외"
"260711_원의 성질(9).pdf","053","원주각과 중심각의 크기(1)","18","YES","원주각과 중심각의 크기(1)"
"260711_원의 성질(9).pdf","054","원주각과 중심각의 크기(1)","18","YES","원주각과 중심각의 크기(1)"
"260711_원의 성질(9).pdf","055","원주각과 중심각의 크기(1)","18","YES","원주각과 중심각의 크기(1)"
"260711_원의 성질(9).pdf","056","원주각과 중심각의 크기(1)","18","YES","원주각과 중심각의 크기(1)"
"260711_원의 성질(9).pdf","057","원주각과 중심각의 크기(1)","18","YES","원주각과 중심각의 크기(1)"
"260711_원의 성질(9).pdf","058","원주각과 중심각의 크기(1)","18","YES","원주각과 중심각의 크기(1)"
"260711_원의 성질(9).pdf","059","원주각의 성질(1); 한 호","21","YES","원주각의 성질(1); 한 호"
"260711_원의 성질(9).pdf","060","원주각의 성질(1); 한 호","21","YES","원주각의 성질(1); 한 호"
"260711_원의 성질(9).pdf","061","원주각의 성질(1); 한 호","21","YES","원주각의 성질(1); 한 호"
"260711_원의 성질(9).pdf","062","원주각의 성질(1); 한 호","21","YES","원주각의 성질(1); 한 호"
"260711_원의 성질(9).pdf","063","원주각의 성질(1); 한 호","21","YES","원주각의 성질(1); 한 호"
"260711_원의 성질(9).pdf","064","원주각의 성질(1); 한 호","21","YES","원주각의 성질(1); 한 호"
"260711_원의 성질(9).pdf","065","원주각의 성질(2); 반원","22","YES","원주각의 성질(2); 반원"
"260711_원의 성질(9).pdf","066","원주각의 성질(2); 반원","22","YES","원주각의 성질(2); 반원"
"260711_원의 성질(9).pdf","067","원주각의 성질(2); 반원","22","YES","원주각의 성질(2); 반원"
"260711_원의 성질(9).pdf","068","원주각의 성질(2); 반원","22","YES","원주각의 성질(2); 반원"
"260711_원의 성질(9).pdf","069","원주각의 성질(2); 반원","22","YES","원주각의 성질(2); 반원"
"260711_원의 성질(9).pdf","070","원주각의 성질(2); 반원","22","YES","원주각의 성질(2); 반원"
"260711_원의 성질(9).pdf","071","원주각과 삼각비의 값(2); 선분의 길이, 넓이","24","YES","원주각과 삼각비의 값(2); 선분의 길이, 넓이"
"260711_원의 성질(9).pdf","072","원주각과 삼각비의 값(2); 선분의 길이, 넓이","24","YES","원주각과 삼각비의 값(2); 선분의 길이, 넓이"
"260711_원의 성질(9).pdf","073","원주각과 삼각비의 값(2); 선분의 길이, 넓이","24","YES","원주각과 삼각비의 값(2); 선분의 길이, 넓이"
"260711_원의 성질(9).pdf","074","원주각과 삼각비의 값(2); 선분의 길이, 넓이","24","YES","원주각과 삼각비의 값(2); 선분의 길이, 넓이"
"260711_원의 성질(9).pdf","075","원주각과 삼각비의 값(2); 선분의 길이, 넓이","24","YES","원주각과 삼각비의 값(2); 선분의 길이, 넓이"
"260711_원의 성질(9).pdf","076","원주각과 삼각비의 값(2); 선분의 길이, 넓이","24","YES","원주각과 삼각비의 값(2); 선분의 길이, 넓이"
"260711_원의 성질(9).pdf","077","원주각의 크기와 호의 길이(1)","25","YES","원주각의 크기와 호의 길이(1)"
"260711_원의 성질(9).pdf","078","원주각의 크기와 호의 길이(1)","25","YES","원주각의 크기와 호의 길이(1)"
"260711_원의 성질(9).pdf","079","원주각의 크기와 호의 길이(1)","25","YES","원주각의 크기와 호의 길이(1)"
"260711_원의 성질(9).pdf","080","원주각의 크기와 호의 길이(1)","25","YES","원주각의 크기와 호의 길이(1)"
"260711_원의 성질(9).pdf","081","원주각의 크기와 호의 길이(1)","25","YES","원주각의 크기와 호의 길이(1)"
"260711_원의 성질(9).pdf","082","원주각의 크기와 호의 길이(2)","26","YES","원주각의 크기와 호의 길이(2)"
"260711_원의 성질(9).pdf","083","원주각의 크기와 호의 길이(2)","26","YES","원주각의 크기와 호의 길이(2)"
"260711_원의 성질(9).pdf","084","원주각의 크기와 호의 길이(2)","26","YES","원주각의 크기와 호의 길이(2)"
"260711_원의 성질(9).pdf","085","원주각의 크기와 호의 길이(2)","26","YES","원주각의 크기와 호의 길이(2)"
"260711_원의 성질(9).pdf","086","원주각의 크기와 호의 길이(2)","26","YES","원주각의 크기와 호의 길이(2)"
"260711_원의 성질(9).pdf","087","원주각의 크기와 호의 길이(2)","26","YES","원주각의 크기와 호의 길이(2)"
"260711_원의 성질(9).pdf","088","원주각의 크기와 호의 길이(3)","27","YES","원주각의 크기와 호의 길이(3)"
"260711_원의 성질(9).pdf","089","원주각의 크기와 호의 길이(3)","27","YES","원주각의 크기와 호의 길이(3)"
"260711_원의 성질(9).pdf","090","원주각의 크기와 호의 길이(3)","27","YES","원주각의 크기와 호의 길이(3)"
"260711_원의 성질(9).pdf","091","원주각의 크기와 호의 길이(3)","27","YES","원주각의 크기와 호의 길이(3)"
"260711_원의 성질(9).pdf","092","원주각의 크기와 호의 길이(3)","27","YES","원주각의 크기와 호의 길이(3)"
"260711_원의 성질(9).pdf","093","원주각의 크기와 호의 길이(3)","27","YES","원주각의 크기와 호의 길이(3)"
"260711_원의 성질(9).pdf","094","네 점이 한 원에 있기 위한 조건","28","YES","네 점이 한 원에 있기 위한 조건"
"260711_원의 성질(9).pdf","095","네 점이 한 원에 있기 위한 조건","28","YES","네 점이 한 원에 있기 위한 조건"
"260711_원의 성질(9).pdf","096","네 점이 한 원에 있기 위한 조건","28","YES","네 점이 한 원에 있기 위한 조건"
"260711_원의 성질(9).pdf","097","네 점이 한 원에 있기 위한 조건","28","YES","네 점이 한 원에 있기 위한 조건"
"260711_원의 성질(9).pdf","098","네 점이 한 원에 있기 위한 조건","28","YES","네 점이 한 원에 있기 위한 조건"
"260711_원의 성질(9).pdf","099","네 점이 한 원에 있기 위한 조건","28","YES","네 점이 한 원에 있기 위한 조건"
"260711_원의 성질(9).pdf","100","원에 내접하는 사각형의 성질(1)","29","YES","원에 내접하는 사각형의 성질(1)"
"260711_원의 성질(9).pdf","101","원에 내접하는 사각형의 성질(1)","29","YES","원에 내접하는 사각형의 성질(1)"
"260711_원의 성질(9).pdf","102","원에 내접하는 사각형의 성질(1)","29","YES","원에 내접하는 사각형의 성질(1)"
"260711_원의 성질(9).pdf","103","원에 내접하는 사각형의 성질(1)","29","YES","원에 내접하는 사각형의 성질(1)"
"260711_원의 성질(9).pdf","104","원에 내접하는 사각형의 성질(1)","29","YES","원에 내접하는 사각형의 성질(1)"
"260711_원의 성질(9).pdf","105","원에 내접하는 사각형의 성질(1)","29","YES","원에 내접하는 사각형의 성질(1)"
"260711_원의 성질(9).pdf","106","원에 내접하는 사각형의 성질(2)","30","YES","원에 내접하는 사각형의 성질(2)"
"260711_원의 성질(9).pdf","107","원에 내접하는 사각형의 성질(2)","30","YES","원에 내접하는 사각형의 성질(2)"
"260711_원의 성질(9).pdf","108","원에 내접하는 사각형의 성질(2)","30","YES","원에 내접하는 사각형의 성질(2)"
"260711_원의 성질(9).pdf","109","원에 내접하는 사각형의 성질(2)","30","YES","원에 내접하는 사각형의 성질(2)"
"260711_원의 성질(9).pdf","110","원에 내접하는 사각형의 성질(2)","30","YES","원에 내접하는 사각형의 성질(2)"
"260711_원의 성질(9).pdf","111","원에 내접하는 사각형의 성질(2)","30","YES","원에 내접하는 사각형의 성질(2)"
"260711_원의 성질(9).pdf","112","원에 내접하는 사각형과 외각의 성질","31","YES","원에 내접하는 사각형과 외각의 성질"
"260711_원의 성질(9).pdf","113","원에 내접하는 사각형과 외각의 성질","31","YES","원에 내접하는 사각형과 외각의 성질"
"260711_원의 성질(9).pdf","114","원에 내접하는 사각형과 외각의 성질","31","YES","원에 내접하는 사각형과 외각의 성질"
"260711_원의 성질(9).pdf","115","원에 내접하는 다각형","32","YES","원에 내접하는 다각형"
"260711_원의 성질(9).pdf","116","원에 내접하는 다각형","32","YES","원에 내접하는 다각형"
"260711_원의 성질(9).pdf","117","원에 내접하는 다각형","32","YES","원에 내접하는 다각형"
"260711_원의 성질(9).pdf","118","원에 내접하는 다각형","32","YES","원에 내접하는 다각형"
"260711_원의 성질(9).pdf","119","원에 내접하는 다각형","32","YES","원에 내접하는 다각형"
"260711_원의 성질(9).pdf","120","원에 내접하는 다각형","32","YES","원에 내접하는 다각형"
"260711_원의 성질(9).pdf","121","두 원에서 내접하는 사각형의 성질의 활용","33","YES","두 원에서 내접하는 사각형의 성질의 활용"
"260711_원의 성질(9).pdf","122","두 원에서 내접하는 사각형의 성질의 활용","33","YES","두 원에서 내접하는 사각형의 성질의 활용"
"260711_원의 성질(9).pdf","123","두 원에서 내접하는 사각형의 성질의 활용","33","YES","두 원에서 내접하는 사각형의 성질의 활용"
"260711_원의 성질(9).pdf","124","두 원에서 내접하는 사각형의 성질의 활용","33","YES","두 원에서 내접하는 사각형의 성질의 활용"
"260711_원의 성질(9).pdf","125","두 원에서 내접하는 사각형의 성질의 활용","33","YES","두 원에서 내접하는 사각형의 성질의 활용"
"260711_원의 성질(9).pdf","126","두 원에서 내접하는 사각형의 성질의 활용","33","YES","두 원에서 내접하는 사각형의 성질의 활용"
"260711_원의 성질(9).pdf","127","접선과 현이 이루는 각; 원주각","36","YES","접선과 현이 이루는 각; 원주각"
"260711_원의 성질(9).pdf","128","접선과 현이 이루는 각; 원주각","36","YES","접선과 현이 이루는 각; 원주각"
"260711_원의 성질(9).pdf","129","접선과 현이 이루는 각; 원주각","36","YES","접선과 현이 이루는 각; 원주각"
"260711_원의 성질(9).pdf","130","접선과 현이 이루는 각; 원주각","36","YES","접선과 현이 이루는 각; 원주각"
"260711_원의 성질(9).pdf","131","접선과 현이 이루는 각; 원주각","36","YES","접선과 현이 이루는 각; 원주각"
"260711_원의 성질(9).pdf","132","접선과 현이 이루는 각; 원주각","36","YES","접선과 현이 이루는 각; 원주각"
"260711_원의 성질(9).pdf","133","접선과 현이 이루는 각의 활용(1); 현이 중심을 지나지 않는 경우","38","YES","접선과 현이 이루는 각의 활용(1); 현이 중심을 지나지 않는 경우"
"260711_원의 성질(9).pdf","134","접선과 현이 이루는 각의 활용(1); 현이 중심을 지나지 않는 경우","38","YES","접선과 현이 이루는 각의 활용(1); 현이 중심을 지나지 않는 경우"
"260711_원의 성질(9).pdf","135","접선과 현이 이루는 각의 활용(1); 현이 중심을 지나지 않는 경우","38","YES","접선과 현이 이루는 각의 활용(1); 현이 중심을 지나지 않는 경우"
"260711_원의 성질(9).pdf","136","접선과 현이 이루는 각의 활용(1); 현이 중심을 지나지 않는 경우","38","YES","접선과 현이 이루는 각의 활용(1); 현이 중심을 지나지 않는 경우"
"260711_원의 성질(9).pdf","137","접선과 현이 이루는 각의 활용(1); 현이 중심을 지나지 않는 경우","38","YES","접선과 현이 이루는 각의 활용(1); 현이 중심을 지나지 않는 경우"
"260711_원의 성질(9).pdf","138","접선과 현이 이루는 각의 활용(1); 현이 중심을 지나지 않는 경우","38","YES","접선과 현이 이루는 각의 활용(1); 현이 중심을 지나지 않는 경우"
"260711_원의 성질(9).pdf","139","접선과 현이 이루는 각의 활용(2); 현이 중심을 지나는 경우","39","YES","접선과 현이 이루는 각의 활용(2); 현이 중심을 지나는 경우"
"260711_원의 성질(9).pdf","140","접선과 현이 이루는 각의 활용(2); 현이 중심을 지나는 경우","39","YES","접선과 현이 이루는 각의 활용(2); 현이 중심을 지나는 경우"
"260711_원의 성질(9).pdf","141","접선과 현이 이루는 각의 활용(2); 현이 중심을 지나는 경우","39","YES","접선과 현이 이루는 각의 활용(2); 현이 중심을 지나는 경우"
"260711_원의 성질(9).pdf","142","접선과 현이 이루는 각의 활용(2); 현이 중심을 지나는 경우","39","YES","접선과 현이 이루는 각의 활용(2); 현이 중심을 지나는 경우"
"260711_원의 성질(9).pdf","143","접선과 현이 이루는 각의 활용(2); 현이 중심을 지나는 경우","39","YES","접선과 현이 이루는 각의 활용(2); 현이 중심을 지나는 경우"
"260711_원의 성질(9).pdf","144","접선과 현이 이루는 각의 활용(2); 현이 중심을 지나는 경우","39","YES","접선과 현이 이루는 각의 활용(2); 현이 중심을 지나는 경우"
"260711_원의 성질(9).pdf","145","접선과 현이 이루는 각의 활용(3); 한 점에서 원에 그은 두 접선","40","YES","접선과 현이 이루는 각의 활용(3); 한 점에서 원에 그은 두 접선"
"260711_원의 성질(9).pdf","146","접선과 현이 이루는 각의 활용(3); 한 점에서 원에 그은 두 접선","40","YES","접선과 현이 이루는 각의 활용(3); 한 점에서 원에 그은 두 접선"
"260711_원의 성질(9).pdf","147","접선과 현이 이루는 각의 활용(3); 한 점에서 원에 그은 두 접선","40","YES","접선과 현이 이루는 각의 활용(3); 한 점에서 원에 그은 두 접선"
"260711_원의 성질(9).pdf","148","접선과 현이 이루는 각의 활용(3); 한 점에서 원에 그은 두 접선","40","YES","접선과 현이 이루는 각의 활용(3); 한 점에서 원에 그은 두 접선"
"260711_원의 성질(9).pdf","149","접선과 현이 이루는 각의 활용(3); 한 점에서 원에 그은 두 접선","40","YES","접선과 현이 이루는 각의 활용(3); 한 점에서 원에 그은 두 접선"
"260711_원의 성질(9).pdf","150","접선과 현이 이루는 각의 활용(3); 한 점에서 원에 그은 두 접선","40","YES","접선과 현이 이루는 각의 활용(3); 한 점에서 원에 그은 두 접선"
"260711_원의 성질.pdf","001","원의 중심과 현의 수직이등분선(1)","1","YES","원의 중심과 현의 수직이등분선(1)"
"260711_원의 성질.pdf","002","원의 중심과 현의 수직이등분선(1)","1","YES","원의 중심과 현의 수직이등분선(1)"
"260711_원의 성질.pdf","003","원의 중심과 현의 수직이등분선(1)","1","YES","원의 중심과 현의 수직이등분선(1)"
"260711_원의 성질.pdf","004","원의 중심과 현의 수직이등분선(1)","1","YES","원의 중심과 현의 수직이등분선(1)"
"260711_원의 성질.pdf","005","원의 중심과 현의 수직이등분선(2)","","NO",""
"260711_원의 성질.pdf","006","원의 중심과 현의 수직이등분선(2)","","NO",""
"260711_원의 성질.pdf","007","원의 중심과 현의 수직이등분선(2)","","NO",""
"260711_원의 성질.pdf","008","원의 중심과 현의 수직이등분선(2)","","NO",""
"260711_원의 성질.pdf","009","원의 중심과 현의 수직이등분선(3); 활꼴","","NO",""
"260711_원의 성질.pdf","010","원의 중심과 현의 수직이등분선(3); 활꼴","","NO",""
"260711_원의 성질.pdf","011","원의 중심과 현의 수직이등분선(3); 활꼴","","NO",""
"260711_원의 성질.pdf","012","원의 중심과 현의 수직이등분선(3); 활꼴","","NO",""
"260711_원의 성질.pdf","013","원의 중심과 현의 수직이등분선(4); 원을 접은 경우","","NO",""
"260711_원의 성질.pdf","014","원의 중심과 현의 수직이등분선(4); 원을 접은 경우","","NO",""
"260711_원의 성질.pdf","015","원의 중심과 현의 수직이등분선(4); 원을 접은 경우","","NO",""
"260711_원의 성질.pdf","016","현의 길이(1); 중심에서 같은 거리의 두 현","5","YES","현의 길이(1); 중심에서 같은 거리의 두 현"
"260711_원의 성질.pdf","017","현의 길이(1); 중심에서 같은 거리의 두 현","5","YES","현의 길이(1); 중심에서 같은 거리의 두 현"
"260711_원의 성질.pdf","018","현의 길이(2); 내접하는 이등변삼각형","","NO",""
"260711_원의 성질.pdf","019","현의 길이(2); 내접하는 이등변삼각형","","NO",""
"260711_원의 성질.pdf","020","현의 길이(2); 내접하는 이등변삼각형","","NO",""
"260711_원의 성질.pdf","021","원의 접선과 반지름","7","YES","원의 접선과 반지름"
"260711_원의 성질.pdf","022","원의 접선과 반지름","7","YES","원의 접선과 반지름"
"260711_원의 성질.pdf","023","원의 접선과 반지름","7","YES","원의 접선과 반지름"
"260711_원의 성질.pdf","024","원의 접선의 성질(1)","8","YES","원의 접선의 성질(1)"
"260711_원의 성질.pdf","025","원의 접선의 성질(1)","8","YES","원의 접선의 성질(1)"
"260711_원의 성질.pdf","026","원의 접선의 성질(1)","8","YES","원의 접선의 성질(1)"
"260711_원의 성질.pdf","027","원의 접선의 성질(1)","8","YES","원의 접선의 성질(1)"
"260711_원의 성질.pdf","028","원의 접선의 성질(2); 길이","9","YES","원의 접선의 성질(2); 길이"
"260711_원의 성질.pdf","029","원의 접선의 성질(2); 길이","9","YES","원의 접선의 성질(2); 길이"
"260711_원의 성질.pdf","030","원의 접선의 성질(2); 길이","9","YES","원의 접선의 성질(2); 길이"
"260711_원의 성질.pdf","031","원의 접선의 성질(2); 길이","9","YES","원의 접선의 성질(2); 길이"
"260711_원의 성질.pdf","032","원의 접선의 성질(3); 넓이","","NO",""
"260711_원의 성질.pdf","033","원의 접선의 성질(3); 넓이","","NO",""
"260711_원의 성질.pdf","034","원의 접선의 성질(3); 넓이","","NO",""
"260711_원의 성질.pdf","035","원의 접선의 성질(3); 넓이","","NO",""
"260711_원의 성질.pdf","036","원의 접선의 성질의 활용","11","YES","원의 접선의 성질의 활용"
"260711_원의 성질.pdf","037","원의 접선의 성질의 활용","11","YES","원의 접선의 성질의 활용"
"260711_원의 성질.pdf","038","반원에서의 접선","","NO",""
"260711_원의 성질.pdf","039","반원에서의 접선","","NO",""
"260711_원의 성질.pdf","040","반원에서의 접선","","NO",""
"260711_원의 성질.pdf","041","원의 접선과 반지름; 동심원","","NO",""
"260711_원의 성질.pdf","042","원의 접선과 반지름; 동심원","","NO",""
"260711_원의 성질.pdf","043","원의 접선과 반지름; 동심원","","NO",""
"260711_원의 성질.pdf","044","삼각형의 내접원","12","YES","삼각형의 내접원"
"260711_원의 성질.pdf","045","삼각형의 내접원","12","YES","삼각형의 내접원"
"260711_원의 성질.pdf","046","삼각형의 내접원","12","YES","삼각형의 내접원"
"260711_원의 성질.pdf","047","직각삼각형의 내접원","13","YES","직각삼각형의 내접원"
"260711_원의 성질.pdf","048","직각삼각형의 내접원","13","YES","직각삼각형의 내접원"
"260711_원의 성질.pdf","049","직각삼각형의 내접원","13","YES","직각삼각형의 내접원"
"260711_원의 성질.pdf","050","원에 외접하는 사각형의 성질(1)","","NO",""
"260711_원의 성질.pdf","051","원에 외접하는 사각형의 성질(1)","","NO",""
"260711_원의 성질.pdf","052","원에 외접하는 사각형의 성질(1)","","NO",""
"260711_원의 성질.pdf","053","원에 외접하는 사각형의 성질(1)","","NO",""
"260711_원의 성질.pdf","054","원에 외접하는 사각형의 성질(2); 한 내각이 90˚인 경우","15","YES","원에 외접하는 사각형의 성질(2); 한 내각이 90˚인 경우"
"260711_원의 성질.pdf","055","원에 외접하는 사각형의 성질(2); 한 내각이 90˚인 경우","15","YES","원에 외접하는 사각형의 성질(2); 한 내각이 90˚인 경우"
"260711_원의 성질.pdf","056","원에 외접하는 사각형의 성질(2); 한 내각이 90˚인 경우","15","YES","원에 외접하는 사각형의 성질(2); 한 내각이 90˚인 경우"
"260711_원의 성질.pdf","057","원에 외접하는 사각형의 성질(2); 한 내각이 90˚인 경우","15","YES","원에 외접하는 사각형의 성질(2); 한 내각이 90˚인 경우"
"260711_원의 성질.pdf","058","원에 외접하는 사각형의 성질의 활용(1); 직사각형","16","YES","원에 외접하는 사각형의 성질의 활용(1); 직사각형"
"260711_원의 성질.pdf","059","원에 외접하는 사각형의 성질의 활용(1); 직사각형","16","YES","원에 외접하는 사각형의 성질의 활용(1); 직사각형"
"260711_원의 성질.pdf","060","원에 외접하는 사각형의 성질의 활용(1); 직사각형","16","YES","원에 외접하는 사각형의 성질의 활용(1); 직사각형"
"260711_원의 성질.pdf","061","원에 외접하는 사각형의 성질의 활용(2); 그 외","17","YES","원에 외접하는 사각형의 성질의 활용(2); 그 외"
"260711_원의 성질.pdf","062","원에 외접하는 사각형의 성질의 활용(2); 그 외","17","YES","원에 외접하는 사각형의 성질의 활용(2); 그 외"
"260711_원의 성질.pdf","063","원에 외접하는 사각형의 성질의 활용(2); 그 외","17","YES","원에 외접하는 사각형의 성질의 활용(2); 그 외"
"260711_원의 성질.pdf","064","원주각과 중심각의 크기(1)","18","YES","원주각과 중심각의 크기(1)"
"260711_원의 성질.pdf","065","원주각과 중심각의 크기(1)","18","YES","원주각과 중심각의 크기(1)"
"260711_원의 성질.pdf","066","원주각과 중심각의 크기(1)","18","YES","원주각과 중심각의 크기(1)"
"260711_원의 성질.pdf","067","원주각과 중심각의 크기(2)","","NO",""
"260711_원의 성질.pdf","068","원주각과 중심각의 크기(2)","","NO",""
"260711_원의 성질.pdf","069","원주각과 중심각의 크기(2)","","NO",""
"260711_원의 성질.pdf","070","원주각과 중심각의 크기(2)","","NO",""
"260711_원의 성질.pdf","071","원주각과 중심각의 크기(3)","","NO",""
"260711_원의 성질.pdf","072","원주각과 중심각의 크기(3)","","NO",""
"260711_원의 성질.pdf","073","원주각과 중심각의 크기(3)","","NO",""
"260711_원의 성질.pdf","074","원주각과 중심각의 크기(3)","","NO",""
"260711_원의 성질.pdf","075","원주각의 성질(1); 한 호","21","YES","원주각의 성질(1); 한 호"
"260711_원의 성질.pdf","076","원주각의 성질(1); 한 호","21","YES","원주각의 성질(1); 한 호"
"260711_원의 성질.pdf","077","원주각의 성질(2); 반원","22","YES","원주각의 성질(2); 반원"
"260711_원의 성질.pdf","078","원주각의 성질(2); 반원","22","YES","원주각의 성질(2); 반원"
"260711_원의 성질.pdf","079","원주각의 성질(2); 반원","22","YES","원주각의 성질(2); 반원"
"260711_원의 성질.pdf","080","원주각과 삼각비의 값(1)","23","YES","원주각과 삼각비의 값(1)"
"260711_원의 성질.pdf","081","원주각과 삼각비의 값(1)","23","YES","원주각과 삼각비의 값(1)"
"260711_원의 성질.pdf","082","원주각과 삼각비의 값(1)","23","YES","원주각과 삼각비의 값(1)"
"260711_원의 성질.pdf","083","원주각과 삼각비의 값(2); 선분의 길이, 넓이","24","YES","원주각과 삼각비의 값(2); 선분의 길이, 넓이"
"260711_원의 성질.pdf","084","원주각과 삼각비의 값(2); 선분의 길이, 넓이","24","YES","원주각과 삼각비의 값(2); 선분의 길이, 넓이"
"260711_원의 성질.pdf","085","원주각과 삼각비의 값(2); 선분의 길이, 넓이","24","YES","원주각과 삼각비의 값(2); 선분의 길이, 넓이"
"260711_원의 성질.pdf","086","원주각과 삼각비의 값(2); 선분의 길이, 넓이","24","YES","원주각과 삼각비의 값(2); 선분의 길이, 넓이"
"260711_원의 성질.pdf","087","원주각의 크기와 호의 길이(1)","25","YES","원주각의 크기와 호의 길이(1)"
"260711_원의 성질.pdf","088","원주각의 크기와 호의 길이(1)","25","YES","원주각의 크기와 호의 길이(1)"
"260711_원의 성질.pdf","089","원주각의 크기와 호의 길이(1)","25","YES","원주각의 크기와 호의 길이(1)"
"260711_원의 성질.pdf","090","원주각의 크기와 호의 길이(2)","26","YES","원주각의 크기와 호의 길이(2)"
"260711_원의 성질.pdf","091","원주각의 크기와 호의 길이(2)","26","YES","원주각의 크기와 호의 길이(2)"
"260711_원의 성질.pdf","092","원주각의 크기와 호의 길이(2)","26","YES","원주각의 크기와 호의 길이(2)"
"260711_원의 성질.pdf","093","원주각의 크기와 호의 길이(2)","26","YES","원주각의 크기와 호의 길이(2)"
"260711_원의 성질.pdf","094","원주각의 크기와 호의 길이(3)","27","YES","원주각의 크기와 호의 길이(3)"
"260711_원의 성질.pdf","095","원주각의 크기와 호의 길이(3)","27","YES","원주각의 크기와 호의 길이(3)"
"260711_원의 성질.pdf","096","원주각의 크기와 호의 길이(3)","27","YES","원주각의 크기와 호의 길이(3)"
"260711_원의 성질.pdf","097","네 점이 한 원에 있기 위한 조건","28","YES","네 점이 한 원에 있기 위한 조건"
"260711_원의 성질.pdf","098","네 점이 한 원에 있기 위한 조건","28","YES","네 점이 한 원에 있기 위한 조건"
"260711_원의 성질.pdf","099","네 점이 한 원에 있기 위한 조건","28","YES","네 점이 한 원에 있기 위한 조건"
"260711_원의 성질.pdf","100","네 점이 한 원에 있기 위한 조건","28","YES","네 점이 한 원에 있기 위한 조건"
"260711_원의 성질.pdf","101","원에 내접하는 사각형의 성질(1)","29","YES","원에 내접하는 사각형의 성질(1)"
"260711_원의 성질.pdf","102","원에 내접하는 사각형의 성질(1)","29","YES","원에 내접하는 사각형의 성질(1)"
"260711_원의 성질.pdf","103","원에 내접하는 사각형의 성질(1)","29","YES","원에 내접하는 사각형의 성질(1)"
"260711_원의 성질.pdf","104","원에 내접하는 사각형의 성질(1)","29","YES","원에 내접하는 사각형의 성질(1)"
"260711_원의 성질.pdf","105","원에 내접하는 사각형의 성질(2)","30","YES","원에 내접하는 사각형의 성질(2)"
"260711_원의 성질.pdf","106","원에 내접하는 사각형의 성질(2)","30","YES","원에 내접하는 사각형의 성질(2)"
"260711_원의 성질.pdf","107","원에 내접하는 사각형의 성질(2)","30","YES","원에 내접하는 사각형의 성질(2)"
"260711_원의 성질.pdf","108","원에 내접하는 사각형의 성질(2)","30","YES","원에 내접하는 사각형의 성질(2)"
"260711_원의 성질.pdf","109","원에 내접하는 사각형과 외각의 성질","31","YES","원에 내접하는 사각형과 외각의 성질"
"260711_원의 성질.pdf","110","원에 내접하는 사각형과 외각의 성질","31","YES","원에 내접하는 사각형과 외각의 성질"
"260711_원의 성질.pdf","111","원에 내접하는 사각형과 외각의 성질","31","YES","원에 내접하는 사각형과 외각의 성질"
"260711_원의 성질.pdf","112","원에 내접하는 사각형과 외각의 성질","31","YES","원에 내접하는 사각형과 외각의 성질"
"260711_원의 성질.pdf","113","원에 내접하는 다각형","32","YES","원에 내접하는 다각형"
"260711_원의 성질.pdf","114","원에 내접하는 다각형","32","YES","원에 내접하는 다각형"
"260711_원의 성질.pdf","115","원에 내접하는 다각형","32","YES","원에 내접하는 다각형"
"260711_원의 성질.pdf","116","두 원에서 내접하는 사각형의 성질의 활용","33","YES","두 원에서 내접하는 사각형의 성질의 활용"
"260711_원의 성질.pdf","117","두 원에서 내접하는 사각형의 성질의 활용","33","YES","두 원에서 내접하는 사각형의 성질의 활용"
"260711_원의 성질.pdf","118","두 원에서 내접하는 사각형의 성질의 활용","33","YES","두 원에서 내접하는 사각형의 성질의 활용"
"260711_원의 성질.pdf","119","두 원에서 내접하는 사각형의 성질의 활용","33","YES","두 원에서 내접하는 사각형의 성질의 활용"
"260711_원의 성질.pdf","120","원에 내접하는 사각형","","NO",""
"260711_원의 성질.pdf","121","원에 내접하는 사각형","","NO",""
"260711_원의 성질.pdf","122","원에 내접하는 사각형","","NO",""
"260711_원의 성질.pdf","123","사각형이 원에 내접하기 위한 조건","","NO",""
"260711_원의 성질.pdf","124","사각형이 원에 내접하기 위한 조건","","NO",""
"260711_원의 성질.pdf","125","접선과 현이 이루는 각; 원주각","36","YES","접선과 현이 이루는 각; 원주각"
"260711_원의 성질.pdf","126","접선과 현이 이루는 각; 원주각","36","YES","접선과 현이 이루는 각; 원주각"
"260711_원의 성질.pdf","127","접선과 현이 이루는 각; 원주각","36","YES","접선과 현이 이루는 각; 원주각"
"260711_원의 성질.pdf","128","접선과 현이 이루는 각; 원주각","36","YES","접선과 현이 이루는 각; 원주각"
"260711_원의 성질.pdf","129","접선과 현이 이루는 각; 중심각","","NO",""
"260711_원의 성질.pdf","130","접선과 현이 이루는 각; 중심각","","NO",""
"260711_원의 성질.pdf","131","접선과 현이 이루는 각; 중심각","","NO",""
"260711_원의 성질.pdf","132","접선과 현이 이루는 각; 중심각","","NO",""
"260711_원의 성질.pdf","133","접선과 현이 이루는 각의 활용(1); 현이 중심을 지나지 않는 경우","38","YES","접선과 현이 이루는 각의 활용(1); 현이 중심을 지나지 않는 경우"
"260711_원의 성질.pdf","134","접선과 현이 이루는 각의 활용(1); 현이 중심을 지나지 않는 경우","38","YES","접선과 현이 이루는 각의 활용(1); 현이 중심을 지나지 않는 경우"
"260711_원의 성질.pdf","135","접선과 현이 이루는 각의 활용(1); 현이 중심을 지나지 않는 경우","38","YES","접선과 현이 이루는 각의 활용(1); 현이 중심을 지나지 않는 경우"
"260711_원의 성질.pdf","136","접선과 현이 이루는 각의 활용(1); 현이 중심을 지나지 않는 경우","38","YES","접선과 현이 이루는 각의 활용(1); 현이 중심을 지나지 않는 경우"
"260711_원의 성질.pdf","137","접선과 현이 이루는 각의 활용(2); 현이 중심을 지나는 경우","39","YES","접선과 현이 이루는 각의 활용(2); 현이 중심을 지나는 경우"
"260711_원의 성질.pdf","138","접선과 현이 이루는 각의 활용(2); 현이 중심을 지나는 경우","39","YES","접선과 현이 이루는 각의 활용(2); 현이 중심을 지나는 경우"
"260711_원의 성질.pdf","139","접선과 현이 이루는 각의 활용(2); 현이 중심을 지나는 경우","39","YES","접선과 현이 이루는 각의 활용(2); 현이 중심을 지나는 경우"
"260711_원의 성질.pdf","140","접선과 현이 이루는 각의 활용(2); 현이 중심을 지나는 경우","39","YES","접선과 현이 이루는 각의 활용(2); 현이 중심을 지나는 경우"
"260711_원의 성질.pdf","141","접선과 현이 이루는 각의 활용(3); 한 점에서 원에 그은 두 접선","40","YES","접선과 현이 이루는 각의 활용(3); 한 점에서 원에 그은 두 접선"
"260711_원의 성질.pdf","142","접선과 현이 이루는 각의 활용(3); 한 점에서 원에 그은 두 접선","40","YES","접선과 현이 이루는 각의 활용(3); 한 점에서 원에 그은 두 접선"
"260711_원의 성질.pdf","143","접선과 현이 이루는 각의 활용(3); 한 점에서 원에 그은 두 접선","40","YES","접선과 현이 이루는 각의 활용(3); 한 점에서 원에 그은 두 접선"
"260711_원의 성질.pdf","144","접선과 현이 이루는 각의 활용(3); 한 점에서 원에 그은 두 접선","40","YES","접선과 현이 이루는 각의 활용(3); 한 점에서 원에 그은 두 접선"
"260711_원의 성질.pdf","145","두 원에서 접선과 현이 이루는 각(1)","41","YES","두 원에서 접선과 현이 이루는 각(1)"
"260711_원의 성질.pdf","146","두 원에서 접선과 현이 이루는 각(1)","41","YES","두 원에서 접선과 현이 이루는 각(1)"
"260711_원의 성질.pdf","147","두 원에서 접선과 현이 이루는 각(1)","41","YES","두 원에서 접선과 현이 이루는 각(1)"
"260711_원의 성질.pdf","148","두 원에서 접선과 현이 이루는 각(1)","41","YES","두 원에서 접선과 현이 이루는 각(1)"
"260711_원의 성질.pdf","149","두 원에서 접선과 현이 이루는 각(2); 한 원이 다른 원의 내부에 있는 경우","42","YES","두 원에서 접선과 현이 이루는 각(2); 한 원이 다른 원의 내부에 있는 경우"
"260711_원의 성질.pdf","150","두 원에서 접선과 현이 이루는 각(2); 한 원이 다른 원의 내부에 있는 경우","42","YES","두 원에서 접선과 현이 이루는 각(2); 한 원이 다른 원의 내부에 있는 경우"
