"source_file","pdf_sha256","question_no","page","accuracy_percent","source_type_label"
"260711_원의 성질(1).pdf","09f140c93f5ee899d6006e967f11f2ca7350c7013fcd27f2073c5a9aa5c7aad1","001","1","64","원의 중심과 현의 수직이등분선(1)"
"260711_원의 성질(1).pdf","09f140c93f5ee899d6006e967f11f2ca7350c7013fcd27f2073c5a9aa5c7aad1","002","1","86","원의 중심과 현의 수직이등분선(1)"
"260711_원의 성질(1).pdf","09f140c93f5ee899d6006e967f11f2ca7350c7013fcd27f2073c5a9aa5c7aad1","003","1","89","원의 중심과 현의 수직이등분선(1)"
"260711_원의 성질(1).pdf","09f140c93f5ee899d6006e967f11f2ca7350c7013fcd27f2073c5a9aa5c7aad1","004","1","83","원의 중심과 현의 수직이등분선(1)"
"260711_원의 성질(1).pdf","09f140c93f5ee899d6006e967f11f2ca7350c7013fcd27f2073c5a9aa5c7aad1","005","2","84","원의 중심과 현의 수직이등분선(2)"
"260711_원의 성질(1).pdf","09f140c93f5ee899d6006e967f11f2ca7350c7013fcd27f2073c5a9aa5c7aad1","006","2","59","원의 중심과 현의 수직이등분선(2)"
"260711_원의 성질(1).pdf","09f140c93f5ee899d6006e967f11f2ca7350c7013fcd27f2073c5a9aa5c7aad1","007","2","58","원의 중심과 현의 수직이등분선(2)"
"260711_원의 성질(1).pdf","09f140c93f5ee899d6006e967f11f2ca7350c7013fcd27f2073c5a9aa5c7aad1","008","2","88","원의 중심과 현의 수직이등분선(3); 활꼴"
"260711_원의 성질(1).pdf","09f140c93f5ee899d6006e967f11f2ca7350c7013fcd27f2073c5a9aa5c7aad1","009","3","76","원의 중심과 현의 수직이등분선(3); 활꼴"
"260711_원의 성질(1).pdf","09f140c93f5ee899d6006e967f11f2ca7350c7013fcd27f2073c5a9aa5c7aad1","010","3","84","원의 중심과 현의 수직이등분선(3); 활꼴"
"260711_원의 성질(1).pdf","09f140c93f5ee899d6006e967f11f2ca7350c7013fcd27f2073c5a9aa5c7aad1","011","3","88","원의 중심과 현의 수직이등분선(4); 원을 접은 경우"
"260711_원의 성질(1).pdf","09f140c93f5ee899d6006e967f11f2ca7350c7013fcd27f2073c5a9aa5c7aad1","012","3","82","원의 중심과 현의 수직이등분선(4); 원을 접은 경우"
"260711_원의 성질(1).pdf","09f140c93f5ee899d6006e967f11f2ca7350c7013fcd27f2073c5a9aa5c7aad1","013","4","78","원의 중심과 현의 수직이등분선(4); 원을 접은 경우"
"260711_원의 성질(1).pdf","09f140c93f5ee899d6006e967f11f2ca7350c7013fcd27f2073c5a9aa5c7aad1","014","4","86","원의 중심과 현의 수직이등분선(4); 원을 접은 경우"
"260711_원의 성질(1).pdf","09f140c93f5ee899d6006e967f11f2ca7350c7013fcd27f2073c5a9aa5c7aad1","015","4","86","현의 길이(1); 중심에서 같은 거리의 두 현"
"260711_원의 성질(1).pdf","09f140c93f5ee899d6006e967f11f2ca7350c7013fcd27f2073c5a9aa5c7aad1","016","4","88","현의 길이(1); 중심에서 같은 거리의 두 현"
"260711_원의 성질(1).pdf","09f140c93f5ee899d6006e967f11f2ca7350c7013fcd27f2073c5a9aa5c7aad1","017","5","87","현의 길이(1); 중심에서 같은 거리의 두 현"
"260711_원의 성질(1).pdf","09f140c93f5ee899d6006e967f11f2ca7350c7013fcd27f2073c5a9aa5c7aad1","018","5","78","현의 길이(1); 중심에서 같은 거리의 두 현"
"260711_원의 성질(1).pdf","09f140c93f5ee899d6006e967f11f2ca7350c7013fcd27f2073c5a9aa5c7aad1","019","5","50","현의 길이(2); 내접하는 이등변삼각형"
"260711_원의 성질(1).pdf","09f140c93f5ee899d6006e967f11f2ca7350c7013fcd27f2073c5a9aa5c7aad1","020","5","88","현의 길이(2); 내접하는 이등변삼각형"
"260711_원의 성질(1).pdf","09f140c93f5ee899d6006e967f11f2ca7350c7013fcd27f2073c5a9aa5c7aad1","021","6","81","현의 길이(2); 내접하는 이등변삼각형"
"260711_원의 성질(1).pdf","09f140c93f5ee899d6006e967f11f2ca7350c7013fcd27f2073c5a9aa5c7aad1","022","6","86","원의 접선과 반지름"
"260711_원의 성질(1).pdf","09f140c93f5ee899d6006e967f11f2ca7350c7013fcd27f2073c5a9aa5c7aad1","023","6","88","원의 접선과 반지름"
"260711_원의 성질(1).pdf","09f140c93f5ee899d6006e967f11f2ca7350c7013fcd27f2073c5a9aa5c7aad1","024","6","62","원의 접선과 반지름"
"260711_원의 성질(1).pdf","09f140c93f5ee899d6006e967f11f2ca7350c7013fcd27f2073c5a9aa5c7aad1","025","7","93","원의 접선의 성질(1)"
"260711_원의 성질(1).pdf","09f140c93f5ee899d6006e967f11f2ca7350c7013fcd27f2073c5a9aa5c7aad1","026","7","84","원의 접선의 성질(1)"
"260711_원의 성질(1).pdf","09f140c93f5ee899d6006e967f11f2ca7350c7013fcd27f2073c5a9aa5c7aad1","027","7","94","원의 접선의 성질(1)"
"260711_원의 성질(1).pdf","09f140c93f5ee899d6006e967f11f2ca7350c7013fcd27f2073c5a9aa5c7aad1","028","7","78","원의 접선의 성질(1)"
"260711_원의 성질(1).pdf","09f140c93f5ee899d6006e967f11f2ca7350c7013fcd27f2073c5a9aa5c7aad1","029","8","53","원의 접선의 성질(2); 길이"
"260711_원의 성질(1).pdf","09f140c93f5ee899d6006e967f11f2ca7350c7013fcd27f2073c5a9aa5c7aad1","030","8","81","원의 접선의 성질(2); 길이"
"260711_원의 성질(1).pdf","09f140c93f5ee899d6006e967f11f2ca7350c7013fcd27f2073c5a9aa5c7aad1","031","8","63","원의 접선의 성질(2); 길이"
"260711_원의 성질(1).pdf","09f140c93f5ee899d6006e967f11f2ca7350c7013fcd27f2073c5a9aa5c7aad1","032","8","88","원의 접선의 성질(2); 길이"
"260711_원의 성질(1).pdf","09f140c93f5ee899d6006e967f11f2ca7350c7013fcd27f2073c5a9aa5c7aad1","033","9","91","원의 접선의 성질(3); 넓이"
"260711_원의 성질(1).pdf","09f140c93f5ee899d6006e967f11f2ca7350c7013fcd27f2073c5a9aa5c7aad1","034","9","86","원의 접선의 성질(3); 넓이"
"260711_원의 성질(1).pdf","09f140c93f5ee899d6006e967f11f2ca7350c7013fcd27f2073c5a9aa5c7aad1","035","9","71","원의 접선의 성질(3); 넓이"
"260711_원의 성질(1).pdf","09f140c93f5ee899d6006e967f11f2ca7350c7013fcd27f2073c5a9aa5c7aad1","036","9","56","원의 접선의 성질의 활용"
"260711_원의 성질(1).pdf","09f140c93f5ee899d6006e967f11f2ca7350c7013fcd27f2073c5a9aa5c7aad1","037","10","79","원의 접선의 성질의 활용"
"260711_원의 성질(1).pdf","09f140c93f5ee899d6006e967f11f2ca7350c7013fcd27f2073c5a9aa5c7aad1","038","10","65","원의 접선의 성질의 활용"
"260711_원의 성질(1).pdf","09f140c93f5ee899d6006e967f11f2ca7350c7013fcd27f2073c5a9aa5c7aad1","039","10","82","반원에서의 접선"
"260711_원의 성질(1).pdf","09f140c93f5ee899d6006e967f11f2ca7350c7013fcd27f2073c5a9aa5c7aad1","040","10","80","반원에서의 접선"
"260711_원의 성질(1).pdf","09f140c93f5ee899d6006e967f11f2ca7350c7013fcd27f2073c5a9aa5c7aad1","041","11","80","반원에서의 접선"
"260711_원의 성질(1).pdf","09f140c93f5ee899d6006e967f11f2ca7350c7013fcd27f2073c5a9aa5c7aad1","042","11","89","원의 접선과 반지름; 동심원"
"260711_원의 성질(1).pdf","09f140c93f5ee899d6006e967f11f2ca7350c7013fcd27f2073c5a9aa5c7aad1","043","11","79","원의 접선과 반지름; 동심원"
"260711_원의 성질(1).pdf","09f140c93f5ee899d6006e967f11f2ca7350c7013fcd27f2073c5a9aa5c7aad1","044","11","77","원의 접선과 반지름; 동심원"
"260711_원의 성질(1).pdf","09f140c93f5ee899d6006e967f11f2ca7350c7013fcd27f2073c5a9aa5c7aad1","045","12","78","원의 접선과 반지름; 동심원"
"260711_원의 성질(1).pdf","09f140c93f5ee899d6006e967f11f2ca7350c7013fcd27f2073c5a9aa5c7aad1","046","12","53","삼각형의 내접원"
"260711_원의 성질(1).pdf","09f140c93f5ee899d6006e967f11f2ca7350c7013fcd27f2073c5a9aa5c7aad1","047","12","72","삼각형의 내접원"
"260711_원의 성질(1).pdf","09f140c93f5ee899d6006e967f11f2ca7350c7013fcd27f2073c5a9aa5c7aad1","048","12","83","삼각형의 내접원"
"260711_원의 성질(1).pdf","09f140c93f5ee899d6006e967f11f2ca7350c7013fcd27f2073c5a9aa5c7aad1","049","13","57","삼각형의 내접원"
"260711_원의 성질(1).pdf","09f140c93f5ee899d6006e967f11f2ca7350c7013fcd27f2073c5a9aa5c7aad1","050","13","62","직각삼각형의 내접원"
"260711_원의 성질(1).pdf","09f140c93f5ee899d6006e967f11f2ca7350c7013fcd27f2073c5a9aa5c7aad1","051","13","67","직각삼각형의 내접원"
"260711_원의 성질(1).pdf","09f140c93f5ee899d6006e967f11f2ca7350c7013fcd27f2073c5a9aa5c7aad1","052","13","77","직각삼각형의 내접원"
"260711_원의 성질(1).pdf","09f140c93f5ee899d6006e967f11f2ca7350c7013fcd27f2073c5a9aa5c7aad1","053","14","72","원에 외접하는 사각형의 성질(1)"
"260711_원의 성질(1).pdf","09f140c93f5ee899d6006e967f11f2ca7350c7013fcd27f2073c5a9aa5c7aad1","054","14","61","원에 외접하는 사각형의 성질(1)"
"260711_원의 성질(1).pdf","09f140c93f5ee899d6006e967f11f2ca7350c7013fcd27f2073c5a9aa5c7aad1","055","14","77","원에 외접하는 사각형의 성질(1)"
"260711_원의 성질(1).pdf","09f140c93f5ee899d6006e967f11f2ca7350c7013fcd27f2073c5a9aa5c7aad1","056","14","75","원에 외접하는 사각형의 성질(1)"
"260711_원의 성질(1).pdf","09f140c93f5ee899d6006e967f11f2ca7350c7013fcd27f2073c5a9aa5c7aad1","057","15","73","원에 외접하는 사각형의 성질(2); 한 내각이 90˚인 경우"
"260711_원의 성질(1).pdf","09f140c93f5ee899d6006e967f11f2ca7350c7013fcd27f2073c5a9aa5c7aad1","058","15","61","원에 외접하는 사각형의 성질(2); 한 내각이 90˚인 경우"
"260711_원의 성질(1).pdf","09f140c93f5ee899d6006e967f11f2ca7350c7013fcd27f2073c5a9aa5c7aad1","059","15","74","원에 외접하는 사각형의 성질의 활용(1); 직사각형"
"260711_원의 성질(1).pdf","09f140c93f5ee899d6006e967f11f2ca7350c7013fcd27f2073c5a9aa5c7aad1","060","15","75","원에 외접하는 사각형의 성질의 활용(1); 직사각형"
"260711_원의 성질(1).pdf","09f140c93f5ee899d6006e967f11f2ca7350c7013fcd27f2073c5a9aa5c7aad1","061","16","43","원에 외접하는 사각형의 성질의 활용(1); 직사각형"
"260711_원의 성질(1).pdf","09f140c93f5ee899d6006e967f11f2ca7350c7013fcd27f2073c5a9aa5c7aad1","062","16","60","원에 외접하는 사각형의 성질의 활용(1); 직사각형"
"260711_원의 성질(1).pdf","09f140c93f5ee899d6006e967f11f2ca7350c7013fcd27f2073c5a9aa5c7aad1","063","16","84","원에 외접하는 사각형의 성질의 활용(2); 그 외"
"260711_원의 성질(1).pdf","09f140c93f5ee899d6006e967f11f2ca7350c7013fcd27f2073c5a9aa5c7aad1","064","16","71","원에 외접하는 사각형의 성질의 활용(2); 그 외"
"260711_원의 성질(1).pdf","09f140c93f5ee899d6006e967f11f2ca7350c7013fcd27f2073c5a9aa5c7aad1","065","17","72","원에 외접하는 사각형의 성질의 활용(2); 그 외"
"260711_원의 성질(1).pdf","09f140c93f5ee899d6006e967f11f2ca7350c7013fcd27f2073c5a9aa5c7aad1","066","17","88","원에 외접하는 사각형의 성질의 활용(2); 그 외"
"260711_원의 성질(1).pdf","09f140c93f5ee899d6006e967f11f2ca7350c7013fcd27f2073c5a9aa5c7aad1","067","17","71","원주각과 중심각의 크기(1)"
"260711_원의 성질(1).pdf","09f140c93f5ee899d6006e967f11f2ca7350c7013fcd27f2073c5a9aa5c7aad1","068","17","70","원주각과 중심각의 크기(1)"
"260711_원의 성질(1).pdf","09f140c93f5ee899d6006e967f11f2ca7350c7013fcd27f2073c5a9aa5c7aad1","069","18","83","원주각과 중심각의 크기(1)"
"260711_원의 성질(1).pdf","09f140c93f5ee899d6006e967f11f2ca7350c7013fcd27f2073c5a9aa5c7aad1","070","18","64","원주각과 중심각의 크기(1)"
"260711_원의 성질(1).pdf","09f140c93f5ee899d6006e967f11f2ca7350c7013fcd27f2073c5a9aa5c7aad1","071","18","81","원주각과 중심각의 크기(2)"
"260711_원의 성질(1).pdf","09f140c93f5ee899d6006e967f11f2ca7350c7013fcd27f2073c5a9aa5c7aad1","072","18","83","원주각과 중심각의 크기(2)"
"260711_원의 성질(1).pdf","09f140c93f5ee899d6006e967f11f2ca7350c7013fcd27f2073c5a9aa5c7aad1","073","19","73","원주각과 중심각의 크기(2)"
"260711_원의 성질(1).pdf","09f140c93f5ee899d6006e967f11f2ca7350c7013fcd27f2073c5a9aa5c7aad1","074","19","67","원주각과 중심각의 크기(3)"
"260711_원의 성질(1).pdf","09f140c93f5ee899d6006e967f11f2ca7350c7013fcd27f2073c5a9aa5c7aad1","075","19","71","원주각과 중심각의 크기(3)"
"260711_원의 성질(1).pdf","09f140c93f5ee899d6006e967f11f2ca7350c7013fcd27f2073c5a9aa5c7aad1","076","19","88","원주각과 중심각의 크기(3)"
"260711_원의 성질(1).pdf","09f140c93f5ee899d6006e967f11f2ca7350c7013fcd27f2073c5a9aa5c7aad1","077","20","85","원주각의 성질(1); 한 호"
"260711_원의 성질(1).pdf","09f140c93f5ee899d6006e967f11f2ca7350c7013fcd27f2073c5a9aa5c7aad1","078","20","86","원주각의 성질(1); 한 호"
"260711_원의 성질(1).pdf","09f140c93f5ee899d6006e967f11f2ca7350c7013fcd27f2073c5a9aa5c7aad1","079","20","81","원주각의 성질(1); 한 호"
"260711_원의 성질(1).pdf","09f140c93f5ee899d6006e967f11f2ca7350c7013fcd27f2073c5a9aa5c7aad1","080","20","30","원주각의 성질(2); 반원"
"260711_원의 성질(1).pdf","09f140c93f5ee899d6006e967f11f2ca7350c7013fcd27f2073c5a9aa5c7aad1","081","21","74","원주각의 성질(2); 반원"
"260711_원의 성질(1).pdf","09f140c93f5ee899d6006e967f11f2ca7350c7013fcd27f2073c5a9aa5c7aad1","082","21","53","원주각의 성질(2); 반원"
"260711_원의 성질(1).pdf","09f140c93f5ee899d6006e967f11f2ca7350c7013fcd27f2073c5a9aa5c7aad1","083","21","80","원주각과 삼각비의 값(1)"
"260711_원의 성질(1).pdf","09f140c93f5ee899d6006e967f11f2ca7350c7013fcd27f2073c5a9aa5c7aad1","084","21","85","원주각과 삼각비의 값(1)"
"260711_원의 성질(1).pdf","09f140c93f5ee899d6006e967f11f2ca7350c7013fcd27f2073c5a9aa5c7aad1","085","22","74","원주각과 삼각비의 값(1)"
"260711_원의 성질(1).pdf","09f140c93f5ee899d6006e967f11f2ca7350c7013fcd27f2073c5a9aa5c7aad1","086","22","78","원주각과 삼각비의 값(1)"
"260711_원의 성질(1).pdf","09f140c93f5ee899d6006e967f11f2ca7350c7013fcd27f2073c5a9aa5c7aad1","087","22","91","원주각과 삼각비의 값(2); 선분의 길이, 넓이"
"260711_원의 성질(1).pdf","09f140c93f5ee899d6006e967f11f2ca7350c7013fcd27f2073c5a9aa5c7aad1","088","22","82","원주각과 삼각비의 값(2); 선분의 길이, 넓이"
"260711_원의 성질(1).pdf","09f140c93f5ee899d6006e967f11f2ca7350c7013fcd27f2073c5a9aa5c7aad1","089","23","91","원주각과 삼각비의 값(2); 선분의 길이, 넓이"
"260711_원의 성질(1).pdf","09f140c93f5ee899d6006e967f11f2ca7350c7013fcd27f2073c5a9aa5c7aad1","090","23","84","원주각과 삼각비의 값(2); 선분의 길이, 넓이"
"260711_원의 성질(1).pdf","09f140c93f5ee899d6006e967f11f2ca7350c7013fcd27f2073c5a9aa5c7aad1","091","23","80","원주각의 크기와 호의 길이(1)"
"260711_원의 성질(1).pdf","09f140c93f5ee899d6006e967f11f2ca7350c7013fcd27f2073c5a9aa5c7aad1","092","23","86","원주각의 크기와 호의 길이(1)"
"260711_원의 성질(1).pdf","09f140c93f5ee899d6006e967f11f2ca7350c7013fcd27f2073c5a9aa5c7aad1","093","24","46","원주각의 크기와 호의 길이(1)"
"260711_원의 성질(1).pdf","09f140c93f5ee899d6006e967f11f2ca7350c7013fcd27f2073c5a9aa5c7aad1","094","24","63","원주각의 크기와 호의 길이(1)"
"260711_원의 성질(1).pdf","09f140c93f5ee899d6006e967f11f2ca7350c7013fcd27f2073c5a9aa5c7aad1","095","24","85","원주각의 크기와 호의 길이(2)"
"260711_원의 성질(1).pdf","09f140c93f5ee899d6006e967f11f2ca7350c7013fcd27f2073c5a9aa5c7aad1","096","24","76","원주각의 크기와 호의 길이(2)"
"260711_원의 성질(1).pdf","09f140c93f5ee899d6006e967f11f2ca7350c7013fcd27f2073c5a9aa5c7aad1","097","25","74","원주각의 크기와 호의 길이(2)"
"260711_원의 성질(1).pdf","09f140c93f5ee899d6006e967f11f2ca7350c7013fcd27f2073c5a9aa5c7aad1","098","25","73","원주각의 크기와 호의 길이(3)"
"260711_원의 성질(1).pdf","09f140c93f5ee899d6006e967f11f2ca7350c7013fcd27f2073c5a9aa5c7aad1","099","25","50","원주각의 크기와 호의 길이(3)"
"260711_원의 성질(1).pdf","09f140c93f5ee899d6006e967f11f2ca7350c7013fcd27f2073c5a9aa5c7aad1","100","25","81","원주각의 크기와 호의 길이(3)"
"260711_원의 성질(1).pdf","09f140c93f5ee899d6006e967f11f2ca7350c7013fcd27f2073c5a9aa5c7aad1","101","26","87","네 점이 한 원에 있기 위한 조건"
"260711_원의 성질(1).pdf","09f140c93f5ee899d6006e967f11f2ca7350c7013fcd27f2073c5a9aa5c7aad1","102","26","90","네 점이 한 원에 있기 위한 조건"
"260711_원의 성질(1).pdf","09f140c93f5ee899d6006e967f11f2ca7350c7013fcd27f2073c5a9aa5c7aad1","103","26","82","네 점이 한 원에 있기 위한 조건"
"260711_원의 성질(1).pdf","09f140c93f5ee899d6006e967f11f2ca7350c7013fcd27f2073c5a9aa5c7aad1","104","26","73","네 점이 한 원에 있기 위한 조건"
"260711_원의 성질(1).pdf","09f140c93f5ee899d6006e967f11f2ca7350c7013fcd27f2073c5a9aa5c7aad1","105","27","84","원에 내접하는 사각형의 성질(1)"
"260711_원의 성질(1).pdf","09f140c93f5ee899d6006e967f11f2ca7350c7013fcd27f2073c5a9aa5c7aad1","106","27","70","원에 내접하는 사각형의 성질(1)"
"260711_원의 성질(1).pdf","09f140c93f5ee899d6006e967f11f2ca7350c7013fcd27f2073c5a9aa5c7aad1","107","27","84","원에 내접하는 사각형의 성질(1)"
"260711_원의 성질(1).pdf","09f140c93f5ee899d6006e967f11f2ca7350c7013fcd27f2073c5a9aa5c7aad1","108","27","85","원에 내접하는 사각형의 성질(2)"
"260711_원의 성질(1).pdf","09f140c93f5ee899d6006e967f11f2ca7350c7013fcd27f2073c5a9aa5c7aad1","109","28","93","원에 내접하는 사각형의 성질(2)"
"260711_원의 성질(1).pdf","09f140c93f5ee899d6006e967f11f2ca7350c7013fcd27f2073c5a9aa5c7aad1","110","28","65","원에 내접하는 사각형의 성질(2)"
"260711_원의 성질(1).pdf","09f140c93f5ee899d6006e967f11f2ca7350c7013fcd27f2073c5a9aa5c7aad1","111","28","74","원에 내접하는 사각형의 성질(2)"
"260711_원의 성질(1).pdf","09f140c93f5ee899d6006e967f11f2ca7350c7013fcd27f2073c5a9aa5c7aad1","112","28","77","원에 내접하는 사각형과 외각의 성질"
"260711_원의 성질(1).pdf","09f140c93f5ee899d6006e967f11f2ca7350c7013fcd27f2073c5a9aa5c7aad1","113","29","74","원에 내접하는 사각형과 외각의 성질"
"260711_원의 성질(1).pdf","09f140c93f5ee899d6006e967f11f2ca7350c7013fcd27f2073c5a9aa5c7aad1","114","29","72","원에 내접하는 사각형과 외각의 성질"
"260711_원의 성질(1).pdf","09f140c93f5ee899d6006e967f11f2ca7350c7013fcd27f2073c5a9aa5c7aad1","115","29","70","원에 내접하는 다각형"
"260711_원의 성질(1).pdf","09f140c93f5ee899d6006e967f11f2ca7350c7013fcd27f2073c5a9aa5c7aad1","116","29","62","원에 내접하는 다각형"
"260711_원의 성질(1).pdf","09f140c93f5ee899d6006e967f11f2ca7350c7013fcd27f2073c5a9aa5c7aad1","117","30","71","원에 내접하는 다각형"
"260711_원의 성질(1).pdf","09f140c93f5ee899d6006e967f11f2ca7350c7013fcd27f2073c5a9aa5c7aad1","118","30","79","원에 내접하는 다각형"
"260711_원의 성질(1).pdf","09f140c93f5ee899d6006e967f11f2ca7350c7013fcd27f2073c5a9aa5c7aad1","119","30","85","두 원에서 내접하는 사각형의 성질의 활용"
"260711_원의 성질(1).pdf","09f140c93f5ee899d6006e967f11f2ca7350c7013fcd27f2073c5a9aa5c7aad1","120","30","84","두 원에서 내접하는 사각형의 성질의 활용"
"260711_원의 성질(1).pdf","09f140c93f5ee899d6006e967f11f2ca7350c7013fcd27f2073c5a9aa5c7aad1","121","31","80","두 원에서 내접하는 사각형의 성질의 활용"
"260711_원의 성질(1).pdf","09f140c93f5ee899d6006e967f11f2ca7350c7013fcd27f2073c5a9aa5c7aad1","122","31","80","두 원에서 내접하는 사각형의 성질의 활용"
"260711_원의 성질(1).pdf","09f140c93f5ee899d6006e967f11f2ca7350c7013fcd27f2073c5a9aa5c7aad1","123","31","64","원에 내접하는 사각형"
"260711_원의 성질(1).pdf","09f140c93f5ee899d6006e967f11f2ca7350c7013fcd27f2073c5a9aa5c7aad1","124","31","78","원에 내접하는 사각형"
"260711_원의 성질(1).pdf","09f140c93f5ee899d6006e967f11f2ca7350c7013fcd27f2073c5a9aa5c7aad1","125","32","69","원에 내접하는 사각형"
"260711_원의 성질(1).pdf","09f140c93f5ee899d6006e967f11f2ca7350c7013fcd27f2073c5a9aa5c7aad1","126","32","84","사각형이 원에 내접하기 위한 조건"
"260711_원의 성질(1).pdf","09f140c93f5ee899d6006e967f11f2ca7350c7013fcd27f2073c5a9aa5c7aad1","127","32","55","사각형이 원에 내접하기 위한 조건"
"260711_원의 성질(1).pdf","09f140c93f5ee899d6006e967f11f2ca7350c7013fcd27f2073c5a9aa5c7aad1","128","32","88","접선과 현이 이루는 각; 원주각"
"260711_원의 성질(1).pdf","09f140c93f5ee899d6006e967f11f2ca7350c7013fcd27f2073c5a9aa5c7aad1","129","33","80","접선과 현이 이루는 각; 원주각"
"260711_원의 성질(1).pdf","09f140c93f5ee899d6006e967f11f2ca7350c7013fcd27f2073c5a9aa5c7aad1","130","33","76","접선과 현이 이루는 각; 원주각"
"260711_원의 성질(1).pdf","09f140c93f5ee899d6006e967f11f2ca7350c7013fcd27f2073c5a9aa5c7aad1","131","33","76","접선과 현이 이루는 각; 중심각"
"260711_원의 성질(1).pdf","09f140c93f5ee899d6006e967f11f2ca7350c7013fcd27f2073c5a9aa5c7aad1","132","33","77","접선과 현이 이루는 각; 중심각"
"260711_원의 성질(1).pdf","09f140c93f5ee899d6006e967f11f2ca7350c7013fcd27f2073c5a9aa5c7aad1","133","34","71","접선과 현이 이루는 각; 중심각"
"260711_원의 성질(1).pdf","09f140c93f5ee899d6006e967f11f2ca7350c7013fcd27f2073c5a9aa5c7aad1","134","34","73","접선과 현이 이루는 각; 중심각"
"260711_원의 성질(1).pdf","09f140c93f5ee899d6006e967f11f2ca7350c7013fcd27f2073c5a9aa5c7aad1","135","34","88","접선과 현이 이루는 각의 활용(1); 현이 중심을 지나지 않는 경우"
"260711_원의 성질(1).pdf","09f140c93f5ee899d6006e967f11f2ca7350c7013fcd27f2073c5a9aa5c7aad1","136","34","81","접선과 현이 이루는 각의 활용(1); 현이 중심을 지나지 않는 경우"
"260711_원의 성질(1).pdf","09f140c93f5ee899d6006e967f11f2ca7350c7013fcd27f2073c5a9aa5c7aad1","137","35","86","접선과 현이 이루는 각의 활용(1); 현이 중심을 지나지 않는 경우"
"260711_원의 성질(1).pdf","09f140c93f5ee899d6006e967f11f2ca7350c7013fcd27f2073c5a9aa5c7aad1","138","35","81","접선과 현이 이루는 각의 활용(2); 현이 중심을 지나는 경우"
"260711_원의 성질(1).pdf","09f140c93f5ee899d6006e967f11f2ca7350c7013fcd27f2073c5a9aa5c7aad1","139","35","66","접선과 현이 이루는 각의 활용(2); 현이 중심을 지나는 경우"
"260711_원의 성질(1).pdf","09f140c93f5ee899d6006e967f11f2ca7350c7013fcd27f2073c5a9aa5c7aad1","140","35","67","접선과 현이 이루는 각의 활용(2); 현이 중심을 지나는 경우"
"260711_원의 성질(1).pdf","09f140c93f5ee899d6006e967f11f2ca7350c7013fcd27f2073c5a9aa5c7aad1","141","36","79","접선과 현이 이루는 각의 활용(3); 한 점에서 원에 그은 두 접선"
"260711_원의 성질(1).pdf","09f140c93f5ee899d6006e967f11f2ca7350c7013fcd27f2073c5a9aa5c7aad1","142","36","76","접선과 현이 이루는 각의 활용(3); 한 점에서 원에 그은 두 접선"
"260711_원의 성질(1).pdf","09f140c93f5ee899d6006e967f11f2ca7350c7013fcd27f2073c5a9aa5c7aad1","143","36","77","접선과 현이 이루는 각의 활용(3); 한 점에서 원에 그은 두 접선"
"260711_원의 성질(1).pdf","09f140c93f5ee899d6006e967f11f2ca7350c7013fcd27f2073c5a9aa5c7aad1","144","36","59","두 원에서 접선과 현이 이루는 각(1)"
"260711_원의 성질(1).pdf","09f140c93f5ee899d6006e967f11f2ca7350c7013fcd27f2073c5a9aa5c7aad1","145","37","93","두 원에서 접선과 현이 이루는 각(1)"
"260711_원의 성질(1).pdf","09f140c93f5ee899d6006e967f11f2ca7350c7013fcd27f2073c5a9aa5c7aad1","146","37","83","두 원에서 접선과 현이 이루는 각(1)"
"260711_원의 성질(1).pdf","09f140c93f5ee899d6006e967f11f2ca7350c7013fcd27f2073c5a9aa5c7aad1","147","37","71","두 원에서 접선과 현이 이루는 각(1)"
"260711_원의 성질(1).pdf","09f140c93f5ee899d6006e967f11f2ca7350c7013fcd27f2073c5a9aa5c7aad1","148","37","81","두 원에서 접선과 현이 이루는 각(2); 한 원이 다른 원의 내부에 있는 경우"
"260711_원의 성질(1).pdf","09f140c93f5ee899d6006e967f11f2ca7350c7013fcd27f2073c5a9aa5c7aad1","149","38","70","두 원에서 접선과 현이 이루는 각(2); 한 원이 다른 원의 내부에 있는 경우"
"260711_원의 성질(1).pdf","09f140c93f5ee899d6006e967f11f2ca7350c7013fcd27f2073c5a9aa5c7aad1","150","38","67","두 원에서 접선과 현이 이루는 각(2); 한 원이 다른 원의 내부에 있는 경우"
"260711_원의 성질(10).pdf","3de44f42254876f1c6ad29ab8a928309cb78c74423cee0e9b622504b6a934569","001","1","70","원의 중심과 현의 수직이등분선(1)"
"260711_원의 성질(10).pdf","3de44f42254876f1c6ad29ab8a928309cb78c74423cee0e9b622504b6a934569","002","1","60","원의 중심과 현의 수직이등분선(1)"
"260711_원의 성질(10).pdf","3de44f42254876f1c6ad29ab8a928309cb78c74423cee0e9b622504b6a934569","003","1","56","원의 중심과 현의 수직이등분선(1)"
"260711_원의 성질(10).pdf","3de44f42254876f1c6ad29ab8a928309cb78c74423cee0e9b622504b6a934569","004","1","52","원의 중심과 현의 수직이등분선(1)"
"260711_원의 성질(10).pdf","3de44f42254876f1c6ad29ab8a928309cb78c74423cee0e9b622504b6a934569","005","2","65","원의 중심과 현의 수직이등분선(1)"
"260711_원의 성질(10).pdf","3de44f42254876f1c6ad29ab8a928309cb78c74423cee0e9b622504b6a934569","006","2","72","원의 중심과 현의 수직이등분선(1)"
"260711_원의 성질(10).pdf","3de44f42254876f1c6ad29ab8a928309cb78c74423cee0e9b622504b6a934569","007","2","79","현의 길이(1); 중심에서 같은 거리의 두 현"
"260711_원의 성질(10).pdf","3de44f42254876f1c6ad29ab8a928309cb78c74423cee0e9b622504b6a934569","008","2","80","현의 길이(1); 중심에서 같은 거리의 두 현"
"260711_원의 성질(10).pdf","3de44f42254876f1c6ad29ab8a928309cb78c74423cee0e9b622504b6a934569","009","3","82","현의 길이(1); 중심에서 같은 거리의 두 현"
"260711_원의 성질(10).pdf","3de44f42254876f1c6ad29ab8a928309cb78c74423cee0e9b622504b6a934569","010","3","86","현의 길이(1); 중심에서 같은 거리의 두 현"
"260711_원의 성질(10).pdf","3de44f42254876f1c6ad29ab8a928309cb78c74423cee0e9b622504b6a934569","011","3","89","현의 길이(1); 중심에서 같은 거리의 두 현"
"260711_원의 성질(10).pdf","3de44f42254876f1c6ad29ab8a928309cb78c74423cee0e9b622504b6a934569","012","3","90","현의 길이(1); 중심에서 같은 거리의 두 현"
"260711_원의 성질(10).pdf","3de44f42254876f1c6ad29ab8a928309cb78c74423cee0e9b622504b6a934569","013","4","85","원의 접선의 성질(1)"
"260711_원의 성질(10).pdf","3de44f42254876f1c6ad29ab8a928309cb78c74423cee0e9b622504b6a934569","014","4","76","원의 접선의 성질(1)"
"260711_원의 성질(10).pdf","3de44f42254876f1c6ad29ab8a928309cb78c74423cee0e9b622504b6a934569","015","4","55","원의 접선의 성질(2); 길이"
"260711_원의 성질(10).pdf","3de44f42254876f1c6ad29ab8a928309cb78c74423cee0e9b622504b6a934569","016","4","83","원의 접선의 성질(2); 길이"
"260711_원의 성질(10).pdf","3de44f42254876f1c6ad29ab8a928309cb78c74423cee0e9b622504b6a934569","017","5","70","원의 접선의 성질(2); 길이"
"260711_원의 성질(10).pdf","3de44f42254876f1c6ad29ab8a928309cb78c74423cee0e9b622504b6a934569","018","5","85","반원에서의 접선"
"260711_원의 성질(10).pdf","3de44f42254876f1c6ad29ab8a928309cb78c74423cee0e9b622504b6a934569","019","5","80","반원에서의 접선"
"260711_원의 성질(10).pdf","3de44f42254876f1c6ad29ab8a928309cb78c74423cee0e9b622504b6a934569","020","5","87","반원에서의 접선"
"260711_원의 성질(10).pdf","3de44f42254876f1c6ad29ab8a928309cb78c74423cee0e9b622504b6a934569","021","6","74","반원에서의 접선"
"260711_원의 성질(10).pdf","3de44f42254876f1c6ad29ab8a928309cb78c74423cee0e9b622504b6a934569","022","6","57","반원에서의 접선"
"260711_원의 성질(10).pdf","3de44f42254876f1c6ad29ab8a928309cb78c74423cee0e9b622504b6a934569","023","6","69","반원에서의 접선"
"260711_원의 성질(10).pdf","3de44f42254876f1c6ad29ab8a928309cb78c74423cee0e9b622504b6a934569","024","6","69","삼각형의 내접원"
"260711_원의 성질(10).pdf","3de44f42254876f1c6ad29ab8a928309cb78c74423cee0e9b622504b6a934569","025","7","71","삼각형의 내접원"
"260711_원의 성질(10).pdf","3de44f42254876f1c6ad29ab8a928309cb78c74423cee0e9b622504b6a934569","026","7","86","삼각형의 내접원"
"260711_원의 성질(10).pdf","3de44f42254876f1c6ad29ab8a928309cb78c74423cee0e9b622504b6a934569","027","7","82","삼각형의 내접원"
"260711_원의 성질(10).pdf","3de44f42254876f1c6ad29ab8a928309cb78c74423cee0e9b622504b6a934569","028","7","77","삼각형의 내접원"
"260711_원의 성질(10).pdf","3de44f42254876f1c6ad29ab8a928309cb78c74423cee0e9b622504b6a934569","029","8","82","삼각형의 내접원"
"260711_원의 성질(10).pdf","3de44f42254876f1c6ad29ab8a928309cb78c74423cee0e9b622504b6a934569","030","8","70","직각삼각형의 내접원"
"260711_원의 성질(10).pdf","3de44f42254876f1c6ad29ab8a928309cb78c74423cee0e9b622504b6a934569","031","9","81","직각삼각형의 내접원"
"260711_원의 성질(10).pdf","3de44f42254876f1c6ad29ab8a928309cb78c74423cee0e9b622504b6a934569","032","9","81","직각삼각형의 내접원"
"260711_원의 성질(10).pdf","3de44f42254876f1c6ad29ab8a928309cb78c74423cee0e9b622504b6a934569","033","9","75","직각삼각형의 내접원"
"260711_원의 성질(10).pdf","3de44f42254876f1c6ad29ab8a928309cb78c74423cee0e9b622504b6a934569","034","9","86","직각삼각형의 내접원"
"260711_원의 성질(10).pdf","3de44f42254876f1c6ad29ab8a928309cb78c74423cee0e9b622504b6a934569","035","10","80","직각삼각형의 내접원"
"260711_원의 성질(10).pdf","3de44f42254876f1c6ad29ab8a928309cb78c74423cee0e9b622504b6a934569","036","10","74","원에 외접하는 사각형의 성질의 활용(1); 직사각형"
"260711_원의 성질(10).pdf","3de44f42254876f1c6ad29ab8a928309cb78c74423cee0e9b622504b6a934569","037","10","67","원에 외접하는 사각형의 성질의 활용(1); 직사각형"
"260711_원의 성질(10).pdf","3de44f42254876f1c6ad29ab8a928309cb78c74423cee0e9b622504b6a934569","038","10","83","원에 외접하는 사각형의 성질의 활용(1); 직사각형"
"260711_원의 성질(10).pdf","3de44f42254876f1c6ad29ab8a928309cb78c74423cee0e9b622504b6a934569","039","11","84","원에 외접하는 사각형의 성질의 활용(1); 직사각형"
"260711_원의 성질(10).pdf","3de44f42254876f1c6ad29ab8a928309cb78c74423cee0e9b622504b6a934569","040","11","80","원에 외접하는 사각형의 성질의 활용(1); 직사각형"
"260711_원의 성질(10).pdf","3de44f42254876f1c6ad29ab8a928309cb78c74423cee0e9b622504b6a934569","041","11","69","원에 외접하는 사각형의 성질의 활용(1); 직사각형"
"260711_원의 성질(10).pdf","3de44f42254876f1c6ad29ab8a928309cb78c74423cee0e9b622504b6a934569","042","11","61","원에 외접하는 사각형의 성질의 활용(2); 그 외"
"260711_원의 성질(10).pdf","3de44f42254876f1c6ad29ab8a928309cb78c74423cee0e9b622504b6a934569","043","12","59","원에 외접하는 사각형의 성질의 활용(2); 그 외"
"260711_원의 성질(10).pdf","3de44f42254876f1c6ad29ab8a928309cb78c74423cee0e9b622504b6a934569","044","12","50","원에 외접하는 사각형의 성질의 활용(2); 그 외"
"260711_원의 성질(10).pdf","3de44f42254876f1c6ad29ab8a928309cb78c74423cee0e9b622504b6a934569","045","12","46","원에 외접하는 사각형의 성질의 활용(2); 그 외"
"260711_원의 성질(10).pdf","3de44f42254876f1c6ad29ab8a928309cb78c74423cee0e9b622504b6a934569","046","12","74","원에 외접하는 사각형의 성질의 활용(2); 그 외"
"260711_원의 성질(10).pdf","3de44f42254876f1c6ad29ab8a928309cb78c74423cee0e9b622504b6a934569","047","13","91","원주각과 중심각의 크기(1)"
"260711_원의 성질(10).pdf","3de44f42254876f1c6ad29ab8a928309cb78c74423cee0e9b622504b6a934569","048","13","60","원주각과 중심각의 크기(1)"
"260711_원의 성질(10).pdf","3de44f42254876f1c6ad29ab8a928309cb78c74423cee0e9b622504b6a934569","049","13","94","원주각과 중심각의 크기(1)"
"260711_원의 성질(10).pdf","3de44f42254876f1c6ad29ab8a928309cb78c74423cee0e9b622504b6a934569","050","13","50","원주각과 중심각의 크기(1)"
"260711_원의 성질(10).pdf","3de44f42254876f1c6ad29ab8a928309cb78c74423cee0e9b622504b6a934569","051","14","50","원주각과 중심각의 크기(1)"
"260711_원의 성질(10).pdf","3de44f42254876f1c6ad29ab8a928309cb78c74423cee0e9b622504b6a934569","052","14","63","원주각과 중심각의 크기(1)"
"260711_원의 성질(10).pdf","3de44f42254876f1c6ad29ab8a928309cb78c74423cee0e9b622504b6a934569","053","14","84","원주각의 성질(1); 한 호"
"260711_원의 성질(10).pdf","3de44f42254876f1c6ad29ab8a928309cb78c74423cee0e9b622504b6a934569","054","14","50","원주각의 성질(1); 한 호"
"260711_원의 성질(10).pdf","3de44f42254876f1c6ad29ab8a928309cb78c74423cee0e9b622504b6a934569","055","15","60","원주각의 성질(1); 한 호"
"260711_원의 성질(10).pdf","3de44f42254876f1c6ad29ab8a928309cb78c74423cee0e9b622504b6a934569","056","15","85","원주각의 성질(1); 한 호"
"260711_원의 성질(10).pdf","3de44f42254876f1c6ad29ab8a928309cb78c74423cee0e9b622504b6a934569","057","15","86","원주각의 성질(1); 한 호"
"260711_원의 성질(10).pdf","3de44f42254876f1c6ad29ab8a928309cb78c74423cee0e9b622504b6a934569","058","15","62","원주각의 성질(1); 한 호"
"260711_원의 성질(10).pdf","3de44f42254876f1c6ad29ab8a928309cb78c74423cee0e9b622504b6a934569","059","16","30","원주각의 성질(2); 반원"
"260711_원의 성질(10).pdf","3de44f42254876f1c6ad29ab8a928309cb78c74423cee0e9b622504b6a934569","060","16","89","원주각의 성질(2); 반원"
"260711_원의 성질(10).pdf","3de44f42254876f1c6ad29ab8a928309cb78c74423cee0e9b622504b6a934569","061","16","76","원주각의 성질(2); 반원"
"260711_원의 성질(10).pdf","3de44f42254876f1c6ad29ab8a928309cb78c74423cee0e9b622504b6a934569","062","16","73","원주각의 성질(2); 반원"
"260711_원의 성질(10).pdf","3de44f42254876f1c6ad29ab8a928309cb78c74423cee0e9b622504b6a934569","063","17","80","원주각의 성질(2); 반원"
"260711_원의 성질(10).pdf","3de44f42254876f1c6ad29ab8a928309cb78c74423cee0e9b622504b6a934569","064","17","43","원주각의 성질(2); 반원"
"260711_원의 성질(10).pdf","3de44f42254876f1c6ad29ab8a928309cb78c74423cee0e9b622504b6a934569","065","17","50","원주각과 삼각비의 값(2); 선분의 길이, 넓이"
"260711_원의 성질(10).pdf","3de44f42254876f1c6ad29ab8a928309cb78c74423cee0e9b622504b6a934569","066","17","84","원주각과 삼각비의 값(2); 선분의 길이, 넓이"
"260711_원의 성질(10).pdf","3de44f42254876f1c6ad29ab8a928309cb78c74423cee0e9b622504b6a934569","067","18","31","원주각과 삼각비의 값(2); 선분의 길이, 넓이"
"260711_원의 성질(10).pdf","3de44f42254876f1c6ad29ab8a928309cb78c74423cee0e9b622504b6a934569","068","18","30","원주각과 삼각비의 값(2); 선분의 길이, 넓이"
"260711_원의 성질(10).pdf","3de44f42254876f1c6ad29ab8a928309cb78c74423cee0e9b622504b6a934569","069","18","31","원주각과 삼각비의 값(2); 선분의 길이, 넓이"
"260711_원의 성질(10).pdf","3de44f42254876f1c6ad29ab8a928309cb78c74423cee0e9b622504b6a934569","070","18","53","원주각과 삼각비의 값(2); 선분의 길이, 넓이"
"260711_원의 성질(10).pdf","3de44f42254876f1c6ad29ab8a928309cb78c74423cee0e9b622504b6a934569","071","19","71","원주각의 크기와 호의 길이(1)"
"260711_원의 성질(10).pdf","3de44f42254876f1c6ad29ab8a928309cb78c74423cee0e9b622504b6a934569","072","19","49","원주각의 크기와 호의 길이(1)"
"260711_원의 성질(10).pdf","3de44f42254876f1c6ad29ab8a928309cb78c74423cee0e9b622504b6a934569","073","19","40","원주각의 크기와 호의 길이(1)"
"260711_원의 성질(10).pdf","3de44f42254876f1c6ad29ab8a928309cb78c74423cee0e9b622504b6a934569","074","19","68","원주각의 크기와 호의 길이(1)"
"260711_원의 성질(10).pdf","3de44f42254876f1c6ad29ab8a928309cb78c74423cee0e9b622504b6a934569","075","20","30","원주각의 크기와 호의 길이(1)"
"260711_원의 성질(10).pdf","3de44f42254876f1c6ad29ab8a928309cb78c74423cee0e9b622504b6a934569","076","20","62","원주각의 크기와 호의 길이(1)"
"260711_원의 성질(10).pdf","3de44f42254876f1c6ad29ab8a928309cb78c74423cee0e9b622504b6a934569","077","20","71","원주각의 크기와 호의 길이(2)"
"260711_원의 성질(10).pdf","3de44f42254876f1c6ad29ab8a928309cb78c74423cee0e9b622504b6a934569","078","20","71","원주각의 크기와 호의 길이(2)"
"260711_원의 성질(10).pdf","3de44f42254876f1c6ad29ab8a928309cb78c74423cee0e9b622504b6a934569","079","21","84","원주각의 크기와 호의 길이(2)"
"260711_원의 성질(10).pdf","3de44f42254876f1c6ad29ab8a928309cb78c74423cee0e9b622504b6a934569","080","21","80","원주각의 크기와 호의 길이(2)"
"260711_원의 성질(10).pdf","3de44f42254876f1c6ad29ab8a928309cb78c74423cee0e9b622504b6a934569","081","21","80","원주각의 크기와 호의 길이(2)"
"260711_원의 성질(10).pdf","3de44f42254876f1c6ad29ab8a928309cb78c74423cee0e9b622504b6a934569","082","21","68","원주각의 크기와 호의 길이(2)"
"260711_원의 성질(10).pdf","3de44f42254876f1c6ad29ab8a928309cb78c74423cee0e9b622504b6a934569","083","22","74","원주각의 크기와 호의 길이(2)"
"260711_원의 성질(10).pdf","3de44f42254876f1c6ad29ab8a928309cb78c74423cee0e9b622504b6a934569","084","22","65","원주각의 크기와 호의 길이(2)"
"260711_원의 성질(10).pdf","3de44f42254876f1c6ad29ab8a928309cb78c74423cee0e9b622504b6a934569","085","22","76","원주각의 크기와 호의 길이(2)"
"260711_원의 성질(10).pdf","3de44f42254876f1c6ad29ab8a928309cb78c74423cee0e9b622504b6a934569","086","22","78","원주각의 크기와 호의 길이(3)"
"260711_원의 성질(10).pdf","3de44f42254876f1c6ad29ab8a928309cb78c74423cee0e9b622504b6a934569","087","23","50","원주각의 크기와 호의 길이(3)"
"260711_원의 성질(10).pdf","3de44f42254876f1c6ad29ab8a928309cb78c74423cee0e9b622504b6a934569","088","23","57","원주각의 크기와 호의 길이(3)"
"260711_원의 성질(10).pdf","3de44f42254876f1c6ad29ab8a928309cb78c74423cee0e9b622504b6a934569","089","23","74","원주각의 크기와 호의 길이(3)"
"260711_원의 성질(10).pdf","3de44f42254876f1c6ad29ab8a928309cb78c74423cee0e9b622504b6a934569","090","23","76","원주각의 크기와 호의 길이(3)"
"260711_원의 성질(10).pdf","3de44f42254876f1c6ad29ab8a928309cb78c74423cee0e9b622504b6a934569","091","24","78","원주각의 크기와 호의 길이(3)"
"260711_원의 성질(10).pdf","3de44f42254876f1c6ad29ab8a928309cb78c74423cee0e9b622504b6a934569","092","24","76","원주각의 크기와 호의 길이(3)"
"260711_원의 성질(10).pdf","3de44f42254876f1c6ad29ab8a928309cb78c74423cee0e9b622504b6a934569","093","24","58","네 점이 한 원에 있기 위한 조건"
"260711_원의 성질(10).pdf","3de44f42254876f1c6ad29ab8a928309cb78c74423cee0e9b622504b6a934569","094","24","69","네 점이 한 원에 있기 위한 조건"
"260711_원의 성질(10).pdf","3de44f42254876f1c6ad29ab8a928309cb78c74423cee0e9b622504b6a934569","095","25","62","네 점이 한 원에 있기 위한 조건"
"260711_원의 성질(10).pdf","3de44f42254876f1c6ad29ab8a928309cb78c74423cee0e9b622504b6a934569","096","25","80","네 점이 한 원에 있기 위한 조건"
"260711_원의 성질(10).pdf","3de44f42254876f1c6ad29ab8a928309cb78c74423cee0e9b622504b6a934569","097","25","78","네 점이 한 원에 있기 위한 조건"
"260711_원의 성질(10).pdf","3de44f42254876f1c6ad29ab8a928309cb78c74423cee0e9b622504b6a934569","098","26","79","네 점이 한 원에 있기 위한 조건"
"260711_원의 성질(10).pdf","3de44f42254876f1c6ad29ab8a928309cb78c74423cee0e9b622504b6a934569","099","26","78","원에 내접하는 사각형의 성질(1)"
"260711_원의 성질(10).pdf","3de44f42254876f1c6ad29ab8a928309cb78c74423cee0e9b622504b6a934569","100","26","92","원에 내접하는 사각형의 성질(1)"
"260711_원의 성질(10).pdf","3de44f42254876f1c6ad29ab8a928309cb78c74423cee0e9b622504b6a934569","101","27","51","원에 내접하는 사각형의 성질(1)"
"260711_원의 성질(10).pdf","3de44f42254876f1c6ad29ab8a928309cb78c74423cee0e9b622504b6a934569","102","27","49","원에 내접하는 사각형의 성질(1)"
"260711_원의 성질(10).pdf","3de44f42254876f1c6ad29ab8a928309cb78c74423cee0e9b622504b6a934569","103","27","73","원에 내접하는 사각형의 성질(1)"
"260711_원의 성질(10).pdf","3de44f42254876f1c6ad29ab8a928309cb78c74423cee0e9b622504b6a934569","104","27","79","원에 내접하는 사각형의 성질(1)"
"260711_원의 성질(10).pdf","3de44f42254876f1c6ad29ab8a928309cb78c74423cee0e9b622504b6a934569","105","28","85","원에 내접하는 사각형의 성질(1)"
"260711_원의 성질(10).pdf","3de44f42254876f1c6ad29ab8a928309cb78c74423cee0e9b622504b6a934569","106","28","77","원에 내접하는 사각형의 성질(1)"
"260711_원의 성질(10).pdf","3de44f42254876f1c6ad29ab8a928309cb78c74423cee0e9b622504b6a934569","107","28","72","원에 내접하는 사각형의 성질(2)"
"260711_원의 성질(10).pdf","3de44f42254876f1c6ad29ab8a928309cb78c74423cee0e9b622504b6a934569","108","28","64","원에 내접하는 사각형의 성질(2)"
"260711_원의 성질(10).pdf","3de44f42254876f1c6ad29ab8a928309cb78c74423cee0e9b622504b6a934569","109","29","89","원에 내접하는 사각형의 성질(2)"
"260711_원의 성질(10).pdf","3de44f42254876f1c6ad29ab8a928309cb78c74423cee0e9b622504b6a934569","110","29","87","원에 내접하는 사각형의 성질(2)"
"260711_원의 성질(10).pdf","3de44f42254876f1c6ad29ab8a928309cb78c74423cee0e9b622504b6a934569","111","29","75","원에 내접하는 사각형의 성질(2)"
"260711_원의 성질(10).pdf","3de44f42254876f1c6ad29ab8a928309cb78c74423cee0e9b622504b6a934569","112","29","86","원에 내접하는 사각형의 성질(2)"
"260711_원의 성질(10).pdf","3de44f42254876f1c6ad29ab8a928309cb78c74423cee0e9b622504b6a934569","113","30","88","원에 내접하는 사각형의 성질(2)"
"260711_원의 성질(10).pdf","3de44f42254876f1c6ad29ab8a928309cb78c74423cee0e9b622504b6a934569","114","30","65","원에 내접하는 다각형"
"260711_원의 성질(10).pdf","3de44f42254876f1c6ad29ab8a928309cb78c74423cee0e9b622504b6a934569","115","31","57","원에 내접하는 다각형"
"260711_원의 성질(10).pdf","3de44f42254876f1c6ad29ab8a928309cb78c74423cee0e9b622504b6a934569","116","31","81","원에 내접하는 다각형"
"260711_원의 성질(10).pdf","3de44f42254876f1c6ad29ab8a928309cb78c74423cee0e9b622504b6a934569","117","31","70","원에 내접하는 다각형"
"260711_원의 성질(10).pdf","3de44f42254876f1c6ad29ab8a928309cb78c74423cee0e9b622504b6a934569","118","31","68","원에 내접하는 다각형"
"260711_원의 성질(10).pdf","3de44f42254876f1c6ad29ab8a928309cb78c74423cee0e9b622504b6a934569","119","32","73","원에 내접하는 다각형"
"260711_원의 성질(10).pdf","3de44f42254876f1c6ad29ab8a928309cb78c74423cee0e9b622504b6a934569","120","32","70","두 원에서 내접하는 사각형의 성질의 활용"
"260711_원의 성질(10).pdf","3de44f42254876f1c6ad29ab8a928309cb78c74423cee0e9b622504b6a934569","121","32","91","두 원에서 내접하는 사각형의 성질의 활용"
"260711_원의 성질(10).pdf","3de44f42254876f1c6ad29ab8a928309cb78c74423cee0e9b622504b6a934569","122","32","79","두 원에서 내접하는 사각형의 성질의 활용"
"260711_원의 성질(10).pdf","3de44f42254876f1c6ad29ab8a928309cb78c74423cee0e9b622504b6a934569","123","33","77","접선과 현이 이루는 각; 원주각"
"260711_원의 성질(10).pdf","3de44f42254876f1c6ad29ab8a928309cb78c74423cee0e9b622504b6a934569","124","33","86","접선과 현이 이루는 각; 원주각"
"260711_원의 성질(10).pdf","3de44f42254876f1c6ad29ab8a928309cb78c74423cee0e9b622504b6a934569","125","33","92","접선과 현이 이루는 각; 원주각"
"260711_원의 성질(10).pdf","3de44f42254876f1c6ad29ab8a928309cb78c74423cee0e9b622504b6a934569","126","33","87","접선과 현이 이루는 각; 원주각"
"260711_원의 성질(10).pdf","3de44f42254876f1c6ad29ab8a928309cb78c74423cee0e9b622504b6a934569","127","34","50","접선과 현이 이루는 각; 원주각"
"260711_원의 성질(10).pdf","3de44f42254876f1c6ad29ab8a928309cb78c74423cee0e9b622504b6a934569","128","34","61","접선과 현이 이루는 각; 원주각"
"260711_원의 성질(10).pdf","3de44f42254876f1c6ad29ab8a928309cb78c74423cee0e9b622504b6a934569","129","34","75","접선과 현이 이루는 각; 원주각"
"260711_원의 성질(10).pdf","3de44f42254876f1c6ad29ab8a928309cb78c74423cee0e9b622504b6a934569","130","35","70","접선과 현이 이루는 각의 활용(1); 현이 중심을 지나지 않는 경우"
"260711_원의 성질(10).pdf","3de44f42254876f1c6ad29ab8a928309cb78c74423cee0e9b622504b6a934569","131","35","78","접선과 현이 이루는 각의 활용(1); 현이 중심을 지나지 않는 경우"
"260711_원의 성질(10).pdf","3de44f42254876f1c6ad29ab8a928309cb78c74423cee0e9b622504b6a934569","132","35","89","접선과 현이 이루는 각의 활용(1); 현이 중심을 지나지 않는 경우"
"260711_원의 성질(10).pdf","3de44f42254876f1c6ad29ab8a928309cb78c74423cee0e9b622504b6a934569","133","35","70","접선과 현이 이루는 각의 활용(1); 현이 중심을 지나지 않는 경우"
"260711_원의 성질(10).pdf","3de44f42254876f1c6ad29ab8a928309cb78c74423cee0e9b622504b6a934569","134","36","81","접선과 현이 이루는 각의 활용(1); 현이 중심을 지나지 않는 경우"
"260711_원의 성질(10).pdf","3de44f42254876f1c6ad29ab8a928309cb78c74423cee0e9b622504b6a934569","135","36","88","접선과 현이 이루는 각의 활용(1); 현이 중심을 지나지 않는 경우"
"260711_원의 성질(10).pdf","3de44f42254876f1c6ad29ab8a928309cb78c74423cee0e9b622504b6a934569","136","36","73","접선과 현이 이루는 각의 활용(1); 현이 중심을 지나지 않는 경우"
"260711_원의 성질(10).pdf","3de44f42254876f1c6ad29ab8a928309cb78c74423cee0e9b622504b6a934569","137","36","86","접선과 현이 이루는 각의 활용(1); 현이 중심을 지나지 않는 경우"
"260711_원의 성질(10).pdf","3de44f42254876f1c6ad29ab8a928309cb78c74423cee0e9b622504b6a934569","138","37","80","접선과 현이 이루는 각의 활용(1); 현이 중심을 지나지 않는 경우"
"260711_원의 성질(10).pdf","3de44f42254876f1c6ad29ab8a928309cb78c74423cee0e9b622504b6a934569","139","37","75","접선과 현이 이루는 각의 활용(1); 현이 중심을 지나지 않는 경우"
"260711_원의 성질(10).pdf","3de44f42254876f1c6ad29ab8a928309cb78c74423cee0e9b622504b6a934569","140","37","65","접선과 현이 이루는 각의 활용(2); 현이 중심을 지나는 경우"
"260711_원의 성질(10).pdf","3de44f42254876f1c6ad29ab8a928309cb78c74423cee0e9b622504b6a934569","141","37","70","접선과 현이 이루는 각의 활용(2); 현이 중심을 지나는 경우"
"260711_원의 성질(10).pdf","3de44f42254876f1c6ad29ab8a928309cb78c74423cee0e9b622504b6a934569","142","38","68","접선과 현이 이루는 각의 활용(2); 현이 중심을 지나는 경우"
"260711_원의 성질(10).pdf","3de44f42254876f1c6ad29ab8a928309cb78c74423cee0e9b622504b6a934569","143","38","69","접선과 현이 이루는 각의 활용(2); 현이 중심을 지나는 경우"
"260711_원의 성질(10).pdf","3de44f42254876f1c6ad29ab8a928309cb78c74423cee0e9b622504b6a934569","144","38","84","접선과 현이 이루는 각의 활용(2); 현이 중심을 지나는 경우"
"260711_원의 성질(10).pdf","3de44f42254876f1c6ad29ab8a928309cb78c74423cee0e9b622504b6a934569","145","38","76","접선과 현이 이루는 각의 활용(2); 현이 중심을 지나는 경우"
"260711_원의 성질(10).pdf","3de44f42254876f1c6ad29ab8a928309cb78c74423cee0e9b622504b6a934569","146","39","56","접선과 현이 이루는 각의 활용(2); 현이 중심을 지나는 경우"
"260711_원의 성질(10).pdf","3de44f42254876f1c6ad29ab8a928309cb78c74423cee0e9b622504b6a934569","147","39","63","접선과 현이 이루는 각의 활용(2); 현이 중심을 지나는 경우"
"260711_원의 성질(10).pdf","3de44f42254876f1c6ad29ab8a928309cb78c74423cee0e9b622504b6a934569","148","39","86","접선과 현이 이루는 각의 활용(3); 한 점에서 원에 그은 두 접선"
"260711_원의 성질(10).pdf","3de44f42254876f1c6ad29ab8a928309cb78c74423cee0e9b622504b6a934569","149","39","80","접선과 현이 이루는 각의 활용(3); 한 점에서 원에 그은 두 접선"
"260711_원의 성질(10).pdf","3de44f42254876f1c6ad29ab8a928309cb78c74423cee0e9b622504b6a934569","150","40","46","접선과 현이 이루는 각의 활용(3); 한 점에서 원에 그은 두 접선"
"260711_원의 성질(11).pdf","b6d01f31109e67e07e6ed5eb4df61f67220fd71e5bd53035d450d54f2ca40068","001","1","64","원의 중심과 현의 수직이등분선(1)"
"260711_원의 성질(11).pdf","b6d01f31109e67e07e6ed5eb4df61f67220fd71e5bd53035d450d54f2ca40068","002","1","49","원의 중심과 현의 수직이등분선(1)"
"260711_원의 성질(11).pdf","b6d01f31109e67e07e6ed5eb4df61f67220fd71e5bd53035d450d54f2ca40068","003","1","48","현의 길이(1); 중심에서 같은 거리의 두 현"
"260711_원의 성질(11).pdf","b6d01f31109e67e07e6ed5eb4df61f67220fd71e5bd53035d450d54f2ca40068","004","1","83","반원에서의 접선"
"260711_원의 성질(11).pdf","b6d01f31109e67e07e6ed5eb4df61f67220fd71e5bd53035d450d54f2ca40068","005","2","67","반원에서의 접선"
"260711_원의 성질(11).pdf","b6d01f31109e67e07e6ed5eb4df61f67220fd71e5bd53035d450d54f2ca40068","006","2","73","반원에서의 접선"
"260711_원의 성질(11).pdf","b6d01f31109e67e07e6ed5eb4df61f67220fd71e5bd53035d450d54f2ca40068","007","2","58","반원에서의 접선"
"260711_원의 성질(11).pdf","b6d01f31109e67e07e6ed5eb4df61f67220fd71e5bd53035d450d54f2ca40068","008","2","77","반원에서의 접선"
"260711_원의 성질(11).pdf","b6d01f31109e67e07e6ed5eb4df61f67220fd71e5bd53035d450d54f2ca40068","009","3","75","반원에서의 접선"
"260711_원의 성질(11).pdf","b6d01f31109e67e07e6ed5eb4df61f67220fd71e5bd53035d450d54f2ca40068","010","3","75","반원에서의 접선"
"260711_원의 성질(11).pdf","b6d01f31109e67e07e6ed5eb4df61f67220fd71e5bd53035d450d54f2ca40068","011","3","51","반원에서의 접선"
"260711_원의 성질(11).pdf","b6d01f31109e67e07e6ed5eb4df61f67220fd71e5bd53035d450d54f2ca40068","012","3","68","반원에서의 접선"
"260711_원의 성질(11).pdf","b6d01f31109e67e07e6ed5eb4df61f67220fd71e5bd53035d450d54f2ca40068","013","4","60","반원에서의 접선"
"260711_원의 성질(11).pdf","b6d01f31109e67e07e6ed5eb4df61f67220fd71e5bd53035d450d54f2ca40068","014","4","87","삼각형의 내접원"
"260711_원의 성질(11).pdf","b6d01f31109e67e07e6ed5eb4df61f67220fd71e5bd53035d450d54f2ca40068","015","4","77","삼각형의 내접원"
"260711_원의 성질(11).pdf","b6d01f31109e67e07e6ed5eb4df61f67220fd71e5bd53035d450d54f2ca40068","016","4","60","삼각형의 내접원"
"260711_원의 성질(11).pdf","b6d01f31109e67e07e6ed5eb4df61f67220fd71e5bd53035d450d54f2ca40068","017","5","54","원에 외접하는 사각형의 성질의 활용(1); 직사각형"
"260711_원의 성질(11).pdf","b6d01f31109e67e07e6ed5eb4df61f67220fd71e5bd53035d450d54f2ca40068","018","5","68","원에 외접하는 사각형의 성질의 활용(1); 직사각형"
"260711_원의 성질(11).pdf","b6d01f31109e67e07e6ed5eb4df61f67220fd71e5bd53035d450d54f2ca40068","019","5","61","원에 외접하는 사각형의 성질의 활용(1); 직사각형"
"260711_원의 성질(11).pdf","b6d01f31109e67e07e6ed5eb4df61f67220fd71e5bd53035d450d54f2ca40068","020","5","45","원에 외접하는 사각형의 성질의 활용(1); 직사각형"
"260711_원의 성질(11).pdf","b6d01f31109e67e07e6ed5eb4df61f67220fd71e5bd53035d450d54f2ca40068","021","6","78","원에 외접하는 사각형의 성질의 활용(1); 직사각형"
"260711_원의 성질(11).pdf","b6d01f31109e67e07e6ed5eb4df61f67220fd71e5bd53035d450d54f2ca40068","022","6","61","원에 외접하는 사각형의 성질의 활용(1); 직사각형"
"260711_원의 성질(11).pdf","b6d01f31109e67e07e6ed5eb4df61f67220fd71e5bd53035d450d54f2ca40068","023","6","63","원에 외접하는 사각형의 성질의 활용(1); 직사각형"
"260711_원의 성질(11).pdf","b6d01f31109e67e07e6ed5eb4df61f67220fd71e5bd53035d450d54f2ca40068","024","7","87","원에 외접하는 사각형의 성질의 활용(1); 직사각형"
"260711_원의 성질(11).pdf","b6d01f31109e67e07e6ed5eb4df61f67220fd71e5bd53035d450d54f2ca40068","025","7","70","원에 외접하는 사각형의 성질의 활용(1); 직사각형"
"260711_원의 성질(11).pdf","b6d01f31109e67e07e6ed5eb4df61f67220fd71e5bd53035d450d54f2ca40068","026","7","47","원주각과 중심각의 크기(1)"
"260711_원의 성질(11).pdf","b6d01f31109e67e07e6ed5eb4df61f67220fd71e5bd53035d450d54f2ca40068","027","7","49","원주각과 중심각의 크기(1)"
"260711_원의 성질(11).pdf","b6d01f31109e67e07e6ed5eb4df61f67220fd71e5bd53035d450d54f2ca40068","028","8","66","원주각과 중심각의 크기(1)"
"260711_원의 성질(11).pdf","b6d01f31109e67e07e6ed5eb4df61f67220fd71e5bd53035d450d54f2ca40068","029","8","69","원주각과 중심각의 크기(1)"
"260711_원의 성질(11).pdf","b6d01f31109e67e07e6ed5eb4df61f67220fd71e5bd53035d450d54f2ca40068","030","8","64","원주각과 중심각의 크기(1)"
"260711_원의 성질(11).pdf","b6d01f31109e67e07e6ed5eb4df61f67220fd71e5bd53035d450d54f2ca40068","031","8","62","원주각과 중심각의 크기(1)"
"260711_원의 성질(11).pdf","b6d01f31109e67e07e6ed5eb4df61f67220fd71e5bd53035d450d54f2ca40068","032","9","79","원주각과 중심각의 크기(1)"
"260711_원의 성질(11).pdf","b6d01f31109e67e07e6ed5eb4df61f67220fd71e5bd53035d450d54f2ca40068","033","9","67","원주각과 중심각의 크기(1)"
"260711_원의 성질(11).pdf","b6d01f31109e67e07e6ed5eb4df61f67220fd71e5bd53035d450d54f2ca40068","034","9","61","원주각과 중심각의 크기(1)"
"260711_원의 성질(11).pdf","b6d01f31109e67e07e6ed5eb4df61f67220fd71e5bd53035d450d54f2ca40068","035","9","82","원주각의 성질(1); 한 호"
"260711_원의 성질(11).pdf","b6d01f31109e67e07e6ed5eb4df61f67220fd71e5bd53035d450d54f2ca40068","036","10","78","원주각의 성질(1); 한 호"
"260711_원의 성질(11).pdf","b6d01f31109e67e07e6ed5eb4df61f67220fd71e5bd53035d450d54f2ca40068","037","10","48","원주각의 성질(1); 한 호"
"260711_원의 성질(11).pdf","b6d01f31109e67e07e6ed5eb4df61f67220fd71e5bd53035d450d54f2ca40068","038","11","83","원주각의 성질(1); 한 호"
"260711_원의 성질(11).pdf","b6d01f31109e67e07e6ed5eb4df61f67220fd71e5bd53035d450d54f2ca40068","039","11","84","원주각의 성질(1); 한 호"
"260711_원의 성질(11).pdf","b6d01f31109e67e07e6ed5eb4df61f67220fd71e5bd53035d450d54f2ca40068","040","11","50","원주각의 성질(1); 한 호"
"260711_원의 성질(11).pdf","b6d01f31109e67e07e6ed5eb4df61f67220fd71e5bd53035d450d54f2ca40068","041","11","39","원주각의 성질(1); 한 호"
"260711_원의 성질(11).pdf","b6d01f31109e67e07e6ed5eb4df61f67220fd71e5bd53035d450d54f2ca40068","042","12","89","원주각의 성질(1); 한 호"
"260711_원의 성질(11).pdf","b6d01f31109e67e07e6ed5eb4df61f67220fd71e5bd53035d450d54f2ca40068","043","12","62","원주각의 성질(1); 한 호"
"260711_원의 성질(11).pdf","b6d01f31109e67e07e6ed5eb4df61f67220fd71e5bd53035d450d54f2ca40068","044","12","68","원주각의 성질(2); 반원"
"260711_원의 성질(11).pdf","b6d01f31109e67e07e6ed5eb4df61f67220fd71e5bd53035d450d54f2ca40068","045","12","70","원주각의 성질(2); 반원"
"260711_원의 성질(11).pdf","b6d01f31109e67e07e6ed5eb4df61f67220fd71e5bd53035d450d54f2ca40068","046","13","81","원주각의 성질(2); 반원"
"260711_원의 성질(11).pdf","b6d01f31109e67e07e6ed5eb4df61f67220fd71e5bd53035d450d54f2ca40068","047","13","45","원주각의 성질(2); 반원"
"260711_원의 성질(11).pdf","b6d01f31109e67e07e6ed5eb4df61f67220fd71e5bd53035d450d54f2ca40068","048","13","78","원주각의 성질(2); 반원"
"260711_원의 성질(11).pdf","b6d01f31109e67e07e6ed5eb4df61f67220fd71e5bd53035d450d54f2ca40068","049","13","92","원주각의 성질(2); 반원"
"260711_원의 성질(11).pdf","b6d01f31109e67e07e6ed5eb4df61f67220fd71e5bd53035d450d54f2ca40068","050","14","89","원주각의 성질(2); 반원"
"260711_원의 성질(11).pdf","b6d01f31109e67e07e6ed5eb4df61f67220fd71e5bd53035d450d54f2ca40068","051","14","74","원주각의 성질(2); 반원"
"260711_원의 성질(11).pdf","b6d01f31109e67e07e6ed5eb4df61f67220fd71e5bd53035d450d54f2ca40068","052","14","78","원주각의 성질(2); 반원"
"260711_원의 성질(11).pdf","b6d01f31109e67e07e6ed5eb4df61f67220fd71e5bd53035d450d54f2ca40068","053","14","69","원주각과 삼각비의 값(2); 선분의 길이, 넓이"
"260711_원의 성질(11).pdf","b6d01f31109e67e07e6ed5eb4df61f67220fd71e5bd53035d450d54f2ca40068","054","15","66","원주각과 삼각비의 값(2); 선분의 길이, 넓이"
"260711_원의 성질(11).pdf","b6d01f31109e67e07e6ed5eb4df61f67220fd71e5bd53035d450d54f2ca40068","055","15","77","원주각과 삼각비의 값(2); 선분의 길이, 넓이"
"260711_원의 성질(11).pdf","b6d01f31109e67e07e6ed5eb4df61f67220fd71e5bd53035d450d54f2ca40068","056","15","52","원주각과 삼각비의 값(2); 선분의 길이, 넓이"
"260711_원의 성질(11).pdf","b6d01f31109e67e07e6ed5eb4df61f67220fd71e5bd53035d450d54f2ca40068","057","15","68","원주각과 삼각비의 값(2); 선분의 길이, 넓이"
"260711_원의 성질(11).pdf","b6d01f31109e67e07e6ed5eb4df61f67220fd71e5bd53035d450d54f2ca40068","058","16","64","원주각의 크기와 호의 길이(1)"
"260711_원의 성질(11).pdf","b6d01f31109e67e07e6ed5eb4df61f67220fd71e5bd53035d450d54f2ca40068","059","16","60","원주각의 크기와 호의 길이(1)"
"260711_원의 성질(11).pdf","b6d01f31109e67e07e6ed5eb4df61f67220fd71e5bd53035d450d54f2ca40068","060","16","58","원주각의 크기와 호의 길이(1)"
"260711_원의 성질(11).pdf","b6d01f31109e67e07e6ed5eb4df61f67220fd71e5bd53035d450d54f2ca40068","061","16","69","원주각의 크기와 호의 길이(1)"
"260711_원의 성질(11).pdf","b6d01f31109e67e07e6ed5eb4df61f67220fd71e5bd53035d450d54f2ca40068","062","17","77","원주각의 크기와 호의 길이(1)"
"260711_원의 성질(11).pdf","b6d01f31109e67e07e6ed5eb4df61f67220fd71e5bd53035d450d54f2ca40068","063","17","66","원주각의 크기와 호의 길이(2)"
"260711_원의 성질(11).pdf","b6d01f31109e67e07e6ed5eb4df61f67220fd71e5bd53035d450d54f2ca40068","064","17","50","원주각의 크기와 호의 길이(2)"
"260711_원의 성질(11).pdf","b6d01f31109e67e07e6ed5eb4df61f67220fd71e5bd53035d450d54f2ca40068","065","17","49","원주각의 크기와 호의 길이(2)"
"260711_원의 성질(11).pdf","b6d01f31109e67e07e6ed5eb4df61f67220fd71e5bd53035d450d54f2ca40068","066","18","50","원주각의 크기와 호의 길이(2)"
"260711_원의 성질(11).pdf","b6d01f31109e67e07e6ed5eb4df61f67220fd71e5bd53035d450d54f2ca40068","067","18","78","원주각의 크기와 호의 길이(2)"
"260711_원의 성질(11).pdf","b6d01f31109e67e07e6ed5eb4df61f67220fd71e5bd53035d450d54f2ca40068","068","18","79","원주각의 크기와 호의 길이(2)"
"260711_원의 성질(11).pdf","b6d01f31109e67e07e6ed5eb4df61f67220fd71e5bd53035d450d54f2ca40068","069","18","77","원주각의 크기와 호의 길이(2)"
"260711_원의 성질(11).pdf","b6d01f31109e67e07e6ed5eb4df61f67220fd71e5bd53035d450d54f2ca40068","070","19","79","원주각의 크기와 호의 길이(2)"
"260711_원의 성질(11).pdf","b6d01f31109e67e07e6ed5eb4df61f67220fd71e5bd53035d450d54f2ca40068","071","19","50","원주각의 크기와 호의 길이(2)"
"260711_원의 성질(11).pdf","b6d01f31109e67e07e6ed5eb4df61f67220fd71e5bd53035d450d54f2ca40068","072","19","50","원주각의 크기와 호의 길이(2)"
"260711_원의 성질(11).pdf","b6d01f31109e67e07e6ed5eb4df61f67220fd71e5bd53035d450d54f2ca40068","073","19","70","원주각의 크기와 호의 길이(2)"
"260711_원의 성질(11).pdf","b6d01f31109e67e07e6ed5eb4df61f67220fd71e5bd53035d450d54f2ca40068","074","20","69","원주각의 크기와 호의 길이(2)"
"260711_원의 성질(11).pdf","b6d01f31109e67e07e6ed5eb4df61f67220fd71e5bd53035d450d54f2ca40068","075","20","74","원주각의 크기와 호의 길이(2)"
"260711_원의 성질(11).pdf","b6d01f31109e67e07e6ed5eb4df61f67220fd71e5bd53035d450d54f2ca40068","076","20","81","원주각의 크기와 호의 길이(2)"
"260711_원의 성질(11).pdf","b6d01f31109e67e07e6ed5eb4df61f67220fd71e5bd53035d450d54f2ca40068","077","20","73","원주각의 크기와 호의 길이(2)"
"260711_원의 성질(11).pdf","b6d01f31109e67e07e6ed5eb4df61f67220fd71e5bd53035d450d54f2ca40068","078","21","67","원주각의 크기와 호의 길이(2)"
"260711_원의 성질(11).pdf","b6d01f31109e67e07e6ed5eb4df61f67220fd71e5bd53035d450d54f2ca40068","079","21","88","원주각의 크기와 호의 길이(3)"
"260711_원의 성질(11).pdf","b6d01f31109e67e07e6ed5eb4df61f67220fd71e5bd53035d450d54f2ca40068","080","21","82","원주각의 크기와 호의 길이(3)"
"260711_원의 성질(11).pdf","b6d01f31109e67e07e6ed5eb4df61f67220fd71e5bd53035d450d54f2ca40068","081","21","82","원주각의 크기와 호의 길이(3)"
"260711_원의 성질(11).pdf","b6d01f31109e67e07e6ed5eb4df61f67220fd71e5bd53035d450d54f2ca40068","082","22","75","원주각의 크기와 호의 길이(3)"
"260711_원의 성질(11).pdf","b6d01f31109e67e07e6ed5eb4df61f67220fd71e5bd53035d450d54f2ca40068","083","22","66","원주각의 크기와 호의 길이(3)"
"260711_원의 성질(11).pdf","b6d01f31109e67e07e6ed5eb4df61f67220fd71e5bd53035d450d54f2ca40068","084","22","74","원주각의 크기와 호의 길이(3)"
"260711_원의 성질(11).pdf","b6d01f31109e67e07e6ed5eb4df61f67220fd71e5bd53035d450d54f2ca40068","085","22","60","원주각의 크기와 호의 길이(3)"
"260711_원의 성질(11).pdf","b6d01f31109e67e07e6ed5eb4df61f67220fd71e5bd53035d450d54f2ca40068","086","23","87","원주각의 크기와 호의 길이(3)"
"260711_원의 성질(11).pdf","b6d01f31109e67e07e6ed5eb4df61f67220fd71e5bd53035d450d54f2ca40068","087","23","71","원주각의 크기와 호의 길이(3)"
"260711_원의 성질(11).pdf","b6d01f31109e67e07e6ed5eb4df61f67220fd71e5bd53035d450d54f2ca40068","088","23","50","네 점이 한 원에 있기 위한 조건"
"260711_원의 성질(11).pdf","b6d01f31109e67e07e6ed5eb4df61f67220fd71e5bd53035d450d54f2ca40068","089","23","57","네 점이 한 원에 있기 위한 조건"
"260711_원의 성질(11).pdf","b6d01f31109e67e07e6ed5eb4df61f67220fd71e5bd53035d450d54f2ca40068","090","24","69","네 점이 한 원에 있기 위한 조건"
"260711_원의 성질(11).pdf","b6d01f31109e67e07e6ed5eb4df61f67220fd71e5bd53035d450d54f2ca40068","091","24","64","네 점이 한 원에 있기 위한 조건"
"260711_원의 성질(11).pdf","b6d01f31109e67e07e6ed5eb4df61f67220fd71e5bd53035d450d54f2ca40068","092","24","62","네 점이 한 원에 있기 위한 조건"
"260711_원의 성질(11).pdf","b6d01f31109e67e07e6ed5eb4df61f67220fd71e5bd53035d450d54f2ca40068","093","24","50","네 점이 한 원에 있기 위한 조건"
"260711_원의 성질(11).pdf","b6d01f31109e67e07e6ed5eb4df61f67220fd71e5bd53035d450d54f2ca40068","094","25","67","네 점이 한 원에 있기 위한 조건"
"260711_원의 성질(11).pdf","b6d01f31109e67e07e6ed5eb4df61f67220fd71e5bd53035d450d54f2ca40068","095","25","75","네 점이 한 원에 있기 위한 조건"
"260711_원의 성질(11).pdf","b6d01f31109e67e07e6ed5eb4df61f67220fd71e5bd53035d450d54f2ca40068","096","25","62","네 점이 한 원에 있기 위한 조건"
"260711_원의 성질(11).pdf","b6d01f31109e67e07e6ed5eb4df61f67220fd71e5bd53035d450d54f2ca40068","097","25","78","원에 내접하는 사각형의 성질(1)"
"260711_원의 성질(11).pdf","b6d01f31109e67e07e6ed5eb4df61f67220fd71e5bd53035d450d54f2ca40068","098","26","85","원에 내접하는 사각형의 성질(1)"
"260711_원의 성질(11).pdf","b6d01f31109e67e07e6ed5eb4df61f67220fd71e5bd53035d450d54f2ca40068","099","26","90","원에 내접하는 사각형의 성질(1)"
"260711_원의 성질(11).pdf","b6d01f31109e67e07e6ed5eb4df61f67220fd71e5bd53035d450d54f2ca40068","100","26","90","원에 내접하는 사각형의 성질(1)"
"260711_원의 성질(11).pdf","b6d01f31109e67e07e6ed5eb4df61f67220fd71e5bd53035d450d54f2ca40068","101","26","80","원에 내접하는 사각형의 성질(1)"
"260711_원의 성질(11).pdf","b6d01f31109e67e07e6ed5eb4df61f67220fd71e5bd53035d450d54f2ca40068","102","27","66","원에 내접하는 사각형의 성질(1)"
"260711_원의 성질(11).pdf","b6d01f31109e67e07e6ed5eb4df61f67220fd71e5bd53035d450d54f2ca40068","103","27","70","원에 내접하는 사각형의 성질(1)"
"260711_원의 성질(11).pdf","b6d01f31109e67e07e6ed5eb4df61f67220fd71e5bd53035d450d54f2ca40068","104","27","50","원에 내접하는 사각형의 성질(1)"
"260711_원의 성질(11).pdf","b6d01f31109e67e07e6ed5eb4df61f67220fd71e5bd53035d450d54f2ca40068","105","27","85","원에 내접하는 사각형의 성질(1)"
"260711_원의 성질(11).pdf","b6d01f31109e67e07e6ed5eb4df61f67220fd71e5bd53035d450d54f2ca40068","106","28","57","원에 내접하는 사각형의 성질(1)"
"260711_원의 성질(11).pdf","b6d01f31109e67e07e6ed5eb4df61f67220fd71e5bd53035d450d54f2ca40068","107","28","88","원에 내접하는 사각형의 성질(1)"
"260711_원의 성질(11).pdf","b6d01f31109e67e07e6ed5eb4df61f67220fd71e5bd53035d450d54f2ca40068","108","28","89","원에 내접하는 사각형의 성질(1)"
"260711_원의 성질(11).pdf","b6d01f31109e67e07e6ed5eb4df61f67220fd71e5bd53035d450d54f2ca40068","109","28","62","원에 내접하는 사각형의 성질(2)"
"260711_원의 성질(11).pdf","b6d01f31109e67e07e6ed5eb4df61f67220fd71e5bd53035d450d54f2ca40068","110","29","82","원에 내접하는 사각형의 성질(2)"
"260711_원의 성질(11).pdf","b6d01f31109e67e07e6ed5eb4df61f67220fd71e5bd53035d450d54f2ca40068","111","29","79","원에 내접하는 사각형의 성질(2)"
"260711_원의 성질(11).pdf","b6d01f31109e67e07e6ed5eb4df61f67220fd71e5bd53035d450d54f2ca40068","112","29","87","원에 내접하는 사각형의 성질(2)"
"260711_원의 성질(11).pdf","b6d01f31109e67e07e6ed5eb4df61f67220fd71e5bd53035d450d54f2ca40068","113","29","71","원에 내접하는 사각형의 성질(2)"
"260711_원의 성질(11).pdf","b6d01f31109e67e07e6ed5eb4df61f67220fd71e5bd53035d450d54f2ca40068","114","30","71","원에 내접하는 사각형의 성질(2)"
"260711_원의 성질(11).pdf","b6d01f31109e67e07e6ed5eb4df61f67220fd71e5bd53035d450d54f2ca40068","115","30","67","원에 내접하는 사각형의 성질(2)"
"260711_원의 성질(11).pdf","b6d01f31109e67e07e6ed5eb4df61f67220fd71e5bd53035d450d54f2ca40068","116","30","82","원에 내접하는 사각형의 성질(2)"
"260711_원의 성질(11).pdf","b6d01f31109e67e07e6ed5eb4df61f67220fd71e5bd53035d450d54f2ca40068","117","30","78","원에 내접하는 사각형의 성질(2)"
"260711_원의 성질(11).pdf","b6d01f31109e67e07e6ed5eb4df61f67220fd71e5bd53035d450d54f2ca40068","118","31","83","원에 내접하는 사각형의 성질(2)"
"260711_원의 성질(11).pdf","b6d01f31109e67e07e6ed5eb4df61f67220fd71e5bd53035d450d54f2ca40068","119","31","86","원에 내접하는 사각형의 성질(2)"
"260711_원의 성질(11).pdf","b6d01f31109e67e07e6ed5eb4df61f67220fd71e5bd53035d450d54f2ca40068","120","31","39","원에 내접하는 사각형의 성질(2)"
"260711_원의 성질(11).pdf","b6d01f31109e67e07e6ed5eb4df61f67220fd71e5bd53035d450d54f2ca40068","121","31","81","원에 내접하는 사각형의 성질(2)"
"260711_원의 성질(11).pdf","b6d01f31109e67e07e6ed5eb4df61f67220fd71e5bd53035d450d54f2ca40068","122","32","73","원에 내접하는 사각형의 성질(2)"
"260711_원의 성질(11).pdf","b6d01f31109e67e07e6ed5eb4df61f67220fd71e5bd53035d450d54f2ca40068","123","32","64","원에 내접하는 사각형의 성질(2)"
"260711_원의 성질(11).pdf","b6d01f31109e67e07e6ed5eb4df61f67220fd71e5bd53035d450d54f2ca40068","124","32","91","접선과 현이 이루는 각; 원주각"
"260711_원의 성질(11).pdf","b6d01f31109e67e07e6ed5eb4df61f67220fd71e5bd53035d450d54f2ca40068","125","32","87","접선과 현이 이루는 각; 원주각"
"260711_원의 성질(11).pdf","b6d01f31109e67e07e6ed5eb4df61f67220fd71e5bd53035d450d54f2ca40068","126","33","81","접선과 현이 이루는 각; 원주각"
"260711_원의 성질(11).pdf","b6d01f31109e67e07e6ed5eb4df61f67220fd71e5bd53035d450d54f2ca40068","127","33","77","접선과 현이 이루는 각; 원주각"
"260711_원의 성질(11).pdf","b6d01f31109e67e07e6ed5eb4df61f67220fd71e5bd53035d450d54f2ca40068","128","33","82","접선과 현이 이루는 각; 원주각"
"260711_원의 성질(11).pdf","b6d01f31109e67e07e6ed5eb4df61f67220fd71e5bd53035d450d54f2ca40068","129","33","74","접선과 현이 이루는 각; 원주각"
"260711_원의 성질(11).pdf","b6d01f31109e67e07e6ed5eb4df61f67220fd71e5bd53035d450d54f2ca40068","130","34","81","접선과 현이 이루는 각; 원주각"
"260711_원의 성질(11).pdf","b6d01f31109e67e07e6ed5eb4df61f67220fd71e5bd53035d450d54f2ca40068","131","34","79","접선과 현이 이루는 각; 원주각"
"260711_원의 성질(11).pdf","b6d01f31109e67e07e6ed5eb4df61f67220fd71e5bd53035d450d54f2ca40068","132","34","73","접선과 현이 이루는 각; 원주각"
"260711_원의 성질(11).pdf","b6d01f31109e67e07e6ed5eb4df61f67220fd71e5bd53035d450d54f2ca40068","133","34","69","접선과 현이 이루는 각의 활용(1); 현이 중심을 지나지 않는 경우"
"260711_원의 성질(11).pdf","b6d01f31109e67e07e6ed5eb4df61f67220fd71e5bd53035d450d54f2ca40068","134","35","83","접선과 현이 이루는 각의 활용(1); 현이 중심을 지나지 않는 경우"
"260711_원의 성질(11).pdf","b6d01f31109e67e07e6ed5eb4df61f67220fd71e5bd53035d450d54f2ca40068","135","35","90","접선과 현이 이루는 각의 활용(1); 현이 중심을 지나지 않는 경우"
"260711_원의 성질(11).pdf","b6d01f31109e67e07e6ed5eb4df61f67220fd71e5bd53035d450d54f2ca40068","136","35","90","접선과 현이 이루는 각의 활용(1); 현이 중심을 지나지 않는 경우"
"260711_원의 성질(11).pdf","b6d01f31109e67e07e6ed5eb4df61f67220fd71e5bd53035d450d54f2ca40068","137","35","72","접선과 현이 이루는 각의 활용(1); 현이 중심을 지나지 않는 경우"
"260711_원의 성질(11).pdf","b6d01f31109e67e07e6ed5eb4df61f67220fd71e5bd53035d450d54f2ca40068","138","36","60","접선과 현이 이루는 각의 활용(1); 현이 중심을 지나지 않는 경우"
"260711_원의 성질(11).pdf","b6d01f31109e67e07e6ed5eb4df61f67220fd71e5bd53035d450d54f2ca40068","139","36","55","접선과 현이 이루는 각의 활용(1); 현이 중심을 지나지 않는 경우"
"260711_원의 성질(11).pdf","b6d01f31109e67e07e6ed5eb4df61f67220fd71e5bd53035d450d54f2ca40068","140","36","76","접선과 현이 이루는 각의 활용(1); 현이 중심을 지나지 않는 경우"
"260711_원의 성질(11).pdf","b6d01f31109e67e07e6ed5eb4df61f67220fd71e5bd53035d450d54f2ca40068","141","36","71","접선과 현이 이루는 각의 활용(1); 현이 중심을 지나지 않는 경우"
"260711_원의 성질(11).pdf","b6d01f31109e67e07e6ed5eb4df61f67220fd71e5bd53035d450d54f2ca40068","142","37","77","접선과 현이 이루는 각의 활용(2); 현이 중심을 지나는 경우"
"260711_원의 성질(11).pdf","b6d01f31109e67e07e6ed5eb4df61f67220fd71e5bd53035d450d54f2ca40068","143","37","50","접선과 현이 이루는 각의 활용(2); 현이 중심을 지나는 경우"
"260711_원의 성질(11).pdf","b6d01f31109e67e07e6ed5eb4df61f67220fd71e5bd53035d450d54f2ca40068","144","37","50","접선과 현이 이루는 각의 활용(2); 현이 중심을 지나는 경우"
"260711_원의 성질(11).pdf","b6d01f31109e67e07e6ed5eb4df61f67220fd71e5bd53035d450d54f2ca40068","145","37","58","접선과 현이 이루는 각의 활용(2); 현이 중심을 지나는 경우"
"260711_원의 성질(11).pdf","b6d01f31109e67e07e6ed5eb4df61f67220fd71e5bd53035d450d54f2ca40068","146","38","86","접선과 현이 이루는 각의 활용(2); 현이 중심을 지나는 경우"
"260711_원의 성질(11).pdf","b6d01f31109e67e07e6ed5eb4df61f67220fd71e5bd53035d450d54f2ca40068","147","38","81","접선과 현이 이루는 각의 활용(2); 현이 중심을 지나는 경우"
"260711_원의 성질(11).pdf","b6d01f31109e67e07e6ed5eb4df61f67220fd71e5bd53035d450d54f2ca40068","148","38","77","접선과 현이 이루는 각의 활용(2); 현이 중심을 지나는 경우"
"260711_원의 성질(11).pdf","b6d01f31109e67e07e6ed5eb4df61f67220fd71e5bd53035d450d54f2ca40068","149","38","83","접선과 현이 이루는 각의 활용(2); 현이 중심을 지나는 경우"
"260711_원의 성질(11).pdf","b6d01f31109e67e07e6ed5eb4df61f67220fd71e5bd53035d450d54f2ca40068","150","39","70","접선과 현이 이루는 각의 활용(2); 현이 중심을 지나는 경우"
"260711_원의 성질(12).pdf","f72ec176425685ae0180c27097cd82729911516e1a65a35feb98aed4893bbe66","001","1","56","반원에서의 접선"
"260711_원의 성질(12).pdf","f72ec176425685ae0180c27097cd82729911516e1a65a35feb98aed4893bbe66","002","1","56","반원에서의 접선"
"260711_원의 성질(12).pdf","f72ec176425685ae0180c27097cd82729911516e1a65a35feb98aed4893bbe66","003","1","55","반원에서의 접선"
"260711_원의 성질(12).pdf","f72ec176425685ae0180c27097cd82729911516e1a65a35feb98aed4893bbe66","004","2","70","반원에서의 접선"
"260711_원의 성질(12).pdf","f72ec176425685ae0180c27097cd82729911516e1a65a35feb98aed4893bbe66","005","2","55","반원에서의 접선"
"260711_원의 성질(12).pdf","f72ec176425685ae0180c27097cd82729911516e1a65a35feb98aed4893bbe66","006","2","59","반원에서의 접선"
"260711_원의 성질(12).pdf","f72ec176425685ae0180c27097cd82729911516e1a65a35feb98aed4893bbe66","007","3","82","반원에서의 접선"
"260711_원의 성질(12).pdf","f72ec176425685ae0180c27097cd82729911516e1a65a35feb98aed4893bbe66","008","3","65","반원에서의 접선"
"260711_원의 성질(12).pdf","f72ec176425685ae0180c27097cd82729911516e1a65a35feb98aed4893bbe66","009","3","82","반원에서의 접선"
"260711_원의 성질(12).pdf","f72ec176425685ae0180c27097cd82729911516e1a65a35feb98aed4893bbe66","010","3","57","반원에서의 접선"
"260711_원의 성질(12).pdf","f72ec176425685ae0180c27097cd82729911516e1a65a35feb98aed4893bbe66","011","4","86","반원에서의 접선"
"260711_원의 성질(12).pdf","f72ec176425685ae0180c27097cd82729911516e1a65a35feb98aed4893bbe66","012","4","67","반원에서의 접선"
"260711_원의 성질(12).pdf","f72ec176425685ae0180c27097cd82729911516e1a65a35feb98aed4893bbe66","013","4","73","원에 외접하는 사각형의 성질의 활용(1); 직사각형"
"260711_원의 성질(12).pdf","f72ec176425685ae0180c27097cd82729911516e1a65a35feb98aed4893bbe66","014","4","87","원에 외접하는 사각형의 성질의 활용(1); 직사각형"
"260711_원의 성질(12).pdf","f72ec176425685ae0180c27097cd82729911516e1a65a35feb98aed4893bbe66","015","5","75","원에 외접하는 사각형의 성질의 활용(1); 직사각형"
"260711_원의 성질(12).pdf","f72ec176425685ae0180c27097cd82729911516e1a65a35feb98aed4893bbe66","016","5","59","원에 외접하는 사각형의 성질의 활용(1); 직사각형"
"260711_원의 성질(12).pdf","f72ec176425685ae0180c27097cd82729911516e1a65a35feb98aed4893bbe66","017","5","60","원주각과 중심각의 크기(1)"
"260711_원의 성질(12).pdf","f72ec176425685ae0180c27097cd82729911516e1a65a35feb98aed4893bbe66","018","5","50","원주각과 중심각의 크기(1)"
"260711_원의 성질(12).pdf","f72ec176425685ae0180c27097cd82729911516e1a65a35feb98aed4893bbe66","019","6","50","원주각과 중심각의 크기(1)"
"260711_원의 성질(12).pdf","f72ec176425685ae0180c27097cd82729911516e1a65a35feb98aed4893bbe66","020","6","50","원주각과 중심각의 크기(1)"
"260711_원의 성질(12).pdf","f72ec176425685ae0180c27097cd82729911516e1a65a35feb98aed4893bbe66","021","6","30","원주각과 중심각의 크기(1)"
"260711_원의 성질(12).pdf","f72ec176425685ae0180c27097cd82729911516e1a65a35feb98aed4893bbe66","022","6","77","원주각과 중심각의 크기(1)"
"260711_원의 성질(12).pdf","f72ec176425685ae0180c27097cd82729911516e1a65a35feb98aed4893bbe66","023","7","80","원주각과 중심각의 크기(1)"
"260711_원의 성질(12).pdf","f72ec176425685ae0180c27097cd82729911516e1a65a35feb98aed4893bbe66","024","7","79","원주각과 중심각의 크기(1)"
"260711_원의 성질(12).pdf","f72ec176425685ae0180c27097cd82729911516e1a65a35feb98aed4893bbe66","025","7","78","원주각과 중심각의 크기(1)"
"260711_원의 성질(12).pdf","f72ec176425685ae0180c27097cd82729911516e1a65a35feb98aed4893bbe66","026","7","90","원주각과 중심각의 크기(1)"
"260711_원의 성질(12).pdf","f72ec176425685ae0180c27097cd82729911516e1a65a35feb98aed4893bbe66","027","8","73","원주각과 중심각의 크기(1)"
"260711_원의 성질(12).pdf","f72ec176425685ae0180c27097cd82729911516e1a65a35feb98aed4893bbe66","028","8","79","원주각과 중심각의 크기(1)"
"260711_원의 성질(12).pdf","f72ec176425685ae0180c27097cd82729911516e1a65a35feb98aed4893bbe66","029","8","49","원주각과 중심각의 크기(1)"
"260711_원의 성질(12).pdf","f72ec176425685ae0180c27097cd82729911516e1a65a35feb98aed4893bbe66","030","8","59","원주각과 중심각의 크기(1)"
"260711_원의 성질(12).pdf","f72ec176425685ae0180c27097cd82729911516e1a65a35feb98aed4893bbe66","031","9","78","원주각의 성질(1); 한 호"
"260711_원의 성질(12).pdf","f72ec176425685ae0180c27097cd82729911516e1a65a35feb98aed4893bbe66","032","9","50","원주각의 성질(1); 한 호"
"260711_원의 성질(12).pdf","f72ec176425685ae0180c27097cd82729911516e1a65a35feb98aed4893bbe66","033","9","50","원주각의 성질(1); 한 호"
"260711_원의 성질(12).pdf","f72ec176425685ae0180c27097cd82729911516e1a65a35feb98aed4893bbe66","034","9","50","원주각의 성질(1); 한 호"
"260711_원의 성질(12).pdf","f72ec176425685ae0180c27097cd82729911516e1a65a35feb98aed4893bbe66","035","10","57","원주각의 성질(1); 한 호"
"260711_원의 성질(12).pdf","f72ec176425685ae0180c27097cd82729911516e1a65a35feb98aed4893bbe66","036","10","30","원주각의 성질(1); 한 호"
"260711_원의 성질(12).pdf","f72ec176425685ae0180c27097cd82729911516e1a65a35feb98aed4893bbe66","037","10","30","원주각의 성질(1); 한 호"
"260711_원의 성질(12).pdf","f72ec176425685ae0180c27097cd82729911516e1a65a35feb98aed4893bbe66","038","10","30","원주각의 성질(1); 한 호"
"260711_원의 성질(12).pdf","f72ec176425685ae0180c27097cd82729911516e1a65a35feb98aed4893bbe66","039","11","48","원주각의 성질(1); 한 호"
"260711_원의 성질(12).pdf","f72ec176425685ae0180c27097cd82729911516e1a65a35feb98aed4893bbe66","040","11","41","원주각의 성질(1); 한 호"
"260711_원의 성질(12).pdf","f72ec176425685ae0180c27097cd82729911516e1a65a35feb98aed4893bbe66","041","11","50","원주각의 성질(1); 한 호"
"260711_원의 성질(12).pdf","f72ec176425685ae0180c27097cd82729911516e1a65a35feb98aed4893bbe66","042","12","51","원주각의 성질(1); 한 호"
"260711_원의 성질(12).pdf","f72ec176425685ae0180c27097cd82729911516e1a65a35feb98aed4893bbe66","043","12","69","원주각의 성질(2); 반원"
"260711_원의 성질(12).pdf","f72ec176425685ae0180c27097cd82729911516e1a65a35feb98aed4893bbe66","044","12","76","원주각의 성질(2); 반원"
"260711_원의 성질(12).pdf","f72ec176425685ae0180c27097cd82729911516e1a65a35feb98aed4893bbe66","045","12","30","원주각의 성질(2); 반원"
"260711_원의 성질(12).pdf","f72ec176425685ae0180c27097cd82729911516e1a65a35feb98aed4893bbe66","046","13","78","원주각의 성질(2); 반원"
"260711_원의 성질(12).pdf","f72ec176425685ae0180c27097cd82729911516e1a65a35feb98aed4893bbe66","047","13","82","원주각의 성질(2); 반원"
"260711_원의 성질(12).pdf","f72ec176425685ae0180c27097cd82729911516e1a65a35feb98aed4893bbe66","048","13","76","원주각의 성질(2); 반원"
"260711_원의 성질(12).pdf","f72ec176425685ae0180c27097cd82729911516e1a65a35feb98aed4893bbe66","049","13","80","원주각의 성질(2); 반원"
"260711_원의 성질(12).pdf","f72ec176425685ae0180c27097cd82729911516e1a65a35feb98aed4893bbe66","050","14","89","원주각의 성질(2); 반원"
"260711_원의 성질(12).pdf","f72ec176425685ae0180c27097cd82729911516e1a65a35feb98aed4893bbe66","051","14","56","원주각의 성질(2); 반원"
"260711_원의 성질(12).pdf","f72ec176425685ae0180c27097cd82729911516e1a65a35feb98aed4893bbe66","052","14","56","원주각의 성질(2); 반원"
"260711_원의 성질(12).pdf","f72ec176425685ae0180c27097cd82729911516e1a65a35feb98aed4893bbe66","053","15","86","원주각의 성질(2); 반원"
"260711_원의 성질(12).pdf","f72ec176425685ae0180c27097cd82729911516e1a65a35feb98aed4893bbe66","054","15","75","원주각의 성질(2); 반원"
"260711_원의 성질(12).pdf","f72ec176425685ae0180c27097cd82729911516e1a65a35feb98aed4893bbe66","055","15","72","원주각의 성질(2); 반원"
"260711_원의 성질(12).pdf","f72ec176425685ae0180c27097cd82729911516e1a65a35feb98aed4893bbe66","056","16","52","원주각의 성질(2); 반원"
"260711_원의 성질(12).pdf","f72ec176425685ae0180c27097cd82729911516e1a65a35feb98aed4893bbe66","057","16","50","원주각의 크기와 호의 길이(2)"
"260711_원의 성질(12).pdf","f72ec176425685ae0180c27097cd82729911516e1a65a35feb98aed4893bbe66","058","16","87","원주각의 크기와 호의 길이(2)"
"260711_원의 성질(12).pdf","f72ec176425685ae0180c27097cd82729911516e1a65a35feb98aed4893bbe66","059","16","50","원주각의 크기와 호의 길이(2)"
"260711_원의 성질(12).pdf","f72ec176425685ae0180c27097cd82729911516e1a65a35feb98aed4893bbe66","060","17","79","원주각의 크기와 호의 길이(2)"
"260711_원의 성질(12).pdf","f72ec176425685ae0180c27097cd82729911516e1a65a35feb98aed4893bbe66","061","17","61","원주각의 크기와 호의 길이(2)"
"260711_원의 성질(12).pdf","f72ec176425685ae0180c27097cd82729911516e1a65a35feb98aed4893bbe66","062","17","86","원주각의 크기와 호의 길이(2)"
"260711_원의 성질(12).pdf","f72ec176425685ae0180c27097cd82729911516e1a65a35feb98aed4893bbe66","063","17","76","원주각의 크기와 호의 길이(2)"
"260711_원의 성질(12).pdf","f72ec176425685ae0180c27097cd82729911516e1a65a35feb98aed4893bbe66","064","18","92","원주각의 크기와 호의 길이(2)"
"260711_원의 성질(12).pdf","f72ec176425685ae0180c27097cd82729911516e1a65a35feb98aed4893bbe66","065","18","75","원주각의 크기와 호의 길이(2)"
"260711_원의 성질(12).pdf","f72ec176425685ae0180c27097cd82729911516e1a65a35feb98aed4893bbe66","066","18","58","원주각의 크기와 호의 길이(2)"
"260711_원의 성질(12).pdf","f72ec176425685ae0180c27097cd82729911516e1a65a35feb98aed4893bbe66","067","18","50","원주각의 크기와 호의 길이(2)"
"260711_원의 성질(12).pdf","f72ec176425685ae0180c27097cd82729911516e1a65a35feb98aed4893bbe66","068","19","75","원주각의 크기와 호의 길이(2)"
"260711_원의 성질(12).pdf","f72ec176425685ae0180c27097cd82729911516e1a65a35feb98aed4893bbe66","069","19","69","원주각의 크기와 호의 길이(3)"
"260711_원의 성질(12).pdf","f72ec176425685ae0180c27097cd82729911516e1a65a35feb98aed4893bbe66","070","19","74","원주각의 크기와 호의 길이(3)"
"260711_원의 성질(12).pdf","f72ec176425685ae0180c27097cd82729911516e1a65a35feb98aed4893bbe66","071","19","51","원주각의 크기와 호의 길이(3)"
"260711_원의 성질(12).pdf","f72ec176425685ae0180c27097cd82729911516e1a65a35feb98aed4893bbe66","072","20","81","원주각의 크기와 호의 길이(3)"
"260711_원의 성질(12).pdf","f72ec176425685ae0180c27097cd82729911516e1a65a35feb98aed4893bbe66","073","20","54","원주각의 크기와 호의 길이(3)"
"260711_원의 성질(12).pdf","f72ec176425685ae0180c27097cd82729911516e1a65a35feb98aed4893bbe66","074","20","80","원주각의 크기와 호의 길이(3)"
"260711_원의 성질(12).pdf","f72ec176425685ae0180c27097cd82729911516e1a65a35feb98aed4893bbe66","075","20","62","원주각의 크기와 호의 길이(3)"
"260711_원의 성질(12).pdf","f72ec176425685ae0180c27097cd82729911516e1a65a35feb98aed4893bbe66","076","21","69","원주각의 크기와 호의 길이(3)"
"260711_원의 성질(12).pdf","f72ec176425685ae0180c27097cd82729911516e1a65a35feb98aed4893bbe66","077","21","79","원주각의 크기와 호의 길이(3)"
"260711_원의 성질(12).pdf","f72ec176425685ae0180c27097cd82729911516e1a65a35feb98aed4893bbe66","078","21","86","원주각의 크기와 호의 길이(3)"
"260711_원의 성질(12).pdf","f72ec176425685ae0180c27097cd82729911516e1a65a35feb98aed4893bbe66","079","21","72","원주각의 크기와 호의 길이(3)"
"260711_원의 성질(12).pdf","f72ec176425685ae0180c27097cd82729911516e1a65a35feb98aed4893bbe66","080","22","77","원주각의 크기와 호의 길이(3)"
"260711_원의 성질(12).pdf","f72ec176425685ae0180c27097cd82729911516e1a65a35feb98aed4893bbe66","081","22","76","네 점이 한 원에 있기 위한 조건"
"260711_원의 성질(12).pdf","f72ec176425685ae0180c27097cd82729911516e1a65a35feb98aed4893bbe66","082","22","49","네 점이 한 원에 있기 위한 조건"
"260711_원의 성질(12).pdf","f72ec176425685ae0180c27097cd82729911516e1a65a35feb98aed4893bbe66","083","22","50","네 점이 한 원에 있기 위한 조건"
"260711_원의 성질(12).pdf","f72ec176425685ae0180c27097cd82729911516e1a65a35feb98aed4893bbe66","084","23","53","네 점이 한 원에 있기 위한 조건"
"260711_원의 성질(12).pdf","f72ec176425685ae0180c27097cd82729911516e1a65a35feb98aed4893bbe66","085","23","61","네 점이 한 원에 있기 위한 조건"
"260711_원의 성질(12).pdf","f72ec176425685ae0180c27097cd82729911516e1a65a35feb98aed4893bbe66","086","24","53","네 점이 한 원에 있기 위한 조건"
"260711_원의 성질(12).pdf","f72ec176425685ae0180c27097cd82729911516e1a65a35feb98aed4893bbe66","087","24","74","네 점이 한 원에 있기 위한 조건"
"260711_원의 성질(12).pdf","f72ec176425685ae0180c27097cd82729911516e1a65a35feb98aed4893bbe66","088","24","59","네 점이 한 원에 있기 위한 조건"
"260711_원의 성질(12).pdf","f72ec176425685ae0180c27097cd82729911516e1a65a35feb98aed4893bbe66","089","25","83","원에 내접하는 사각형의 성질(1)"
"260711_원의 성질(12).pdf","f72ec176425685ae0180c27097cd82729911516e1a65a35feb98aed4893bbe66","090","25","75","원에 내접하는 사각형의 성질(1)"
"260711_원의 성질(12).pdf","f72ec176425685ae0180c27097cd82729911516e1a65a35feb98aed4893bbe66","091","25","79","원에 내접하는 사각형의 성질(1)"
"260711_원의 성질(12).pdf","f72ec176425685ae0180c27097cd82729911516e1a65a35feb98aed4893bbe66","092","25","77","원에 내접하는 사각형의 성질(1)"
"260711_원의 성질(12).pdf","f72ec176425685ae0180c27097cd82729911516e1a65a35feb98aed4893bbe66","093","26","83","원에 내접하는 사각형의 성질(1)"
"260711_원의 성질(12).pdf","f72ec176425685ae0180c27097cd82729911516e1a65a35feb98aed4893bbe66","094","26","76","원에 내접하는 사각형의 성질(1)"
"260711_원의 성질(12).pdf","f72ec176425685ae0180c27097cd82729911516e1a65a35feb98aed4893bbe66","095","26","50","원에 내접하는 사각형의 성질(1)"
"260711_원의 성질(12).pdf","f72ec176425685ae0180c27097cd82729911516e1a65a35feb98aed4893bbe66","096","26","67","원에 내접하는 사각형의 성질(1)"
"260711_원의 성질(12).pdf","f72ec176425685ae0180c27097cd82729911516e1a65a35feb98aed4893bbe66","097","27","84","원에 내접하는 사각형의 성질(1)"
"260711_원의 성질(12).pdf","f72ec176425685ae0180c27097cd82729911516e1a65a35feb98aed4893bbe66","098","27","83","원에 내접하는 사각형의 성질(1)"
"260711_원의 성질(12).pdf","f72ec176425685ae0180c27097cd82729911516e1a65a35feb98aed4893bbe66","099","27","86","원에 내접하는 사각형의 성질(1)"
"260711_원의 성질(12).pdf","f72ec176425685ae0180c27097cd82729911516e1a65a35feb98aed4893bbe66","100","27","73","원에 내접하는 사각형의 성질(1)"
"260711_원의 성질(12).pdf","f72ec176425685ae0180c27097cd82729911516e1a65a35feb98aed4893bbe66","101","28","88","원에 내접하는 사각형의 성질(1)"
"260711_원의 성질(12).pdf","f72ec176425685ae0180c27097cd82729911516e1a65a35feb98aed4893bbe66","102","28","80","원에 내접하는 사각형의 성질(1)"
"260711_원의 성질(12).pdf","f72ec176425685ae0180c27097cd82729911516e1a65a35feb98aed4893bbe66","103","28","81","원에 내접하는 사각형의 성질(1)"
"260711_원의 성질(12).pdf","f72ec176425685ae0180c27097cd82729911516e1a65a35feb98aed4893bbe66","104","28","82","원에 내접하는 사각형의 성질(1)"
"260711_원의 성질(12).pdf","f72ec176425685ae0180c27097cd82729911516e1a65a35feb98aed4893bbe66","105","29","84","원에 내접하는 사각형의 성질(1)"
"260711_원의 성질(12).pdf","f72ec176425685ae0180c27097cd82729911516e1a65a35feb98aed4893bbe66","106","29","91","원에 내접하는 사각형의 성질(1)"
"260711_원의 성질(12).pdf","f72ec176425685ae0180c27097cd82729911516e1a65a35feb98aed4893bbe66","107","29","80","원에 내접하는 사각형의 성질(1)"
"260711_원의 성질(12).pdf","f72ec176425685ae0180c27097cd82729911516e1a65a35feb98aed4893bbe66","108","29","82","원에 내접하는 사각형의 성질(2)"
"260711_원의 성질(12).pdf","f72ec176425685ae0180c27097cd82729911516e1a65a35feb98aed4893bbe66","109","30","87","원에 내접하는 사각형의 성질(2)"
"260711_원의 성질(12).pdf","f72ec176425685ae0180c27097cd82729911516e1a65a35feb98aed4893bbe66","110","30","65","원에 내접하는 사각형의 성질(2)"
"260711_원의 성질(12).pdf","f72ec176425685ae0180c27097cd82729911516e1a65a35feb98aed4893bbe66","111","30","81","원에 내접하는 사각형의 성질(2)"
"260711_원의 성질(12).pdf","f72ec176425685ae0180c27097cd82729911516e1a65a35feb98aed4893bbe66","112","30","87","원에 내접하는 사각형의 성질(2)"
"260711_원의 성질(12).pdf","f72ec176425685ae0180c27097cd82729911516e1a65a35feb98aed4893bbe66","113","31","85","원에 내접하는 사각형의 성질(2)"
"260711_원의 성질(12).pdf","f72ec176425685ae0180c27097cd82729911516e1a65a35feb98aed4893bbe66","114","31","41","원에 내접하는 사각형의 성질(2)"
"260711_원의 성질(12).pdf","f72ec176425685ae0180c27097cd82729911516e1a65a35feb98aed4893bbe66","115","31","74","원에 내접하는 사각형의 성질(2)"
"260711_원의 성질(12).pdf","f72ec176425685ae0180c27097cd82729911516e1a65a35feb98aed4893bbe66","116","31","74","원에 내접하는 사각형의 성질(2)"
"260711_원의 성질(12).pdf","f72ec176425685ae0180c27097cd82729911516e1a65a35feb98aed4893bbe66","117","32","79","원에 내접하는 사각형의 성질(2)"
"260711_원의 성질(12).pdf","f72ec176425685ae0180c27097cd82729911516e1a65a35feb98aed4893bbe66","118","32","80","원에 내접하는 사각형의 성질(2)"
"260711_원의 성질(12).pdf","f72ec176425685ae0180c27097cd82729911516e1a65a35feb98aed4893bbe66","119","32","76","원에 내접하는 사각형의 성질(2)"
"260711_원의 성질(12).pdf","f72ec176425685ae0180c27097cd82729911516e1a65a35feb98aed4893bbe66","120","32","50","접선과 현이 이루는 각; 원주각"
"260711_원의 성질(12).pdf","f72ec176425685ae0180c27097cd82729911516e1a65a35feb98aed4893bbe66","121","33","50","접선과 현이 이루는 각; 원주각"
"260711_원의 성질(12).pdf","f72ec176425685ae0180c27097cd82729911516e1a65a35feb98aed4893bbe66","122","33","75","접선과 현이 이루는 각; 원주각"
"260711_원의 성질(12).pdf","f72ec176425685ae0180c27097cd82729911516e1a65a35feb98aed4893bbe66","123","33","69","접선과 현이 이루는 각; 원주각"
"260711_원의 성질(12).pdf","f72ec176425685ae0180c27097cd82729911516e1a65a35feb98aed4893bbe66","124","33","63","접선과 현이 이루는 각; 원주각"
"260711_원의 성질(12).pdf","f72ec176425685ae0180c27097cd82729911516e1a65a35feb98aed4893bbe66","125","34","52","접선과 현이 이루는 각; 원주각"
"260711_원의 성질(12).pdf","f72ec176425685ae0180c27097cd82729911516e1a65a35feb98aed4893bbe66","126","34","83","접선과 현이 이루는 각; 원주각"
"260711_원의 성질(12).pdf","f72ec176425685ae0180c27097cd82729911516e1a65a35feb98aed4893bbe66","127","34","50","접선과 현이 이루는 각; 원주각"
"260711_원의 성질(12).pdf","f72ec176425685ae0180c27097cd82729911516e1a65a35feb98aed4893bbe66","128","34","89","접선과 현이 이루는 각; 원주각"
"260711_원의 성질(12).pdf","f72ec176425685ae0180c27097cd82729911516e1a65a35feb98aed4893bbe66","129","35","86","접선과 현이 이루는 각; 원주각"
"260711_원의 성질(12).pdf","f72ec176425685ae0180c27097cd82729911516e1a65a35feb98aed4893bbe66","130","35","87","접선과 현이 이루는 각; 원주각"
"260711_원의 성질(12).pdf","f72ec176425685ae0180c27097cd82729911516e1a65a35feb98aed4893bbe66","131","35","90","접선과 현이 이루는 각; 원주각"
"260711_원의 성질(12).pdf","f72ec176425685ae0180c27097cd82729911516e1a65a35feb98aed4893bbe66","132","35","88","접선과 현이 이루는 각; 원주각"
"260711_원의 성질(12).pdf","f72ec176425685ae0180c27097cd82729911516e1a65a35feb98aed4893bbe66","133","36","83","접선과 현이 이루는 각; 원주각"
"260711_원의 성질(12).pdf","f72ec176425685ae0180c27097cd82729911516e1a65a35feb98aed4893bbe66","134","36","73","접선과 현이 이루는 각의 활용(1); 현이 중심을 지나지 않는 경우"
"260711_원의 성질(12).pdf","f72ec176425685ae0180c27097cd82729911516e1a65a35feb98aed4893bbe66","135","36","47","접선과 현이 이루는 각의 활용(1); 현이 중심을 지나지 않는 경우"
"260711_원의 성질(12).pdf","f72ec176425685ae0180c27097cd82729911516e1a65a35feb98aed4893bbe66","136","36","50","접선과 현이 이루는 각의 활용(1); 현이 중심을 지나지 않는 경우"
"260711_원의 성질(12).pdf","f72ec176425685ae0180c27097cd82729911516e1a65a35feb98aed4893bbe66","137","37","50","접선과 현이 이루는 각의 활용(1); 현이 중심을 지나지 않는 경우"
"260711_원의 성질(12).pdf","f72ec176425685ae0180c27097cd82729911516e1a65a35feb98aed4893bbe66","138","37","50","접선과 현이 이루는 각의 활용(1); 현이 중심을 지나지 않는 경우"
"260711_원의 성질(12).pdf","f72ec176425685ae0180c27097cd82729911516e1a65a35feb98aed4893bbe66","139","37","30","접선과 현이 이루는 각의 활용(2); 현이 중심을 지나는 경우"
"260711_원의 성질(12).pdf","f72ec176425685ae0180c27097cd82729911516e1a65a35feb98aed4893bbe66","140","37","30","접선과 현이 이루는 각의 활용(2); 현이 중심을 지나는 경우"
"260711_원의 성질(12).pdf","f72ec176425685ae0180c27097cd82729911516e1a65a35feb98aed4893bbe66","141","38","31","접선과 현이 이루는 각의 활용(2); 현이 중심을 지나는 경우"
"260711_원의 성질(12).pdf","f72ec176425685ae0180c27097cd82729911516e1a65a35feb98aed4893bbe66","142","38","77","접선과 현이 이루는 각의 활용(2); 현이 중심을 지나는 경우"
"260711_원의 성질(12).pdf","f72ec176425685ae0180c27097cd82729911516e1a65a35feb98aed4893bbe66","143","38","83","접선과 현이 이루는 각의 활용(2); 현이 중심을 지나는 경우"
"260711_원의 성질(12).pdf","f72ec176425685ae0180c27097cd82729911516e1a65a35feb98aed4893bbe66","144","38","64","접선과 현이 이루는 각의 활용(2); 현이 중심을 지나는 경우"
"260711_원의 성질(12).pdf","f72ec176425685ae0180c27097cd82729911516e1a65a35feb98aed4893bbe66","145","39","89","접선과 현이 이루는 각의 활용(2); 현이 중심을 지나는 경우"
"260711_원의 성질(12).pdf","f72ec176425685ae0180c27097cd82729911516e1a65a35feb98aed4893bbe66","146","39","55","접선과 현이 이루는 각의 활용(2); 현이 중심을 지나는 경우"
"260711_원의 성질(12).pdf","f72ec176425685ae0180c27097cd82729911516e1a65a35feb98aed4893bbe66","147","39","73","접선과 현이 이루는 각의 활용(2); 현이 중심을 지나는 경우"
"260711_원의 성질(12).pdf","f72ec176425685ae0180c27097cd82729911516e1a65a35feb98aed4893bbe66","148","39","79","접선과 현이 이루는 각의 활용(2); 현이 중심을 지나는 경우"
"260711_원의 성질(12).pdf","f72ec176425685ae0180c27097cd82729911516e1a65a35feb98aed4893bbe66","149","40","77","접선과 현이 이루는 각의 활용(2); 현이 중심을 지나는 경우"
"260711_원의 성질(12).pdf","f72ec176425685ae0180c27097cd82729911516e1a65a35feb98aed4893bbe66","150","40","68","접선과 현이 이루는 각의 활용(2); 현이 중심을 지나는 경우"
"260711_원의 성질(13).pdf","4b029650254ebe5b23e29053f421d43763b8ae31395fb61ddbf30ea7466d5d4e","001","1","78","반원에서의 접선"
"260711_원의 성질(13).pdf","4b029650254ebe5b23e29053f421d43763b8ae31395fb61ddbf30ea7466d5d4e","002","1","69","반원에서의 접선"
"260711_원의 성질(13).pdf","4b029650254ebe5b23e29053f421d43763b8ae31395fb61ddbf30ea7466d5d4e","003","1","71","반원에서의 접선"
"260711_원의 성질(13).pdf","4b029650254ebe5b23e29053f421d43763b8ae31395fb61ddbf30ea7466d5d4e","004","1","83","반원에서의 접선"
"260711_원의 성질(13).pdf","4b029650254ebe5b23e29053f421d43763b8ae31395fb61ddbf30ea7466d5d4e","005","2","84","반원에서의 접선"
"260711_원의 성질(13).pdf","4b029650254ebe5b23e29053f421d43763b8ae31395fb61ddbf30ea7466d5d4e","006","2","54","반원에서의 접선"
"260711_원의 성질(13).pdf","4b029650254ebe5b23e29053f421d43763b8ae31395fb61ddbf30ea7466d5d4e","007","2","78","반원에서의 접선"
"260711_원의 성질(13).pdf","4b029650254ebe5b23e29053f421d43763b8ae31395fb61ddbf30ea7466d5d4e","008","2","71","반원에서의 접선"
"260711_원의 성질(13).pdf","4b029650254ebe5b23e29053f421d43763b8ae31395fb61ddbf30ea7466d5d4e","009","3","64","반원에서의 접선"
"260711_원의 성질(13).pdf","4b029650254ebe5b23e29053f421d43763b8ae31395fb61ddbf30ea7466d5d4e","010","3","30","원주각과 중심각의 크기(1)"
"260711_원의 성질(13).pdf","4b029650254ebe5b23e29053f421d43763b8ae31395fb61ddbf30ea7466d5d4e","011","3","29","원주각과 중심각의 크기(1)"
"260711_원의 성질(13).pdf","4b029650254ebe5b23e29053f421d43763b8ae31395fb61ddbf30ea7466d5d4e","012","3","64","원주각과 중심각의 크기(1)"
"260711_원의 성질(13).pdf","4b029650254ebe5b23e29053f421d43763b8ae31395fb61ddbf30ea7466d5d4e","013","4","78","원주각과 중심각의 크기(1)"
"260711_원의 성질(13).pdf","4b029650254ebe5b23e29053f421d43763b8ae31395fb61ddbf30ea7466d5d4e","014","4","70","원주각과 중심각의 크기(1)"
"260711_원의 성질(13).pdf","4b029650254ebe5b23e29053f421d43763b8ae31395fb61ddbf30ea7466d5d4e","015","4","69","원주각과 중심각의 크기(1)"
"260711_원의 성질(13).pdf","4b029650254ebe5b23e29053f421d43763b8ae31395fb61ddbf30ea7466d5d4e","016","4","66","원주각과 중심각의 크기(1)"
"260711_원의 성질(13).pdf","4b029650254ebe5b23e29053f421d43763b8ae31395fb61ddbf30ea7466d5d4e","017","5","59","원주각과 중심각의 크기(1)"
"260711_원의 성질(13).pdf","4b029650254ebe5b23e29053f421d43763b8ae31395fb61ddbf30ea7466d5d4e","018","5","62","원주각과 중심각의 크기(1)"
"260711_원의 성질(13).pdf","4b029650254ebe5b23e29053f421d43763b8ae31395fb61ddbf30ea7466d5d4e","019","5","66","원주각과 중심각의 크기(1)"
"260711_원의 성질(13).pdf","4b029650254ebe5b23e29053f421d43763b8ae31395fb61ddbf30ea7466d5d4e","020","5","61","원주각과 중심각의 크기(1)"
"260711_원의 성질(13).pdf","4b029650254ebe5b23e29053f421d43763b8ae31395fb61ddbf30ea7466d5d4e","021","6","61","원주각과 중심각의 크기(1)"
"260711_원의 성질(13).pdf","4b029650254ebe5b23e29053f421d43763b8ae31395fb61ddbf30ea7466d5d4e","022","6","49","원주각과 중심각의 크기(1)"
"260711_원의 성질(13).pdf","4b029650254ebe5b23e29053f421d43763b8ae31395fb61ddbf30ea7466d5d4e","023","6","50","원주각과 중심각의 크기(1)"
"260711_원의 성질(13).pdf","4b029650254ebe5b23e29053f421d43763b8ae31395fb61ddbf30ea7466d5d4e","024","6","61","원주각과 중심각의 크기(1)"
"260711_원의 성질(13).pdf","4b029650254ebe5b23e29053f421d43763b8ae31395fb61ddbf30ea7466d5d4e","025","7","76","원주각의 성질(1); 한 호"
"260711_원의 성질(13).pdf","4b029650254ebe5b23e29053f421d43763b8ae31395fb61ddbf30ea7466d5d4e","026","7","81","원주각의 성질(1); 한 호"
"260711_원의 성질(13).pdf","4b029650254ebe5b23e29053f421d43763b8ae31395fb61ddbf30ea7466d5d4e","027","7","76","원주각의 성질(1); 한 호"
"260711_원의 성질(13).pdf","4b029650254ebe5b23e29053f421d43763b8ae31395fb61ddbf30ea7466d5d4e","028","7","76","원주각의 성질(1); 한 호"
"260711_원의 성질(13).pdf","4b029650254ebe5b23e29053f421d43763b8ae31395fb61ddbf30ea7466d5d4e","029","8","82","원주각의 성질(1); 한 호"
"260711_원의 성질(13).pdf","4b029650254ebe5b23e29053f421d43763b8ae31395fb61ddbf30ea7466d5d4e","030","8","50","원주각의 성질(1); 한 호"
"260711_원의 성질(13).pdf","4b029650254ebe5b23e29053f421d43763b8ae31395fb61ddbf30ea7466d5d4e","031","8","81","원주각의 성질(1); 한 호"
"260711_원의 성질(13).pdf","4b029650254ebe5b23e29053f421d43763b8ae31395fb61ddbf30ea7466d5d4e","032","8","30","원주각의 성질(2); 반원"
"260711_원의 성질(13).pdf","4b029650254ebe5b23e29053f421d43763b8ae31395fb61ddbf30ea7466d5d4e","033","9","84","원주각의 성질(2); 반원"
"260711_원의 성질(13).pdf","4b029650254ebe5b23e29053f421d43763b8ae31395fb61ddbf30ea7466d5d4e","034","9","51","원주각의 성질(2); 반원"
"260711_원의 성질(13).pdf","4b029650254ebe5b23e29053f421d43763b8ae31395fb61ddbf30ea7466d5d4e","035","9","53","원주각의 성질(2); 반원"
"260711_원의 성질(13).pdf","4b029650254ebe5b23e29053f421d43763b8ae31395fb61ddbf30ea7466d5d4e","036","9","50","원주각의 성질(2); 반원"
"260711_원의 성질(13).pdf","4b029650254ebe5b23e29053f421d43763b8ae31395fb61ddbf30ea7466d5d4e","037","10","47","원주각의 성질(2); 반원"
"260711_원의 성질(13).pdf","4b029650254ebe5b23e29053f421d43763b8ae31395fb61ddbf30ea7466d5d4e","038","10","84","원주각의 성질(2); 반원"
"260711_원의 성질(13).pdf","4b029650254ebe5b23e29053f421d43763b8ae31395fb61ddbf30ea7466d5d4e","039","10","56","원주각의 성질(2); 반원"
"260711_원의 성질(13).pdf","4b029650254ebe5b23e29053f421d43763b8ae31395fb61ddbf30ea7466d5d4e","040","10","53","원주각의 성질(2); 반원"
"260711_원의 성질(13).pdf","4b029650254ebe5b23e29053f421d43763b8ae31395fb61ddbf30ea7466d5d4e","041","11","41","원주각의 성질(2); 반원"
"260711_원의 성질(13).pdf","4b029650254ebe5b23e29053f421d43763b8ae31395fb61ddbf30ea7466d5d4e","042","11","37","원주각의 성질(2); 반원"
"260711_원의 성질(13).pdf","4b029650254ebe5b23e29053f421d43763b8ae31395fb61ddbf30ea7466d5d4e","043","11","45","원주각의 성질(2); 반원"
"260711_원의 성질(13).pdf","4b029650254ebe5b23e29053f421d43763b8ae31395fb61ddbf30ea7466d5d4e","044","11","39","원주각의 성질(2); 반원"
"260711_원의 성질(13).pdf","4b029650254ebe5b23e29053f421d43763b8ae31395fb61ddbf30ea7466d5d4e","045","12","75","원주각의 성질(2); 반원"
"260711_원의 성질(13).pdf","4b029650254ebe5b23e29053f421d43763b8ae31395fb61ddbf30ea7466d5d4e","046","12","70","원주각의 성질(2); 반원"
"260711_원의 성질(13).pdf","4b029650254ebe5b23e29053f421d43763b8ae31395fb61ddbf30ea7466d5d4e","047","12","70","원주각의 크기와 호의 길이(2)"
"260711_원의 성질(13).pdf","4b029650254ebe5b23e29053f421d43763b8ae31395fb61ddbf30ea7466d5d4e","048","12","73","원주각의 크기와 호의 길이(2)"
"260711_원의 성질(13).pdf","4b029650254ebe5b23e29053f421d43763b8ae31395fb61ddbf30ea7466d5d4e","049","13","74","원주각의 크기와 호의 길이(2)"
"260711_원의 성질(13).pdf","4b029650254ebe5b23e29053f421d43763b8ae31395fb61ddbf30ea7466d5d4e","050","13","52","원주각의 크기와 호의 길이(2)"
"260711_원의 성질(13).pdf","4b029650254ebe5b23e29053f421d43763b8ae31395fb61ddbf30ea7466d5d4e","051","13","76","원주각의 크기와 호의 길이(2)"
"260711_원의 성질(13).pdf","4b029650254ebe5b23e29053f421d43763b8ae31395fb61ddbf30ea7466d5d4e","052","13","67","원주각의 크기와 호의 길이(2)"
"260711_원의 성질(13).pdf","4b029650254ebe5b23e29053f421d43763b8ae31395fb61ddbf30ea7466d5d4e","053","14","57","원주각의 크기와 호의 길이(2)"
"260711_원의 성질(13).pdf","4b029650254ebe5b23e29053f421d43763b8ae31395fb61ddbf30ea7466d5d4e","054","14","87","원주각의 크기와 호의 길이(3)"
"260711_원의 성질(13).pdf","4b029650254ebe5b23e29053f421d43763b8ae31395fb61ddbf30ea7466d5d4e","055","14","79","원주각의 크기와 호의 길이(3)"
"260711_원의 성질(13).pdf","4b029650254ebe5b23e29053f421d43763b8ae31395fb61ddbf30ea7466d5d4e","056","14","77","원주각의 크기와 호의 길이(3)"
"260711_원의 성질(13).pdf","4b029650254ebe5b23e29053f421d43763b8ae31395fb61ddbf30ea7466d5d4e","057","15","73","원주각의 크기와 호의 길이(3)"
"260711_원의 성질(13).pdf","4b029650254ebe5b23e29053f421d43763b8ae31395fb61ddbf30ea7466d5d4e","058","15","64","원주각의 크기와 호의 길이(3)"
"260711_원의 성질(13).pdf","4b029650254ebe5b23e29053f421d43763b8ae31395fb61ddbf30ea7466d5d4e","059","15","66","원주각의 크기와 호의 길이(3)"
"260711_원의 성질(13).pdf","4b029650254ebe5b23e29053f421d43763b8ae31395fb61ddbf30ea7466d5d4e","060","15","88","원주각의 크기와 호의 길이(3)"
"260711_원의 성질(13).pdf","4b029650254ebe5b23e29053f421d43763b8ae31395fb61ddbf30ea7466d5d4e","061","16","49","원주각의 크기와 호의 길이(3)"
"260711_원의 성질(13).pdf","4b029650254ebe5b23e29053f421d43763b8ae31395fb61ddbf30ea7466d5d4e","062","16","61","원주각의 크기와 호의 길이(3)"
"260711_원의 성질(13).pdf","4b029650254ebe5b23e29053f421d43763b8ae31395fb61ddbf30ea7466d5d4e","063","16","79","원주각의 크기와 호의 길이(3)"
"260711_원의 성질(13).pdf","4b029650254ebe5b23e29053f421d43763b8ae31395fb61ddbf30ea7466d5d4e","064","16","72","원주각의 크기와 호의 길이(3)"
"260711_원의 성질(13).pdf","4b029650254ebe5b23e29053f421d43763b8ae31395fb61ddbf30ea7466d5d4e","065","17","76","원주각의 크기와 호의 길이(3)"
"260711_원의 성질(13).pdf","4b029650254ebe5b23e29053f421d43763b8ae31395fb61ddbf30ea7466d5d4e","066","17","67","원주각의 크기와 호의 길이(3)"
"260711_원의 성질(13).pdf","4b029650254ebe5b23e29053f421d43763b8ae31395fb61ddbf30ea7466d5d4e","067","17","73","원주각의 크기와 호의 길이(3)"
"260711_원의 성질(13).pdf","4b029650254ebe5b23e29053f421d43763b8ae31395fb61ddbf30ea7466d5d4e","068","17","70","원주각의 크기와 호의 길이(3)"
"260711_원의 성질(13).pdf","4b029650254ebe5b23e29053f421d43763b8ae31395fb61ddbf30ea7466d5d4e","069","18","89","원에 내접하는 사각형의 성질(1)"
"260711_원의 성질(13).pdf","4b029650254ebe5b23e29053f421d43763b8ae31395fb61ddbf30ea7466d5d4e","070","18","58","원에 내접하는 사각형의 성질(1)"
"260711_원의 성질(13).pdf","4b029650254ebe5b23e29053f421d43763b8ae31395fb61ddbf30ea7466d5d4e","071","18","61","원에 내접하는 사각형의 성질(1)"
"260711_원의 성질(13).pdf","4b029650254ebe5b23e29053f421d43763b8ae31395fb61ddbf30ea7466d5d4e","072","18","90","원에 내접하는 사각형의 성질(1)"
"260711_원의 성질(13).pdf","4b029650254ebe5b23e29053f421d43763b8ae31395fb61ddbf30ea7466d5d4e","073","19","76","원에 내접하는 사각형의 성질(1)"
"260711_원의 성질(13).pdf","4b029650254ebe5b23e29053f421d43763b8ae31395fb61ddbf30ea7466d5d4e","074","19","75","원에 내접하는 사각형의 성질(1)"
"260711_원의 성질(13).pdf","4b029650254ebe5b23e29053f421d43763b8ae31395fb61ddbf30ea7466d5d4e","075","19","80","원에 내접하는 사각형의 성질(1)"
"260711_원의 성질(13).pdf","4b029650254ebe5b23e29053f421d43763b8ae31395fb61ddbf30ea7466d5d4e","076","19","55","원에 내접하는 사각형의 성질(1)"
"260711_원의 성질(13).pdf","4b029650254ebe5b23e29053f421d43763b8ae31395fb61ddbf30ea7466d5d4e","077","20","53","원에 내접하는 사각형의 성질(1)"
"260711_원의 성질(13).pdf","4b029650254ebe5b23e29053f421d43763b8ae31395fb61ddbf30ea7466d5d4e","078","20","80","원에 내접하는 사각형의 성질(1)"
"260711_원의 성질(13).pdf","4b029650254ebe5b23e29053f421d43763b8ae31395fb61ddbf30ea7466d5d4e","079","20","91","원에 내접하는 사각형의 성질(1)"
"260711_원의 성질(13).pdf","4b029650254ebe5b23e29053f421d43763b8ae31395fb61ddbf30ea7466d5d4e","080","20","79","원에 내접하는 사각형의 성질(1)"
"260711_원의 성질(13).pdf","4b029650254ebe5b23e29053f421d43763b8ae31395fb61ddbf30ea7466d5d4e","081","21","62","원에 내접하는 사각형의 성질(1)"
"260711_원의 성질(13).pdf","4b029650254ebe5b23e29053f421d43763b8ae31395fb61ddbf30ea7466d5d4e","082","21","79","원에 내접하는 사각형의 성질(1)"
"260711_원의 성질(13).pdf","4b029650254ebe5b23e29053f421d43763b8ae31395fb61ddbf30ea7466d5d4e","083","21","79","원에 내접하는 사각형의 성질(1)"
"260711_원의 성질(13).pdf","4b029650254ebe5b23e29053f421d43763b8ae31395fb61ddbf30ea7466d5d4e","084","21","81","원에 내접하는 사각형의 성질(2)"
"260711_원의 성질(13).pdf","4b029650254ebe5b23e29053f421d43763b8ae31395fb61ddbf30ea7466d5d4e","085","22","43","원에 내접하는 사각형의 성질(2)"
"260711_원의 성질(13).pdf","4b029650254ebe5b23e29053f421d43763b8ae31395fb61ddbf30ea7466d5d4e","086","22","79","원에 내접하는 사각형의 성질(2)"
"260711_원의 성질(13).pdf","4b029650254ebe5b23e29053f421d43763b8ae31395fb61ddbf30ea7466d5d4e","087","22","79","원에 내접하는 사각형의 성질(2)"
"260711_원의 성질(13).pdf","4b029650254ebe5b23e29053f421d43763b8ae31395fb61ddbf30ea7466d5d4e","088","22","65","원에 내접하는 사각형의 성질(2)"
"260711_원의 성질(13).pdf","4b029650254ebe5b23e29053f421d43763b8ae31395fb61ddbf30ea7466d5d4e","089","23","85","원에 내접하는 사각형의 성질(2)"
"260711_원의 성질(13).pdf","4b029650254ebe5b23e29053f421d43763b8ae31395fb61ddbf30ea7466d5d4e","090","23","50","접선과 현이 이루는 각; 원주각"
"260711_원의 성질(13).pdf","4b029650254ebe5b23e29053f421d43763b8ae31395fb61ddbf30ea7466d5d4e","091","23","73","접선과 현이 이루는 각; 원주각"
"260711_원의 성질(13).pdf","4b029650254ebe5b23e29053f421d43763b8ae31395fb61ddbf30ea7466d5d4e","092","23","50","접선과 현이 이루는 각; 원주각"
"260711_원의 성질(13).pdf","4b029650254ebe5b23e29053f421d43763b8ae31395fb61ddbf30ea7466d5d4e","093","24","50","접선과 현이 이루는 각; 원주각"
"260711_원의 성질(13).pdf","4b029650254ebe5b23e29053f421d43763b8ae31395fb61ddbf30ea7466d5d4e","094","24","50","접선과 현이 이루는 각; 원주각"
"260711_원의 성질(13).pdf","4b029650254ebe5b23e29053f421d43763b8ae31395fb61ddbf30ea7466d5d4e","095","24","50","접선과 현이 이루는 각; 원주각"
"260711_원의 성질(13).pdf","4b029650254ebe5b23e29053f421d43763b8ae31395fb61ddbf30ea7466d5d4e","096","24","50","접선과 현이 이루는 각; 원주각"
"260711_원의 성질(13).pdf","4b029650254ebe5b23e29053f421d43763b8ae31395fb61ddbf30ea7466d5d4e","097","25","50","접선과 현이 이루는 각; 원주각"
"260711_원의 성질(13).pdf","4b029650254ebe5b23e29053f421d43763b8ae31395fb61ddbf30ea7466d5d4e","098","25","71","접선과 현이 이루는 각; 원주각"
"260711_원의 성질(13).pdf","4b029650254ebe5b23e29053f421d43763b8ae31395fb61ddbf30ea7466d5d4e","099","25","70","접선과 현이 이루는 각; 원주각"
"260711_원의 성질(13).pdf","4b029650254ebe5b23e29053f421d43763b8ae31395fb61ddbf30ea7466d5d4e","100","25","76","접선과 현이 이루는 각; 원주각"
"260711_원의 성질(13).pdf","4b029650254ebe5b23e29053f421d43763b8ae31395fb61ddbf30ea7466d5d4e","101","26","81","접선과 현이 이루는 각; 원주각"
"260711_원의 성질(13).pdf","4b029650254ebe5b23e29053f421d43763b8ae31395fb61ddbf30ea7466d5d4e","102","26","66","접선과 현이 이루는 각; 원주각"
"260711_원의 성질(13).pdf","4b029650254ebe5b23e29053f421d43763b8ae31395fb61ddbf30ea7466d5d4e","103","26","49","접선과 현이 이루는 각; 원주각"
"260711_원의 성질(13).pdf","4b029650254ebe5b23e29053f421d43763b8ae31395fb61ddbf30ea7466d5d4e","104","26","50","접선과 현이 이루는 각; 원주각"
"260711_원의 성질(13).pdf","4b029650254ebe5b23e29053f421d43763b8ae31395fb61ddbf30ea7466d5d4e","105","27","79","접선과 현이 이루는 각의 활용(2); 현이 중심을 지나는 경우"
"260711_원의 성질(13).pdf","4b029650254ebe5b23e29053f421d43763b8ae31395fb61ddbf30ea7466d5d4e","106","27","82","접선과 현이 이루는 각의 활용(2); 현이 중심을 지나는 경우"
"260711_원의 성질(13).pdf","4b029650254ebe5b23e29053f421d43763b8ae31395fb61ddbf30ea7466d5d4e","107","27","75","접선과 현이 이루는 각의 활용(2); 현이 중심을 지나는 경우"
"260711_원의 성질(13).pdf","4b029650254ebe5b23e29053f421d43763b8ae31395fb61ddbf30ea7466d5d4e","108","27","50","접선과 현이 이루는 각의 활용(2); 현이 중심을 지나는 경우"
"260711_원의 성질(13).pdf","4b029650254ebe5b23e29053f421d43763b8ae31395fb61ddbf30ea7466d5d4e","109","28","62","접선과 현이 이루는 각의 활용(2); 현이 중심을 지나는 경우"
"260711_원의 성질(13).pdf","4b029650254ebe5b23e29053f421d43763b8ae31395fb61ddbf30ea7466d5d4e","110","28","64","접선과 현이 이루는 각의 활용(2); 현이 중심을 지나는 경우"
"260711_원의 성질(13).pdf","4b029650254ebe5b23e29053f421d43763b8ae31395fb61ddbf30ea7466d5d4e","111","28","61","접선과 현이 이루는 각의 활용(2); 현이 중심을 지나는 경우"
"260711_원의 성질(13).pdf","4b029650254ebe5b23e29053f421d43763b8ae31395fb61ddbf30ea7466d5d4e","112","28","61","접선과 현이 이루는 각의 활용(2); 현이 중심을 지나는 경우"
"260711_원의 성질(13).pdf","4b029650254ebe5b23e29053f421d43763b8ae31395fb61ddbf30ea7466d5d4e","113","29","48","접선과 현이 이루는 각의 활용(2); 현이 중심을 지나는 경우"
"260711_원의 성질(13).pdf","4b029650254ebe5b23e29053f421d43763b8ae31395fb61ddbf30ea7466d5d4e","114","29","78","접선과 현이 이루는 각의 활용(2); 현이 중심을 지나는 경우"
"260711_원의 성질(13).pdf","4b029650254ebe5b23e29053f421d43763b8ae31395fb61ddbf30ea7466d5d4e","115","29","71","접선과 현이 이루는 각의 활용(2); 현이 중심을 지나는 경우"
"260711_원의 성질(13).pdf","4b029650254ebe5b23e29053f421d43763b8ae31395fb61ddbf30ea7466d5d4e","116","29","87","접선과 현이 이루는 각의 활용(2); 현이 중심을 지나는 경우"
"260711_원의 성질(13).pdf","4b029650254ebe5b23e29053f421d43763b8ae31395fb61ddbf30ea7466d5d4e","117","30","63","접선과 현이 이루는 각의 활용(2); 현이 중심을 지나는 경우"
"260711_원의 성질(13).pdf","4b029650254ebe5b23e29053f421d43763b8ae31395fb61ddbf30ea7466d5d4e","118","30","68","접선과 현이 이루는 각의 활용(2); 현이 중심을 지나는 경우"
"260711_원의 성질(13).pdf","4b029650254ebe5b23e29053f421d43763b8ae31395fb61ddbf30ea7466d5d4e","119","30","76","접선과 현이 이루는 각의 활용(2); 현이 중심을 지나는 경우"
"260711_원의 성질(14).pdf","9a1ee0b78dc9d2db81b275f3cc0ca5697d5f2e4f70116a9e3be65c9a8a0b1657","001","1","43","원주각과 중심각의 크기(1)"
"260711_원의 성질(14).pdf","9a1ee0b78dc9d2db81b275f3cc0ca5697d5f2e4f70116a9e3be65c9a8a0b1657","002","1","62","원주각과 중심각의 크기(1)"
"260711_원의 성질(14).pdf","9a1ee0b78dc9d2db81b275f3cc0ca5697d5f2e4f70116a9e3be65c9a8a0b1657","003","1","75","원주각과 중심각의 크기(1)"
"260711_원의 성질(14).pdf","9a1ee0b78dc9d2db81b275f3cc0ca5697d5f2e4f70116a9e3be65c9a8a0b1657","004","2","40","원주각의 성질(2); 반원"
"260711_원의 성질(14).pdf","9a1ee0b78dc9d2db81b275f3cc0ca5697d5f2e4f70116a9e3be65c9a8a0b1657","005","2","50","원주각의 성질(2); 반원"
"260711_원의 성질(14).pdf","9a1ee0b78dc9d2db81b275f3cc0ca5697d5f2e4f70116a9e3be65c9a8a0b1657","006","2","50","원주각의 성질(2); 반원"
"260711_원의 성질(14).pdf","9a1ee0b78dc9d2db81b275f3cc0ca5697d5f2e4f70116a9e3be65c9a8a0b1657","007","2","50","원주각의 성질(2); 반원"
"260711_원의 성질(14).pdf","9a1ee0b78dc9d2db81b275f3cc0ca5697d5f2e4f70116a9e3be65c9a8a0b1657","008","3","77","원주각의 성질(2); 반원"
"260711_원의 성질(14).pdf","9a1ee0b78dc9d2db81b275f3cc0ca5697d5f2e4f70116a9e3be65c9a8a0b1657","009","3","50","원주각의 성질(2); 반원"
"260711_원의 성질(14).pdf","9a1ee0b78dc9d2db81b275f3cc0ca5697d5f2e4f70116a9e3be65c9a8a0b1657","010","3","75","원주각의 성질(2); 반원"
"260711_원의 성질(14).pdf","9a1ee0b78dc9d2db81b275f3cc0ca5697d5f2e4f70116a9e3be65c9a8a0b1657","011","3","42","원주각의 성질(2); 반원"
"260711_원의 성질(14).pdf","9a1ee0b78dc9d2db81b275f3cc0ca5697d5f2e4f70116a9e3be65c9a8a0b1657","012","4","58","원주각의 성질(2); 반원"
"260711_원의 성질(14).pdf","9a1ee0b78dc9d2db81b275f3cc0ca5697d5f2e4f70116a9e3be65c9a8a0b1657","013","4","70","원주각의 성질(2); 반원"
"260711_원의 성질(14).pdf","9a1ee0b78dc9d2db81b275f3cc0ca5697d5f2e4f70116a9e3be65c9a8a0b1657","014","5","60","원주각의 성질(2); 반원"
"260711_원의 성질(14).pdf","9a1ee0b78dc9d2db81b275f3cc0ca5697d5f2e4f70116a9e3be65c9a8a0b1657","015","5","64","원주각의 성질(2); 반원"
"260711_원의 성질(14).pdf","9a1ee0b78dc9d2db81b275f3cc0ca5697d5f2e4f70116a9e3be65c9a8a0b1657","016","5","76","원주각의 성질(2); 반원"
"260711_원의 성질(14).pdf","9a1ee0b78dc9d2db81b275f3cc0ca5697d5f2e4f70116a9e3be65c9a8a0b1657","017","6","71","원주각의 성질(2); 반원"
"260711_원의 성질(14).pdf","9a1ee0b78dc9d2db81b275f3cc0ca5697d5f2e4f70116a9e3be65c9a8a0b1657","018","6","51","원주각의 성질(2); 반원"
"260711_원의 성질(14).pdf","9a1ee0b78dc9d2db81b275f3cc0ca5697d5f2e4f70116a9e3be65c9a8a0b1657","019","6","41","원주각의 성질(2); 반원"
"260711_원의 성질(14).pdf","9a1ee0b78dc9d2db81b275f3cc0ca5697d5f2e4f70116a9e3be65c9a8a0b1657","020","6","58","원주각의 크기와 호의 길이(3)"
"260711_원의 성질(14).pdf","9a1ee0b78dc9d2db81b275f3cc0ca5697d5f2e4f70116a9e3be65c9a8a0b1657","021","7","73","원주각의 크기와 호의 길이(3)"
"260711_원의 성질(14).pdf","9a1ee0b78dc9d2db81b275f3cc0ca5697d5f2e4f70116a9e3be65c9a8a0b1657","022","7","66","원주각의 크기와 호의 길이(3)"
"260711_원의 성질(14).pdf","9a1ee0b78dc9d2db81b275f3cc0ca5697d5f2e4f70116a9e3be65c9a8a0b1657","023","7","71","원주각의 크기와 호의 길이(3)"
"260711_원의 성질(14).pdf","9a1ee0b78dc9d2db81b275f3cc0ca5697d5f2e4f70116a9e3be65c9a8a0b1657","024","7","49","원주각의 크기와 호의 길이(3)"
"260711_원의 성질(14).pdf","9a1ee0b78dc9d2db81b275f3cc0ca5697d5f2e4f70116a9e3be65c9a8a0b1657","025","8","49","원주각의 크기와 호의 길이(3)"
"260711_원의 성질(14).pdf","9a1ee0b78dc9d2db81b275f3cc0ca5697d5f2e4f70116a9e3be65c9a8a0b1657","026","8","77","원주각의 크기와 호의 길이(3)"
"260711_원의 성질(14).pdf","9a1ee0b78dc9d2db81b275f3cc0ca5697d5f2e4f70116a9e3be65c9a8a0b1657","027","8","72","원주각의 크기와 호의 길이(3)"
"260711_원의 성질(14).pdf","9a1ee0b78dc9d2db81b275f3cc0ca5697d5f2e4f70116a9e3be65c9a8a0b1657","028","8","49","원주각의 크기와 호의 길이(3)"
"260711_원의 성질(14).pdf","9a1ee0b78dc9d2db81b275f3cc0ca5697d5f2e4f70116a9e3be65c9a8a0b1657","029","9","49","원주각의 크기와 호의 길이(3)"
"260711_원의 성질(14).pdf","9a1ee0b78dc9d2db81b275f3cc0ca5697d5f2e4f70116a9e3be65c9a8a0b1657","030","9","49","원주각의 크기와 호의 길이(3)"
"260711_원의 성질(14).pdf","9a1ee0b78dc9d2db81b275f3cc0ca5697d5f2e4f70116a9e3be65c9a8a0b1657","031","9","50","원주각의 크기와 호의 길이(3)"
"260711_원의 성질(14).pdf","9a1ee0b78dc9d2db81b275f3cc0ca5697d5f2e4f70116a9e3be65c9a8a0b1657","032","9","50","원주각의 크기와 호의 길이(3)"
"260711_원의 성질(14).pdf","9a1ee0b78dc9d2db81b275f3cc0ca5697d5f2e4f70116a9e3be65c9a8a0b1657","033","10","74","원주각의 크기와 호의 길이(3)"
"260711_원의 성질(14).pdf","9a1ee0b78dc9d2db81b275f3cc0ca5697d5f2e4f70116a9e3be65c9a8a0b1657","034","10","51","원주각의 크기와 호의 길이(3)"
"260711_원의 성질(14).pdf","9a1ee0b78dc9d2db81b275f3cc0ca5697d5f2e4f70116a9e3be65c9a8a0b1657","035","10","53","원주각의 크기와 호의 길이(3)"
"260711_원의 성질(14).pdf","9a1ee0b78dc9d2db81b275f3cc0ca5697d5f2e4f70116a9e3be65c9a8a0b1657","036","10","70","원주각의 크기와 호의 길이(3)"
"260711_원의 성질(14).pdf","9a1ee0b78dc9d2db81b275f3cc0ca5697d5f2e4f70116a9e3be65c9a8a0b1657","037","11","79","원주각의 크기와 호의 길이(3)"
"260711_원의 성질(14).pdf","9a1ee0b78dc9d2db81b275f3cc0ca5697d5f2e4f70116a9e3be65c9a8a0b1657","038","11","72","원주각의 크기와 호의 길이(3)"
"260711_원의 성질(14).pdf","9a1ee0b78dc9d2db81b275f3cc0ca5697d5f2e4f70116a9e3be65c9a8a0b1657","039","11","30","원주각의 크기와 호의 길이(3)"
"260711_원의 성질(14).pdf","9a1ee0b78dc9d2db81b275f3cc0ca5697d5f2e4f70116a9e3be65c9a8a0b1657","040","11","30","원주각의 크기와 호의 길이(3)"
"260711_원의 성질(14).pdf","9a1ee0b78dc9d2db81b275f3cc0ca5697d5f2e4f70116a9e3be65c9a8a0b1657","041","12","30","원주각의 크기와 호의 길이(3)"
"260711_원의 성질(14).pdf","9a1ee0b78dc9d2db81b275f3cc0ca5697d5f2e4f70116a9e3be65c9a8a0b1657","042","12","62","원주각의 크기와 호의 길이(3)"
"260711_원의 성질(14).pdf","9a1ee0b78dc9d2db81b275f3cc0ca5697d5f2e4f70116a9e3be65c9a8a0b1657","043","12","76","원주각의 크기와 호의 길이(3)"
"260711_원의 성질(14).pdf","9a1ee0b78dc9d2db81b275f3cc0ca5697d5f2e4f70116a9e3be65c9a8a0b1657","044","12","70","원주각의 크기와 호의 길이(3)"
"260711_원의 성질(14).pdf","9a1ee0b78dc9d2db81b275f3cc0ca5697d5f2e4f70116a9e3be65c9a8a0b1657","045","13","76","원에 내접하는 사각형의 성질(1)"
"260711_원의 성질(14).pdf","9a1ee0b78dc9d2db81b275f3cc0ca5697d5f2e4f70116a9e3be65c9a8a0b1657","046","13","61","원에 내접하는 사각형의 성질(1)"
"260711_원의 성질(14).pdf","9a1ee0b78dc9d2db81b275f3cc0ca5697d5f2e4f70116a9e3be65c9a8a0b1657","047","13","30","원에 내접하는 사각형의 성질(1)"
"260711_원의 성질(14).pdf","9a1ee0b78dc9d2db81b275f3cc0ca5697d5f2e4f70116a9e3be65c9a8a0b1657","048","13","41","원에 내접하는 사각형의 성질(1)"
"260711_원의 성질(14).pdf","9a1ee0b78dc9d2db81b275f3cc0ca5697d5f2e4f70116a9e3be65c9a8a0b1657","049","14","50","원에 내접하는 사각형의 성질(1)"
"260711_원의 성질(14).pdf","9a1ee0b78dc9d2db81b275f3cc0ca5697d5f2e4f70116a9e3be65c9a8a0b1657","050","14","50","원에 내접하는 사각형의 성질(1)"
"260711_원의 성질(14).pdf","9a1ee0b78dc9d2db81b275f3cc0ca5697d5f2e4f70116a9e3be65c9a8a0b1657","051","14","49","원에 내접하는 사각형의 성질(1)"
"260711_원의 성질(14).pdf","9a1ee0b78dc9d2db81b275f3cc0ca5697d5f2e4f70116a9e3be65c9a8a0b1657","052","14","50","원에 내접하는 사각형의 성질(1)"
"260711_원의 성질(14).pdf","9a1ee0b78dc9d2db81b275f3cc0ca5697d5f2e4f70116a9e3be65c9a8a0b1657","053","15","50","원에 내접하는 사각형의 성질(1)"
"260711_원의 성질(14).pdf","9a1ee0b78dc9d2db81b275f3cc0ca5697d5f2e4f70116a9e3be65c9a8a0b1657","054","15","71","원에 내접하는 사각형의 성질(1)"
"260711_원의 성질(14).pdf","9a1ee0b78dc9d2db81b275f3cc0ca5697d5f2e4f70116a9e3be65c9a8a0b1657","055","15","50","원에 내접하는 사각형의 성질(1)"
"260711_원의 성질(14).pdf","9a1ee0b78dc9d2db81b275f3cc0ca5697d5f2e4f70116a9e3be65c9a8a0b1657","056","15","44","원에 내접하는 사각형의 성질(1)"
"260711_원의 성질(14).pdf","9a1ee0b78dc9d2db81b275f3cc0ca5697d5f2e4f70116a9e3be65c9a8a0b1657","057","16","83","원에 내접하는 사각형의 성질(1)"
"260711_원의 성질(14).pdf","9a1ee0b78dc9d2db81b275f3cc0ca5697d5f2e4f70116a9e3be65c9a8a0b1657","058","16","50","원에 내접하는 사각형의 성질(1)"
"260711_원의 성질(14).pdf","9a1ee0b78dc9d2db81b275f3cc0ca5697d5f2e4f70116a9e3be65c9a8a0b1657","059","16","85","원에 내접하는 사각형의 성질(1)"
"260711_원의 성질(14).pdf","9a1ee0b78dc9d2db81b275f3cc0ca5697d5f2e4f70116a9e3be65c9a8a0b1657","060","16","68","원에 내접하는 사각형의 성질(1)"
"260711_원의 성질(14).pdf","9a1ee0b78dc9d2db81b275f3cc0ca5697d5f2e4f70116a9e3be65c9a8a0b1657","061","17","49","원에 내접하는 사각형의 성질(1)"
"260711_원의 성질(14).pdf","9a1ee0b78dc9d2db81b275f3cc0ca5697d5f2e4f70116a9e3be65c9a8a0b1657","062","17","50","원에 내접하는 사각형의 성질(1)"
"260711_원의 성질(14).pdf","9a1ee0b78dc9d2db81b275f3cc0ca5697d5f2e4f70116a9e3be65c9a8a0b1657","063","17","50","원에 내접하는 사각형의 성질(1)"
"260711_원의 성질(14).pdf","9a1ee0b78dc9d2db81b275f3cc0ca5697d5f2e4f70116a9e3be65c9a8a0b1657","064","17","49","원에 내접하는 사각형의 성질(1)"
"260711_원의 성질(14).pdf","9a1ee0b78dc9d2db81b275f3cc0ca5697d5f2e4f70116a9e3be65c9a8a0b1657","065","18","50","원에 내접하는 사각형의 성질(1)"
"260711_원의 성질(14).pdf","9a1ee0b78dc9d2db81b275f3cc0ca5697d5f2e4f70116a9e3be65c9a8a0b1657","066","18","50","원에 내접하는 사각형의 성질(1)"
"260711_원의 성질(14).pdf","9a1ee0b78dc9d2db81b275f3cc0ca5697d5f2e4f70116a9e3be65c9a8a0b1657","067","18","73","원에 내접하는 사각형의 성질(1)"
"260711_원의 성질(14).pdf","9a1ee0b78dc9d2db81b275f3cc0ca5697d5f2e4f70116a9e3be65c9a8a0b1657","068","18","83","원에 내접하는 사각형의 성질(1)"
"260711_원의 성질(14).pdf","9a1ee0b78dc9d2db81b275f3cc0ca5697d5f2e4f70116a9e3be65c9a8a0b1657","069","19","75","원에 내접하는 사각형의 성질(1)"
"260711_원의 성질(14).pdf","9a1ee0b78dc9d2db81b275f3cc0ca5697d5f2e4f70116a9e3be65c9a8a0b1657","070","19","86","접선과 현이 이루는 각; 원주각"
"260711_원의 성질(14).pdf","9a1ee0b78dc9d2db81b275f3cc0ca5697d5f2e4f70116a9e3be65c9a8a0b1657","071","19","70","접선과 현이 이루는 각; 원주각"
"260711_원의 성질(14).pdf","9a1ee0b78dc9d2db81b275f3cc0ca5697d5f2e4f70116a9e3be65c9a8a0b1657","072","19","77","접선과 현이 이루는 각; 원주각"
"260711_원의 성질(14).pdf","9a1ee0b78dc9d2db81b275f3cc0ca5697d5f2e4f70116a9e3be65c9a8a0b1657","073","20","72","접선과 현이 이루는 각; 원주각"
"260711_원의 성질(14).pdf","9a1ee0b78dc9d2db81b275f3cc0ca5697d5f2e4f70116a9e3be65c9a8a0b1657","074","20","80","접선과 현이 이루는 각; 원주각"
"260711_원의 성질(14).pdf","9a1ee0b78dc9d2db81b275f3cc0ca5697d5f2e4f70116a9e3be65c9a8a0b1657","075","20","69","접선과 현이 이루는 각; 원주각"
"260711_원의 성질(14).pdf","9a1ee0b78dc9d2db81b275f3cc0ca5697d5f2e4f70116a9e3be65c9a8a0b1657","076","20","60","접선과 현이 이루는 각; 원주각"
"260711_원의 성질(14).pdf","9a1ee0b78dc9d2db81b275f3cc0ca5697d5f2e4f70116a9e3be65c9a8a0b1657","077","21","78","접선과 현이 이루는 각; 원주각"
"260711_원의 성질(14).pdf","9a1ee0b78dc9d2db81b275f3cc0ca5697d5f2e4f70116a9e3be65c9a8a0b1657","078","21","70","접선과 현이 이루는 각; 원주각"
"260711_원의 성질(14).pdf","9a1ee0b78dc9d2db81b275f3cc0ca5697d5f2e4f70116a9e3be65c9a8a0b1657","079","21","74","접선과 현이 이루는 각; 원주각"
"260711_원의 성질(14).pdf","9a1ee0b78dc9d2db81b275f3cc0ca5697d5f2e4f70116a9e3be65c9a8a0b1657","080","21","62","접선과 현이 이루는 각; 원주각"
"260711_원의 성질(14).pdf","9a1ee0b78dc9d2db81b275f3cc0ca5697d5f2e4f70116a9e3be65c9a8a0b1657","081","22","59","접선과 현이 이루는 각; 원주각"
"260711_원의 성질(14).pdf","9a1ee0b78dc9d2db81b275f3cc0ca5697d5f2e4f70116a9e3be65c9a8a0b1657","082","22","75","접선과 현이 이루는 각; 원주각"
"260711_원의 성질(14).pdf","9a1ee0b78dc9d2db81b275f3cc0ca5697d5f2e4f70116a9e3be65c9a8a0b1657","083","22","61","접선과 현이 이루는 각; 원주각"
"260711_원의 성질(14).pdf","9a1ee0b78dc9d2db81b275f3cc0ca5697d5f2e4f70116a9e3be65c9a8a0b1657","084","22","71","접선과 현이 이루는 각; 원주각"
"260711_원의 성질(14).pdf","9a1ee0b78dc9d2db81b275f3cc0ca5697d5f2e4f70116a9e3be65c9a8a0b1657","085","23","83","접선과 현이 이루는 각의 활용(2); 현이 중심을 지나는 경우"
"260711_원의 성질(15).pdf","1e6eb82e9499be63dd6b5f2f3c32d250457320e540e0cf9820120291295ec063","001","1","57","원주각의 크기와 호의 길이(3)"
"260711_원의 성질(15).pdf","1e6eb82e9499be63dd6b5f2f3c32d250457320e540e0cf9820120291295ec063","002","1","77","원주각의 크기와 호의 길이(3)"
"260711_원의 성질(15).pdf","1e6eb82e9499be63dd6b5f2f3c32d250457320e540e0cf9820120291295ec063","003","1","49","원주각의 크기와 호의 길이(3)"
"260711_원의 성질(15).pdf","1e6eb82e9499be63dd6b5f2f3c32d250457320e540e0cf9820120291295ec063","004","1","62","원주각의 크기와 호의 길이(3)"
"260711_원의 성질(15).pdf","1e6eb82e9499be63dd6b5f2f3c32d250457320e540e0cf9820120291295ec063","005","2","67","원주각의 크기와 호의 길이(3)"
"260711_원의 성질(15).pdf","1e6eb82e9499be63dd6b5f2f3c32d250457320e540e0cf9820120291295ec063","006","2","68","원주각의 크기와 호의 길이(3)"
"260711_원의 성질(15).pdf","1e6eb82e9499be63dd6b5f2f3c32d250457320e540e0cf9820120291295ec063","007","2","80","원에 내접하는 사각형의 성질(1)"
"260711_원의 성질(15).pdf","1e6eb82e9499be63dd6b5f2f3c32d250457320e540e0cf9820120291295ec063","008","2","53","원에 내접하는 사각형의 성질(1)"
"260711_원의 성질(15).pdf","1e6eb82e9499be63dd6b5f2f3c32d250457320e540e0cf9820120291295ec063","009","3","71","원에 내접하는 사각형의 성질(1)"
"260711_원의 성질(15).pdf","1e6eb82e9499be63dd6b5f2f3c32d250457320e540e0cf9820120291295ec063","010","3","71","원에 내접하는 사각형의 성질(1)"
"260711_원의 성질(15).pdf","1e6eb82e9499be63dd6b5f2f3c32d250457320e540e0cf9820120291295ec063","011","3","71","원에 내접하는 사각형의 성질(1)"
"260711_원의 성질(15).pdf","1e6eb82e9499be63dd6b5f2f3c32d250457320e540e0cf9820120291295ec063","012","3","68","원에 내접하는 사각형의 성질(1)"
"260711_원의 성질(15).pdf","1e6eb82e9499be63dd6b5f2f3c32d250457320e540e0cf9820120291295ec063","013","4","57","원에 내접하는 사각형의 성질(1)"
"260711_원의 성질(15).pdf","1e6eb82e9499be63dd6b5f2f3c32d250457320e540e0cf9820120291295ec063","014","4","51","원에 내접하는 사각형의 성질(1)"
"260711_원의 성질(15).pdf","1e6eb82e9499be63dd6b5f2f3c32d250457320e540e0cf9820120291295ec063","015","4","77","원에 내접하는 사각형의 성질(1)"
"260711_원의 성질(2).pdf","57b26cced7f159ce5ffd701eb63a9409e061360ccbd9dd24d35e71cefe82fdd7","001","1","82","원의 중심과 현의 수직이등분선(1)"
"260711_원의 성질(2).pdf","57b26cced7f159ce5ffd701eb63a9409e061360ccbd9dd24d35e71cefe82fdd7","002","1","82","원의 중심과 현의 수직이등분선(1)"
"260711_원의 성질(2).pdf","57b26cced7f159ce5ffd701eb63a9409e061360ccbd9dd24d35e71cefe82fdd7","003","1","50","원의 중심과 현의 수직이등분선(1)"
"260711_원의 성질(2).pdf","57b26cced7f159ce5ffd701eb63a9409e061360ccbd9dd24d35e71cefe82fdd7","004","1","79","원의 중심과 현의 수직이등분선(2)"
"260711_원의 성질(2).pdf","57b26cced7f159ce5ffd701eb63a9409e061360ccbd9dd24d35e71cefe82fdd7","005","2","54","원의 중심과 현의 수직이등분선(2)"
"260711_원의 성질(2).pdf","57b26cced7f159ce5ffd701eb63a9409e061360ccbd9dd24d35e71cefe82fdd7","006","2","50","원의 중심과 현의 수직이등분선(2)"
"260711_원의 성질(2).pdf","57b26cced7f159ce5ffd701eb63a9409e061360ccbd9dd24d35e71cefe82fdd7","007","2","50","원의 중심과 현의 수직이등분선(2)"
"260711_원의 성질(2).pdf","57b26cced7f159ce5ffd701eb63a9409e061360ccbd9dd24d35e71cefe82fdd7","008","2","75","원의 중심과 현의 수직이등분선(3); 활꼴"
"260711_원의 성질(2).pdf","57b26cced7f159ce5ffd701eb63a9409e061360ccbd9dd24d35e71cefe82fdd7","009","3","89","원의 중심과 현의 수직이등분선(3); 활꼴"
"260711_원의 성질(2).pdf","57b26cced7f159ce5ffd701eb63a9409e061360ccbd9dd24d35e71cefe82fdd7","010","3","70","원의 중심과 현의 수직이등분선(3); 활꼴"
"260711_원의 성질(2).pdf","57b26cced7f159ce5ffd701eb63a9409e061360ccbd9dd24d35e71cefe82fdd7","011","3","81","원의 중심과 현의 수직이등분선(3); 활꼴"
"260711_원의 성질(2).pdf","57b26cced7f159ce5ffd701eb63a9409e061360ccbd9dd24d35e71cefe82fdd7","012","3","61","현의 길이(1); 중심에서 같은 거리의 두 현"
"260711_원의 성질(2).pdf","57b26cced7f159ce5ffd701eb63a9409e061360ccbd9dd24d35e71cefe82fdd7","013","4","92","현의 길이(1); 중심에서 같은 거리의 두 현"
"260711_원의 성질(2).pdf","57b26cced7f159ce5ffd701eb63a9409e061360ccbd9dd24d35e71cefe82fdd7","014","4","92","현의 길이(1); 중심에서 같은 거리의 두 현"
"260711_원의 성질(2).pdf","57b26cced7f159ce5ffd701eb63a9409e061360ccbd9dd24d35e71cefe82fdd7","015","4","65","현의 길이(2); 내접하는 이등변삼각형"
"260711_원의 성질(2).pdf","57b26cced7f159ce5ffd701eb63a9409e061360ccbd9dd24d35e71cefe82fdd7","016","4","83","현의 길이(2); 내접하는 이등변삼각형"
"260711_원의 성질(2).pdf","57b26cced7f159ce5ffd701eb63a9409e061360ccbd9dd24d35e71cefe82fdd7","017","5","54","현의 길이(2); 내접하는 이등변삼각형"
"260711_원의 성질(2).pdf","57b26cced7f159ce5ffd701eb63a9409e061360ccbd9dd24d35e71cefe82fdd7","018","5","85","현의 길이(2); 내접하는 이등변삼각형"
"260711_원의 성질(2).pdf","57b26cced7f159ce5ffd701eb63a9409e061360ccbd9dd24d35e71cefe82fdd7","019","5","81","원의 접선과 반지름"
"260711_원의 성질(2).pdf","57b26cced7f159ce5ffd701eb63a9409e061360ccbd9dd24d35e71cefe82fdd7","020","5","86","원의 접선과 반지름"
"260711_원의 성질(2).pdf","57b26cced7f159ce5ffd701eb63a9409e061360ccbd9dd24d35e71cefe82fdd7","021","6","66","원의 접선과 반지름"
"260711_원의 성질(2).pdf","57b26cced7f159ce5ffd701eb63a9409e061360ccbd9dd24d35e71cefe82fdd7","022","6","86","원의 접선의 성질(1)"
"260711_원의 성질(2).pdf","57b26cced7f159ce5ffd701eb63a9409e061360ccbd9dd24d35e71cefe82fdd7","023","6","76","원의 접선의 성질(1)"
"260711_원의 성질(2).pdf","57b26cced7f159ce5ffd701eb63a9409e061360ccbd9dd24d35e71cefe82fdd7","024","6","80","원의 접선의 성질(1)"
"260711_원의 성질(2).pdf","57b26cced7f159ce5ffd701eb63a9409e061360ccbd9dd24d35e71cefe82fdd7","025","7","90","원의 접선의 성질(1)"
"260711_원의 성질(2).pdf","57b26cced7f159ce5ffd701eb63a9409e061360ccbd9dd24d35e71cefe82fdd7","026","7","51","원의 접선의 성질(2); 길이"
"260711_원의 성질(2).pdf","57b26cced7f159ce5ffd701eb63a9409e061360ccbd9dd24d35e71cefe82fdd7","027","7","91","원의 접선의 성질(2); 길이"
"260711_원의 성질(2).pdf","57b26cced7f159ce5ffd701eb63a9409e061360ccbd9dd24d35e71cefe82fdd7","028","7","73","원의 접선의 성질(2); 길이"
"260711_원의 성질(2).pdf","57b26cced7f159ce5ffd701eb63a9409e061360ccbd9dd24d35e71cefe82fdd7","029","8","90","원의 접선의 성질(2); 길이"
"260711_원의 성질(2).pdf","57b26cced7f159ce5ffd701eb63a9409e061360ccbd9dd24d35e71cefe82fdd7","030","8","87","원의 접선의 성질(3); 넓이"
"260711_원의 성질(2).pdf","57b26cced7f159ce5ffd701eb63a9409e061360ccbd9dd24d35e71cefe82fdd7","031","8","86","원의 접선의 성질(3); 넓이"
"260711_원의 성질(2).pdf","57b26cced7f159ce5ffd701eb63a9409e061360ccbd9dd24d35e71cefe82fdd7","032","8","93","원의 접선의 성질(3); 넓이"
"260711_원의 성질(2).pdf","57b26cced7f159ce5ffd701eb63a9409e061360ccbd9dd24d35e71cefe82fdd7","033","9","65","원의 접선의 성질의 활용"
"260711_원의 성질(2).pdf","57b26cced7f159ce5ffd701eb63a9409e061360ccbd9dd24d35e71cefe82fdd7","034","9","86","원의 접선의 성질의 활용"
"260711_원의 성질(2).pdf","57b26cced7f159ce5ffd701eb63a9409e061360ccbd9dd24d35e71cefe82fdd7","035","9","56","원의 접선의 성질의 활용"
"260711_원의 성질(2).pdf","57b26cced7f159ce5ffd701eb63a9409e061360ccbd9dd24d35e71cefe82fdd7","036","9","54","원의 접선의 성질의 활용"
"260711_원의 성질(2).pdf","57b26cced7f159ce5ffd701eb63a9409e061360ccbd9dd24d35e71cefe82fdd7","037","10","67","반원에서의 접선"
"260711_원의 성질(2).pdf","57b26cced7f159ce5ffd701eb63a9409e061360ccbd9dd24d35e71cefe82fdd7","038","10","77","반원에서의 접선"
"260711_원의 성질(2).pdf","57b26cced7f159ce5ffd701eb63a9409e061360ccbd9dd24d35e71cefe82fdd7","039","10","80","반원에서의 접선"
"260711_원의 성질(2).pdf","57b26cced7f159ce5ffd701eb63a9409e061360ccbd9dd24d35e71cefe82fdd7","040","10","71","반원에서의 접선"
"260711_원의 성질(2).pdf","57b26cced7f159ce5ffd701eb63a9409e061360ccbd9dd24d35e71cefe82fdd7","041","11","88","원의 접선과 반지름; 동심원"
"260711_원의 성질(2).pdf","57b26cced7f159ce5ffd701eb63a9409e061360ccbd9dd24d35e71cefe82fdd7","042","11","70","원의 접선과 반지름; 동심원"
"260711_원의 성질(2).pdf","57b26cced7f159ce5ffd701eb63a9409e061360ccbd9dd24d35e71cefe82fdd7","043","11","56","원의 접선과 반지름; 동심원"
"260711_원의 성질(2).pdf","57b26cced7f159ce5ffd701eb63a9409e061360ccbd9dd24d35e71cefe82fdd7","044","11","82","원의 접선과 반지름; 동심원"
"260711_원의 성질(2).pdf","57b26cced7f159ce5ffd701eb63a9409e061360ccbd9dd24d35e71cefe82fdd7","045","12","80","삼각형의 내접원"
"260711_원의 성질(2).pdf","57b26cced7f159ce5ffd701eb63a9409e061360ccbd9dd24d35e71cefe82fdd7","046","12","75","삼각형의 내접원"
"260711_원의 성질(2).pdf","57b26cced7f159ce5ffd701eb63a9409e061360ccbd9dd24d35e71cefe82fdd7","047","12","78","삼각형의 내접원"
"260711_원의 성질(2).pdf","57b26cced7f159ce5ffd701eb63a9409e061360ccbd9dd24d35e71cefe82fdd7","048","12","77","삼각형의 내접원"
"260711_원의 성질(2).pdf","57b26cced7f159ce5ffd701eb63a9409e061360ccbd9dd24d35e71cefe82fdd7","049","13","79","직각삼각형의 내접원"
"260711_원의 성질(2).pdf","57b26cced7f159ce5ffd701eb63a9409e061360ccbd9dd24d35e71cefe82fdd7","050","13","61","직각삼각형의 내접원"
"260711_원의 성질(2).pdf","57b26cced7f159ce5ffd701eb63a9409e061360ccbd9dd24d35e71cefe82fdd7","051","13","61","직각삼각형의 내접원"
"260711_원의 성질(2).pdf","57b26cced7f159ce5ffd701eb63a9409e061360ccbd9dd24d35e71cefe82fdd7","052","13","73","원에 외접하는 사각형의 성질(1)"
"260711_원의 성질(2).pdf","57b26cced7f159ce5ffd701eb63a9409e061360ccbd9dd24d35e71cefe82fdd7","053","14","75","원에 외접하는 사각형의 성질(1)"
"260711_원의 성질(2).pdf","57b26cced7f159ce5ffd701eb63a9409e061360ccbd9dd24d35e71cefe82fdd7","054","14","79","원에 외접하는 사각형의 성질(1)"
"260711_원의 성질(2).pdf","57b26cced7f159ce5ffd701eb63a9409e061360ccbd9dd24d35e71cefe82fdd7","055","14","78","원에 외접하는 사각형의 성질(1)"
"260711_원의 성질(2).pdf","57b26cced7f159ce5ffd701eb63a9409e061360ccbd9dd24d35e71cefe82fdd7","056","14","31","원에 외접하는 사각형의 성질(2); 한 내각이 90˚인 경우"
"260711_원의 성질(2).pdf","57b26cced7f159ce5ffd701eb63a9409e061360ccbd9dd24d35e71cefe82fdd7","057","15","74","원에 외접하는 사각형의 성질(2); 한 내각이 90˚인 경우"
"260711_원의 성질(2).pdf","57b26cced7f159ce5ffd701eb63a9409e061360ccbd9dd24d35e71cefe82fdd7","058","15","77","원에 외접하는 사각형의 성질(2); 한 내각이 90˚인 경우"
"260711_원의 성질(2).pdf","57b26cced7f159ce5ffd701eb63a9409e061360ccbd9dd24d35e71cefe82fdd7","059","15","76","원에 외접하는 사각형의 성질의 활용(1); 직사각형"
"260711_원의 성질(2).pdf","57b26cced7f159ce5ffd701eb63a9409e061360ccbd9dd24d35e71cefe82fdd7","060","15","73","원에 외접하는 사각형의 성질의 활용(1); 직사각형"
"260711_원의 성질(2).pdf","57b26cced7f159ce5ffd701eb63a9409e061360ccbd9dd24d35e71cefe82fdd7","061","16","58","원에 외접하는 사각형의 성질의 활용(2); 그 외"
"260711_원의 성질(2).pdf","57b26cced7f159ce5ffd701eb63a9409e061360ccbd9dd24d35e71cefe82fdd7","062","16","65","원에 외접하는 사각형의 성질의 활용(2); 그 외"
"260711_원의 성질(2).pdf","57b26cced7f159ce5ffd701eb63a9409e061360ccbd9dd24d35e71cefe82fdd7","063","16","78","원에 외접하는 사각형의 성질의 활용(2); 그 외"
"260711_원의 성질(2).pdf","57b26cced7f159ce5ffd701eb63a9409e061360ccbd9dd24d35e71cefe82fdd7","064","16","64","원주각과 중심각의 크기(1)"
"260711_원의 성질(2).pdf","57b26cced7f159ce5ffd701eb63a9409e061360ccbd9dd24d35e71cefe82fdd7","065","17","84","원주각과 중심각의 크기(1)"
"260711_원의 성질(2).pdf","57b26cced7f159ce5ffd701eb63a9409e061360ccbd9dd24d35e71cefe82fdd7","066","17","90","원주각과 중심각의 크기(1)"
"260711_원의 성질(2).pdf","57b26cced7f159ce5ffd701eb63a9409e061360ccbd9dd24d35e71cefe82fdd7","067","17","92","원주각과 중심각의 크기(1)"
"260711_원의 성질(2).pdf","57b26cced7f159ce5ffd701eb63a9409e061360ccbd9dd24d35e71cefe82fdd7","068","17","90","원주각과 중심각의 크기(2)"
"260711_원의 성질(2).pdf","57b26cced7f159ce5ffd701eb63a9409e061360ccbd9dd24d35e71cefe82fdd7","069","18","64","원주각과 중심각의 크기(2)"
"260711_원의 성질(2).pdf","57b26cced7f159ce5ffd701eb63a9409e061360ccbd9dd24d35e71cefe82fdd7","070","18","80","원주각과 중심각의 크기(2)"
"260711_원의 성질(2).pdf","57b26cced7f159ce5ffd701eb63a9409e061360ccbd9dd24d35e71cefe82fdd7","071","18","90","원주각과 중심각의 크기(2)"
"260711_원의 성질(2).pdf","57b26cced7f159ce5ffd701eb63a9409e061360ccbd9dd24d35e71cefe82fdd7","072","18","67","원주각과 중심각의 크기(3)"
"260711_원의 성질(2).pdf","57b26cced7f159ce5ffd701eb63a9409e061360ccbd9dd24d35e71cefe82fdd7","073","19","73","원주각과 중심각의 크기(3)"
"260711_원의 성질(2).pdf","57b26cced7f159ce5ffd701eb63a9409e061360ccbd9dd24d35e71cefe82fdd7","074","19","75","원주각과 중심각의 크기(3)"
"260711_원의 성질(2).pdf","57b26cced7f159ce5ffd701eb63a9409e061360ccbd9dd24d35e71cefe82fdd7","075","19","68","원주각과 중심각의 크기(3)"
"260711_원의 성질(2).pdf","57b26cced7f159ce5ffd701eb63a9409e061360ccbd9dd24d35e71cefe82fdd7","076","19","80","원주각의 성질(1); 한 호"
"260711_원의 성질(2).pdf","57b26cced7f159ce5ffd701eb63a9409e061360ccbd9dd24d35e71cefe82fdd7","077","20","79","원주각의 성질(1); 한 호"
"260711_원의 성질(2).pdf","57b26cced7f159ce5ffd701eb63a9409e061360ccbd9dd24d35e71cefe82fdd7","078","20","57","원주각의 성질(1); 한 호"
"260711_원의 성질(2).pdf","57b26cced7f159ce5ffd701eb63a9409e061360ccbd9dd24d35e71cefe82fdd7","079","20","57","원주각의 성질(1); 한 호"
"260711_원의 성질(2).pdf","57b26cced7f159ce5ffd701eb63a9409e061360ccbd9dd24d35e71cefe82fdd7","080","20","45","원주각의 성질(2); 반원"
"260711_원의 성질(2).pdf","57b26cced7f159ce5ffd701eb63a9409e061360ccbd9dd24d35e71cefe82fdd7","081","21","52","원주각의 성질(2); 반원"
"260711_원의 성질(2).pdf","57b26cced7f159ce5ffd701eb63a9409e061360ccbd9dd24d35e71cefe82fdd7","082","21","75","원주각의 성질(2); 반원"
"260711_원의 성질(2).pdf","57b26cced7f159ce5ffd701eb63a9409e061360ccbd9dd24d35e71cefe82fdd7","083","21","72","원주각과 삼각비의 값(1)"
"260711_원의 성질(2).pdf","57b26cced7f159ce5ffd701eb63a9409e061360ccbd9dd24d35e71cefe82fdd7","084","21","51","원주각과 삼각비의 값(1)"
"260711_원의 성질(2).pdf","57b26cced7f159ce5ffd701eb63a9409e061360ccbd9dd24d35e71cefe82fdd7","085","22","76","원주각과 삼각비의 값(1)"
"260711_원의 성질(2).pdf","57b26cced7f159ce5ffd701eb63a9409e061360ccbd9dd24d35e71cefe82fdd7","086","22","68","원주각과 삼각비의 값(1)"
"260711_원의 성질(2).pdf","57b26cced7f159ce5ffd701eb63a9409e061360ccbd9dd24d35e71cefe82fdd7","087","22","80","원주각과 삼각비의 값(2); 선분의 길이, 넓이"
"260711_원의 성질(2).pdf","57b26cced7f159ce5ffd701eb63a9409e061360ccbd9dd24d35e71cefe82fdd7","088","22","67","원주각과 삼각비의 값(2); 선분의 길이, 넓이"
"260711_원의 성질(2).pdf","57b26cced7f159ce5ffd701eb63a9409e061360ccbd9dd24d35e71cefe82fdd7","089","23","87","원주각과 삼각비의 값(2); 선분의 길이, 넓이"
"260711_원의 성질(2).pdf","57b26cced7f159ce5ffd701eb63a9409e061360ccbd9dd24d35e71cefe82fdd7","090","23","62","원주각의 크기와 호의 길이(1)"
"260711_원의 성질(2).pdf","57b26cced7f159ce5ffd701eb63a9409e061360ccbd9dd24d35e71cefe82fdd7","091","23","67","원주각의 크기와 호의 길이(1)"
"260711_원의 성질(2).pdf","57b26cced7f159ce5ffd701eb63a9409e061360ccbd9dd24d35e71cefe82fdd7","092","23","70","원주각의 크기와 호의 길이(1)"
"260711_원의 성질(2).pdf","57b26cced7f159ce5ffd701eb63a9409e061360ccbd9dd24d35e71cefe82fdd7","093","24","76","원주각의 크기와 호의 길이(2)"
"260711_원의 성질(2).pdf","57b26cced7f159ce5ffd701eb63a9409e061360ccbd9dd24d35e71cefe82fdd7","094","24","77","원주각의 크기와 호의 길이(2)"
"260711_원의 성질(2).pdf","57b26cced7f159ce5ffd701eb63a9409e061360ccbd9dd24d35e71cefe82fdd7","095","24","70","원주각의 크기와 호의 길이(2)"
"260711_원의 성질(2).pdf","57b26cced7f159ce5ffd701eb63a9409e061360ccbd9dd24d35e71cefe82fdd7","096","24","68","원주각의 크기와 호의 길이(3)"
"260711_원의 성질(2).pdf","57b26cced7f159ce5ffd701eb63a9409e061360ccbd9dd24d35e71cefe82fdd7","097","25","82","원주각의 크기와 호의 길이(3)"
"260711_원의 성질(2).pdf","57b26cced7f159ce5ffd701eb63a9409e061360ccbd9dd24d35e71cefe82fdd7","098","25","89","원주각의 크기와 호의 길이(3)"
"260711_원의 성질(2).pdf","57b26cced7f159ce5ffd701eb63a9409e061360ccbd9dd24d35e71cefe82fdd7","099","25","67","원주각의 크기와 호의 길이(3)"
"260711_원의 성질(2).pdf","57b26cced7f159ce5ffd701eb63a9409e061360ccbd9dd24d35e71cefe82fdd7","100","25","63","네 점이 한 원에 있기 위한 조건"
"260711_원의 성질(2).pdf","57b26cced7f159ce5ffd701eb63a9409e061360ccbd9dd24d35e71cefe82fdd7","101","26","76","네 점이 한 원에 있기 위한 조건"
"260711_원의 성질(2).pdf","57b26cced7f159ce5ffd701eb63a9409e061360ccbd9dd24d35e71cefe82fdd7","102","26","87","네 점이 한 원에 있기 위한 조건"
"260711_원의 성질(2).pdf","57b26cced7f159ce5ffd701eb63a9409e061360ccbd9dd24d35e71cefe82fdd7","103","26","90","원에 내접하는 사각형의 성질(1)"
"260711_원의 성질(2).pdf","57b26cced7f159ce5ffd701eb63a9409e061360ccbd9dd24d35e71cefe82fdd7","104","26","75","원에 내접하는 사각형의 성질(1)"
"260711_원의 성질(2).pdf","57b26cced7f159ce5ffd701eb63a9409e061360ccbd9dd24d35e71cefe82fdd7","105","27","83","원에 내접하는 사각형의 성질(1)"
"260711_원의 성질(2).pdf","57b26cced7f159ce5ffd701eb63a9409e061360ccbd9dd24d35e71cefe82fdd7","106","27","56","원에 내접하는 사각형의 성질(2)"
"260711_원의 성질(2).pdf","57b26cced7f159ce5ffd701eb63a9409e061360ccbd9dd24d35e71cefe82fdd7","107","27","81","원에 내접하는 사각형의 성질(2)"
"260711_원의 성질(2).pdf","57b26cced7f159ce5ffd701eb63a9409e061360ccbd9dd24d35e71cefe82fdd7","108","27","70","원에 내접하는 사각형의 성질(2)"
"260711_원의 성질(2).pdf","57b26cced7f159ce5ffd701eb63a9409e061360ccbd9dd24d35e71cefe82fdd7","109","28","79","원에 내접하는 사각형의 성질(2)"
"260711_원의 성질(2).pdf","57b26cced7f159ce5ffd701eb63a9409e061360ccbd9dd24d35e71cefe82fdd7","110","28","86","원에 내접하는 사각형과 외각의 성질"
"260711_원의 성질(2).pdf","57b26cced7f159ce5ffd701eb63a9409e061360ccbd9dd24d35e71cefe82fdd7","111","28","73","원에 내접하는 사각형과 외각의 성질"
"260711_원의 성질(2).pdf","57b26cced7f159ce5ffd701eb63a9409e061360ccbd9dd24d35e71cefe82fdd7","112","28","75","원에 내접하는 사각형과 외각의 성질"
"260711_원의 성질(2).pdf","57b26cced7f159ce5ffd701eb63a9409e061360ccbd9dd24d35e71cefe82fdd7","113","29","71","원에 내접하는 사각형과 외각의 성질"
"260711_원의 성질(2).pdf","57b26cced7f159ce5ffd701eb63a9409e061360ccbd9dd24d35e71cefe82fdd7","114","29","75","원에 내접하는 다각형"
"260711_원의 성질(2).pdf","57b26cced7f159ce5ffd701eb63a9409e061360ccbd9dd24d35e71cefe82fdd7","115","29","73","원에 내접하는 다각형"
"260711_원의 성질(2).pdf","57b26cced7f159ce5ffd701eb63a9409e061360ccbd9dd24d35e71cefe82fdd7","116","29","74","원에 내접하는 다각형"
"260711_원의 성질(2).pdf","57b26cced7f159ce5ffd701eb63a9409e061360ccbd9dd24d35e71cefe82fdd7","117","30","76","원에 내접하는 다각형"
"260711_원의 성질(2).pdf","57b26cced7f159ce5ffd701eb63a9409e061360ccbd9dd24d35e71cefe82fdd7","118","30","76","두 원에서 내접하는 사각형의 성질의 활용"
"260711_원의 성질(2).pdf","57b26cced7f159ce5ffd701eb63a9409e061360ccbd9dd24d35e71cefe82fdd7","119","30","83","두 원에서 내접하는 사각형의 성질의 활용"
"260711_원의 성질(2).pdf","57b26cced7f159ce5ffd701eb63a9409e061360ccbd9dd24d35e71cefe82fdd7","120","30","70","두 원에서 내접하는 사각형의 성질의 활용"
"260711_원의 성질(2).pdf","57b26cced7f159ce5ffd701eb63a9409e061360ccbd9dd24d35e71cefe82fdd7","121","31","83","두 원에서 내접하는 사각형의 성질의 활용"
"260711_원의 성질(2).pdf","57b26cced7f159ce5ffd701eb63a9409e061360ccbd9dd24d35e71cefe82fdd7","122","31","85","원에 내접하는 사각형"
"260711_원의 성질(2).pdf","57b26cced7f159ce5ffd701eb63a9409e061360ccbd9dd24d35e71cefe82fdd7","123","31","80","원에 내접하는 사각형"
"260711_원의 성질(2).pdf","57b26cced7f159ce5ffd701eb63a9409e061360ccbd9dd24d35e71cefe82fdd7","124","31","59","사각형이 원에 내접하기 위한 조건"
"260711_원의 성질(2).pdf","57b26cced7f159ce5ffd701eb63a9409e061360ccbd9dd24d35e71cefe82fdd7","125","32","92","사각형이 원에 내접하기 위한 조건"
"260711_원의 성질(2).pdf","57b26cced7f159ce5ffd701eb63a9409e061360ccbd9dd24d35e71cefe82fdd7","126","32","86","사각형이 원에 내접하기 위한 조건"
"260711_원의 성질(2).pdf","57b26cced7f159ce5ffd701eb63a9409e061360ccbd9dd24d35e71cefe82fdd7","127","32","77","접선과 현이 이루는 각; 원주각"
"260711_원의 성질(2).pdf","57b26cced7f159ce5ffd701eb63a9409e061360ccbd9dd24d35e71cefe82fdd7","128","32","73","접선과 현이 이루는 각; 원주각"
"260711_원의 성질(2).pdf","57b26cced7f159ce5ffd701eb63a9409e061360ccbd9dd24d35e71cefe82fdd7","129","33","86","접선과 현이 이루는 각; 원주각"
"260711_원의 성질(2).pdf","57b26cced7f159ce5ffd701eb63a9409e061360ccbd9dd24d35e71cefe82fdd7","130","33","58","접선과 현이 이루는 각; 중심각"
"260711_원의 성질(2).pdf","57b26cced7f159ce5ffd701eb63a9409e061360ccbd9dd24d35e71cefe82fdd7","131","33","73","접선과 현이 이루는 각; 중심각"
"260711_원의 성질(2).pdf","57b26cced7f159ce5ffd701eb63a9409e061360ccbd9dd24d35e71cefe82fdd7","132","33","71","접선과 현이 이루는 각의 활용(1); 현이 중심을 지나지 않는 경우"
"260711_원의 성질(2).pdf","57b26cced7f159ce5ffd701eb63a9409e061360ccbd9dd24d35e71cefe82fdd7","133","34","74","접선과 현이 이루는 각의 활용(1); 현이 중심을 지나지 않는 경우"
"260711_원의 성질(2).pdf","57b26cced7f159ce5ffd701eb63a9409e061360ccbd9dd24d35e71cefe82fdd7","134","34","80","접선과 현이 이루는 각의 활용(1); 현이 중심을 지나지 않는 경우"
"260711_원의 성질(2).pdf","57b26cced7f159ce5ffd701eb63a9409e061360ccbd9dd24d35e71cefe82fdd7","135","34","80","접선과 현이 이루는 각의 활용(1); 현이 중심을 지나지 않는 경우"
"260711_원의 성질(2).pdf","57b26cced7f159ce5ffd701eb63a9409e061360ccbd9dd24d35e71cefe82fdd7","136","34","91","접선과 현이 이루는 각의 활용(2); 현이 중심을 지나는 경우"
"260711_원의 성질(2).pdf","57b26cced7f159ce5ffd701eb63a9409e061360ccbd9dd24d35e71cefe82fdd7","137","35","89","접선과 현이 이루는 각의 활용(2); 현이 중심을 지나는 경우"
"260711_원의 성질(2).pdf","57b26cced7f159ce5ffd701eb63a9409e061360ccbd9dd24d35e71cefe82fdd7","138","35","90","접선과 현이 이루는 각의 활용(2); 현이 중심을 지나는 경우"
"260711_원의 성질(2).pdf","57b26cced7f159ce5ffd701eb63a9409e061360ccbd9dd24d35e71cefe82fdd7","139","35","76","접선과 현이 이루는 각의 활용(2); 현이 중심을 지나는 경우"
"260711_원의 성질(2).pdf","57b26cced7f159ce5ffd701eb63a9409e061360ccbd9dd24d35e71cefe82fdd7","140","35","83","접선과 현이 이루는 각의 활용(3); 한 점에서 원에 그은 두 접선"
"260711_원의 성질(2).pdf","57b26cced7f159ce5ffd701eb63a9409e061360ccbd9dd24d35e71cefe82fdd7","141","36","75","접선과 현이 이루는 각의 활용(3); 한 점에서 원에 그은 두 접선"
"260711_원의 성질(2).pdf","57b26cced7f159ce5ffd701eb63a9409e061360ccbd9dd24d35e71cefe82fdd7","142","36","67","접선과 현이 이루는 각의 활용(3); 한 점에서 원에 그은 두 접선"
"260711_원의 성질(2).pdf","57b26cced7f159ce5ffd701eb63a9409e061360ccbd9dd24d35e71cefe82fdd7","143","36","73","두 원에서 접선과 현이 이루는 각(1)"
"260711_원의 성질(2).pdf","57b26cced7f159ce5ffd701eb63a9409e061360ccbd9dd24d35e71cefe82fdd7","144","36","73","두 원에서 접선과 현이 이루는 각(1)"
"260711_원의 성질(2).pdf","57b26cced7f159ce5ffd701eb63a9409e061360ccbd9dd24d35e71cefe82fdd7","145","37","59","두 원에서 접선과 현이 이루는 각(1)"
"260711_원의 성질(2).pdf","57b26cced7f159ce5ffd701eb63a9409e061360ccbd9dd24d35e71cefe82fdd7","146","37","70","두 원에서 접선과 현이 이루는 각(1)"
"260711_원의 성질(2).pdf","57b26cced7f159ce5ffd701eb63a9409e061360ccbd9dd24d35e71cefe82fdd7","147","37","80","두 원에서 접선과 현이 이루는 각(2); 한 원이 다른 원의 내부에 있는 경우"
"260711_원의 성질(2).pdf","57b26cced7f159ce5ffd701eb63a9409e061360ccbd9dd24d35e71cefe82fdd7","148","38","53","두 원에서 접선과 현이 이루는 각(2); 한 원이 다른 원의 내부에 있는 경우"
"260711_원의 성질(2).pdf","57b26cced7f159ce5ffd701eb63a9409e061360ccbd9dd24d35e71cefe82fdd7","149","38","66","두 원에서 접선과 현이 이루는 각(2); 한 원이 다른 원의 내부에 있는 경우"
"260711_원의 성질(2).pdf","57b26cced7f159ce5ffd701eb63a9409e061360ccbd9dd24d35e71cefe82fdd7","150","38","75","두 원에서 접선과 현이 이루는 각(2); 한 원이 다른 원의 내부에 있는 경우"
"260711_원의 성질(3).pdf","48583bdcd780608abcce319530837b5cda639ef02a1026a81383f2a32bec6907","001","1","82","원의 중심과 현의 수직이등분선(1)"
"260711_원의 성질(3).pdf","48583bdcd780608abcce319530837b5cda639ef02a1026a81383f2a32bec6907","002","1","50","원의 중심과 현의 수직이등분선(1)"
"260711_원의 성질(3).pdf","48583bdcd780608abcce319530837b5cda639ef02a1026a81383f2a32bec6907","003","1","56","원의 중심과 현의 수직이등분선(1)"
"260711_원의 성질(3).pdf","48583bdcd780608abcce319530837b5cda639ef02a1026a81383f2a32bec6907","004","1","80","원의 중심과 현의 수직이등분선(1)"
"260711_원의 성질(3).pdf","48583bdcd780608abcce319530837b5cda639ef02a1026a81383f2a32bec6907","005","2","50","원의 중심과 현의 수직이등분선(2)"
"260711_원의 성질(3).pdf","48583bdcd780608abcce319530837b5cda639ef02a1026a81383f2a32bec6907","006","2","49","원의 중심과 현의 수직이등분선(2)"
"260711_원의 성질(3).pdf","48583bdcd780608abcce319530837b5cda639ef02a1026a81383f2a32bec6907","007","2","50","원의 중심과 현의 수직이등분선(2)"
"260711_원의 성질(3).pdf","48583bdcd780608abcce319530837b5cda639ef02a1026a81383f2a32bec6907","008","2","73","원의 중심과 현의 수직이등분선(3); 활꼴"
"260711_원의 성질(3).pdf","48583bdcd780608abcce319530837b5cda639ef02a1026a81383f2a32bec6907","009","3","83","원의 중심과 현의 수직이등분선(3); 활꼴"
"260711_원의 성질(3).pdf","48583bdcd780608abcce319530837b5cda639ef02a1026a81383f2a32bec6907","010","3","87","원의 중심과 현의 수직이등분선(3); 활꼴"
"260711_원의 성질(3).pdf","48583bdcd780608abcce319530837b5cda639ef02a1026a81383f2a32bec6907","011","3","68","원의 중심과 현의 수직이등분선(3); 활꼴"
"260711_원의 성질(3).pdf","48583bdcd780608abcce319530837b5cda639ef02a1026a81383f2a32bec6907","012","3","81","현의 길이(1); 중심에서 같은 거리의 두 현"
"260711_원의 성질(3).pdf","48583bdcd780608abcce319530837b5cda639ef02a1026a81383f2a32bec6907","013","4","85","현의 길이(1); 중심에서 같은 거리의 두 현"
"260711_원의 성질(3).pdf","48583bdcd780608abcce319530837b5cda639ef02a1026a81383f2a32bec6907","014","4","76","현의 길이(1); 중심에서 같은 거리의 두 현"
"260711_원의 성질(3).pdf","48583bdcd780608abcce319530837b5cda639ef02a1026a81383f2a32bec6907","015","4","90","현의 길이(1); 중심에서 같은 거리의 두 현"
"260711_원의 성질(3).pdf","48583bdcd780608abcce319530837b5cda639ef02a1026a81383f2a32bec6907","016","4","88","현의 길이(2); 내접하는 이등변삼각형"
"260711_원의 성질(3).pdf","48583bdcd780608abcce319530837b5cda639ef02a1026a81383f2a32bec6907","017","5","88","현의 길이(2); 내접하는 이등변삼각형"
"260711_원의 성질(3).pdf","48583bdcd780608abcce319530837b5cda639ef02a1026a81383f2a32bec6907","018","5","73","현의 길이(2); 내접하는 이등변삼각형"
"260711_원의 성질(3).pdf","48583bdcd780608abcce319530837b5cda639ef02a1026a81383f2a32bec6907","019","5","86","현의 길이(2); 내접하는 이등변삼각형"
"260711_원의 성질(3).pdf","48583bdcd780608abcce319530837b5cda639ef02a1026a81383f2a32bec6907","020","5","66","원의 접선과 반지름"
"260711_원의 성질(3).pdf","48583bdcd780608abcce319530837b5cda639ef02a1026a81383f2a32bec6907","021","6","92","원의 접선과 반지름"
"260711_원의 성질(3).pdf","48583bdcd780608abcce319530837b5cda639ef02a1026a81383f2a32bec6907","022","6","50","원의 접선과 반지름"
"260711_원의 성질(3).pdf","48583bdcd780608abcce319530837b5cda639ef02a1026a81383f2a32bec6907","023","6","70","원의 접선의 성질(1)"
"260711_원의 성질(3).pdf","48583bdcd780608abcce319530837b5cda639ef02a1026a81383f2a32bec6907","024","6","92","원의 접선의 성질(1)"
"260711_원의 성질(3).pdf","48583bdcd780608abcce319530837b5cda639ef02a1026a81383f2a32bec6907","025","7","75","원의 접선의 성질(1)"
"260711_원의 성질(3).pdf","48583bdcd780608abcce319530837b5cda639ef02a1026a81383f2a32bec6907","026","7","91","원의 접선의 성질(1)"
"260711_원의 성질(3).pdf","48583bdcd780608abcce319530837b5cda639ef02a1026a81383f2a32bec6907","027","7","90","원의 접선의 성질(2); 길이"
"260711_원의 성질(3).pdf","48583bdcd780608abcce319530837b5cda639ef02a1026a81383f2a32bec6907","028","7","87","원의 접선의 성질(2); 길이"
"260711_원의 성질(3).pdf","48583bdcd780608abcce319530837b5cda639ef02a1026a81383f2a32bec6907","029","8","90","원의 접선의 성질(2); 길이"
"260711_원의 성질(3).pdf","48583bdcd780608abcce319530837b5cda639ef02a1026a81383f2a32bec6907","030","8","92","원의 접선의 성질(2); 길이"
"260711_원의 성질(3).pdf","48583bdcd780608abcce319530837b5cda639ef02a1026a81383f2a32bec6907","031","8","88","원의 접선의 성질(3); 넓이"
"260711_원의 성질(3).pdf","48583bdcd780608abcce319530837b5cda639ef02a1026a81383f2a32bec6907","032","8","86","원의 접선의 성질(3); 넓이"
"260711_원의 성질(3).pdf","48583bdcd780608abcce319530837b5cda639ef02a1026a81383f2a32bec6907","033","9","80","원의 접선의 성질(3); 넓이"
"260711_원의 성질(3).pdf","48583bdcd780608abcce319530837b5cda639ef02a1026a81383f2a32bec6907","034","9","82","원의 접선의 성질의 활용"
"260711_원의 성질(3).pdf","48583bdcd780608abcce319530837b5cda639ef02a1026a81383f2a32bec6907","035","9","67","원의 접선의 성질의 활용"
"260711_원의 성질(3).pdf","48583bdcd780608abcce319530837b5cda639ef02a1026a81383f2a32bec6907","036","9","84","원의 접선의 성질의 활용"
"260711_원의 성질(3).pdf","48583bdcd780608abcce319530837b5cda639ef02a1026a81383f2a32bec6907","037","10","81","원의 접선의 성질의 활용"
"260711_원의 성질(3).pdf","48583bdcd780608abcce319530837b5cda639ef02a1026a81383f2a32bec6907","038","10","73","반원에서의 접선"
"260711_원의 성질(3).pdf","48583bdcd780608abcce319530837b5cda639ef02a1026a81383f2a32bec6907","039","10","69","반원에서의 접선"
"260711_원의 성질(3).pdf","48583bdcd780608abcce319530837b5cda639ef02a1026a81383f2a32bec6907","040","10","83","반원에서의 접선"
"260711_원의 성질(3).pdf","48583bdcd780608abcce319530837b5cda639ef02a1026a81383f2a32bec6907","041","11","81","반원에서의 접선"
"260711_원의 성질(3).pdf","48583bdcd780608abcce319530837b5cda639ef02a1026a81383f2a32bec6907","042","11","81","원의 접선과 반지름; 동심원"
"260711_원의 성질(3).pdf","48583bdcd780608abcce319530837b5cda639ef02a1026a81383f2a32bec6907","043","11","91","원의 접선과 반지름; 동심원"
"260711_원의 성질(3).pdf","48583bdcd780608abcce319530837b5cda639ef02a1026a81383f2a32bec6907","044","11","76","원의 접선과 반지름; 동심원"
"260711_원의 성질(3).pdf","48583bdcd780608abcce319530837b5cda639ef02a1026a81383f2a32bec6907","045","12","79","원의 접선과 반지름; 동심원"
"260711_원의 성질(3).pdf","48583bdcd780608abcce319530837b5cda639ef02a1026a81383f2a32bec6907","046","12","66","삼각형의 내접원"
"260711_원의 성질(3).pdf","48583bdcd780608abcce319530837b5cda639ef02a1026a81383f2a32bec6907","047","12","74","삼각형의 내접원"
"260711_원의 성질(3).pdf","48583bdcd780608abcce319530837b5cda639ef02a1026a81383f2a32bec6907","048","12","69","삼각형의 내접원"
"260711_원의 성질(3).pdf","48583bdcd780608abcce319530837b5cda639ef02a1026a81383f2a32bec6907","049","13","82","삼각형의 내접원"
"260711_원의 성질(3).pdf","48583bdcd780608abcce319530837b5cda639ef02a1026a81383f2a32bec6907","050","13","61","직각삼각형의 내접원"
"260711_원의 성질(3).pdf","48583bdcd780608abcce319530837b5cda639ef02a1026a81383f2a32bec6907","051","13","81","직각삼각형의 내접원"
"260711_원의 성질(3).pdf","48583bdcd780608abcce319530837b5cda639ef02a1026a81383f2a32bec6907","052","13","66","직각삼각형의 내접원"
"260711_원의 성질(3).pdf","48583bdcd780608abcce319530837b5cda639ef02a1026a81383f2a32bec6907","053","14","77","원에 외접하는 사각형의 성질(1)"
"260711_원의 성질(3).pdf","48583bdcd780608abcce319530837b5cda639ef02a1026a81383f2a32bec6907","054","14","78","원에 외접하는 사각형의 성질(1)"
"260711_원의 성질(3).pdf","48583bdcd780608abcce319530837b5cda639ef02a1026a81383f2a32bec6907","055","14","88","원에 외접하는 사각형의 성질(1)"
"260711_원의 성질(3).pdf","48583bdcd780608abcce319530837b5cda639ef02a1026a81383f2a32bec6907","056","14","72","원에 외접하는 사각형의 성질(2); 한 내각이 90˚인 경우"
"260711_원의 성질(3).pdf","48583bdcd780608abcce319530837b5cda639ef02a1026a81383f2a32bec6907","057","15","30","원에 외접하는 사각형의 성질(2); 한 내각이 90˚인 경우"
"260711_원의 성질(3).pdf","48583bdcd780608abcce319530837b5cda639ef02a1026a81383f2a32bec6907","058","15","92","원에 외접하는 사각형의 성질(2); 한 내각이 90˚인 경우"
"260711_원의 성질(3).pdf","48583bdcd780608abcce319530837b5cda639ef02a1026a81383f2a32bec6907","059","15","75","원에 외접하는 사각형의 성질(2); 한 내각이 90˚인 경우"
"260711_원의 성질(3).pdf","48583bdcd780608abcce319530837b5cda639ef02a1026a81383f2a32bec6907","060","15","69","원에 외접하는 사각형의 성질의 활용(1); 직사각형"
"260711_원의 성질(3).pdf","48583bdcd780608abcce319530837b5cda639ef02a1026a81383f2a32bec6907","061","16","75","원에 외접하는 사각형의 성질의 활용(1); 직사각형"
"260711_원의 성질(3).pdf","48583bdcd780608abcce319530837b5cda639ef02a1026a81383f2a32bec6907","062","16","68","원에 외접하는 사각형의 성질의 활용(1); 직사각형"
"260711_원의 성질(3).pdf","48583bdcd780608abcce319530837b5cda639ef02a1026a81383f2a32bec6907","063","16","77","원에 외접하는 사각형의 성질의 활용(1); 직사각형"
"260711_원의 성질(3).pdf","48583bdcd780608abcce319530837b5cda639ef02a1026a81383f2a32bec6907","064","16","78","원에 외접하는 사각형의 성질의 활용(2); 그 외"
"260711_원의 성질(3).pdf","48583bdcd780608abcce319530837b5cda639ef02a1026a81383f2a32bec6907","065","17","77","원에 외접하는 사각형의 성질의 활용(2); 그 외"
"260711_원의 성질(3).pdf","48583bdcd780608abcce319530837b5cda639ef02a1026a81383f2a32bec6907","066","17","61","원에 외접하는 사각형의 성질의 활용(2); 그 외"
"260711_원의 성질(3).pdf","48583bdcd780608abcce319530837b5cda639ef02a1026a81383f2a32bec6907","067","17","86","원에 외접하는 사각형의 성질의 활용(2); 그 외"
"260711_원의 성질(3).pdf","48583bdcd780608abcce319530837b5cda639ef02a1026a81383f2a32bec6907","068","17","71","원주각과 중심각의 크기(1)"
"260711_원의 성질(3).pdf","48583bdcd780608abcce319530837b5cda639ef02a1026a81383f2a32bec6907","069","18","51","원주각과 중심각의 크기(1)"
"260711_원의 성질(3).pdf","48583bdcd780608abcce319530837b5cda639ef02a1026a81383f2a32bec6907","070","18","67","원주각과 중심각의 크기(1)"
"260711_원의 성질(3).pdf","48583bdcd780608abcce319530837b5cda639ef02a1026a81383f2a32bec6907","071","18","70","원주각과 중심각의 크기(1)"
"260711_원의 성질(3).pdf","48583bdcd780608abcce319530837b5cda639ef02a1026a81383f2a32bec6907","072","18","87","원주각과 중심각의 크기(3)"
"260711_원의 성질(3).pdf","48583bdcd780608abcce319530837b5cda639ef02a1026a81383f2a32bec6907","073","19","85","원주각과 중심각의 크기(3)"
"260711_원의 성질(3).pdf","48583bdcd780608abcce319530837b5cda639ef02a1026a81383f2a32bec6907","074","19","87","원주각과 중심각의 크기(3)"
"260711_원의 성질(3).pdf","48583bdcd780608abcce319530837b5cda639ef02a1026a81383f2a32bec6907","075","19","76","원주각과 중심각의 크기(3)"
"260711_원의 성질(3).pdf","48583bdcd780608abcce319530837b5cda639ef02a1026a81383f2a32bec6907","076","19","79","원주각의 성질(1); 한 호"
"260711_원의 성질(3).pdf","48583bdcd780608abcce319530837b5cda639ef02a1026a81383f2a32bec6907","077","20","67","원주각의 성질(1); 한 호"
"260711_원의 성질(3).pdf","48583bdcd780608abcce319530837b5cda639ef02a1026a81383f2a32bec6907","078","20","70","원주각의 성질(1); 한 호"
"260711_원의 성질(3).pdf","48583bdcd780608abcce319530837b5cda639ef02a1026a81383f2a32bec6907","079","20","77","원주각의 성질(1); 한 호"
"260711_원의 성질(3).pdf","48583bdcd780608abcce319530837b5cda639ef02a1026a81383f2a32bec6907","080","20","30","원주각의 성질(2); 반원"
"260711_원의 성질(3).pdf","48583bdcd780608abcce319530837b5cda639ef02a1026a81383f2a32bec6907","081","21","71","원주각의 성질(2); 반원"
"260711_원의 성질(3).pdf","48583bdcd780608abcce319530837b5cda639ef02a1026a81383f2a32bec6907","082","21","80","원주각의 성질(2); 반원"
"260711_원의 성질(3).pdf","48583bdcd780608abcce319530837b5cda639ef02a1026a81383f2a32bec6907","083","21","64","원주각의 성질(2); 반원"
"260711_원의 성질(3).pdf","48583bdcd780608abcce319530837b5cda639ef02a1026a81383f2a32bec6907","084","21","77","원주각과 삼각비의 값(1)"
"260711_원의 성질(3).pdf","48583bdcd780608abcce319530837b5cda639ef02a1026a81383f2a32bec6907","085","22","77","원주각과 삼각비의 값(1)"
"260711_원의 성질(3).pdf","48583bdcd780608abcce319530837b5cda639ef02a1026a81383f2a32bec6907","086","22","65","원주각과 삼각비의 값(1)"
"260711_원의 성질(3).pdf","48583bdcd780608abcce319530837b5cda639ef02a1026a81383f2a32bec6907","087","22","71","원주각과 삼각비의 값(2); 선분의 길이, 넓이"
"260711_원의 성질(3).pdf","48583bdcd780608abcce319530837b5cda639ef02a1026a81383f2a32bec6907","088","22","81","원주각과 삼각비의 값(2); 선분의 길이, 넓이"
"260711_원의 성질(3).pdf","48583bdcd780608abcce319530837b5cda639ef02a1026a81383f2a32bec6907","089","23","74","원주각과 삼각비의 값(2); 선분의 길이, 넓이"
"260711_원의 성질(3).pdf","48583bdcd780608abcce319530837b5cda639ef02a1026a81383f2a32bec6907","090","23","84","원주각의 크기와 호의 길이(1)"
"260711_원의 성질(3).pdf","48583bdcd780608abcce319530837b5cda639ef02a1026a81383f2a32bec6907","091","23","48","원주각의 크기와 호의 길이(1)"
"260711_원의 성질(3).pdf","48583bdcd780608abcce319530837b5cda639ef02a1026a81383f2a32bec6907","092","23","61","원주각의 크기와 호의 길이(1)"
"260711_원의 성질(3).pdf","48583bdcd780608abcce319530837b5cda639ef02a1026a81383f2a32bec6907","093","24","82","원주각의 크기와 호의 길이(2)"
"260711_원의 성질(3).pdf","48583bdcd780608abcce319530837b5cda639ef02a1026a81383f2a32bec6907","094","24","72","원주각의 크기와 호의 길이(2)"
"260711_원의 성질(3).pdf","48583bdcd780608abcce319530837b5cda639ef02a1026a81383f2a32bec6907","095","24","73","원주각의 크기와 호의 길이(2)"
"260711_원의 성질(3).pdf","48583bdcd780608abcce319530837b5cda639ef02a1026a81383f2a32bec6907","096","24","79","원주각의 크기와 호의 길이(2)"
"260711_원의 성질(3).pdf","48583bdcd780608abcce319530837b5cda639ef02a1026a81383f2a32bec6907","097","25","80","원주각의 크기와 호의 길이(3)"
"260711_원의 성질(3).pdf","48583bdcd780608abcce319530837b5cda639ef02a1026a81383f2a32bec6907","098","25","76","원주각의 크기와 호의 길이(3)"
"260711_원의 성질(3).pdf","48583bdcd780608abcce319530837b5cda639ef02a1026a81383f2a32bec6907","099","25","74","원주각의 크기와 호의 길이(3)"
"260711_원의 성질(3).pdf","48583bdcd780608abcce319530837b5cda639ef02a1026a81383f2a32bec6907","100","25","79","네 점이 한 원에 있기 위한 조건"
"260711_원의 성질(3).pdf","48583bdcd780608abcce319530837b5cda639ef02a1026a81383f2a32bec6907","101","26","74","네 점이 한 원에 있기 위한 조건"
"260711_원의 성질(3).pdf","48583bdcd780608abcce319530837b5cda639ef02a1026a81383f2a32bec6907","102","26","90","네 점이 한 원에 있기 위한 조건"
"260711_원의 성질(3).pdf","48583bdcd780608abcce319530837b5cda639ef02a1026a81383f2a32bec6907","103","26","77","네 점이 한 원에 있기 위한 조건"
"260711_원의 성질(3).pdf","48583bdcd780608abcce319530837b5cda639ef02a1026a81383f2a32bec6907","104","26","82","원에 내접하는 사각형의 성질(1)"
"260711_원의 성질(3).pdf","48583bdcd780608abcce319530837b5cda639ef02a1026a81383f2a32bec6907","105","27","59","원에 내접하는 사각형의 성질(1)"
"260711_원의 성질(3).pdf","48583bdcd780608abcce319530837b5cda639ef02a1026a81383f2a32bec6907","106","27","67","원에 내접하는 사각형의 성질(1)"
"260711_원의 성질(3).pdf","48583bdcd780608abcce319530837b5cda639ef02a1026a81383f2a32bec6907","107","27","92","원에 내접하는 사각형의 성질(1)"
"260711_원의 성질(3).pdf","48583bdcd780608abcce319530837b5cda639ef02a1026a81383f2a32bec6907","108","27","86","원에 내접하는 사각형의 성질(2)"
"260711_원의 성질(3).pdf","48583bdcd780608abcce319530837b5cda639ef02a1026a81383f2a32bec6907","109","28","84","원에 내접하는 사각형의 성질(2)"
"260711_원의 성질(3).pdf","48583bdcd780608abcce319530837b5cda639ef02a1026a81383f2a32bec6907","110","28","75","원에 내접하는 사각형의 성질(2)"
"260711_원의 성질(3).pdf","48583bdcd780608abcce319530837b5cda639ef02a1026a81383f2a32bec6907","111","28","66","원에 내접하는 사각형의 성질(2)"
"260711_원의 성질(3).pdf","48583bdcd780608abcce319530837b5cda639ef02a1026a81383f2a32bec6907","112","28","89","원에 내접하는 사각형과 외각의 성질"
"260711_원의 성질(3).pdf","48583bdcd780608abcce319530837b5cda639ef02a1026a81383f2a32bec6907","113","29","80","원에 내접하는 사각형과 외각의 성질"
"260711_원의 성질(3).pdf","48583bdcd780608abcce319530837b5cda639ef02a1026a81383f2a32bec6907","114","29","87","원에 내접하는 사각형과 외각의 성질"
"260711_원의 성질(3).pdf","48583bdcd780608abcce319530837b5cda639ef02a1026a81383f2a32bec6907","115","29","79","원에 내접하는 사각형과 외각의 성질"
"260711_원의 성질(3).pdf","48583bdcd780608abcce319530837b5cda639ef02a1026a81383f2a32bec6907","116","29","79","원에 내접하는 다각형"
"260711_원의 성질(3).pdf","48583bdcd780608abcce319530837b5cda639ef02a1026a81383f2a32bec6907","117","30","77","원에 내접하는 다각형"
"260711_원의 성질(3).pdf","48583bdcd780608abcce319530837b5cda639ef02a1026a81383f2a32bec6907","118","30","71","원에 내접하는 다각형"
"260711_원의 성질(3).pdf","48583bdcd780608abcce319530837b5cda639ef02a1026a81383f2a32bec6907","119","30","77","두 원에서 내접하는 사각형의 성질의 활용"
"260711_원의 성질(3).pdf","48583bdcd780608abcce319530837b5cda639ef02a1026a81383f2a32bec6907","120","30","85","두 원에서 내접하는 사각형의 성질의 활용"
"260711_원의 성질(3).pdf","48583bdcd780608abcce319530837b5cda639ef02a1026a81383f2a32bec6907","121","31","88","두 원에서 내접하는 사각형의 성질의 활용"
"260711_원의 성질(3).pdf","48583bdcd780608abcce319530837b5cda639ef02a1026a81383f2a32bec6907","122","31","88","두 원에서 내접하는 사각형의 성질의 활용"
"260711_원의 성질(3).pdf","48583bdcd780608abcce319530837b5cda639ef02a1026a81383f2a32bec6907","123","31","77","원에 내접하는 사각형"
"260711_원의 성질(3).pdf","48583bdcd780608abcce319530837b5cda639ef02a1026a81383f2a32bec6907","124","31","30","원에 내접하는 사각형"
"260711_원의 성질(3).pdf","48583bdcd780608abcce319530837b5cda639ef02a1026a81383f2a32bec6907","125","32","81","사각형이 원에 내접하기 위한 조건"
"260711_원의 성질(3).pdf","48583bdcd780608abcce319530837b5cda639ef02a1026a81383f2a32bec6907","126","32","75","사각형이 원에 내접하기 위한 조건"
"260711_원의 성질(3).pdf","48583bdcd780608abcce319530837b5cda639ef02a1026a81383f2a32bec6907","127","32","52","사각형이 원에 내접하기 위한 조건"
"260711_원의 성질(3).pdf","48583bdcd780608abcce319530837b5cda639ef02a1026a81383f2a32bec6907","128","32","78","사각형이 원에 내접하기 위한 조건"
"260711_원의 성질(3).pdf","48583bdcd780608abcce319530837b5cda639ef02a1026a81383f2a32bec6907","129","33","88","접선과 현이 이루는 각; 원주각"
"260711_원의 성질(3).pdf","48583bdcd780608abcce319530837b5cda639ef02a1026a81383f2a32bec6907","130","33","79","접선과 현이 이루는 각; 원주각"
"260711_원의 성질(3).pdf","48583bdcd780608abcce319530837b5cda639ef02a1026a81383f2a32bec6907","131","33","78","접선과 현이 이루는 각; 원주각"
"260711_원의 성질(3).pdf","48583bdcd780608abcce319530837b5cda639ef02a1026a81383f2a32bec6907","132","34","48","접선과 현이 이루는 각; 원주각"
"260711_원의 성질(3).pdf","48583bdcd780608abcce319530837b5cda639ef02a1026a81383f2a32bec6907","133","34","70","접선과 현이 이루는 각의 활용(1); 현이 중심을 지나지 않는 경우"
"260711_원의 성질(3).pdf","48583bdcd780608abcce319530837b5cda639ef02a1026a81383f2a32bec6907","134","34","87","접선과 현이 이루는 각의 활용(1); 현이 중심을 지나지 않는 경우"
"260711_원의 성질(3).pdf","48583bdcd780608abcce319530837b5cda639ef02a1026a81383f2a32bec6907","135","35","83","접선과 현이 이루는 각의 활용(1); 현이 중심을 지나지 않는 경우"
"260711_원의 성질(3).pdf","48583bdcd780608abcce319530837b5cda639ef02a1026a81383f2a32bec6907","136","35","86","접선과 현이 이루는 각의 활용(1); 현이 중심을 지나지 않는 경우"
"260711_원의 성질(3).pdf","48583bdcd780608abcce319530837b5cda639ef02a1026a81383f2a32bec6907","137","35","82","접선과 현이 이루는 각의 활용(2); 현이 중심을 지나는 경우"
"260711_원의 성질(3).pdf","48583bdcd780608abcce319530837b5cda639ef02a1026a81383f2a32bec6907","138","35","76","접선과 현이 이루는 각의 활용(2); 현이 중심을 지나는 경우"
"260711_원의 성질(3).pdf","48583bdcd780608abcce319530837b5cda639ef02a1026a81383f2a32bec6907","139","36","69","접선과 현이 이루는 각의 활용(2); 현이 중심을 지나는 경우"
"260711_원의 성질(3).pdf","48583bdcd780608abcce319530837b5cda639ef02a1026a81383f2a32bec6907","140","36","68","접선과 현이 이루는 각의 활용(2); 현이 중심을 지나는 경우"
"260711_원의 성질(3).pdf","48583bdcd780608abcce319530837b5cda639ef02a1026a81383f2a32bec6907","141","36","68","접선과 현이 이루는 각의 활용(3); 한 점에서 원에 그은 두 접선"
"260711_원의 성질(3).pdf","48583bdcd780608abcce319530837b5cda639ef02a1026a81383f2a32bec6907","142","36","64","접선과 현이 이루는 각의 활용(3); 한 점에서 원에 그은 두 접선"
"260711_원의 성질(3).pdf","48583bdcd780608abcce319530837b5cda639ef02a1026a81383f2a32bec6907","143","37","78","접선과 현이 이루는 각의 활용(3); 한 점에서 원에 그은 두 접선"
"260711_원의 성질(3).pdf","48583bdcd780608abcce319530837b5cda639ef02a1026a81383f2a32bec6907","144","37","71","접선과 현이 이루는 각의 활용(3); 한 점에서 원에 그은 두 접선"
"260711_원의 성질(3).pdf","48583bdcd780608abcce319530837b5cda639ef02a1026a81383f2a32bec6907","145","37","79","두 원에서 접선과 현이 이루는 각(1)"
"260711_원의 성질(3).pdf","48583bdcd780608abcce319530837b5cda639ef02a1026a81383f2a32bec6907","146","37","72","두 원에서 접선과 현이 이루는 각(1)"
"260711_원의 성질(3).pdf","48583bdcd780608abcce319530837b5cda639ef02a1026a81383f2a32bec6907","147","38","83","두 원에서 접선과 현이 이루는 각(1)"
"260711_원의 성질(3).pdf","48583bdcd780608abcce319530837b5cda639ef02a1026a81383f2a32bec6907","148","38","85","두 원에서 접선과 현이 이루는 각(1)"
"260711_원의 성질(3).pdf","48583bdcd780608abcce319530837b5cda639ef02a1026a81383f2a32bec6907","149","38","86","두 원에서 접선과 현이 이루는 각(2); 한 원이 다른 원의 내부에 있는 경우"
"260711_원의 성질(3).pdf","48583bdcd780608abcce319530837b5cda639ef02a1026a81383f2a32bec6907","150","38","76","두 원에서 접선과 현이 이루는 각(2); 한 원이 다른 원의 내부에 있는 경우"
"260711_원의 성질(4).pdf","cb869e780f82f08df71359bdb55a9543844bc55d65194181d6bf6240fa1d6d5f","001","1","80","원의 중심과 현의 수직이등분선(1)"
"260711_원의 성질(4).pdf","cb869e780f82f08df71359bdb55a9543844bc55d65194181d6bf6240fa1d6d5f","002","1","69","원의 중심과 현의 수직이등분선(1)"
"260711_원의 성질(4).pdf","cb869e780f82f08df71359bdb55a9543844bc55d65194181d6bf6240fa1d6d5f","003","1","89","원의 중심과 현의 수직이등분선(1)"
"260711_원의 성질(4).pdf","cb869e780f82f08df71359bdb55a9543844bc55d65194181d6bf6240fa1d6d5f","004","1","91","원의 중심과 현의 수직이등분선(1)"
"260711_원의 성질(4).pdf","cb869e780f82f08df71359bdb55a9543844bc55d65194181d6bf6240fa1d6d5f","005","2","49","원의 중심과 현의 수직이등분선(2)"
"260711_원의 성질(4).pdf","cb869e780f82f08df71359bdb55a9543844bc55d65194181d6bf6240fa1d6d5f","006","2","84","현의 길이(1); 중심에서 같은 거리의 두 현"
"260711_원의 성질(4).pdf","cb869e780f82f08df71359bdb55a9543844bc55d65194181d6bf6240fa1d6d5f","007","2","91","현의 길이(1); 중심에서 같은 거리의 두 현"
"260711_원의 성질(4).pdf","cb869e780f82f08df71359bdb55a9543844bc55d65194181d6bf6240fa1d6d5f","008","2","78","현의 길이(1); 중심에서 같은 거리의 두 현"
"260711_원의 성질(4).pdf","cb869e780f82f08df71359bdb55a9543844bc55d65194181d6bf6240fa1d6d5f","009","3","89","현의 길이(1); 중심에서 같은 거리의 두 현"
"260711_원의 성질(4).pdf","cb869e780f82f08df71359bdb55a9543844bc55d65194181d6bf6240fa1d6d5f","010","3","89","현의 길이(2); 내접하는 이등변삼각형"
"260711_원의 성질(4).pdf","cb869e780f82f08df71359bdb55a9543844bc55d65194181d6bf6240fa1d6d5f","011","3","49","현의 길이(2); 내접하는 이등변삼각형"
"260711_원의 성질(4).pdf","cb869e780f82f08df71359bdb55a9543844bc55d65194181d6bf6240fa1d6d5f","012","3","81","현의 길이(2); 내접하는 이등변삼각형"
"260711_원의 성질(4).pdf","cb869e780f82f08df71359bdb55a9543844bc55d65194181d6bf6240fa1d6d5f","013","4","87","현의 길이(2); 내접하는 이등변삼각형"
"260711_원의 성질(4).pdf","cb869e780f82f08df71359bdb55a9543844bc55d65194181d6bf6240fa1d6d5f","014","4","50","원의 접선과 반지름"
"260711_원의 성질(4).pdf","cb869e780f82f08df71359bdb55a9543844bc55d65194181d6bf6240fa1d6d5f","015","4","50","원의 접선과 반지름"
"260711_원의 성질(4).pdf","cb869e780f82f08df71359bdb55a9543844bc55d65194181d6bf6240fa1d6d5f","016","4","50","원의 접선과 반지름"
"260711_원의 성질(4).pdf","cb869e780f82f08df71359bdb55a9543844bc55d65194181d6bf6240fa1d6d5f","017","5","59","원의 접선과 반지름"
"260711_원의 성질(4).pdf","cb869e780f82f08df71359bdb55a9543844bc55d65194181d6bf6240fa1d6d5f","018","5","88","원의 접선의 성질(1)"
"260711_원의 성질(4).pdf","cb869e780f82f08df71359bdb55a9543844bc55d65194181d6bf6240fa1d6d5f","019","5","90","원의 접선의 성질(1)"
"260711_원의 성질(4).pdf","cb869e780f82f08df71359bdb55a9543844bc55d65194181d6bf6240fa1d6d5f","020","5","83","원의 접선의 성질(1)"
"260711_원의 성질(4).pdf","cb869e780f82f08df71359bdb55a9543844bc55d65194181d6bf6240fa1d6d5f","021","6","92","원의 접선의 성질(1)"
"260711_원의 성질(4).pdf","cb869e780f82f08df71359bdb55a9543844bc55d65194181d6bf6240fa1d6d5f","022","6","51","원의 접선의 성질(2); 길이"
"260711_원의 성질(4).pdf","cb869e780f82f08df71359bdb55a9543844bc55d65194181d6bf6240fa1d6d5f","023","6","54","원의 접선의 성질(2); 길이"
"260711_원의 성질(4).pdf","cb869e780f82f08df71359bdb55a9543844bc55d65194181d6bf6240fa1d6d5f","024","6","51","원의 접선의 성질(2); 길이"
"260711_원의 성질(4).pdf","cb869e780f82f08df71359bdb55a9543844bc55d65194181d6bf6240fa1d6d5f","025","7","83","원의 접선의 성질(2); 길이"
"260711_원의 성질(4).pdf","cb869e780f82f08df71359bdb55a9543844bc55d65194181d6bf6240fa1d6d5f","026","7","66","원의 접선의 성질의 활용"
"260711_원의 성질(4).pdf","cb869e780f82f08df71359bdb55a9543844bc55d65194181d6bf6240fa1d6d5f","027","7","83","원의 접선의 성질의 활용"
"260711_원의 성질(4).pdf","cb869e780f82f08df71359bdb55a9543844bc55d65194181d6bf6240fa1d6d5f","028","7","80","원의 접선의 성질의 활용"
"260711_원의 성질(4).pdf","cb869e780f82f08df71359bdb55a9543844bc55d65194181d6bf6240fa1d6d5f","029","8","76","원의 접선의 성질의 활용"
"260711_원의 성질(4).pdf","cb869e780f82f08df71359bdb55a9543844bc55d65194181d6bf6240fa1d6d5f","030","8","76","반원에서의 접선"
"260711_원의 성질(4).pdf","cb869e780f82f08df71359bdb55a9543844bc55d65194181d6bf6240fa1d6d5f","031","8","64","반원에서의 접선"
"260711_원의 성질(4).pdf","cb869e780f82f08df71359bdb55a9543844bc55d65194181d6bf6240fa1d6d5f","032","8","77","반원에서의 접선"
"260711_원의 성질(4).pdf","cb869e780f82f08df71359bdb55a9543844bc55d65194181d6bf6240fa1d6d5f","033","9","84","반원에서의 접선"
"260711_원의 성질(4).pdf","cb869e780f82f08df71359bdb55a9543844bc55d65194181d6bf6240fa1d6d5f","034","9","83","원의 접선과 반지름; 동심원"
"260711_원의 성질(4).pdf","cb869e780f82f08df71359bdb55a9543844bc55d65194181d6bf6240fa1d6d5f","035","9","71","원의 접선과 반지름; 동심원"
"260711_원의 성질(4).pdf","cb869e780f82f08df71359bdb55a9543844bc55d65194181d6bf6240fa1d6d5f","036","9","80","원의 접선과 반지름; 동심원"
"260711_원의 성질(4).pdf","cb869e780f82f08df71359bdb55a9543844bc55d65194181d6bf6240fa1d6d5f","037","10","71","원의 접선과 반지름; 동심원"
"260711_원의 성질(4).pdf","cb869e780f82f08df71359bdb55a9543844bc55d65194181d6bf6240fa1d6d5f","038","10","88","삼각형의 내접원"
"260711_원의 성질(4).pdf","cb869e780f82f08df71359bdb55a9543844bc55d65194181d6bf6240fa1d6d5f","039","10","81","삼각형의 내접원"
"260711_원의 성질(4).pdf","cb869e780f82f08df71359bdb55a9543844bc55d65194181d6bf6240fa1d6d5f","040","10","84","삼각형의 내접원"
"260711_원의 성질(4).pdf","cb869e780f82f08df71359bdb55a9543844bc55d65194181d6bf6240fa1d6d5f","041","11","85","삼각형의 내접원"
"260711_원의 성질(4).pdf","cb869e780f82f08df71359bdb55a9543844bc55d65194181d6bf6240fa1d6d5f","042","11","67","직각삼각형의 내접원"
"260711_원의 성질(4).pdf","cb869e780f82f08df71359bdb55a9543844bc55d65194181d6bf6240fa1d6d5f","043","11","76","직각삼각형의 내접원"
"260711_원의 성질(4).pdf","cb869e780f82f08df71359bdb55a9543844bc55d65194181d6bf6240fa1d6d5f","044","11","79","직각삼각형의 내접원"
"260711_원의 성질(4).pdf","cb869e780f82f08df71359bdb55a9543844bc55d65194181d6bf6240fa1d6d5f","045","12","81","직각삼각형의 내접원"
"260711_원의 성질(4).pdf","cb869e780f82f08df71359bdb55a9543844bc55d65194181d6bf6240fa1d6d5f","046","12","63","원에 외접하는 사각형의 성질(1)"
"260711_원의 성질(4).pdf","cb869e780f82f08df71359bdb55a9543844bc55d65194181d6bf6240fa1d6d5f","047","12","64","원에 외접하는 사각형의 성질(1)"
"260711_원의 성질(4).pdf","cb869e780f82f08df71359bdb55a9543844bc55d65194181d6bf6240fa1d6d5f","048","12","63","원에 외접하는 사각형의 성질(1)"
"260711_원의 성질(4).pdf","cb869e780f82f08df71359bdb55a9543844bc55d65194181d6bf6240fa1d6d5f","049","13","67","원에 외접하는 사각형의 성질(1)"
"260711_원의 성질(4).pdf","cb869e780f82f08df71359bdb55a9543844bc55d65194181d6bf6240fa1d6d5f","050","13","56","원에 외접하는 사각형의 성질(2); 한 내각이 90˚인 경우"
"260711_원의 성질(4).pdf","cb869e780f82f08df71359bdb55a9543844bc55d65194181d6bf6240fa1d6d5f","051","13","75","원에 외접하는 사각형의 성질(2); 한 내각이 90˚인 경우"
"260711_원의 성질(4).pdf","cb869e780f82f08df71359bdb55a9543844bc55d65194181d6bf6240fa1d6d5f","052","13","64","원에 외접하는 사각형의 성질(2); 한 내각이 90˚인 경우"
"260711_원의 성질(4).pdf","cb869e780f82f08df71359bdb55a9543844bc55d65194181d6bf6240fa1d6d5f","053","14","70","원에 외접하는 사각형의 성질(2); 한 내각이 90˚인 경우"
"260711_원의 성질(4).pdf","cb869e780f82f08df71359bdb55a9543844bc55d65194181d6bf6240fa1d6d5f","054","14","75","원에 외접하는 사각형의 성질의 활용(1); 직사각형"
"260711_원의 성질(4).pdf","cb869e780f82f08df71359bdb55a9543844bc55d65194181d6bf6240fa1d6d5f","055","14","73","원에 외접하는 사각형의 성질의 활용(1); 직사각형"
"260711_원의 성질(4).pdf","cb869e780f82f08df71359bdb55a9543844bc55d65194181d6bf6240fa1d6d5f","056","14","73","원에 외접하는 사각형의 성질의 활용(1); 직사각형"
"260711_원의 성질(4).pdf","cb869e780f82f08df71359bdb55a9543844bc55d65194181d6bf6240fa1d6d5f","057","15","69","원에 외접하는 사각형의 성질의 활용(1); 직사각형"
"260711_원의 성질(4).pdf","cb869e780f82f08df71359bdb55a9543844bc55d65194181d6bf6240fa1d6d5f","058","15","59","원에 외접하는 사각형의 성질의 활용(2); 그 외"
"260711_원의 성질(4).pdf","cb869e780f82f08df71359bdb55a9543844bc55d65194181d6bf6240fa1d6d5f","059","15","68","원에 외접하는 사각형의 성질의 활용(2); 그 외"
"260711_원의 성질(4).pdf","cb869e780f82f08df71359bdb55a9543844bc55d65194181d6bf6240fa1d6d5f","060","15","66","원에 외접하는 사각형의 성질의 활용(2); 그 외"
"260711_원의 성질(4).pdf","cb869e780f82f08df71359bdb55a9543844bc55d65194181d6bf6240fa1d6d5f","061","16","74","원에 외접하는 사각형의 성질의 활용(2); 그 외"
"260711_원의 성질(4).pdf","cb869e780f82f08df71359bdb55a9543844bc55d65194181d6bf6240fa1d6d5f","062","16","84","원주각과 중심각의 크기(1)"
"260711_원의 성질(4).pdf","cb869e780f82f08df71359bdb55a9543844bc55d65194181d6bf6240fa1d6d5f","063","16","65","원주각과 중심각의 크기(1)"
"260711_원의 성질(4).pdf","cb869e780f82f08df71359bdb55a9543844bc55d65194181d6bf6240fa1d6d5f","064","16","91","원주각과 중심각의 크기(1)"
"260711_원의 성질(4).pdf","cb869e780f82f08df71359bdb55a9543844bc55d65194181d6bf6240fa1d6d5f","065","17","70","원주각과 중심각의 크기(1)"
"260711_원의 성질(4).pdf","cb869e780f82f08df71359bdb55a9543844bc55d65194181d6bf6240fa1d6d5f","066","17","79","원주각과 중심각의 크기(3)"
"260711_원의 성질(4).pdf","cb869e780f82f08df71359bdb55a9543844bc55d65194181d6bf6240fa1d6d5f","067","17","81","원주각과 중심각의 크기(3)"
"260711_원의 성질(4).pdf","cb869e780f82f08df71359bdb55a9543844bc55d65194181d6bf6240fa1d6d5f","068","17","70","원주각과 중심각의 크기(3)"
"260711_원의 성질(4).pdf","cb869e780f82f08df71359bdb55a9543844bc55d65194181d6bf6240fa1d6d5f","069","18","81","원주각과 중심각의 크기(3)"
"260711_원의 성질(4).pdf","cb869e780f82f08df71359bdb55a9543844bc55d65194181d6bf6240fa1d6d5f","070","18","76","원주각의 성질(1); 한 호"
"260711_원의 성질(4).pdf","cb869e780f82f08df71359bdb55a9543844bc55d65194181d6bf6240fa1d6d5f","071","18","87","원주각의 성질(1); 한 호"
"260711_원의 성질(4).pdf","cb869e780f82f08df71359bdb55a9543844bc55d65194181d6bf6240fa1d6d5f","072","18","82","원주각의 성질(1); 한 호"
"260711_원의 성질(4).pdf","cb869e780f82f08df71359bdb55a9543844bc55d65194181d6bf6240fa1d6d5f","073","19","68","원주각의 성질(1); 한 호"
"260711_원의 성질(4).pdf","cb869e780f82f08df71359bdb55a9543844bc55d65194181d6bf6240fa1d6d5f","074","19","67","원주각의 성질(2); 반원"
"260711_원의 성질(4).pdf","cb869e780f82f08df71359bdb55a9543844bc55d65194181d6bf6240fa1d6d5f","075","19","77","원주각의 성질(2); 반원"
"260711_원의 성질(4).pdf","cb869e780f82f08df71359bdb55a9543844bc55d65194181d6bf6240fa1d6d5f","076","19","77","원주각의 성질(2); 반원"
"260711_원의 성질(4).pdf","cb869e780f82f08df71359bdb55a9543844bc55d65194181d6bf6240fa1d6d5f","077","20","43","원주각의 성질(2); 반원"
"260711_원의 성질(4).pdf","cb869e780f82f08df71359bdb55a9543844bc55d65194181d6bf6240fa1d6d5f","078","20","83","원주각과 삼각비의 값(1)"
"260711_원의 성질(4).pdf","cb869e780f82f08df71359bdb55a9543844bc55d65194181d6bf6240fa1d6d5f","079","20","70","원주각과 삼각비의 값(1)"
"260711_원의 성질(4).pdf","cb869e780f82f08df71359bdb55a9543844bc55d65194181d6bf6240fa1d6d5f","080","20","81","원주각과 삼각비의 값(1)"
"260711_원의 성질(4).pdf","cb869e780f82f08df71359bdb55a9543844bc55d65194181d6bf6240fa1d6d5f","081","21","65","원주각과 삼각비의 값(1)"
"260711_원의 성질(4).pdf","cb869e780f82f08df71359bdb55a9543844bc55d65194181d6bf6240fa1d6d5f","082","21","83","원주각과 삼각비의 값(2); 선분의 길이, 넓이"
"260711_원의 성질(4).pdf","cb869e780f82f08df71359bdb55a9543844bc55d65194181d6bf6240fa1d6d5f","083","21","87","원주각과 삼각비의 값(2); 선분의 길이, 넓이"
"260711_원의 성질(4).pdf","cb869e780f82f08df71359bdb55a9543844bc55d65194181d6bf6240fa1d6d5f","084","21","73","원주각과 삼각비의 값(2); 선분의 길이, 넓이"
"260711_원의 성질(4).pdf","cb869e780f82f08df71359bdb55a9543844bc55d65194181d6bf6240fa1d6d5f","085","22","82","원주각과 삼각비의 값(2); 선분의 길이, 넓이"
"260711_원의 성질(4).pdf","cb869e780f82f08df71359bdb55a9543844bc55d65194181d6bf6240fa1d6d5f","086","22","95","원주각의 크기와 호의 길이(1)"
"260711_원의 성질(4).pdf","cb869e780f82f08df71359bdb55a9543844bc55d65194181d6bf6240fa1d6d5f","087","22","84","원주각의 크기와 호의 길이(1)"
"260711_원의 성질(4).pdf","cb869e780f82f08df71359bdb55a9543844bc55d65194181d6bf6240fa1d6d5f","088","22","49","원주각의 크기와 호의 길이(1)"
"260711_원의 성질(4).pdf","cb869e780f82f08df71359bdb55a9543844bc55d65194181d6bf6240fa1d6d5f","089","23","56","원주각의 크기와 호의 길이(1)"
"260711_원의 성질(4).pdf","cb869e780f82f08df71359bdb55a9543844bc55d65194181d6bf6240fa1d6d5f","090","23","75","원주각의 크기와 호의 길이(2)"
"260711_원의 성질(4).pdf","cb869e780f82f08df71359bdb55a9543844bc55d65194181d6bf6240fa1d6d5f","091","23","78","원주각의 크기와 호의 길이(2)"
"260711_원의 성질(4).pdf","cb869e780f82f08df71359bdb55a9543844bc55d65194181d6bf6240fa1d6d5f","092","23","72","원주각의 크기와 호의 길이(2)"
"260711_원의 성질(4).pdf","cb869e780f82f08df71359bdb55a9543844bc55d65194181d6bf6240fa1d6d5f","093","24","91","원주각의 크기와 호의 길이(2)"
"260711_원의 성질(4).pdf","cb869e780f82f08df71359bdb55a9543844bc55d65194181d6bf6240fa1d6d5f","094","24","83","원주각의 크기와 호의 길이(3)"
"260711_원의 성질(4).pdf","cb869e780f82f08df71359bdb55a9543844bc55d65194181d6bf6240fa1d6d5f","095","24","72","원주각의 크기와 호의 길이(3)"
"260711_원의 성질(4).pdf","cb869e780f82f08df71359bdb55a9543844bc55d65194181d6bf6240fa1d6d5f","096","24","56","원주각의 크기와 호의 길이(3)"
"260711_원의 성질(4).pdf","cb869e780f82f08df71359bdb55a9543844bc55d65194181d6bf6240fa1d6d5f","097","25","66","원주각의 크기와 호의 길이(3)"
"260711_원의 성질(4).pdf","cb869e780f82f08df71359bdb55a9543844bc55d65194181d6bf6240fa1d6d5f","098","25","86","네 점이 한 원에 있기 위한 조건"
"260711_원의 성질(4).pdf","cb869e780f82f08df71359bdb55a9543844bc55d65194181d6bf6240fa1d6d5f","099","25","85","네 점이 한 원에 있기 위한 조건"
"260711_원의 성질(4).pdf","cb869e780f82f08df71359bdb55a9543844bc55d65194181d6bf6240fa1d6d5f","100","25","50","네 점이 한 원에 있기 위한 조건"
"260711_원의 성질(4).pdf","cb869e780f82f08df71359bdb55a9543844bc55d65194181d6bf6240fa1d6d5f","101","26","78","네 점이 한 원에 있기 위한 조건"
"260711_원의 성질(4).pdf","cb869e780f82f08df71359bdb55a9543844bc55d65194181d6bf6240fa1d6d5f","102","26","78","원에 내접하는 사각형의 성질(1)"
"260711_원의 성질(4).pdf","cb869e780f82f08df71359bdb55a9543844bc55d65194181d6bf6240fa1d6d5f","103","26","85","원에 내접하는 사각형의 성질(1)"
"260711_원의 성질(4).pdf","cb869e780f82f08df71359bdb55a9543844bc55d65194181d6bf6240fa1d6d5f","104","26","82","원에 내접하는 사각형의 성질(1)"
"260711_원의 성질(4).pdf","cb869e780f82f08df71359bdb55a9543844bc55d65194181d6bf6240fa1d6d5f","105","27","50","원에 내접하는 사각형의 성질(1)"
"260711_원의 성질(4).pdf","cb869e780f82f08df71359bdb55a9543844bc55d65194181d6bf6240fa1d6d5f","106","27","64","원에 내접하는 사각형의 성질(2)"
"260711_원의 성질(4).pdf","cb869e780f82f08df71359bdb55a9543844bc55d65194181d6bf6240fa1d6d5f","107","27","69","원에 내접하는 사각형의 성질(2)"
"260711_원의 성질(4).pdf","cb869e780f82f08df71359bdb55a9543844bc55d65194181d6bf6240fa1d6d5f","108","27","87","원에 내접하는 사각형의 성질(2)"
"260711_원의 성질(4).pdf","cb869e780f82f08df71359bdb55a9543844bc55d65194181d6bf6240fa1d6d5f","109","28","83","원에 내접하는 사각형의 성질(2)"
"260711_원의 성질(4).pdf","cb869e780f82f08df71359bdb55a9543844bc55d65194181d6bf6240fa1d6d5f","110","28","80","원에 내접하는 사각형과 외각의 성질"
"260711_원의 성질(4).pdf","cb869e780f82f08df71359bdb55a9543844bc55d65194181d6bf6240fa1d6d5f","111","28","83","원에 내접하는 사각형과 외각의 성질"
"260711_원의 성질(4).pdf","cb869e780f82f08df71359bdb55a9543844bc55d65194181d6bf6240fa1d6d5f","112","28","65","원에 내접하는 사각형과 외각의 성질"
"260711_원의 성질(4).pdf","cb869e780f82f08df71359bdb55a9543844bc55d65194181d6bf6240fa1d6d5f","113","29","78","원에 내접하는 사각형과 외각의 성질"
"260711_원의 성질(4).pdf","cb869e780f82f08df71359bdb55a9543844bc55d65194181d6bf6240fa1d6d5f","114","29","74","원에 내접하는 다각형"
"260711_원의 성질(4).pdf","cb869e780f82f08df71359bdb55a9543844bc55d65194181d6bf6240fa1d6d5f","115","29","76","원에 내접하는 다각형"
"260711_원의 성질(4).pdf","cb869e780f82f08df71359bdb55a9543844bc55d65194181d6bf6240fa1d6d5f","116","29","80","원에 내접하는 다각형"
"260711_원의 성질(4).pdf","cb869e780f82f08df71359bdb55a9543844bc55d65194181d6bf6240fa1d6d5f","117","30","90","원에 내접하는 다각형"
"260711_원의 성질(4).pdf","cb869e780f82f08df71359bdb55a9543844bc55d65194181d6bf6240fa1d6d5f","118","30","80","두 원에서 내접하는 사각형의 성질의 활용"
"260711_원의 성질(4).pdf","cb869e780f82f08df71359bdb55a9543844bc55d65194181d6bf6240fa1d6d5f","119","30","80","두 원에서 내접하는 사각형의 성질의 활용"
"260711_원의 성질(4).pdf","cb869e780f82f08df71359bdb55a9543844bc55d65194181d6bf6240fa1d6d5f","120","30","83","두 원에서 내접하는 사각형의 성질의 활용"
"260711_원의 성질(4).pdf","cb869e780f82f08df71359bdb55a9543844bc55d65194181d6bf6240fa1d6d5f","121","31","75","두 원에서 내접하는 사각형의 성질의 활용"
"260711_원의 성질(4).pdf","cb869e780f82f08df71359bdb55a9543844bc55d65194181d6bf6240fa1d6d5f","122","31","63","사각형이 원에 내접하기 위한 조건"
"260711_원의 성질(4).pdf","cb869e780f82f08df71359bdb55a9543844bc55d65194181d6bf6240fa1d6d5f","123","31","58","사각형이 원에 내접하기 위한 조건"
"260711_원의 성질(4).pdf","cb869e780f82f08df71359bdb55a9543844bc55d65194181d6bf6240fa1d6d5f","124","31","82","사각형이 원에 내접하기 위한 조건"
"260711_원의 성질(4).pdf","cb869e780f82f08df71359bdb55a9543844bc55d65194181d6bf6240fa1d6d5f","125","32","52","사각형이 원에 내접하기 위한 조건"
"260711_원의 성질(4).pdf","cb869e780f82f08df71359bdb55a9543844bc55d65194181d6bf6240fa1d6d5f","126","32","64","접선과 현이 이루는 각; 원주각"
"260711_원의 성질(4).pdf","cb869e780f82f08df71359bdb55a9543844bc55d65194181d6bf6240fa1d6d5f","127","32","50","접선과 현이 이루는 각; 원주각"
"260711_원의 성질(4).pdf","cb869e780f82f08df71359bdb55a9543844bc55d65194181d6bf6240fa1d6d5f","128","32","80","접선과 현이 이루는 각; 원주각"
"260711_원의 성질(4).pdf","cb869e780f82f08df71359bdb55a9543844bc55d65194181d6bf6240fa1d6d5f","129","33","92","접선과 현이 이루는 각; 원주각"
"260711_원의 성질(4).pdf","cb869e780f82f08df71359bdb55a9543844bc55d65194181d6bf6240fa1d6d5f","130","33","89","접선과 현이 이루는 각의 활용(1); 현이 중심을 지나지 않는 경우"
"260711_원의 성질(4).pdf","cb869e780f82f08df71359bdb55a9543844bc55d65194181d6bf6240fa1d6d5f","131","33","73","접선과 현이 이루는 각의 활용(1); 현이 중심을 지나지 않는 경우"
"260711_원의 성질(4).pdf","cb869e780f82f08df71359bdb55a9543844bc55d65194181d6bf6240fa1d6d5f","132","33","65","접선과 현이 이루는 각의 활용(1); 현이 중심을 지나지 않는 경우"
"260711_원의 성질(4).pdf","cb869e780f82f08df71359bdb55a9543844bc55d65194181d6bf6240fa1d6d5f","133","34","72","접선과 현이 이루는 각의 활용(1); 현이 중심을 지나지 않는 경우"
"260711_원의 성질(4).pdf","cb869e780f82f08df71359bdb55a9543844bc55d65194181d6bf6240fa1d6d5f","134","34","74","접선과 현이 이루는 각의 활용(2); 현이 중심을 지나는 경우"
"260711_원의 성질(4).pdf","cb869e780f82f08df71359bdb55a9543844bc55d65194181d6bf6240fa1d6d5f","135","34","55","접선과 현이 이루는 각의 활용(2); 현이 중심을 지나는 경우"
"260711_원의 성질(4).pdf","cb869e780f82f08df71359bdb55a9543844bc55d65194181d6bf6240fa1d6d5f","136","34","76","접선과 현이 이루는 각의 활용(2); 현이 중심을 지나는 경우"
"260711_원의 성질(4).pdf","cb869e780f82f08df71359bdb55a9543844bc55d65194181d6bf6240fa1d6d5f","137","35","86","접선과 현이 이루는 각의 활용(2); 현이 중심을 지나는 경우"
"260711_원의 성질(4).pdf","cb869e780f82f08df71359bdb55a9543844bc55d65194181d6bf6240fa1d6d5f","138","35","78","접선과 현이 이루는 각의 활용(3); 한 점에서 원에 그은 두 접선"
"260711_원의 성질(4).pdf","cb869e780f82f08df71359bdb55a9543844bc55d65194181d6bf6240fa1d6d5f","139","35","73","접선과 현이 이루는 각의 활용(3); 한 점에서 원에 그은 두 접선"
"260711_원의 성질(4).pdf","cb869e780f82f08df71359bdb55a9543844bc55d65194181d6bf6240fa1d6d5f","140","35","71","접선과 현이 이루는 각의 활용(3); 한 점에서 원에 그은 두 접선"
"260711_원의 성질(4).pdf","cb869e780f82f08df71359bdb55a9543844bc55d65194181d6bf6240fa1d6d5f","141","36","83","접선과 현이 이루는 각의 활용(3); 한 점에서 원에 그은 두 접선"
"260711_원의 성질(4).pdf","cb869e780f82f08df71359bdb55a9543844bc55d65194181d6bf6240fa1d6d5f","142","36","72","접선과 현이 이루는 각의 활용(3); 한 점에서 원에 그은 두 접선"
"260711_원의 성질(4).pdf","cb869e780f82f08df71359bdb55a9543844bc55d65194181d6bf6240fa1d6d5f","143","36","90","두 원에서 접선과 현이 이루는 각(1)"
"260711_원의 성질(4).pdf","cb869e780f82f08df71359bdb55a9543844bc55d65194181d6bf6240fa1d6d5f","144","36","85","두 원에서 접선과 현이 이루는 각(1)"
"260711_원의 성질(4).pdf","cb869e780f82f08df71359bdb55a9543844bc55d65194181d6bf6240fa1d6d5f","145","37","83","두 원에서 접선과 현이 이루는 각(1)"
"260711_원의 성질(4).pdf","cb869e780f82f08df71359bdb55a9543844bc55d65194181d6bf6240fa1d6d5f","146","37","68","두 원에서 접선과 현이 이루는 각(1)"
"260711_원의 성질(4).pdf","cb869e780f82f08df71359bdb55a9543844bc55d65194181d6bf6240fa1d6d5f","147","37","61","두 원에서 접선과 현이 이루는 각(2); 한 원이 다른 원의 내부에 있는 경우"
"260711_원의 성질(4).pdf","cb869e780f82f08df71359bdb55a9543844bc55d65194181d6bf6240fa1d6d5f","148","37","66","두 원에서 접선과 현이 이루는 각(2); 한 원이 다른 원의 내부에 있는 경우"
"260711_원의 성질(4).pdf","cb869e780f82f08df71359bdb55a9543844bc55d65194181d6bf6240fa1d6d5f","149","38","78","두 원에서 접선과 현이 이루는 각(2); 한 원이 다른 원의 내부에 있는 경우"
"260711_원의 성질(4).pdf","cb869e780f82f08df71359bdb55a9543844bc55d65194181d6bf6240fa1d6d5f","150","38","65","두 원에서 접선과 현이 이루는 각(2); 한 원이 다른 원의 내부에 있는 경우"
"260711_원의 성질(5).pdf","23154b2eb73a0a9585cc39724237d7709fc2cdbf5b56a0f14cf2fdd9d0f76856","001","1","49","원의 중심과 현의 수직이등분선(1)"
"260711_원의 성질(5).pdf","23154b2eb73a0a9585cc39724237d7709fc2cdbf5b56a0f14cf2fdd9d0f76856","002","1","59","원의 중심과 현의 수직이등분선(1)"
"260711_원의 성질(5).pdf","23154b2eb73a0a9585cc39724237d7709fc2cdbf5b56a0f14cf2fdd9d0f76856","003","1","51","원의 중심과 현의 수직이등분선(1)"
"260711_원의 성질(5).pdf","23154b2eb73a0a9585cc39724237d7709fc2cdbf5b56a0f14cf2fdd9d0f76856","004","1","89","원의 중심과 현의 수직이등분선(1)"
"260711_원의 성질(5).pdf","23154b2eb73a0a9585cc39724237d7709fc2cdbf5b56a0f14cf2fdd9d0f76856","005","2","67","현의 길이(1); 중심에서 같은 거리의 두 현"
"260711_원의 성질(5).pdf","23154b2eb73a0a9585cc39724237d7709fc2cdbf5b56a0f14cf2fdd9d0f76856","006","2","91","현의 길이(1); 중심에서 같은 거리의 두 현"
"260711_원의 성질(5).pdf","23154b2eb73a0a9585cc39724237d7709fc2cdbf5b56a0f14cf2fdd9d0f76856","007","2","64","현의 길이(1); 중심에서 같은 거리의 두 현"
"260711_원의 성질(5).pdf","23154b2eb73a0a9585cc39724237d7709fc2cdbf5b56a0f14cf2fdd9d0f76856","008","2","79","현의 길이(1); 중심에서 같은 거리의 두 현"
"260711_원의 성질(5).pdf","23154b2eb73a0a9585cc39724237d7709fc2cdbf5b56a0f14cf2fdd9d0f76856","009","3","94","현의 길이(1); 중심에서 같은 거리의 두 현"
"260711_원의 성질(5).pdf","23154b2eb73a0a9585cc39724237d7709fc2cdbf5b56a0f14cf2fdd9d0f76856","010","3","81","원의 접선과 반지름"
"260711_원의 성질(5).pdf","23154b2eb73a0a9585cc39724237d7709fc2cdbf5b56a0f14cf2fdd9d0f76856","011","3","82","원의 접선과 반지름"
"260711_원의 성질(5).pdf","23154b2eb73a0a9585cc39724237d7709fc2cdbf5b56a0f14cf2fdd9d0f76856","012","3","67","원의 접선과 반지름"
"260711_원의 성질(5).pdf","23154b2eb73a0a9585cc39724237d7709fc2cdbf5b56a0f14cf2fdd9d0f76856","013","4","51","원의 접선과 반지름"
"260711_원의 성질(5).pdf","23154b2eb73a0a9585cc39724237d7709fc2cdbf5b56a0f14cf2fdd9d0f76856","014","4","70","원의 접선과 반지름"
"260711_원의 성질(5).pdf","23154b2eb73a0a9585cc39724237d7709fc2cdbf5b56a0f14cf2fdd9d0f76856","015","4","85","원의 접선의 성질(1)"
"260711_원의 성질(5).pdf","23154b2eb73a0a9585cc39724237d7709fc2cdbf5b56a0f14cf2fdd9d0f76856","016","4","89","원의 접선의 성질(1)"
"260711_원의 성질(5).pdf","23154b2eb73a0a9585cc39724237d7709fc2cdbf5b56a0f14cf2fdd9d0f76856","017","5","91","원의 접선의 성질(1)"
"260711_원의 성질(5).pdf","23154b2eb73a0a9585cc39724237d7709fc2cdbf5b56a0f14cf2fdd9d0f76856","018","5","91","원의 접선의 성질(1)"
"260711_원의 성질(5).pdf","23154b2eb73a0a9585cc39724237d7709fc2cdbf5b56a0f14cf2fdd9d0f76856","019","5","53","원의 접선의 성질(2); 길이"
"260711_원의 성질(5).pdf","23154b2eb73a0a9585cc39724237d7709fc2cdbf5b56a0f14cf2fdd9d0f76856","020","5","92","원의 접선의 성질(2); 길이"
"260711_원의 성질(5).pdf","23154b2eb73a0a9585cc39724237d7709fc2cdbf5b56a0f14cf2fdd9d0f76856","021","6","79","원의 접선의 성질(2); 길이"
"260711_원의 성질(5).pdf","23154b2eb73a0a9585cc39724237d7709fc2cdbf5b56a0f14cf2fdd9d0f76856","022","6","77","원의 접선의 성질(2); 길이"
"260711_원의 성질(5).pdf","23154b2eb73a0a9585cc39724237d7709fc2cdbf5b56a0f14cf2fdd9d0f76856","023","6","89","원의 접선의 성질(2); 길이"
"260711_원의 성질(5).pdf","23154b2eb73a0a9585cc39724237d7709fc2cdbf5b56a0f14cf2fdd9d0f76856","024","6","85","원의 접선의 성질의 활용"
"260711_원의 성질(5).pdf","23154b2eb73a0a9585cc39724237d7709fc2cdbf5b56a0f14cf2fdd9d0f76856","025","7","73","원의 접선의 성질의 활용"
"260711_원의 성질(5).pdf","23154b2eb73a0a9585cc39724237d7709fc2cdbf5b56a0f14cf2fdd9d0f76856","026","7","64","원의 접선의 성질의 활용"
"260711_원의 성질(5).pdf","23154b2eb73a0a9585cc39724237d7709fc2cdbf5b56a0f14cf2fdd9d0f76856","027","7","67","원의 접선의 성질의 활용"
"260711_원의 성질(5).pdf","23154b2eb73a0a9585cc39724237d7709fc2cdbf5b56a0f14cf2fdd9d0f76856","028","7","73","원의 접선의 성질의 활용"
"260711_원의 성질(5).pdf","23154b2eb73a0a9585cc39724237d7709fc2cdbf5b56a0f14cf2fdd9d0f76856","029","8","80","반원에서의 접선"
"260711_원의 성질(5).pdf","23154b2eb73a0a9585cc39724237d7709fc2cdbf5b56a0f14cf2fdd9d0f76856","030","8","79","반원에서의 접선"
"260711_원의 성질(5).pdf","23154b2eb73a0a9585cc39724237d7709fc2cdbf5b56a0f14cf2fdd9d0f76856","031","8","86","반원에서의 접선"
"260711_원의 성질(5).pdf","23154b2eb73a0a9585cc39724237d7709fc2cdbf5b56a0f14cf2fdd9d0f76856","032","8","84","반원에서의 접선"
"260711_원의 성질(5).pdf","23154b2eb73a0a9585cc39724237d7709fc2cdbf5b56a0f14cf2fdd9d0f76856","033","9","86","반원에서의 접선"
"260711_원의 성질(5).pdf","23154b2eb73a0a9585cc39724237d7709fc2cdbf5b56a0f14cf2fdd9d0f76856","034","9","84","원의 접선과 반지름; 동심원"
"260711_원의 성질(5).pdf","23154b2eb73a0a9585cc39724237d7709fc2cdbf5b56a0f14cf2fdd9d0f76856","035","9","83","삼각형의 내접원"
"260711_원의 성질(5).pdf","23154b2eb73a0a9585cc39724237d7709fc2cdbf5b56a0f14cf2fdd9d0f76856","036","9","77","삼각형의 내접원"
"260711_원의 성질(5).pdf","23154b2eb73a0a9585cc39724237d7709fc2cdbf5b56a0f14cf2fdd9d0f76856","037","10","85","삼각형의 내접원"
"260711_원의 성질(5).pdf","23154b2eb73a0a9585cc39724237d7709fc2cdbf5b56a0f14cf2fdd9d0f76856","038","10","81","삼각형의 내접원"
"260711_원의 성질(5).pdf","23154b2eb73a0a9585cc39724237d7709fc2cdbf5b56a0f14cf2fdd9d0f76856","039","10","75","직각삼각형의 내접원"
"260711_원의 성질(5).pdf","23154b2eb73a0a9585cc39724237d7709fc2cdbf5b56a0f14cf2fdd9d0f76856","040","10","85","직각삼각형의 내접원"
"260711_원의 성질(5).pdf","23154b2eb73a0a9585cc39724237d7709fc2cdbf5b56a0f14cf2fdd9d0f76856","041","11","78","직각삼각형의 내접원"
"260711_원의 성질(5).pdf","23154b2eb73a0a9585cc39724237d7709fc2cdbf5b56a0f14cf2fdd9d0f76856","042","11","82","직각삼각형의 내접원"
"260711_원의 성질(5).pdf","23154b2eb73a0a9585cc39724237d7709fc2cdbf5b56a0f14cf2fdd9d0f76856","043","11","80","직각삼각형의 내접원"
"260711_원의 성질(5).pdf","23154b2eb73a0a9585cc39724237d7709fc2cdbf5b56a0f14cf2fdd9d0f76856","044","11","81","원에 외접하는 사각형의 성질(1)"
"260711_원의 성질(5).pdf","23154b2eb73a0a9585cc39724237d7709fc2cdbf5b56a0f14cf2fdd9d0f76856","045","12","73","원에 외접하는 사각형의 성질(1)"
"260711_원의 성질(5).pdf","23154b2eb73a0a9585cc39724237d7709fc2cdbf5b56a0f14cf2fdd9d0f76856","046","12","78","원에 외접하는 사각형의 성질(1)"
"260711_원의 성질(5).pdf","23154b2eb73a0a9585cc39724237d7709fc2cdbf5b56a0f14cf2fdd9d0f76856","047","12","75","원에 외접하는 사각형의 성질(2); 한 내각이 90˚인 경우"
"260711_원의 성질(5).pdf","23154b2eb73a0a9585cc39724237d7709fc2cdbf5b56a0f14cf2fdd9d0f76856","048","12","71","원에 외접하는 사각형의 성질(2); 한 내각이 90˚인 경우"
"260711_원의 성질(5).pdf","23154b2eb73a0a9585cc39724237d7709fc2cdbf5b56a0f14cf2fdd9d0f76856","049","13","83","원에 외접하는 사각형의 성질(2); 한 내각이 90˚인 경우"
"260711_원의 성질(5).pdf","23154b2eb73a0a9585cc39724237d7709fc2cdbf5b56a0f14cf2fdd9d0f76856","050","13","73","원에 외접하는 사각형의 성질(2); 한 내각이 90˚인 경우"
"260711_원의 성질(5).pdf","23154b2eb73a0a9585cc39724237d7709fc2cdbf5b56a0f14cf2fdd9d0f76856","051","13","65","원에 외접하는 사각형의 성질의 활용(1); 직사각형"
"260711_원의 성질(5).pdf","23154b2eb73a0a9585cc39724237d7709fc2cdbf5b56a0f14cf2fdd9d0f76856","052","13","79","원에 외접하는 사각형의 성질의 활용(1); 직사각형"
"260711_원의 성질(5).pdf","23154b2eb73a0a9585cc39724237d7709fc2cdbf5b56a0f14cf2fdd9d0f76856","053","14","84","원에 외접하는 사각형의 성질의 활용(1); 직사각형"
"260711_원의 성질(5).pdf","23154b2eb73a0a9585cc39724237d7709fc2cdbf5b56a0f14cf2fdd9d0f76856","054","14","68","원에 외접하는 사각형의 성질의 활용(2); 그 외"
"260711_원의 성질(5).pdf","23154b2eb73a0a9585cc39724237d7709fc2cdbf5b56a0f14cf2fdd9d0f76856","055","14","59","원에 외접하는 사각형의 성질의 활용(2); 그 외"
"260711_원의 성질(5).pdf","23154b2eb73a0a9585cc39724237d7709fc2cdbf5b56a0f14cf2fdd9d0f76856","056","14","65","원에 외접하는 사각형의 성질의 활용(2); 그 외"
"260711_원의 성질(5).pdf","23154b2eb73a0a9585cc39724237d7709fc2cdbf5b56a0f14cf2fdd9d0f76856","057","15","48","원에 외접하는 사각형의 성질의 활용(2); 그 외"
"260711_원의 성질(5).pdf","23154b2eb73a0a9585cc39724237d7709fc2cdbf5b56a0f14cf2fdd9d0f76856","058","15","69","원주각과 중심각의 크기(1)"
"260711_원의 성질(5).pdf","23154b2eb73a0a9585cc39724237d7709fc2cdbf5b56a0f14cf2fdd9d0f76856","059","15","80","원주각과 중심각의 크기(1)"
"260711_원의 성질(5).pdf","23154b2eb73a0a9585cc39724237d7709fc2cdbf5b56a0f14cf2fdd9d0f76856","060","15","70","원주각과 중심각의 크기(1)"
"260711_원의 성질(5).pdf","23154b2eb73a0a9585cc39724237d7709fc2cdbf5b56a0f14cf2fdd9d0f76856","061","16","80","원주각과 중심각의 크기(3)"
"260711_원의 성질(5).pdf","23154b2eb73a0a9585cc39724237d7709fc2cdbf5b56a0f14cf2fdd9d0f76856","062","16","76","원주각의 성질(1); 한 호"
"260711_원의 성질(5).pdf","23154b2eb73a0a9585cc39724237d7709fc2cdbf5b56a0f14cf2fdd9d0f76856","063","16","64","원주각의 성질(1); 한 호"
"260711_원의 성질(5).pdf","23154b2eb73a0a9585cc39724237d7709fc2cdbf5b56a0f14cf2fdd9d0f76856","064","16","69","원주각의 성질(1); 한 호"
"260711_원의 성질(5).pdf","23154b2eb73a0a9585cc39724237d7709fc2cdbf5b56a0f14cf2fdd9d0f76856","065","17","78","원주각의 성질(2); 반원"
"260711_원의 성질(5).pdf","23154b2eb73a0a9585cc39724237d7709fc2cdbf5b56a0f14cf2fdd9d0f76856","066","17","77","원주각의 성질(2); 반원"
"260711_원의 성질(5).pdf","23154b2eb73a0a9585cc39724237d7709fc2cdbf5b56a0f14cf2fdd9d0f76856","067","17","76","원주각의 성질(2); 반원"
"260711_원의 성질(5).pdf","23154b2eb73a0a9585cc39724237d7709fc2cdbf5b56a0f14cf2fdd9d0f76856","068","17","57","원주각의 성질(2); 반원"
"260711_원의 성질(5).pdf","23154b2eb73a0a9585cc39724237d7709fc2cdbf5b56a0f14cf2fdd9d0f76856","069","18","72","원주각의 성질(2); 반원"
"260711_원의 성질(5).pdf","23154b2eb73a0a9585cc39724237d7709fc2cdbf5b56a0f14cf2fdd9d0f76856","070","18","51","원주각과 삼각비의 값(1)"
"260711_원의 성질(5).pdf","23154b2eb73a0a9585cc39724237d7709fc2cdbf5b56a0f14cf2fdd9d0f76856","071","18","78","원주각과 삼각비의 값(1)"
"260711_원의 성질(5).pdf","23154b2eb73a0a9585cc39724237d7709fc2cdbf5b56a0f14cf2fdd9d0f76856","072","18","74","원주각과 삼각비의 값(1)"
"260711_원의 성질(5).pdf","23154b2eb73a0a9585cc39724237d7709fc2cdbf5b56a0f14cf2fdd9d0f76856","073","19","82","원주각과 삼각비의 값(1)"
"260711_원의 성질(5).pdf","23154b2eb73a0a9585cc39724237d7709fc2cdbf5b56a0f14cf2fdd9d0f76856","074","19","83","원주각과 삼각비의 값(2); 선분의 길이, 넓이"
"260711_원의 성질(5).pdf","23154b2eb73a0a9585cc39724237d7709fc2cdbf5b56a0f14cf2fdd9d0f76856","075","19","75","원주각과 삼각비의 값(2); 선분의 길이, 넓이"
"260711_원의 성질(5).pdf","23154b2eb73a0a9585cc39724237d7709fc2cdbf5b56a0f14cf2fdd9d0f76856","076","19","74","원주각과 삼각비의 값(2); 선분의 길이, 넓이"
"260711_원의 성질(5).pdf","23154b2eb73a0a9585cc39724237d7709fc2cdbf5b56a0f14cf2fdd9d0f76856","077","20","76","원주각과 삼각비의 값(2); 선분의 길이, 넓이"
"260711_원의 성질(5).pdf","23154b2eb73a0a9585cc39724237d7709fc2cdbf5b56a0f14cf2fdd9d0f76856","078","20","50","원주각의 크기와 호의 길이(1)"
"260711_원의 성질(5).pdf","23154b2eb73a0a9585cc39724237d7709fc2cdbf5b56a0f14cf2fdd9d0f76856","079","20","92","원주각의 크기와 호의 길이(1)"
"260711_원의 성질(5).pdf","23154b2eb73a0a9585cc39724237d7709fc2cdbf5b56a0f14cf2fdd9d0f76856","080","20","59","원주각의 크기와 호의 길이(1)"
"260711_원의 성질(5).pdf","23154b2eb73a0a9585cc39724237d7709fc2cdbf5b56a0f14cf2fdd9d0f76856","081","21","92","원주각의 크기와 호의 길이(1)"
"260711_원의 성질(5).pdf","23154b2eb73a0a9585cc39724237d7709fc2cdbf5b56a0f14cf2fdd9d0f76856","082","21","72","원주각의 크기와 호의 길이(2)"
"260711_원의 성질(5).pdf","23154b2eb73a0a9585cc39724237d7709fc2cdbf5b56a0f14cf2fdd9d0f76856","083","21","85","원주각의 크기와 호의 길이(2)"
"260711_원의 성질(5).pdf","23154b2eb73a0a9585cc39724237d7709fc2cdbf5b56a0f14cf2fdd9d0f76856","084","21","74","원주각의 크기와 호의 길이(2)"
"260711_원의 성질(5).pdf","23154b2eb73a0a9585cc39724237d7709fc2cdbf5b56a0f14cf2fdd9d0f76856","085","22","75","원주각의 크기와 호의 길이(2)"
"260711_원의 성질(5).pdf","23154b2eb73a0a9585cc39724237d7709fc2cdbf5b56a0f14cf2fdd9d0f76856","086","22","81","원주각의 크기와 호의 길이(2)"
"260711_원의 성질(5).pdf","23154b2eb73a0a9585cc39724237d7709fc2cdbf5b56a0f14cf2fdd9d0f76856","087","22","51","원주각의 크기와 호의 길이(3)"
"260711_원의 성질(5).pdf","23154b2eb73a0a9585cc39724237d7709fc2cdbf5b56a0f14cf2fdd9d0f76856","088","22","67","원주각의 크기와 호의 길이(3)"
"260711_원의 성질(5).pdf","23154b2eb73a0a9585cc39724237d7709fc2cdbf5b56a0f14cf2fdd9d0f76856","089","23","86","원주각의 크기와 호의 길이(3)"
"260711_원의 성질(5).pdf","23154b2eb73a0a9585cc39724237d7709fc2cdbf5b56a0f14cf2fdd9d0f76856","090","23","60","원주각의 크기와 호의 길이(3)"
"260711_원의 성질(5).pdf","23154b2eb73a0a9585cc39724237d7709fc2cdbf5b56a0f14cf2fdd9d0f76856","091","23","70","원주각의 크기와 호의 길이(3)"
"260711_원의 성질(5).pdf","23154b2eb73a0a9585cc39724237d7709fc2cdbf5b56a0f14cf2fdd9d0f76856","092","23","92","네 점이 한 원에 있기 위한 조건"
"260711_원의 성질(5).pdf","23154b2eb73a0a9585cc39724237d7709fc2cdbf5b56a0f14cf2fdd9d0f76856","093","24","63","네 점이 한 원에 있기 위한 조건"
"260711_원의 성질(5).pdf","23154b2eb73a0a9585cc39724237d7709fc2cdbf5b56a0f14cf2fdd9d0f76856","094","24","74","네 점이 한 원에 있기 위한 조건"
"260711_원의 성질(5).pdf","23154b2eb73a0a9585cc39724237d7709fc2cdbf5b56a0f14cf2fdd9d0f76856","095","24","84","네 점이 한 원에 있기 위한 조건"
"260711_원의 성질(5).pdf","23154b2eb73a0a9585cc39724237d7709fc2cdbf5b56a0f14cf2fdd9d0f76856","096","24","75","네 점이 한 원에 있기 위한 조건"
"260711_원의 성질(5).pdf","23154b2eb73a0a9585cc39724237d7709fc2cdbf5b56a0f14cf2fdd9d0f76856","097","25","70","원에 내접하는 사각형의 성질(1)"
"260711_원의 성질(5).pdf","23154b2eb73a0a9585cc39724237d7709fc2cdbf5b56a0f14cf2fdd9d0f76856","098","25","50","원에 내접하는 사각형의 성질(1)"
"260711_원의 성질(5).pdf","23154b2eb73a0a9585cc39724237d7709fc2cdbf5b56a0f14cf2fdd9d0f76856","099","25","89","원에 내접하는 사각형의 성질(1)"
"260711_원의 성질(5).pdf","23154b2eb73a0a9585cc39724237d7709fc2cdbf5b56a0f14cf2fdd9d0f76856","100","25","66","원에 내접하는 사각형의 성질(1)"
"260711_원의 성질(5).pdf","23154b2eb73a0a9585cc39724237d7709fc2cdbf5b56a0f14cf2fdd9d0f76856","101","26","93","원에 내접하는 사각형의 성질(1)"
"260711_원의 성질(5).pdf","23154b2eb73a0a9585cc39724237d7709fc2cdbf5b56a0f14cf2fdd9d0f76856","102","26","66","원에 내접하는 사각형의 성질(2)"
"260711_원의 성질(5).pdf","23154b2eb73a0a9585cc39724237d7709fc2cdbf5b56a0f14cf2fdd9d0f76856","103","26","76","원에 내접하는 사각형의 성질(2)"
"260711_원의 성질(5).pdf","23154b2eb73a0a9585cc39724237d7709fc2cdbf5b56a0f14cf2fdd9d0f76856","104","26","62","원에 내접하는 사각형의 성질(2)"
"260711_원의 성질(5).pdf","23154b2eb73a0a9585cc39724237d7709fc2cdbf5b56a0f14cf2fdd9d0f76856","105","27","94","원에 내접하는 사각형의 성질(2)"
"260711_원의 성질(5).pdf","23154b2eb73a0a9585cc39724237d7709fc2cdbf5b56a0f14cf2fdd9d0f76856","106","27","90","원에 내접하는 사각형의 성질(2)"
"260711_원의 성질(5).pdf","23154b2eb73a0a9585cc39724237d7709fc2cdbf5b56a0f14cf2fdd9d0f76856","107","27","51","원에 내접하는 사각형과 외각의 성질"
"260711_원의 성질(5).pdf","23154b2eb73a0a9585cc39724237d7709fc2cdbf5b56a0f14cf2fdd9d0f76856","108","27","75","원에 내접하는 사각형과 외각의 성질"
"260711_원의 성질(5).pdf","23154b2eb73a0a9585cc39724237d7709fc2cdbf5b56a0f14cf2fdd9d0f76856","109","28","61","원에 내접하는 사각형과 외각의 성질"
"260711_원의 성질(5).pdf","23154b2eb73a0a9585cc39724237d7709fc2cdbf5b56a0f14cf2fdd9d0f76856","110","28","71","원에 내접하는 사각형과 외각의 성질"
"260711_원의 성질(5).pdf","23154b2eb73a0a9585cc39724237d7709fc2cdbf5b56a0f14cf2fdd9d0f76856","111","28","75","원에 내접하는 사각형과 외각의 성질"
"260711_원의 성질(5).pdf","23154b2eb73a0a9585cc39724237d7709fc2cdbf5b56a0f14cf2fdd9d0f76856","112","28","53","원에 내접하는 다각형"
"260711_원의 성질(5).pdf","23154b2eb73a0a9585cc39724237d7709fc2cdbf5b56a0f14cf2fdd9d0f76856","113","29","73","원에 내접하는 다각형"
"260711_원의 성질(5).pdf","23154b2eb73a0a9585cc39724237d7709fc2cdbf5b56a0f14cf2fdd9d0f76856","114","29","81","원에 내접하는 다각형"
"260711_원의 성질(5).pdf","23154b2eb73a0a9585cc39724237d7709fc2cdbf5b56a0f14cf2fdd9d0f76856","115","29","72","원에 내접하는 다각형"
"260711_원의 성질(5).pdf","23154b2eb73a0a9585cc39724237d7709fc2cdbf5b56a0f14cf2fdd9d0f76856","116","29","69","원에 내접하는 다각형"
"260711_원의 성질(5).pdf","23154b2eb73a0a9585cc39724237d7709fc2cdbf5b56a0f14cf2fdd9d0f76856","117","30","83","두 원에서 내접하는 사각형의 성질의 활용"
"260711_원의 성질(5).pdf","23154b2eb73a0a9585cc39724237d7709fc2cdbf5b56a0f14cf2fdd9d0f76856","118","30","89","두 원에서 내접하는 사각형의 성질의 활용"
"260711_원의 성질(5).pdf","23154b2eb73a0a9585cc39724237d7709fc2cdbf5b56a0f14cf2fdd9d0f76856","119","30","86","두 원에서 내접하는 사각형의 성질의 활용"
"260711_원의 성질(5).pdf","23154b2eb73a0a9585cc39724237d7709fc2cdbf5b56a0f14cf2fdd9d0f76856","120","30","91","두 원에서 내접하는 사각형의 성질의 활용"
"260711_원의 성질(5).pdf","23154b2eb73a0a9585cc39724237d7709fc2cdbf5b56a0f14cf2fdd9d0f76856","121","31","87","두 원에서 내접하는 사각형의 성질의 활용"
"260711_원의 성질(5).pdf","23154b2eb73a0a9585cc39724237d7709fc2cdbf5b56a0f14cf2fdd9d0f76856","122","31","64","사각형이 원에 내접하기 위한 조건"
"260711_원의 성질(5).pdf","23154b2eb73a0a9585cc39724237d7709fc2cdbf5b56a0f14cf2fdd9d0f76856","123","31","67","사각형이 원에 내접하기 위한 조건"
"260711_원의 성질(5).pdf","23154b2eb73a0a9585cc39724237d7709fc2cdbf5b56a0f14cf2fdd9d0f76856","124","32","79","접선과 현이 이루는 각; 원주각"
"260711_원의 성질(5).pdf","23154b2eb73a0a9585cc39724237d7709fc2cdbf5b56a0f14cf2fdd9d0f76856","125","32","91","접선과 현이 이루는 각; 원주각"
"260711_원의 성질(5).pdf","23154b2eb73a0a9585cc39724237d7709fc2cdbf5b56a0f14cf2fdd9d0f76856","126","32","93","접선과 현이 이루는 각; 원주각"
"260711_원의 성질(5).pdf","23154b2eb73a0a9585cc39724237d7709fc2cdbf5b56a0f14cf2fdd9d0f76856","127","32","66","접선과 현이 이루는 각; 원주각"
"260711_원의 성질(5).pdf","23154b2eb73a0a9585cc39724237d7709fc2cdbf5b56a0f14cf2fdd9d0f76856","128","33","82","접선과 현이 이루는 각; 원주각"
"260711_원의 성질(5).pdf","23154b2eb73a0a9585cc39724237d7709fc2cdbf5b56a0f14cf2fdd9d0f76856","129","33","83","접선과 현이 이루는 각의 활용(1); 현이 중심을 지나지 않는 경우"
"260711_원의 성질(5).pdf","23154b2eb73a0a9585cc39724237d7709fc2cdbf5b56a0f14cf2fdd9d0f76856","130","33","79","접선과 현이 이루는 각의 활용(1); 현이 중심을 지나지 않는 경우"
"260711_원의 성질(5).pdf","23154b2eb73a0a9585cc39724237d7709fc2cdbf5b56a0f14cf2fdd9d0f76856","131","33","81","접선과 현이 이루는 각의 활용(1); 현이 중심을 지나지 않는 경우"
"260711_원의 성질(5).pdf","23154b2eb73a0a9585cc39724237d7709fc2cdbf5b56a0f14cf2fdd9d0f76856","132","34","87","접선과 현이 이루는 각의 활용(1); 현이 중심을 지나지 않는 경우"
"260711_원의 성질(5).pdf","23154b2eb73a0a9585cc39724237d7709fc2cdbf5b56a0f14cf2fdd9d0f76856","133","34","85","접선과 현이 이루는 각의 활용(1); 현이 중심을 지나지 않는 경우"
"260711_원의 성질(5).pdf","23154b2eb73a0a9585cc39724237d7709fc2cdbf5b56a0f14cf2fdd9d0f76856","134","34","67","접선과 현이 이루는 각의 활용(2); 현이 중심을 지나는 경우"
"260711_원의 성질(5).pdf","23154b2eb73a0a9585cc39724237d7709fc2cdbf5b56a0f14cf2fdd9d0f76856","135","34","78","접선과 현이 이루는 각의 활용(2); 현이 중심을 지나는 경우"
"260711_원의 성질(5).pdf","23154b2eb73a0a9585cc39724237d7709fc2cdbf5b56a0f14cf2fdd9d0f76856","136","35","50","접선과 현이 이루는 각의 활용(2); 현이 중심을 지나는 경우"
"260711_원의 성질(5).pdf","23154b2eb73a0a9585cc39724237d7709fc2cdbf5b56a0f14cf2fdd9d0f76856","137","35","70","접선과 현이 이루는 각의 활용(2); 현이 중심을 지나는 경우"
"260711_원의 성질(5).pdf","23154b2eb73a0a9585cc39724237d7709fc2cdbf5b56a0f14cf2fdd9d0f76856","138","35","83","접선과 현이 이루는 각의 활용(2); 현이 중심을 지나는 경우"
"260711_원의 성질(5).pdf","23154b2eb73a0a9585cc39724237d7709fc2cdbf5b56a0f14cf2fdd9d0f76856","139","35","70","접선과 현이 이루는 각의 활용(3); 한 점에서 원에 그은 두 접선"
"260711_원의 성질(5).pdf","23154b2eb73a0a9585cc39724237d7709fc2cdbf5b56a0f14cf2fdd9d0f76856","140","36","74","접선과 현이 이루는 각의 활용(3); 한 점에서 원에 그은 두 접선"
"260711_원의 성질(5).pdf","23154b2eb73a0a9585cc39724237d7709fc2cdbf5b56a0f14cf2fdd9d0f76856","141","36","60","접선과 현이 이루는 각의 활용(3); 한 점에서 원에 그은 두 접선"
"260711_원의 성질(5).pdf","23154b2eb73a0a9585cc39724237d7709fc2cdbf5b56a0f14cf2fdd9d0f76856","142","36","59","접선과 현이 이루는 각의 활용(3); 한 점에서 원에 그은 두 접선"
"260711_원의 성질(5).pdf","23154b2eb73a0a9585cc39724237d7709fc2cdbf5b56a0f14cf2fdd9d0f76856","143","36","78","접선과 현이 이루는 각의 활용(3); 한 점에서 원에 그은 두 접선"
"260711_원의 성질(5).pdf","23154b2eb73a0a9585cc39724237d7709fc2cdbf5b56a0f14cf2fdd9d0f76856","144","37","82","두 원에서 접선과 현이 이루는 각(1)"
"260711_원의 성질(5).pdf","23154b2eb73a0a9585cc39724237d7709fc2cdbf5b56a0f14cf2fdd9d0f76856","145","37","88","두 원에서 접선과 현이 이루는 각(1)"
"260711_원의 성질(5).pdf","23154b2eb73a0a9585cc39724237d7709fc2cdbf5b56a0f14cf2fdd9d0f76856","146","37","71","두 원에서 접선과 현이 이루는 각(1)"
"260711_원의 성질(5).pdf","23154b2eb73a0a9585cc39724237d7709fc2cdbf5b56a0f14cf2fdd9d0f76856","147","37","59","두 원에서 접선과 현이 이루는 각(1)"
"260711_원의 성질(5).pdf","23154b2eb73a0a9585cc39724237d7709fc2cdbf5b56a0f14cf2fdd9d0f76856","148","38","70","두 원에서 접선과 현이 이루는 각(1)"
"260711_원의 성질(5).pdf","23154b2eb73a0a9585cc39724237d7709fc2cdbf5b56a0f14cf2fdd9d0f76856","149","38","63","두 원에서 접선과 현이 이루는 각(2); 한 원이 다른 원의 내부에 있는 경우"
"260711_원의 성질(5).pdf","23154b2eb73a0a9585cc39724237d7709fc2cdbf5b56a0f14cf2fdd9d0f76856","150","38","63","두 원에서 접선과 현이 이루는 각(2); 한 원이 다른 원의 내부에 있는 경우"
"260711_원의 성질(6).pdf","3c8241ac57c20c9ce3d0318b2adc480748d40694ae36d09251871cf9b6d28212","001","1","58","원의 중심과 현의 수직이등분선(1)"
"260711_원의 성질(6).pdf","3c8241ac57c20c9ce3d0318b2adc480748d40694ae36d09251871cf9b6d28212","002","1","83","원의 중심과 현의 수직이등분선(1)"
"260711_원의 성질(6).pdf","3c8241ac57c20c9ce3d0318b2adc480748d40694ae36d09251871cf9b6d28212","003","1","69","원의 중심과 현의 수직이등분선(1)"
"260711_원의 성질(6).pdf","3c8241ac57c20c9ce3d0318b2adc480748d40694ae36d09251871cf9b6d28212","004","1","79","원의 중심과 현의 수직이등분선(1)"
"260711_원의 성질(6).pdf","3c8241ac57c20c9ce3d0318b2adc480748d40694ae36d09251871cf9b6d28212","005","2","78","현의 길이(1); 중심에서 같은 거리의 두 현"
"260711_원의 성질(6).pdf","3c8241ac57c20c9ce3d0318b2adc480748d40694ae36d09251871cf9b6d28212","006","2","82","현의 길이(1); 중심에서 같은 거리의 두 현"
"260711_원의 성질(6).pdf","3c8241ac57c20c9ce3d0318b2adc480748d40694ae36d09251871cf9b6d28212","007","2","91","현의 길이(1); 중심에서 같은 거리의 두 현"
"260711_원의 성질(6).pdf","3c8241ac57c20c9ce3d0318b2adc480748d40694ae36d09251871cf9b6d28212","008","2","89","현의 길이(1); 중심에서 같은 거리의 두 현"
"260711_원의 성질(6).pdf","3c8241ac57c20c9ce3d0318b2adc480748d40694ae36d09251871cf9b6d28212","009","3","93","현의 길이(1); 중심에서 같은 거리의 두 현"
"260711_원의 성질(6).pdf","3c8241ac57c20c9ce3d0318b2adc480748d40694ae36d09251871cf9b6d28212","010","3","60","원의 접선과 반지름"
"260711_원의 성질(6).pdf","3c8241ac57c20c9ce3d0318b2adc480748d40694ae36d09251871cf9b6d28212","011","3","55","원의 접선과 반지름"
"260711_원의 성질(6).pdf","3c8241ac57c20c9ce3d0318b2adc480748d40694ae36d09251871cf9b6d28212","012","3","90","원의 접선과 반지름"
"260711_원의 성질(6).pdf","3c8241ac57c20c9ce3d0318b2adc480748d40694ae36d09251871cf9b6d28212","013","4","87","원의 접선과 반지름"
"260711_원의 성질(6).pdf","3c8241ac57c20c9ce3d0318b2adc480748d40694ae36d09251871cf9b6d28212","014","4","57","원의 접선과 반지름"
"260711_원의 성질(6).pdf","3c8241ac57c20c9ce3d0318b2adc480748d40694ae36d09251871cf9b6d28212","015","4","87","원의 접선의 성질(1)"
"260711_원의 성질(6).pdf","3c8241ac57c20c9ce3d0318b2adc480748d40694ae36d09251871cf9b6d28212","016","4","88","원의 접선의 성질(1)"
"260711_원의 성질(6).pdf","3c8241ac57c20c9ce3d0318b2adc480748d40694ae36d09251871cf9b6d28212","017","5","87","원의 접선의 성질(1)"
"260711_원의 성질(6).pdf","3c8241ac57c20c9ce3d0318b2adc480748d40694ae36d09251871cf9b6d28212","018","5","84","원의 접선의 성질(1)"
"260711_원의 성질(6).pdf","3c8241ac57c20c9ce3d0318b2adc480748d40694ae36d09251871cf9b6d28212","019","5","67","원의 접선의 성질(1)"
"260711_원의 성질(6).pdf","3c8241ac57c20c9ce3d0318b2adc480748d40694ae36d09251871cf9b6d28212","020","5","78","원의 접선의 성질(2); 길이"
"260711_원의 성질(6).pdf","3c8241ac57c20c9ce3d0318b2adc480748d40694ae36d09251871cf9b6d28212","021","6","86","원의 접선의 성질(2); 길이"
"260711_원의 성질(6).pdf","3c8241ac57c20c9ce3d0318b2adc480748d40694ae36d09251871cf9b6d28212","022","6","62","원의 접선의 성질(2); 길이"
"260711_원의 성질(6).pdf","3c8241ac57c20c9ce3d0318b2adc480748d40694ae36d09251871cf9b6d28212","023","6","55","원의 접선의 성질(2); 길이"
"260711_원의 성질(6).pdf","3c8241ac57c20c9ce3d0318b2adc480748d40694ae36d09251871cf9b6d28212","024","6","86","원의 접선의 성질(2); 길이"
"260711_원의 성질(6).pdf","3c8241ac57c20c9ce3d0318b2adc480748d40694ae36d09251871cf9b6d28212","025","7","81","원의 접선의 성질의 활용"
"260711_원의 성질(6).pdf","3c8241ac57c20c9ce3d0318b2adc480748d40694ae36d09251871cf9b6d28212","026","7","65","원의 접선의 성질의 활용"
"260711_원의 성질(6).pdf","3c8241ac57c20c9ce3d0318b2adc480748d40694ae36d09251871cf9b6d28212","027","7","67","원의 접선의 성질의 활용"
"260711_원의 성질(6).pdf","3c8241ac57c20c9ce3d0318b2adc480748d40694ae36d09251871cf9b6d28212","028","7","51","원의 접선의 성질의 활용"
"260711_원의 성질(6).pdf","3c8241ac57c20c9ce3d0318b2adc480748d40694ae36d09251871cf9b6d28212","029","8","77","원의 접선의 성질의 활용"
"260711_원의 성질(6).pdf","3c8241ac57c20c9ce3d0318b2adc480748d40694ae36d09251871cf9b6d28212","030","8","83","반원에서의 접선"
"260711_원의 성질(6).pdf","3c8241ac57c20c9ce3d0318b2adc480748d40694ae36d09251871cf9b6d28212","031","8","89","반원에서의 접선"
"260711_원의 성질(6).pdf","3c8241ac57c20c9ce3d0318b2adc480748d40694ae36d09251871cf9b6d28212","032","8","68","반원에서의 접선"
"260711_원의 성질(6).pdf","3c8241ac57c20c9ce3d0318b2adc480748d40694ae36d09251871cf9b6d28212","033","9","83","반원에서의 접선"
"260711_원의 성질(6).pdf","3c8241ac57c20c9ce3d0318b2adc480748d40694ae36d09251871cf9b6d28212","034","9","83","반원에서의 접선"
"260711_원의 성질(6).pdf","3c8241ac57c20c9ce3d0318b2adc480748d40694ae36d09251871cf9b6d28212","035","9","85","삼각형의 내접원"
"260711_원의 성질(6).pdf","3c8241ac57c20c9ce3d0318b2adc480748d40694ae36d09251871cf9b6d28212","036","9","83","삼각형의 내접원"
"260711_원의 성질(6).pdf","3c8241ac57c20c9ce3d0318b2adc480748d40694ae36d09251871cf9b6d28212","037","10","66","삼각형의 내접원"
"260711_원의 성질(6).pdf","3c8241ac57c20c9ce3d0318b2adc480748d40694ae36d09251871cf9b6d28212","038","10","83","삼각형의 내접원"
"260711_원의 성질(6).pdf","3c8241ac57c20c9ce3d0318b2adc480748d40694ae36d09251871cf9b6d28212","039","10","78","삼각형의 내접원"
"260711_원의 성질(6).pdf","3c8241ac57c20c9ce3d0318b2adc480748d40694ae36d09251871cf9b6d28212","040","10","29","직각삼각형의 내접원"
"260711_원의 성질(6).pdf","3c8241ac57c20c9ce3d0318b2adc480748d40694ae36d09251871cf9b6d28212","041","11","75","직각삼각형의 내접원"
"260711_원의 성질(6).pdf","3c8241ac57c20c9ce3d0318b2adc480748d40694ae36d09251871cf9b6d28212","042","11","72","직각삼각형의 내접원"
"260711_원의 성질(6).pdf","3c8241ac57c20c9ce3d0318b2adc480748d40694ae36d09251871cf9b6d28212","043","11","69","직각삼각형의 내접원"
"260711_원의 성질(6).pdf","3c8241ac57c20c9ce3d0318b2adc480748d40694ae36d09251871cf9b6d28212","044","11","82","직각삼각형의 내접원"
"260711_원의 성질(6).pdf","3c8241ac57c20c9ce3d0318b2adc480748d40694ae36d09251871cf9b6d28212","045","12","31","원에 외접하는 사각형의 성질(2); 한 내각이 90˚인 경우"
"260711_원의 성질(6).pdf","3c8241ac57c20c9ce3d0318b2adc480748d40694ae36d09251871cf9b6d28212","046","12","89","원에 외접하는 사각형의 성질(2); 한 내각이 90˚인 경우"
"260711_원의 성질(6).pdf","3c8241ac57c20c9ce3d0318b2adc480748d40694ae36d09251871cf9b6d28212","047","12","77","원에 외접하는 사각형의 성질(2); 한 내각이 90˚인 경우"
"260711_원의 성질(6).pdf","3c8241ac57c20c9ce3d0318b2adc480748d40694ae36d09251871cf9b6d28212","048","12","80","원에 외접하는 사각형의 성질(2); 한 내각이 90˚인 경우"
"260711_원의 성질(6).pdf","3c8241ac57c20c9ce3d0318b2adc480748d40694ae36d09251871cf9b6d28212","049","13","84","원에 외접하는 사각형의 성질(2); 한 내각이 90˚인 경우"
"260711_원의 성질(6).pdf","3c8241ac57c20c9ce3d0318b2adc480748d40694ae36d09251871cf9b6d28212","050","13","78","원에 외접하는 사각형의 성질의 활용(1); 직사각형"
"260711_원의 성질(6).pdf","3c8241ac57c20c9ce3d0318b2adc480748d40694ae36d09251871cf9b6d28212","051","13","58","원에 외접하는 사각형의 성질의 활용(1); 직사각형"
"260711_원의 성질(6).pdf","3c8241ac57c20c9ce3d0318b2adc480748d40694ae36d09251871cf9b6d28212","052","13","76","원에 외접하는 사각형의 성질의 활용(1); 직사각형"
"260711_원의 성질(6).pdf","3c8241ac57c20c9ce3d0318b2adc480748d40694ae36d09251871cf9b6d28212","053","14","53","원에 외접하는 사각형의 성질의 활용(1); 직사각형"
"260711_원의 성질(6).pdf","3c8241ac57c20c9ce3d0318b2adc480748d40694ae36d09251871cf9b6d28212","054","14","78","원에 외접하는 사각형의 성질의 활용(1); 직사각형"
"260711_원의 성질(6).pdf","3c8241ac57c20c9ce3d0318b2adc480748d40694ae36d09251871cf9b6d28212","055","14","49","원에 외접하는 사각형의 성질의 활용(2); 그 외"
"260711_원의 성질(6).pdf","3c8241ac57c20c9ce3d0318b2adc480748d40694ae36d09251871cf9b6d28212","056","14","65","원에 외접하는 사각형의 성질의 활용(2); 그 외"
"260711_원의 성질(6).pdf","3c8241ac57c20c9ce3d0318b2adc480748d40694ae36d09251871cf9b6d28212","057","15","66","원에 외접하는 사각형의 성질의 활용(2); 그 외"
"260711_원의 성질(6).pdf","3c8241ac57c20c9ce3d0318b2adc480748d40694ae36d09251871cf9b6d28212","058","15","48","원주각과 중심각의 크기(1)"
"260711_원의 성질(6).pdf","3c8241ac57c20c9ce3d0318b2adc480748d40694ae36d09251871cf9b6d28212","059","15","84","원주각과 중심각의 크기(1)"
"260711_원의 성질(6).pdf","3c8241ac57c20c9ce3d0318b2adc480748d40694ae36d09251871cf9b6d28212","060","15","60","원주각과 중심각의 크기(1)"
"260711_원의 성질(6).pdf","3c8241ac57c20c9ce3d0318b2adc480748d40694ae36d09251871cf9b6d28212","061","16","76","원주각과 중심각의 크기(1)"
"260711_원의 성질(6).pdf","3c8241ac57c20c9ce3d0318b2adc480748d40694ae36d09251871cf9b6d28212","062","16","88","원주각의 성질(1); 한 호"
"260711_원의 성질(6).pdf","3c8241ac57c20c9ce3d0318b2adc480748d40694ae36d09251871cf9b6d28212","063","16","84","원주각의 성질(1); 한 호"
"260711_원의 성질(6).pdf","3c8241ac57c20c9ce3d0318b2adc480748d40694ae36d09251871cf9b6d28212","064","16","83","원주각의 성질(1); 한 호"
"260711_원의 성질(6).pdf","3c8241ac57c20c9ce3d0318b2adc480748d40694ae36d09251871cf9b6d28212","065","17","86","원주각의 성질(1); 한 호"
"260711_원의 성질(6).pdf","3c8241ac57c20c9ce3d0318b2adc480748d40694ae36d09251871cf9b6d28212","066","17","30","원주각의 성질(2); 반원"
"260711_원의 성질(6).pdf","3c8241ac57c20c9ce3d0318b2adc480748d40694ae36d09251871cf9b6d28212","067","17","70","원주각의 성질(2); 반원"
"260711_원의 성질(6).pdf","3c8241ac57c20c9ce3d0318b2adc480748d40694ae36d09251871cf9b6d28212","068","17","86","원주각의 성질(2); 반원"
"260711_원의 성질(6).pdf","3c8241ac57c20c9ce3d0318b2adc480748d40694ae36d09251871cf9b6d28212","069","18","81","원주각의 성질(2); 반원"
"260711_원의 성질(6).pdf","3c8241ac57c20c9ce3d0318b2adc480748d40694ae36d09251871cf9b6d28212","070","18","73","원주각의 성질(2); 반원"
"260711_원의 성질(6).pdf","3c8241ac57c20c9ce3d0318b2adc480748d40694ae36d09251871cf9b6d28212","071","18","64","원주각과 삼각비의 값(1)"
"260711_원의 성질(6).pdf","3c8241ac57c20c9ce3d0318b2adc480748d40694ae36d09251871cf9b6d28212","072","18","50","원주각과 삼각비의 값(1)"
"260711_원의 성질(6).pdf","3c8241ac57c20c9ce3d0318b2adc480748d40694ae36d09251871cf9b6d28212","073","19","79","원주각과 삼각비의 값(1)"
"260711_원의 성질(6).pdf","3c8241ac57c20c9ce3d0318b2adc480748d40694ae36d09251871cf9b6d28212","074","19","86","원주각과 삼각비의 값(1)"
"260711_원의 성질(6).pdf","3c8241ac57c20c9ce3d0318b2adc480748d40694ae36d09251871cf9b6d28212","075","19","80","원주각과 삼각비의 값(1)"
"260711_원의 성질(6).pdf","3c8241ac57c20c9ce3d0318b2adc480748d40694ae36d09251871cf9b6d28212","076","19","63","원주각과 삼각비의 값(2); 선분의 길이, 넓이"
"260711_원의 성질(6).pdf","3c8241ac57c20c9ce3d0318b2adc480748d40694ae36d09251871cf9b6d28212","077","20","71","원주각과 삼각비의 값(2); 선분의 길이, 넓이"
"260711_원의 성질(6).pdf","3c8241ac57c20c9ce3d0318b2adc480748d40694ae36d09251871cf9b6d28212","078","20","85","원주각과 삼각비의 값(2); 선분의 길이, 넓이"
"260711_원의 성질(6).pdf","3c8241ac57c20c9ce3d0318b2adc480748d40694ae36d09251871cf9b6d28212","079","20","90","원주각과 삼각비의 값(2); 선분의 길이, 넓이"
"260711_원의 성질(6).pdf","3c8241ac57c20c9ce3d0318b2adc480748d40694ae36d09251871cf9b6d28212","080","20","51","원주각의 크기와 호의 길이(1)"
"260711_원의 성질(6).pdf","3c8241ac57c20c9ce3d0318b2adc480748d40694ae36d09251871cf9b6d28212","081","21","71","원주각의 크기와 호의 길이(1)"
"260711_원의 성질(6).pdf","3c8241ac57c20c9ce3d0318b2adc480748d40694ae36d09251871cf9b6d28212","082","21","48","원주각의 크기와 호의 길이(1)"
"260711_원의 성질(6).pdf","3c8241ac57c20c9ce3d0318b2adc480748d40694ae36d09251871cf9b6d28212","083","21","47","원주각의 크기와 호의 길이(1)"
"260711_원의 성질(6).pdf","3c8241ac57c20c9ce3d0318b2adc480748d40694ae36d09251871cf9b6d28212","084","21","75","원주각의 크기와 호의 길이(2)"
"260711_원의 성질(6).pdf","3c8241ac57c20c9ce3d0318b2adc480748d40694ae36d09251871cf9b6d28212","085","22","76","원주각의 크기와 호의 길이(2)"
"260711_원의 성질(6).pdf","3c8241ac57c20c9ce3d0318b2adc480748d40694ae36d09251871cf9b6d28212","086","22","74","원주각의 크기와 호의 길이(2)"
"260711_원의 성질(6).pdf","3c8241ac57c20c9ce3d0318b2adc480748d40694ae36d09251871cf9b6d28212","087","22","77","원주각의 크기와 호의 길이(2)"
"260711_원의 성질(6).pdf","3c8241ac57c20c9ce3d0318b2adc480748d40694ae36d09251871cf9b6d28212","088","22","79","원주각의 크기와 호의 길이(2)"
"260711_원의 성질(6).pdf","3c8241ac57c20c9ce3d0318b2adc480748d40694ae36d09251871cf9b6d28212","089","23","89","원주각의 크기와 호의 길이(3)"
"260711_원의 성질(6).pdf","3c8241ac57c20c9ce3d0318b2adc480748d40694ae36d09251871cf9b6d28212","090","23","63","원주각의 크기와 호의 길이(3)"
"260711_원의 성질(6).pdf","3c8241ac57c20c9ce3d0318b2adc480748d40694ae36d09251871cf9b6d28212","091","23","86","원주각의 크기와 호의 길이(3)"
"260711_원의 성질(6).pdf","3c8241ac57c20c9ce3d0318b2adc480748d40694ae36d09251871cf9b6d28212","092","23","67","원주각의 크기와 호의 길이(3)"
"260711_원의 성질(6).pdf","3c8241ac57c20c9ce3d0318b2adc480748d40694ae36d09251871cf9b6d28212","093","24","65","원주각의 크기와 호의 길이(3)"
"260711_원의 성질(6).pdf","3c8241ac57c20c9ce3d0318b2adc480748d40694ae36d09251871cf9b6d28212","094","24","51","네 점이 한 원에 있기 위한 조건"
"260711_원의 성질(6).pdf","3c8241ac57c20c9ce3d0318b2adc480748d40694ae36d09251871cf9b6d28212","095","24","93","네 점이 한 원에 있기 위한 조건"
"260711_원의 성질(6).pdf","3c8241ac57c20c9ce3d0318b2adc480748d40694ae36d09251871cf9b6d28212","096","24","87","네 점이 한 원에 있기 위한 조건"
"260711_원의 성질(6).pdf","3c8241ac57c20c9ce3d0318b2adc480748d40694ae36d09251871cf9b6d28212","097","25","74","네 점이 한 원에 있기 위한 조건"
"260711_원의 성질(6).pdf","3c8241ac57c20c9ce3d0318b2adc480748d40694ae36d09251871cf9b6d28212","098","25","59","원에 내접하는 사각형의 성질(1)"
"260711_원의 성질(6).pdf","3c8241ac57c20c9ce3d0318b2adc480748d40694ae36d09251871cf9b6d28212","099","25","70","원에 내접하는 사각형의 성질(1)"
"260711_원의 성질(6).pdf","3c8241ac57c20c9ce3d0318b2adc480748d40694ae36d09251871cf9b6d28212","100","25","94","원에 내접하는 사각형의 성질(1)"
"260711_원의 성질(6).pdf","3c8241ac57c20c9ce3d0318b2adc480748d40694ae36d09251871cf9b6d28212","101","26","82","원에 내접하는 사각형의 성질(1)"
"260711_원의 성질(6).pdf","3c8241ac57c20c9ce3d0318b2adc480748d40694ae36d09251871cf9b6d28212","102","26","92","원에 내접하는 사각형의 성질(1)"
"260711_원의 성질(6).pdf","3c8241ac57c20c9ce3d0318b2adc480748d40694ae36d09251871cf9b6d28212","103","26","88","원에 내접하는 사각형의 성질(2)"
"260711_원의 성질(6).pdf","3c8241ac57c20c9ce3d0318b2adc480748d40694ae36d09251871cf9b6d28212","104","26","72","원에 내접하는 사각형의 성질(2)"
"260711_원의 성질(6).pdf","3c8241ac57c20c9ce3d0318b2adc480748d40694ae36d09251871cf9b6d28212","105","27","82","원에 내접하는 사각형의 성질(2)"
"260711_원의 성질(6).pdf","3c8241ac57c20c9ce3d0318b2adc480748d40694ae36d09251871cf9b6d28212","106","27","75","원에 내접하는 사각형의 성질(2)"
"260711_원의 성질(6).pdf","3c8241ac57c20c9ce3d0318b2adc480748d40694ae36d09251871cf9b6d28212","107","27","94","원에 내접하는 사각형의 성질(2)"
"260711_원의 성질(6).pdf","3c8241ac57c20c9ce3d0318b2adc480748d40694ae36d09251871cf9b6d28212","108","27","69","원에 내접하는 사각형과 외각의 성질"
"260711_원의 성질(6).pdf","3c8241ac57c20c9ce3d0318b2adc480748d40694ae36d09251871cf9b6d28212","109","28","52","원에 내접하는 사각형과 외각의 성질"
"260711_원의 성질(6).pdf","3c8241ac57c20c9ce3d0318b2adc480748d40694ae36d09251871cf9b6d28212","110","28","50","원에 내접하는 사각형과 외각의 성질"
"260711_원의 성질(6).pdf","3c8241ac57c20c9ce3d0318b2adc480748d40694ae36d09251871cf9b6d28212","111","28","84","원에 내접하는 사각형과 외각의 성질"
"260711_원의 성질(6).pdf","3c8241ac57c20c9ce3d0318b2adc480748d40694ae36d09251871cf9b6d28212","112","28","78","원에 내접하는 사각형과 외각의 성질"
"260711_원의 성질(6).pdf","3c8241ac57c20c9ce3d0318b2adc480748d40694ae36d09251871cf9b6d28212","113","29","70","원에 내접하는 다각형"
"260711_원의 성질(6).pdf","3c8241ac57c20c9ce3d0318b2adc480748d40694ae36d09251871cf9b6d28212","114","29","76","원에 내접하는 다각형"
"260711_원의 성질(6).pdf","3c8241ac57c20c9ce3d0318b2adc480748d40694ae36d09251871cf9b6d28212","115","29","70","원에 내접하는 다각형"
"260711_원의 성질(6).pdf","3c8241ac57c20c9ce3d0318b2adc480748d40694ae36d09251871cf9b6d28212","116","29","67","원에 내접하는 다각형"
"260711_원의 성질(6).pdf","3c8241ac57c20c9ce3d0318b2adc480748d40694ae36d09251871cf9b6d28212","117","30","73","원에 내접하는 다각형"
"260711_원의 성질(6).pdf","3c8241ac57c20c9ce3d0318b2adc480748d40694ae36d09251871cf9b6d28212","118","30","84","두 원에서 내접하는 사각형의 성질의 활용"
"260711_원의 성질(6).pdf","3c8241ac57c20c9ce3d0318b2adc480748d40694ae36d09251871cf9b6d28212","119","30","89","두 원에서 내접하는 사각형의 성질의 활용"
"260711_원의 성질(6).pdf","3c8241ac57c20c9ce3d0318b2adc480748d40694ae36d09251871cf9b6d28212","120","30","89","두 원에서 내접하는 사각형의 성질의 활용"
"260711_원의 성질(6).pdf","3c8241ac57c20c9ce3d0318b2adc480748d40694ae36d09251871cf9b6d28212","121","31","84","두 원에서 내접하는 사각형의 성질의 활용"
"260711_원의 성질(6).pdf","3c8241ac57c20c9ce3d0318b2adc480748d40694ae36d09251871cf9b6d28212","122","31","79","두 원에서 내접하는 사각형의 성질의 활용"
"260711_원의 성질(6).pdf","3c8241ac57c20c9ce3d0318b2adc480748d40694ae36d09251871cf9b6d28212","123","31","51","접선과 현이 이루는 각; 원주각"
"260711_원의 성질(6).pdf","3c8241ac57c20c9ce3d0318b2adc480748d40694ae36d09251871cf9b6d28212","124","31","72","접선과 현이 이루는 각; 원주각"
"260711_원의 성질(6).pdf","3c8241ac57c20c9ce3d0318b2adc480748d40694ae36d09251871cf9b6d28212","125","32","74","접선과 현이 이루는 각; 원주각"
"260711_원의 성질(6).pdf","3c8241ac57c20c9ce3d0318b2adc480748d40694ae36d09251871cf9b6d28212","126","32","92","접선과 현이 이루는 각; 원주각"
"260711_원의 성질(6).pdf","3c8241ac57c20c9ce3d0318b2adc480748d40694ae36d09251871cf9b6d28212","127","32","88","접선과 현이 이루는 각; 원주각"
"260711_원의 성질(6).pdf","3c8241ac57c20c9ce3d0318b2adc480748d40694ae36d09251871cf9b6d28212","128","32","77","접선과 현이 이루는 각의 활용(1); 현이 중심을 지나지 않는 경우"
"260711_원의 성질(6).pdf","3c8241ac57c20c9ce3d0318b2adc480748d40694ae36d09251871cf9b6d28212","129","33","81","접선과 현이 이루는 각의 활용(1); 현이 중심을 지나지 않는 경우"
"260711_원의 성질(6).pdf","3c8241ac57c20c9ce3d0318b2adc480748d40694ae36d09251871cf9b6d28212","130","33","85","접선과 현이 이루는 각의 활용(1); 현이 중심을 지나지 않는 경우"
"260711_원의 성질(6).pdf","3c8241ac57c20c9ce3d0318b2adc480748d40694ae36d09251871cf9b6d28212","131","33","79","접선과 현이 이루는 각의 활용(1); 현이 중심을 지나지 않는 경우"
"260711_원의 성질(6).pdf","3c8241ac57c20c9ce3d0318b2adc480748d40694ae36d09251871cf9b6d28212","132","33","71","접선과 현이 이루는 각의 활용(1); 현이 중심을 지나지 않는 경우"
"260711_원의 성질(6).pdf","3c8241ac57c20c9ce3d0318b2adc480748d40694ae36d09251871cf9b6d28212","133","34","88","접선과 현이 이루는 각의 활용(2); 현이 중심을 지나는 경우"
"260711_원의 성질(6).pdf","3c8241ac57c20c9ce3d0318b2adc480748d40694ae36d09251871cf9b6d28212","134","34","69","접선과 현이 이루는 각의 활용(2); 현이 중심을 지나는 경우"
"260711_원의 성질(6).pdf","3c8241ac57c20c9ce3d0318b2adc480748d40694ae36d09251871cf9b6d28212","135","34","49","접선과 현이 이루는 각의 활용(2); 현이 중심을 지나는 경우"
"260711_원의 성질(6).pdf","3c8241ac57c20c9ce3d0318b2adc480748d40694ae36d09251871cf9b6d28212","136","34","83","접선과 현이 이루는 각의 활용(2); 현이 중심을 지나는 경우"
"260711_원의 성질(6).pdf","3c8241ac57c20c9ce3d0318b2adc480748d40694ae36d09251871cf9b6d28212","137","35","61","접선과 현이 이루는 각의 활용(2); 현이 중심을 지나는 경우"
"260711_원의 성질(6).pdf","3c8241ac57c20c9ce3d0318b2adc480748d40694ae36d09251871cf9b6d28212","138","35","77","접선과 현이 이루는 각의 활용(3); 한 점에서 원에 그은 두 접선"
"260711_원의 성질(6).pdf","3c8241ac57c20c9ce3d0318b2adc480748d40694ae36d09251871cf9b6d28212","139","35","65","접선과 현이 이루는 각의 활용(3); 한 점에서 원에 그은 두 접선"
"260711_원의 성질(6).pdf","3c8241ac57c20c9ce3d0318b2adc480748d40694ae36d09251871cf9b6d28212","140","35","76","접선과 현이 이루는 각의 활용(3); 한 점에서 원에 그은 두 접선"
"260711_원의 성질(6).pdf","3c8241ac57c20c9ce3d0318b2adc480748d40694ae36d09251871cf9b6d28212","141","36","78","접선과 현이 이루는 각의 활용(3); 한 점에서 원에 그은 두 접선"
"260711_원의 성질(6).pdf","3c8241ac57c20c9ce3d0318b2adc480748d40694ae36d09251871cf9b6d28212","142","36","80","접선과 현이 이루는 각의 활용(3); 한 점에서 원에 그은 두 접선"
"260711_원의 성질(6).pdf","3c8241ac57c20c9ce3d0318b2adc480748d40694ae36d09251871cf9b6d28212","143","36","74","두 원에서 접선과 현이 이루는 각(1)"
"260711_원의 성질(6).pdf","3c8241ac57c20c9ce3d0318b2adc480748d40694ae36d09251871cf9b6d28212","144","36","70","두 원에서 접선과 현이 이루는 각(1)"
"260711_원의 성질(6).pdf","3c8241ac57c20c9ce3d0318b2adc480748d40694ae36d09251871cf9b6d28212","145","37","82","두 원에서 접선과 현이 이루는 각(1)"
"260711_원의 성질(6).pdf","3c8241ac57c20c9ce3d0318b2adc480748d40694ae36d09251871cf9b6d28212","146","37","87","두 원에서 접선과 현이 이루는 각(1)"
"260711_원의 성질(6).pdf","3c8241ac57c20c9ce3d0318b2adc480748d40694ae36d09251871cf9b6d28212","147","37","91","두 원에서 접선과 현이 이루는 각(1)"
"260711_원의 성질(6).pdf","3c8241ac57c20c9ce3d0318b2adc480748d40694ae36d09251871cf9b6d28212","148","37","79","두 원에서 접선과 현이 이루는 각(2); 한 원이 다른 원의 내부에 있는 경우"
"260711_원의 성질(6).pdf","3c8241ac57c20c9ce3d0318b2adc480748d40694ae36d09251871cf9b6d28212","149","38","67","두 원에서 접선과 현이 이루는 각(2); 한 원이 다른 원의 내부에 있는 경우"
"260711_원의 성질(6).pdf","3c8241ac57c20c9ce3d0318b2adc480748d40694ae36d09251871cf9b6d28212","150","38","52","두 원에서 접선과 현이 이루는 각(2); 한 원이 다른 원의 내부에 있는 경우"
"260711_원의 성질(7).pdf","fe005043d074f66e37c1f4c838342d5a37e8150776748bc8aadd647c9536ef90","001","1","88","원의 중심과 현의 수직이등분선(1)"
"260711_원의 성질(7).pdf","fe005043d074f66e37c1f4c838342d5a37e8150776748bc8aadd647c9536ef90","002","1","59","원의 중심과 현의 수직이등분선(1)"
"260711_원의 성질(7).pdf","fe005043d074f66e37c1f4c838342d5a37e8150776748bc8aadd647c9536ef90","003","1","68","원의 중심과 현의 수직이등분선(1)"
"260711_원의 성질(7).pdf","fe005043d074f66e37c1f4c838342d5a37e8150776748bc8aadd647c9536ef90","004","1","69","원의 중심과 현의 수직이등분선(1)"
"260711_원의 성질(7).pdf","fe005043d074f66e37c1f4c838342d5a37e8150776748bc8aadd647c9536ef90","005","2","75","원의 중심과 현의 수직이등분선(1)"
"260711_원의 성질(7).pdf","fe005043d074f66e37c1f4c838342d5a37e8150776748bc8aadd647c9536ef90","006","2","87","현의 길이(1); 중심에서 같은 거리의 두 현"
"260711_원의 성질(7).pdf","fe005043d074f66e37c1f4c838342d5a37e8150776748bc8aadd647c9536ef90","007","2","94","현의 길이(1); 중심에서 같은 거리의 두 현"
"260711_원의 성질(7).pdf","fe005043d074f66e37c1f4c838342d5a37e8150776748bc8aadd647c9536ef90","008","2","75","현의 길이(1); 중심에서 같은 거리의 두 현"
"260711_원의 성질(7).pdf","fe005043d074f66e37c1f4c838342d5a37e8150776748bc8aadd647c9536ef90","009","3","91","현의 길이(1); 중심에서 같은 거리의 두 현"
"260711_원의 성질(7).pdf","fe005043d074f66e37c1f4c838342d5a37e8150776748bc8aadd647c9536ef90","010","3","85","현의 길이(1); 중심에서 같은 거리의 두 현"
"260711_원의 성질(7).pdf","fe005043d074f66e37c1f4c838342d5a37e8150776748bc8aadd647c9536ef90","011","3","65","원의 접선과 반지름"
"260711_원의 성질(7).pdf","fe005043d074f66e37c1f4c838342d5a37e8150776748bc8aadd647c9536ef90","012","3","84","원의 접선과 반지름"
"260711_원의 성질(7).pdf","fe005043d074f66e37c1f4c838342d5a37e8150776748bc8aadd647c9536ef90","013","4","88","원의 접선의 성질(1)"
"260711_원의 성질(7).pdf","fe005043d074f66e37c1f4c838342d5a37e8150776748bc8aadd647c9536ef90","014","4","93","원의 접선의 성질(1)"
"260711_원의 성질(7).pdf","fe005043d074f66e37c1f4c838342d5a37e8150776748bc8aadd647c9536ef90","015","4","92","원의 접선의 성질(1)"
"260711_원의 성질(7).pdf","fe005043d074f66e37c1f4c838342d5a37e8150776748bc8aadd647c9536ef90","016","4","71","원의 접선의 성질(1)"
"260711_원의 성질(7).pdf","fe005043d074f66e37c1f4c838342d5a37e8150776748bc8aadd647c9536ef90","017","5","60","원의 접선의 성질(1)"
"260711_원의 성질(7).pdf","fe005043d074f66e37c1f4c838342d5a37e8150776748bc8aadd647c9536ef90","018","5","65","원의 접선의 성질(2); 길이"
"260711_원의 성질(7).pdf","fe005043d074f66e37c1f4c838342d5a37e8150776748bc8aadd647c9536ef90","019","5","81","원의 접선의 성질(2); 길이"
"260711_원의 성질(7).pdf","fe005043d074f66e37c1f4c838342d5a37e8150776748bc8aadd647c9536ef90","020","5","84","원의 접선의 성질(2); 길이"
"260711_원의 성질(7).pdf","fe005043d074f66e37c1f4c838342d5a37e8150776748bc8aadd647c9536ef90","021","6","91","원의 접선의 성질(2); 길이"
"260711_원의 성질(7).pdf","fe005043d074f66e37c1f4c838342d5a37e8150776748bc8aadd647c9536ef90","022","6","89","원의 접선의 성질(2); 길이"
"260711_원의 성질(7).pdf","fe005043d074f66e37c1f4c838342d5a37e8150776748bc8aadd647c9536ef90","023","6","85","원의 접선의 성질의 활용"
"260711_원의 성질(7).pdf","fe005043d074f66e37c1f4c838342d5a37e8150776748bc8aadd647c9536ef90","024","6","90","원의 접선의 성질의 활용"
"260711_원의 성질(7).pdf","fe005043d074f66e37c1f4c838342d5a37e8150776748bc8aadd647c9536ef90","025","7","84","원의 접선의 성질의 활용"
"260711_원의 성질(7).pdf","fe005043d074f66e37c1f4c838342d5a37e8150776748bc8aadd647c9536ef90","026","7","80","반원에서의 접선"
"260711_원의 성질(7).pdf","fe005043d074f66e37c1f4c838342d5a37e8150776748bc8aadd647c9536ef90","027","7","63","반원에서의 접선"
"260711_원의 성질(7).pdf","fe005043d074f66e37c1f4c838342d5a37e8150776748bc8aadd647c9536ef90","028","7","53","반원에서의 접선"
"260711_원의 성질(7).pdf","fe005043d074f66e37c1f4c838342d5a37e8150776748bc8aadd647c9536ef90","029","8","81","반원에서의 접선"
"260711_원의 성질(7).pdf","fe005043d074f66e37c1f4c838342d5a37e8150776748bc8aadd647c9536ef90","030","8","85","반원에서의 접선"
"260711_원의 성질(7).pdf","fe005043d074f66e37c1f4c838342d5a37e8150776748bc8aadd647c9536ef90","031","8","51","삼각형의 내접원"
"260711_원의 성질(7).pdf","fe005043d074f66e37c1f4c838342d5a37e8150776748bc8aadd647c9536ef90","032","8","76","삼각형의 내접원"
"260711_원의 성질(7).pdf","fe005043d074f66e37c1f4c838342d5a37e8150776748bc8aadd647c9536ef90","033","9","78","삼각형의 내접원"
"260711_원의 성질(7).pdf","fe005043d074f66e37c1f4c838342d5a37e8150776748bc8aadd647c9536ef90","034","9","75","삼각형의 내접원"
"260711_원의 성질(7).pdf","fe005043d074f66e37c1f4c838342d5a37e8150776748bc8aadd647c9536ef90","035","9","49","삼각형의 내접원"
"260711_원의 성질(7).pdf","fe005043d074f66e37c1f4c838342d5a37e8150776748bc8aadd647c9536ef90","036","9","78","직각삼각형의 내접원"
"260711_원의 성질(7).pdf","fe005043d074f66e37c1f4c838342d5a37e8150776748bc8aadd647c9536ef90","037","10","65","직각삼각형의 내접원"
"260711_원의 성질(7).pdf","fe005043d074f66e37c1f4c838342d5a37e8150776748bc8aadd647c9536ef90","038","10","63","직각삼각형의 내접원"
"260711_원의 성질(7).pdf","fe005043d074f66e37c1f4c838342d5a37e8150776748bc8aadd647c9536ef90","039","10","69","직각삼각형의 내접원"
"260711_원의 성질(7).pdf","fe005043d074f66e37c1f4c838342d5a37e8150776748bc8aadd647c9536ef90","040","10","75","직각삼각형의 내접원"
"260711_원의 성질(7).pdf","fe005043d074f66e37c1f4c838342d5a37e8150776748bc8aadd647c9536ef90","041","11","77","원에 외접하는 사각형의 성질(2); 한 내각이 90˚인 경우"
"260711_원의 성질(7).pdf","fe005043d074f66e37c1f4c838342d5a37e8150776748bc8aadd647c9536ef90","042","11","76","원에 외접하는 사각형의 성질(2); 한 내각이 90˚인 경우"
"260711_원의 성질(7).pdf","fe005043d074f66e37c1f4c838342d5a37e8150776748bc8aadd647c9536ef90","043","11","83","원에 외접하는 사각형의 성질(2); 한 내각이 90˚인 경우"
"260711_원의 성질(7).pdf","fe005043d074f66e37c1f4c838342d5a37e8150776748bc8aadd647c9536ef90","044","11","83","원에 외접하는 사각형의 성질(2); 한 내각이 90˚인 경우"
"260711_원의 성질(7).pdf","fe005043d074f66e37c1f4c838342d5a37e8150776748bc8aadd647c9536ef90","045","12","81","원에 외접하는 사각형의 성질(2); 한 내각이 90˚인 경우"
"260711_원의 성질(7).pdf","fe005043d074f66e37c1f4c838342d5a37e8150776748bc8aadd647c9536ef90","046","12","76","원에 외접하는 사각형의 성질의 활용(1); 직사각형"
"260711_원의 성질(7).pdf","fe005043d074f66e37c1f4c838342d5a37e8150776748bc8aadd647c9536ef90","047","12","76","원에 외접하는 사각형의 성질의 활용(1); 직사각형"
"260711_원의 성질(7).pdf","fe005043d074f66e37c1f4c838342d5a37e8150776748bc8aadd647c9536ef90","048","12","76","원에 외접하는 사각형의 성질의 활용(1); 직사각형"
"260711_원의 성질(7).pdf","fe005043d074f66e37c1f4c838342d5a37e8150776748bc8aadd647c9536ef90","049","13","80","원에 외접하는 사각형의 성질의 활용(1); 직사각형"
"260711_원의 성질(7).pdf","fe005043d074f66e37c1f4c838342d5a37e8150776748bc8aadd647c9536ef90","050","13","71","원에 외접하는 사각형의 성질의 활용(1); 직사각형"
"260711_원의 성질(7).pdf","fe005043d074f66e37c1f4c838342d5a37e8150776748bc8aadd647c9536ef90","051","13","30","원에 외접하는 사각형의 성질의 활용(2); 그 외"
"260711_원의 성질(7).pdf","fe005043d074f66e37c1f4c838342d5a37e8150776748bc8aadd647c9536ef90","052","13","50","원에 외접하는 사각형의 성질의 활용(2); 그 외"
"260711_원의 성질(7).pdf","fe005043d074f66e37c1f4c838342d5a37e8150776748bc8aadd647c9536ef90","053","14","30","원에 외접하는 사각형의 성질의 활용(2); 그 외"
"260711_원의 성질(7).pdf","fe005043d074f66e37c1f4c838342d5a37e8150776748bc8aadd647c9536ef90","054","14","82","원주각과 중심각의 크기(1)"
"260711_원의 성질(7).pdf","fe005043d074f66e37c1f4c838342d5a37e8150776748bc8aadd647c9536ef90","055","14","50","원주각과 중심각의 크기(1)"
"260711_원의 성질(7).pdf","fe005043d074f66e37c1f4c838342d5a37e8150776748bc8aadd647c9536ef90","056","14","84","원주각과 중심각의 크기(1)"
"260711_원의 성질(7).pdf","fe005043d074f66e37c1f4c838342d5a37e8150776748bc8aadd647c9536ef90","057","15","91","원주각과 중심각의 크기(1)"
"260711_원의 성질(7).pdf","fe005043d074f66e37c1f4c838342d5a37e8150776748bc8aadd647c9536ef90","058","15","67","원주각과 중심각의 크기(1)"
"260711_원의 성질(7).pdf","fe005043d074f66e37c1f4c838342d5a37e8150776748bc8aadd647c9536ef90","059","15","86","원주각의 성질(1); 한 호"
"260711_원의 성질(7).pdf","fe005043d074f66e37c1f4c838342d5a37e8150776748bc8aadd647c9536ef90","060","15","50","원주각의 성질(1); 한 호"
"260711_원의 성질(7).pdf","fe005043d074f66e37c1f4c838342d5a37e8150776748bc8aadd647c9536ef90","061","16","78","원주각의 성질(1); 한 호"
"260711_원의 성질(7).pdf","fe005043d074f66e37c1f4c838342d5a37e8150776748bc8aadd647c9536ef90","062","16","62","원주각의 성질(1); 한 호"
"260711_원의 성질(7).pdf","fe005043d074f66e37c1f4c838342d5a37e8150776748bc8aadd647c9536ef90","063","16","85","원주각의 성질(1); 한 호"
"260711_원의 성질(7).pdf","fe005043d074f66e37c1f4c838342d5a37e8150776748bc8aadd647c9536ef90","064","16","68","원주각의 성질(2); 반원"
"260711_원의 성질(7).pdf","fe005043d074f66e37c1f4c838342d5a37e8150776748bc8aadd647c9536ef90","065","17","77","원주각의 성질(2); 반원"
"260711_원의 성질(7).pdf","fe005043d074f66e37c1f4c838342d5a37e8150776748bc8aadd647c9536ef90","066","17","78","원주각의 성질(2); 반원"
"260711_원의 성질(7).pdf","fe005043d074f66e37c1f4c838342d5a37e8150776748bc8aadd647c9536ef90","067","17","92","원주각의 성질(2); 반원"
"260711_원의 성질(7).pdf","fe005043d074f66e37c1f4c838342d5a37e8150776748bc8aadd647c9536ef90","068","17","48","원주각의 성질(2); 반원"
"260711_원의 성질(7).pdf","fe005043d074f66e37c1f4c838342d5a37e8150776748bc8aadd647c9536ef90","069","18","69","원주각과 삼각비의 값(1)"
"260711_원의 성질(7).pdf","fe005043d074f66e37c1f4c838342d5a37e8150776748bc8aadd647c9536ef90","070","18","80","원주각과 삼각비의 값(1)"
"260711_원의 성질(7).pdf","fe005043d074f66e37c1f4c838342d5a37e8150776748bc8aadd647c9536ef90","071","18","63","원주각과 삼각비의 값(1)"
"260711_원의 성질(7).pdf","fe005043d074f66e37c1f4c838342d5a37e8150776748bc8aadd647c9536ef90","072","18","77","원주각과 삼각비의 값(2); 선분의 길이, 넓이"
"260711_원의 성질(7).pdf","fe005043d074f66e37c1f4c838342d5a37e8150776748bc8aadd647c9536ef90","073","19","81","원주각과 삼각비의 값(2); 선분의 길이, 넓이"
"260711_원의 성질(7).pdf","fe005043d074f66e37c1f4c838342d5a37e8150776748bc8aadd647c9536ef90","074","19","75","원주각과 삼각비의 값(2); 선분의 길이, 넓이"
"260711_원의 성질(7).pdf","fe005043d074f66e37c1f4c838342d5a37e8150776748bc8aadd647c9536ef90","075","19","87","원주각과 삼각비의 값(2); 선분의 길이, 넓이"
"260711_원의 성질(7).pdf","fe005043d074f66e37c1f4c838342d5a37e8150776748bc8aadd647c9536ef90","076","19","76","원주각과 삼각비의 값(2); 선분의 길이, 넓이"
"260711_원의 성질(7).pdf","fe005043d074f66e37c1f4c838342d5a37e8150776748bc8aadd647c9536ef90","077","20","89","원주각의 크기와 호의 길이(1)"
"260711_원의 성질(7).pdf","fe005043d074f66e37c1f4c838342d5a37e8150776748bc8aadd647c9536ef90","078","20","50","원주각의 크기와 호의 길이(1)"
"260711_원의 성질(7).pdf","fe005043d074f66e37c1f4c838342d5a37e8150776748bc8aadd647c9536ef90","079","20","49","원주각의 크기와 호의 길이(1)"
"260711_원의 성질(7).pdf","fe005043d074f66e37c1f4c838342d5a37e8150776748bc8aadd647c9536ef90","080","20","69","원주각의 크기와 호의 길이(1)"
"260711_원의 성질(7).pdf","fe005043d074f66e37c1f4c838342d5a37e8150776748bc8aadd647c9536ef90","081","21","83","원주각의 크기와 호의 길이(1)"
"260711_원의 성질(7).pdf","fe005043d074f66e37c1f4c838342d5a37e8150776748bc8aadd647c9536ef90","082","21","79","원주각의 크기와 호의 길이(2)"
"260711_원의 성질(7).pdf","fe005043d074f66e37c1f4c838342d5a37e8150776748bc8aadd647c9536ef90","083","21","82","원주각의 크기와 호의 길이(2)"
"260711_원의 성질(7).pdf","fe005043d074f66e37c1f4c838342d5a37e8150776748bc8aadd647c9536ef90","084","21","72","원주각의 크기와 호의 길이(2)"
"260711_원의 성질(7).pdf","fe005043d074f66e37c1f4c838342d5a37e8150776748bc8aadd647c9536ef90","085","22","80","원주각의 크기와 호의 길이(2)"
"260711_원의 성질(7).pdf","fe005043d074f66e37c1f4c838342d5a37e8150776748bc8aadd647c9536ef90","086","22","64","원주각의 크기와 호의 길이(2)"
"260711_원의 성질(7).pdf","fe005043d074f66e37c1f4c838342d5a37e8150776748bc8aadd647c9536ef90","087","22","69","원주각의 크기와 호의 길이(3)"
"260711_원의 성질(7).pdf","fe005043d074f66e37c1f4c838342d5a37e8150776748bc8aadd647c9536ef90","088","22","74","원주각의 크기와 호의 길이(3)"
"260711_원의 성질(7).pdf","fe005043d074f66e37c1f4c838342d5a37e8150776748bc8aadd647c9536ef90","089","23","69","원주각의 크기와 호의 길이(3)"
"260711_원의 성질(7).pdf","fe005043d074f66e37c1f4c838342d5a37e8150776748bc8aadd647c9536ef90","090","23","76","원주각의 크기와 호의 길이(3)"
"260711_원의 성질(7).pdf","fe005043d074f66e37c1f4c838342d5a37e8150776748bc8aadd647c9536ef90","091","23","84","원주각의 크기와 호의 길이(3)"
"260711_원의 성질(7).pdf","fe005043d074f66e37c1f4c838342d5a37e8150776748bc8aadd647c9536ef90","092","23","86","네 점이 한 원에 있기 위한 조건"
"260711_원의 성질(7).pdf","fe005043d074f66e37c1f4c838342d5a37e8150776748bc8aadd647c9536ef90","093","24","55","네 점이 한 원에 있기 위한 조건"
"260711_원의 성질(7).pdf","fe005043d074f66e37c1f4c838342d5a37e8150776748bc8aadd647c9536ef90","094","24","63","네 점이 한 원에 있기 위한 조건"
"260711_원의 성질(7).pdf","fe005043d074f66e37c1f4c838342d5a37e8150776748bc8aadd647c9536ef90","095","24","50","네 점이 한 원에 있기 위한 조건"
"260711_원의 성질(7).pdf","fe005043d074f66e37c1f4c838342d5a37e8150776748bc8aadd647c9536ef90","096","24","74","네 점이 한 원에 있기 위한 조건"
"260711_원의 성질(7).pdf","fe005043d074f66e37c1f4c838342d5a37e8150776748bc8aadd647c9536ef90","097","25","92","원에 내접하는 사각형의 성질(1)"
"260711_원의 성질(7).pdf","fe005043d074f66e37c1f4c838342d5a37e8150776748bc8aadd647c9536ef90","098","25","92","원에 내접하는 사각형의 성질(1)"
"260711_원의 성질(7).pdf","fe005043d074f66e37c1f4c838342d5a37e8150776748bc8aadd647c9536ef90","099","25","73","원에 내접하는 사각형의 성질(1)"
"260711_원의 성질(7).pdf","fe005043d074f66e37c1f4c838342d5a37e8150776748bc8aadd647c9536ef90","100","25","75","원에 내접하는 사각형의 성질(1)"
"260711_원의 성질(7).pdf","fe005043d074f66e37c1f4c838342d5a37e8150776748bc8aadd647c9536ef90","101","26","92","원에 내접하는 사각형의 성질(1)"
"260711_원의 성질(7).pdf","fe005043d074f66e37c1f4c838342d5a37e8150776748bc8aadd647c9536ef90","102","26","70","원에 내접하는 사각형의 성질(2)"
"260711_원의 성질(7).pdf","fe005043d074f66e37c1f4c838342d5a37e8150776748bc8aadd647c9536ef90","103","26","85","원에 내접하는 사각형의 성질(2)"
"260711_원의 성질(7).pdf","fe005043d074f66e37c1f4c838342d5a37e8150776748bc8aadd647c9536ef90","104","26","42","원에 내접하는 사각형의 성질(2)"
"260711_원의 성질(7).pdf","fe005043d074f66e37c1f4c838342d5a37e8150776748bc8aadd647c9536ef90","105","27","41","원에 내접하는 사각형의 성질(2)"
"260711_원의 성질(7).pdf","fe005043d074f66e37c1f4c838342d5a37e8150776748bc8aadd647c9536ef90","106","27","91","원에 내접하는 사각형의 성질(2)"
"260711_원의 성질(7).pdf","fe005043d074f66e37c1f4c838342d5a37e8150776748bc8aadd647c9536ef90","107","27","76","원에 내접하는 사각형과 외각의 성질"
"260711_원의 성질(7).pdf","fe005043d074f66e37c1f4c838342d5a37e8150776748bc8aadd647c9536ef90","108","27","69","원에 내접하는 사각형과 외각의 성질"
"260711_원의 성질(7).pdf","fe005043d074f66e37c1f4c838342d5a37e8150776748bc8aadd647c9536ef90","109","28","75","원에 내접하는 사각형과 외각의 성질"
"260711_원의 성질(7).pdf","fe005043d074f66e37c1f4c838342d5a37e8150776748bc8aadd647c9536ef90","110","28","75","원에 내접하는 사각형과 외각의 성질"
"260711_원의 성질(7).pdf","fe005043d074f66e37c1f4c838342d5a37e8150776748bc8aadd647c9536ef90","111","28","74","원에 내접하는 사각형과 외각의 성질"
"260711_원의 성질(7).pdf","fe005043d074f66e37c1f4c838342d5a37e8150776748bc8aadd647c9536ef90","112","28","74","원에 내접하는 다각형"
"260711_원의 성질(7).pdf","fe005043d074f66e37c1f4c838342d5a37e8150776748bc8aadd647c9536ef90","113","29","71","원에 내접하는 다각형"
"260711_원의 성질(7).pdf","fe005043d074f66e37c1f4c838342d5a37e8150776748bc8aadd647c9536ef90","114","29","75","원에 내접하는 다각형"
"260711_원의 성질(7).pdf","fe005043d074f66e37c1f4c838342d5a37e8150776748bc8aadd647c9536ef90","115","29","79","원에 내접하는 다각형"
"260711_원의 성질(7).pdf","fe005043d074f66e37c1f4c838342d5a37e8150776748bc8aadd647c9536ef90","116","29","77","원에 내접하는 다각형"
"260711_원의 성질(7).pdf","fe005043d074f66e37c1f4c838342d5a37e8150776748bc8aadd647c9536ef90","117","30","69","두 원에서 내접하는 사각형의 성질의 활용"
"260711_원의 성질(7).pdf","fe005043d074f66e37c1f4c838342d5a37e8150776748bc8aadd647c9536ef90","118","30","73","두 원에서 내접하는 사각형의 성질의 활용"
"260711_원의 성질(7).pdf","fe005043d074f66e37c1f4c838342d5a37e8150776748bc8aadd647c9536ef90","119","30","82","두 원에서 내접하는 사각형의 성질의 활용"
"260711_원의 성질(7).pdf","fe005043d074f66e37c1f4c838342d5a37e8150776748bc8aadd647c9536ef90","120","30","84","두 원에서 내접하는 사각형의 성질의 활용"
"260711_원의 성질(7).pdf","fe005043d074f66e37c1f4c838342d5a37e8150776748bc8aadd647c9536ef90","121","31","88","두 원에서 내접하는 사각형의 성질의 활용"
"260711_원의 성질(7).pdf","fe005043d074f66e37c1f4c838342d5a37e8150776748bc8aadd647c9536ef90","122","31","78","접선과 현이 이루는 각; 원주각"
"260711_원의 성질(7).pdf","fe005043d074f66e37c1f4c838342d5a37e8150776748bc8aadd647c9536ef90","123","31","81","접선과 현이 이루는 각; 원주각"
"260711_원의 성질(7).pdf","fe005043d074f66e37c1f4c838342d5a37e8150776748bc8aadd647c9536ef90","124","31","79","접선과 현이 이루는 각; 원주각"
"260711_원의 성질(7).pdf","fe005043d074f66e37c1f4c838342d5a37e8150776748bc8aadd647c9536ef90","125","32","82","접선과 현이 이루는 각; 원주각"
"260711_원의 성질(7).pdf","fe005043d074f66e37c1f4c838342d5a37e8150776748bc8aadd647c9536ef90","126","32","90","접선과 현이 이루는 각; 원주각"
"260711_원의 성질(7).pdf","fe005043d074f66e37c1f4c838342d5a37e8150776748bc8aadd647c9536ef90","127","32","85","접선과 현이 이루는 각의 활용(1); 현이 중심을 지나지 않는 경우"
"260711_원의 성질(7).pdf","fe005043d074f66e37c1f4c838342d5a37e8150776748bc8aadd647c9536ef90","128","32","77","접선과 현이 이루는 각의 활용(1); 현이 중심을 지나지 않는 경우"
"260711_원의 성질(7).pdf","fe005043d074f66e37c1f4c838342d5a37e8150776748bc8aadd647c9536ef90","129","33","79","접선과 현이 이루는 각의 활용(1); 현이 중심을 지나지 않는 경우"
"260711_원의 성질(7).pdf","fe005043d074f66e37c1f4c838342d5a37e8150776748bc8aadd647c9536ef90","130","33","66","접선과 현이 이루는 각의 활용(1); 현이 중심을 지나지 않는 경우"
"260711_원의 성질(7).pdf","fe005043d074f66e37c1f4c838342d5a37e8150776748bc8aadd647c9536ef90","131","33","67","접선과 현이 이루는 각의 활용(1); 현이 중심을 지나지 않는 경우"
"260711_원의 성질(7).pdf","fe005043d074f66e37c1f4c838342d5a37e8150776748bc8aadd647c9536ef90","132","33","65","접선과 현이 이루는 각의 활용(2); 현이 중심을 지나는 경우"
"260711_원의 성질(7).pdf","fe005043d074f66e37c1f4c838342d5a37e8150776748bc8aadd647c9536ef90","133","34","87","접선과 현이 이루는 각의 활용(2); 현이 중심을 지나는 경우"
"260711_원의 성질(7).pdf","fe005043d074f66e37c1f4c838342d5a37e8150776748bc8aadd647c9536ef90","134","34","81","접선과 현이 이루는 각의 활용(2); 현이 중심을 지나는 경우"
"260711_원의 성질(7).pdf","fe005043d074f66e37c1f4c838342d5a37e8150776748bc8aadd647c9536ef90","135","34","83","접선과 현이 이루는 각의 활용(2); 현이 중심을 지나는 경우"
"260711_원의 성질(7).pdf","fe005043d074f66e37c1f4c838342d5a37e8150776748bc8aadd647c9536ef90","136","34","89","접선과 현이 이루는 각의 활용(2); 현이 중심을 지나는 경우"
"260711_원의 성질(7).pdf","fe005043d074f66e37c1f4c838342d5a37e8150776748bc8aadd647c9536ef90","137","35","72","접선과 현이 이루는 각의 활용(3); 한 점에서 원에 그은 두 접선"
"260711_원의 성질(7).pdf","fe005043d074f66e37c1f4c838342d5a37e8150776748bc8aadd647c9536ef90","138","35","86","접선과 현이 이루는 각의 활용(3); 한 점에서 원에 그은 두 접선"
"260711_원의 성질(7).pdf","fe005043d074f66e37c1f4c838342d5a37e8150776748bc8aadd647c9536ef90","139","35","79","접선과 현이 이루는 각의 활용(3); 한 점에서 원에 그은 두 접선"
"260711_원의 성질(7).pdf","fe005043d074f66e37c1f4c838342d5a37e8150776748bc8aadd647c9536ef90","140","35","77","접선과 현이 이루는 각의 활용(3); 한 점에서 원에 그은 두 접선"
"260711_원의 성질(7).pdf","fe005043d074f66e37c1f4c838342d5a37e8150776748bc8aadd647c9536ef90","141","36","80","접선과 현이 이루는 각의 활용(3); 한 점에서 원에 그은 두 접선"
"260711_원의 성질(7).pdf","fe005043d074f66e37c1f4c838342d5a37e8150776748bc8aadd647c9536ef90","142","36","72","두 원에서 접선과 현이 이루는 각(1)"
"260711_원의 성질(7).pdf","fe005043d074f66e37c1f4c838342d5a37e8150776748bc8aadd647c9536ef90","143","36","93","두 원에서 접선과 현이 이루는 각(1)"
"260711_원의 성질(7).pdf","fe005043d074f66e37c1f4c838342d5a37e8150776748bc8aadd647c9536ef90","144","36","91","두 원에서 접선과 현이 이루는 각(1)"
"260711_원의 성질(7).pdf","fe005043d074f66e37c1f4c838342d5a37e8150776748bc8aadd647c9536ef90","145","37","65","두 원에서 접선과 현이 이루는 각(1)"
"260711_원의 성질(7).pdf","fe005043d074f66e37c1f4c838342d5a37e8150776748bc8aadd647c9536ef90","146","37","92","두 원에서 접선과 현이 이루는 각(1)"
"260711_원의 성질(7).pdf","fe005043d074f66e37c1f4c838342d5a37e8150776748bc8aadd647c9536ef90","147","37","79","두 원에서 접선과 현이 이루는 각(2); 한 원이 다른 원의 내부에 있는 경우"
"260711_원의 성질(7).pdf","fe005043d074f66e37c1f4c838342d5a37e8150776748bc8aadd647c9536ef90","148","37","51","두 원에서 접선과 현이 이루는 각(2); 한 원이 다른 원의 내부에 있는 경우"
"260711_원의 성질(7).pdf","fe005043d074f66e37c1f4c838342d5a37e8150776748bc8aadd647c9536ef90","149","38","50","두 원에서 접선과 현이 이루는 각(2); 한 원이 다른 원의 내부에 있는 경우"
"260711_원의 성질(7).pdf","fe005043d074f66e37c1f4c838342d5a37e8150776748bc8aadd647c9536ef90","150","38","54","두 원에서 접선과 현이 이루는 각(2); 한 원이 다른 원의 내부에 있는 경우"
"260711_원의 성질(8).pdf","1876f5baaadd424b0be3a574bc7637dfc0339760787ee3843b3a4ea749b51aeb","001","1","64","원의 중심과 현의 수직이등분선(1)"
"260711_원의 성질(8).pdf","1876f5baaadd424b0be3a574bc7637dfc0339760787ee3843b3a4ea749b51aeb","002","1","50","원의 중심과 현의 수직이등분선(1)"
"260711_원의 성질(8).pdf","1876f5baaadd424b0be3a574bc7637dfc0339760787ee3843b3a4ea749b51aeb","003","1","70","원의 중심과 현의 수직이등분선(1)"
"260711_원의 성질(8).pdf","1876f5baaadd424b0be3a574bc7637dfc0339760787ee3843b3a4ea749b51aeb","004","1","55","원의 중심과 현의 수직이등분선(1)"
"260711_원의 성질(8).pdf","1876f5baaadd424b0be3a574bc7637dfc0339760787ee3843b3a4ea749b51aeb","005","2","70","현의 길이(1); 중심에서 같은 거리의 두 현"
"260711_원의 성질(8).pdf","1876f5baaadd424b0be3a574bc7637dfc0339760787ee3843b3a4ea749b51aeb","006","2","70","현의 길이(1); 중심에서 같은 거리의 두 현"
"260711_원의 성질(8).pdf","1876f5baaadd424b0be3a574bc7637dfc0339760787ee3843b3a4ea749b51aeb","007","2","78","현의 길이(1); 중심에서 같은 거리의 두 현"
"260711_원의 성질(8).pdf","1876f5baaadd424b0be3a574bc7637dfc0339760787ee3843b3a4ea749b51aeb","008","2","59","현의 길이(1); 중심에서 같은 거리의 두 현"
"260711_원의 성질(8).pdf","1876f5baaadd424b0be3a574bc7637dfc0339760787ee3843b3a4ea749b51aeb","009","3","72","현의 길이(1); 중심에서 같은 거리의 두 현"
"260711_원의 성질(8).pdf","1876f5baaadd424b0be3a574bc7637dfc0339760787ee3843b3a4ea749b51aeb","010","3","76","현의 길이(1); 중심에서 같은 거리의 두 현"
"260711_원의 성질(8).pdf","1876f5baaadd424b0be3a574bc7637dfc0339760787ee3843b3a4ea749b51aeb","011","3","70","원의 접선의 성질(1)"
"260711_원의 성질(8).pdf","1876f5baaadd424b0be3a574bc7637dfc0339760787ee3843b3a4ea749b51aeb","012","3","64","원의 접선의 성질(1)"
"260711_원의 성질(8).pdf","1876f5baaadd424b0be3a574bc7637dfc0339760787ee3843b3a4ea749b51aeb","013","4","63","원의 접선의 성질(1)"
"260711_원의 성질(8).pdf","1876f5baaadd424b0be3a574bc7637dfc0339760787ee3843b3a4ea749b51aeb","014","4","89","원의 접선의 성질(1)"
"260711_원의 성질(8).pdf","1876f5baaadd424b0be3a574bc7637dfc0339760787ee3843b3a4ea749b51aeb","015","4","69","원의 접선의 성질(1)"
"260711_원의 성질(8).pdf","1876f5baaadd424b0be3a574bc7637dfc0339760787ee3843b3a4ea749b51aeb","016","4","70","원의 접선의 성질(1)"
"260711_원의 성질(8).pdf","1876f5baaadd424b0be3a574bc7637dfc0339760787ee3843b3a4ea749b51aeb","017","5","55","원의 접선의 성질(2); 길이"
"260711_원의 성질(8).pdf","1876f5baaadd424b0be3a574bc7637dfc0339760787ee3843b3a4ea749b51aeb","018","5","85","원의 접선의 성질(2); 길이"
"260711_원의 성질(8).pdf","1876f5baaadd424b0be3a574bc7637dfc0339760787ee3843b3a4ea749b51aeb","019","6","65","원의 접선의 성질(2); 길이"
"260711_원의 성질(8).pdf","1876f5baaadd424b0be3a574bc7637dfc0339760787ee3843b3a4ea749b51aeb","020","6","78","원의 접선의 성질(2); 길이"
"260711_원의 성질(8).pdf","1876f5baaadd424b0be3a574bc7637dfc0339760787ee3843b3a4ea749b51aeb","021","6","65","원의 접선의 성질(2); 길이"
"260711_원의 성질(8).pdf","1876f5baaadd424b0be3a574bc7637dfc0339760787ee3843b3a4ea749b51aeb","022","6","64","원의 접선의 성질(2); 길이"
"260711_원의 성질(8).pdf","1876f5baaadd424b0be3a574bc7637dfc0339760787ee3843b3a4ea749b51aeb","023","7","64","반원에서의 접선"
"260711_원의 성질(8).pdf","1876f5baaadd424b0be3a574bc7637dfc0339760787ee3843b3a4ea749b51aeb","024","7","75","반원에서의 접선"
"260711_원의 성질(8).pdf","1876f5baaadd424b0be3a574bc7637dfc0339760787ee3843b3a4ea749b51aeb","025","7","84","반원에서의 접선"
"260711_원의 성질(8).pdf","1876f5baaadd424b0be3a574bc7637dfc0339760787ee3843b3a4ea749b51aeb","026","7","68","반원에서의 접선"
"260711_원의 성질(8).pdf","1876f5baaadd424b0be3a574bc7637dfc0339760787ee3843b3a4ea749b51aeb","027","8","75","반원에서의 접선"
"260711_원의 성질(8).pdf","1876f5baaadd424b0be3a574bc7637dfc0339760787ee3843b3a4ea749b51aeb","028","8","81","반원에서의 접선"
"260711_원의 성질(8).pdf","1876f5baaadd424b0be3a574bc7637dfc0339760787ee3843b3a4ea749b51aeb","029","8","50","삼각형의 내접원"
"260711_원의 성질(8).pdf","1876f5baaadd424b0be3a574bc7637dfc0339760787ee3843b3a4ea749b51aeb","030","8","75","삼각형의 내접원"
"260711_원의 성질(8).pdf","1876f5baaadd424b0be3a574bc7637dfc0339760787ee3843b3a4ea749b51aeb","031","9","80","삼각형의 내접원"
"260711_원의 성질(8).pdf","1876f5baaadd424b0be3a574bc7637dfc0339760787ee3843b3a4ea749b51aeb","032","9","61","삼각형의 내접원"
"260711_원의 성질(8).pdf","1876f5baaadd424b0be3a574bc7637dfc0339760787ee3843b3a4ea749b51aeb","033","9","83","삼각형의 내접원"
"260711_원의 성질(8).pdf","1876f5baaadd424b0be3a574bc7637dfc0339760787ee3843b3a4ea749b51aeb","034","9","89","삼각형의 내접원"
"260711_원의 성질(8).pdf","1876f5baaadd424b0be3a574bc7637dfc0339760787ee3843b3a4ea749b51aeb","035","10","81","직각삼각형의 내접원"
"260711_원의 성질(8).pdf","1876f5baaadd424b0be3a574bc7637dfc0339760787ee3843b3a4ea749b51aeb","036","10","30","직각삼각형의 내접원"
"260711_원의 성질(8).pdf","1876f5baaadd424b0be3a574bc7637dfc0339760787ee3843b3a4ea749b51aeb","037","10","75","직각삼각형의 내접원"
"260711_원의 성질(8).pdf","1876f5baaadd424b0be3a574bc7637dfc0339760787ee3843b3a4ea749b51aeb","038","10","85","직각삼각형의 내접원"
"260711_원의 성질(8).pdf","1876f5baaadd424b0be3a574bc7637dfc0339760787ee3843b3a4ea749b51aeb","039","11","81","직각삼각형의 내접원"
"260711_원의 성질(8).pdf","1876f5baaadd424b0be3a574bc7637dfc0339760787ee3843b3a4ea749b51aeb","040","11","80","직각삼각형의 내접원"
"260711_원의 성질(8).pdf","1876f5baaadd424b0be3a574bc7637dfc0339760787ee3843b3a4ea749b51aeb","041","11","77","원에 외접하는 사각형의 성질의 활용(1); 직사각형"
"260711_원의 성질(8).pdf","1876f5baaadd424b0be3a574bc7637dfc0339760787ee3843b3a4ea749b51aeb","042","11","65","원에 외접하는 사각형의 성질의 활용(1); 직사각형"
"260711_원의 성질(8).pdf","1876f5baaadd424b0be3a574bc7637dfc0339760787ee3843b3a4ea749b51aeb","043","12","82","원에 외접하는 사각형의 성질의 활용(1); 직사각형"
"260711_원의 성질(8).pdf","1876f5baaadd424b0be3a574bc7637dfc0339760787ee3843b3a4ea749b51aeb","044","12","79","원에 외접하는 사각형의 성질의 활용(1); 직사각형"
"260711_원의 성질(8).pdf","1876f5baaadd424b0be3a574bc7637dfc0339760787ee3843b3a4ea749b51aeb","045","12","61","원에 외접하는 사각형의 성질의 활용(1); 직사각형"
"260711_원의 성질(8).pdf","1876f5baaadd424b0be3a574bc7637dfc0339760787ee3843b3a4ea749b51aeb","046","12","83","원에 외접하는 사각형의 성질의 활용(1); 직사각형"
"260711_원의 성질(8).pdf","1876f5baaadd424b0be3a574bc7637dfc0339760787ee3843b3a4ea749b51aeb","047","13","63","원에 외접하는 사각형의 성질의 활용(2); 그 외"
"260711_원의 성질(8).pdf","1876f5baaadd424b0be3a574bc7637dfc0339760787ee3843b3a4ea749b51aeb","048","13","30","원에 외접하는 사각형의 성질의 활용(2); 그 외"
"260711_원의 성질(8).pdf","1876f5baaadd424b0be3a574bc7637dfc0339760787ee3843b3a4ea749b51aeb","049","13","54","원주각과 중심각의 크기(1)"
"260711_원의 성질(8).pdf","1876f5baaadd424b0be3a574bc7637dfc0339760787ee3843b3a4ea749b51aeb","050","13","51","원주각과 중심각의 크기(1)"
"260711_원의 성질(8).pdf","1876f5baaadd424b0be3a574bc7637dfc0339760787ee3843b3a4ea749b51aeb","051","14","50","원주각과 중심각의 크기(1)"
"260711_원의 성질(8).pdf","1876f5baaadd424b0be3a574bc7637dfc0339760787ee3843b3a4ea749b51aeb","052","14","76","원주각과 중심각의 크기(1)"
"260711_원의 성질(8).pdf","1876f5baaadd424b0be3a574bc7637dfc0339760787ee3843b3a4ea749b51aeb","053","14","86","원주각과 중심각의 크기(1)"
"260711_원의 성질(8).pdf","1876f5baaadd424b0be3a574bc7637dfc0339760787ee3843b3a4ea749b51aeb","054","14","79","원주각과 중심각의 크기(1)"
"260711_원의 성질(8).pdf","1876f5baaadd424b0be3a574bc7637dfc0339760787ee3843b3a4ea749b51aeb","055","15","86","원주각의 성질(1); 한 호"
"260711_원의 성질(8).pdf","1876f5baaadd424b0be3a574bc7637dfc0339760787ee3843b3a4ea749b51aeb","056","15","59","원주각의 성질(1); 한 호"
"260711_원의 성질(8).pdf","1876f5baaadd424b0be3a574bc7637dfc0339760787ee3843b3a4ea749b51aeb","057","15","93","원주각의 성질(1); 한 호"
"260711_원의 성질(8).pdf","1876f5baaadd424b0be3a574bc7637dfc0339760787ee3843b3a4ea749b51aeb","058","15","88","원주각의 성질(2); 반원"
"260711_원의 성질(8).pdf","1876f5baaadd424b0be3a574bc7637dfc0339760787ee3843b3a4ea749b51aeb","059","16","31","원주각의 성질(2); 반원"
"260711_원의 성질(8).pdf","1876f5baaadd424b0be3a574bc7637dfc0339760787ee3843b3a4ea749b51aeb","060","16","76","원주각의 성질(2); 반원"
"260711_원의 성질(8).pdf","1876f5baaadd424b0be3a574bc7637dfc0339760787ee3843b3a4ea749b51aeb","061","16","88","원주각의 성질(2); 반원"
"260711_원의 성질(8).pdf","1876f5baaadd424b0be3a574bc7637dfc0339760787ee3843b3a4ea749b51aeb","062","16","86","원주각의 성질(2); 반원"
"260711_원의 성질(8).pdf","1876f5baaadd424b0be3a574bc7637dfc0339760787ee3843b3a4ea749b51aeb","063","17","71","원주각의 성질(2); 반원"
"260711_원의 성질(8).pdf","1876f5baaadd424b0be3a574bc7637dfc0339760787ee3843b3a4ea749b51aeb","064","17","50","원주각과 삼각비의 값(2); 선분의 길이, 넓이"
"260711_원의 성질(8).pdf","1876f5baaadd424b0be3a574bc7637dfc0339760787ee3843b3a4ea749b51aeb","065","17","50","원주각과 삼각비의 값(2); 선분의 길이, 넓이"
"260711_원의 성질(8).pdf","1876f5baaadd424b0be3a574bc7637dfc0339760787ee3843b3a4ea749b51aeb","066","17","49","원주각과 삼각비의 값(2); 선분의 길이, 넓이"
"260711_원의 성질(8).pdf","1876f5baaadd424b0be3a574bc7637dfc0339760787ee3843b3a4ea749b51aeb","067","18","69","원주각과 삼각비의 값(2); 선분의 길이, 넓이"
"260711_원의 성질(8).pdf","1876f5baaadd424b0be3a574bc7637dfc0339760787ee3843b3a4ea749b51aeb","068","18","73","원주각과 삼각비의 값(2); 선분의 길이, 넓이"
"260711_원의 성질(8).pdf","1876f5baaadd424b0be3a574bc7637dfc0339760787ee3843b3a4ea749b51aeb","069","18","67","원주각의 크기와 호의 길이(1)"
"260711_원의 성질(8).pdf","1876f5baaadd424b0be3a574bc7637dfc0339760787ee3843b3a4ea749b51aeb","070","18","59","원주각의 크기와 호의 길이(1)"
"260711_원의 성질(8).pdf","1876f5baaadd424b0be3a574bc7637dfc0339760787ee3843b3a4ea749b51aeb","071","19","78","원주각의 크기와 호의 길이(1)"
"260711_원의 성질(8).pdf","1876f5baaadd424b0be3a574bc7637dfc0339760787ee3843b3a4ea749b51aeb","072","19","91","원주각의 크기와 호의 길이(1)"
"260711_원의 성질(8).pdf","1876f5baaadd424b0be3a574bc7637dfc0339760787ee3843b3a4ea749b51aeb","073","19","75","원주각의 크기와 호의 길이(2)"
"260711_원의 성질(8).pdf","1876f5baaadd424b0be3a574bc7637dfc0339760787ee3843b3a4ea749b51aeb","074","19","61","원주각의 크기와 호의 길이(2)"
"260711_원의 성질(8).pdf","1876f5baaadd424b0be3a574bc7637dfc0339760787ee3843b3a4ea749b51aeb","075","20","85","원주각의 크기와 호의 길이(2)"
"260711_원의 성질(8).pdf","1876f5baaadd424b0be3a574bc7637dfc0339760787ee3843b3a4ea749b51aeb","076","20","81","원주각의 크기와 호의 길이(2)"
"260711_원의 성질(8).pdf","1876f5baaadd424b0be3a574bc7637dfc0339760787ee3843b3a4ea749b51aeb","077","20","81","원주각의 크기와 호의 길이(2)"
"260711_원의 성질(8).pdf","1876f5baaadd424b0be3a574bc7637dfc0339760787ee3843b3a4ea749b51aeb","078","20","73","원주각의 크기와 호의 길이(2)"
"260711_원의 성질(8).pdf","1876f5baaadd424b0be3a574bc7637dfc0339760787ee3843b3a4ea749b51aeb","079","21","67","원주각의 크기와 호의 길이(3)"
"260711_원의 성질(8).pdf","1876f5baaadd424b0be3a574bc7637dfc0339760787ee3843b3a4ea749b51aeb","080","21","50","원주각의 크기와 호의 길이(3)"
"260711_원의 성질(8).pdf","1876f5baaadd424b0be3a574bc7637dfc0339760787ee3843b3a4ea749b51aeb","081","21","78","원주각의 크기와 호의 길이(3)"
"260711_원의 성질(8).pdf","1876f5baaadd424b0be3a574bc7637dfc0339760787ee3843b3a4ea749b51aeb","082","21","65","원주각의 크기와 호의 길이(3)"
"260711_원의 성질(8).pdf","1876f5baaadd424b0be3a574bc7637dfc0339760787ee3843b3a4ea749b51aeb","083","22","78","원주각의 크기와 호의 길이(3)"
"260711_원의 성질(8).pdf","1876f5baaadd424b0be3a574bc7637dfc0339760787ee3843b3a4ea749b51aeb","084","22","79","원주각의 크기와 호의 길이(3)"
"260711_원의 성질(8).pdf","1876f5baaadd424b0be3a574bc7637dfc0339760787ee3843b3a4ea749b51aeb","085","22","77","네 점이 한 원에 있기 위한 조건"
"260711_원의 성질(8).pdf","1876f5baaadd424b0be3a574bc7637dfc0339760787ee3843b3a4ea749b51aeb","086","22","62","네 점이 한 원에 있기 위한 조건"
"260711_원의 성질(8).pdf","1876f5baaadd424b0be3a574bc7637dfc0339760787ee3843b3a4ea749b51aeb","087","23","50","네 점이 한 원에 있기 위한 조건"
"260711_원의 성질(8).pdf","1876f5baaadd424b0be3a574bc7637dfc0339760787ee3843b3a4ea749b51aeb","088","23","82","네 점이 한 원에 있기 위한 조건"
"260711_원의 성질(8).pdf","1876f5baaadd424b0be3a574bc7637dfc0339760787ee3843b3a4ea749b51aeb","089","23","87","네 점이 한 원에 있기 위한 조건"
"260711_원의 성질(8).pdf","1876f5baaadd424b0be3a574bc7637dfc0339760787ee3843b3a4ea749b51aeb","090","23","85","네 점이 한 원에 있기 위한 조건"
"260711_원의 성질(8).pdf","1876f5baaadd424b0be3a574bc7637dfc0339760787ee3843b3a4ea749b51aeb","091","24","92","원에 내접하는 사각형의 성질(1)"
"260711_원의 성질(8).pdf","1876f5baaadd424b0be3a574bc7637dfc0339760787ee3843b3a4ea749b51aeb","092","24","89","원에 내접하는 사각형의 성질(1)"
"260711_원의 성질(8).pdf","1876f5baaadd424b0be3a574bc7637dfc0339760787ee3843b3a4ea749b51aeb","093","24","85","원에 내접하는 사각형의 성질(1)"
"260711_원의 성질(8).pdf","1876f5baaadd424b0be3a574bc7637dfc0339760787ee3843b3a4ea749b51aeb","094","24","76","원에 내접하는 사각형의 성질(1)"
"260711_원의 성질(8).pdf","1876f5baaadd424b0be3a574bc7637dfc0339760787ee3843b3a4ea749b51aeb","095","25","87","원에 내접하는 사각형의 성질(1)"
"260711_원의 성질(8).pdf","1876f5baaadd424b0be3a574bc7637dfc0339760787ee3843b3a4ea749b51aeb","096","25","80","원에 내접하는 사각형의 성질(1)"
"260711_원의 성질(8).pdf","1876f5baaadd424b0be3a574bc7637dfc0339760787ee3843b3a4ea749b51aeb","097","25","67","원에 내접하는 사각형의 성질(2)"
"260711_원의 성질(8).pdf","1876f5baaadd424b0be3a574bc7637dfc0339760787ee3843b3a4ea749b51aeb","098","25","70","원에 내접하는 사각형의 성질(2)"
"260711_원의 성질(8).pdf","1876f5baaadd424b0be3a574bc7637dfc0339760787ee3843b3a4ea749b51aeb","099","26","50","원에 내접하는 사각형의 성질(2)"
"260711_원의 성질(8).pdf","1876f5baaadd424b0be3a574bc7637dfc0339760787ee3843b3a4ea749b51aeb","100","26","50","원에 내접하는 사각형의 성질(2)"
"260711_원의 성질(8).pdf","1876f5baaadd424b0be3a574bc7637dfc0339760787ee3843b3a4ea749b51aeb","101","26","83","원에 내접하는 사각형의 성질(2)"
"260711_원의 성질(8).pdf","1876f5baaadd424b0be3a574bc7637dfc0339760787ee3843b3a4ea749b51aeb","102","26","91","원에 내접하는 사각형의 성질(2)"
"260711_원의 성질(8).pdf","1876f5baaadd424b0be3a574bc7637dfc0339760787ee3843b3a4ea749b51aeb","103","27","61","원에 내접하는 사각형과 외각의 성질"
"260711_원의 성질(8).pdf","1876f5baaadd424b0be3a574bc7637dfc0339760787ee3843b3a4ea749b51aeb","104","27","68","원에 내접하는 사각형과 외각의 성질"
"260711_원의 성질(8).pdf","1876f5baaadd424b0be3a574bc7637dfc0339760787ee3843b3a4ea749b51aeb","105","27","76","원에 내접하는 사각형과 외각의 성질"
"260711_원의 성질(8).pdf","1876f5baaadd424b0be3a574bc7637dfc0339760787ee3843b3a4ea749b51aeb","106","27","78","원에 내접하는 사각형과 외각의 성질"
"260711_원의 성질(8).pdf","1876f5baaadd424b0be3a574bc7637dfc0339760787ee3843b3a4ea749b51aeb","107","28","74","원에 내접하는 사각형과 외각의 성질"
"260711_원의 성질(8).pdf","1876f5baaadd424b0be3a574bc7637dfc0339760787ee3843b3a4ea749b51aeb","108","28","72","원에 내접하는 사각형과 외각의 성질"
"260711_원의 성질(8).pdf","1876f5baaadd424b0be3a574bc7637dfc0339760787ee3843b3a4ea749b51aeb","109","28","51","원에 내접하는 다각형"
"260711_원의 성질(8).pdf","1876f5baaadd424b0be3a574bc7637dfc0339760787ee3843b3a4ea749b51aeb","110","28","79","원에 내접하는 다각형"
"260711_원의 성질(8).pdf","1876f5baaadd424b0be3a574bc7637dfc0339760787ee3843b3a4ea749b51aeb","111","29","75","원에 내접하는 다각형"
"260711_원의 성질(8).pdf","1876f5baaadd424b0be3a574bc7637dfc0339760787ee3843b3a4ea749b51aeb","112","29","74","원에 내접하는 다각형"
"260711_원의 성질(8).pdf","1876f5baaadd424b0be3a574bc7637dfc0339760787ee3843b3a4ea749b51aeb","113","29","75","원에 내접하는 다각형"
"260711_원의 성질(8).pdf","1876f5baaadd424b0be3a574bc7637dfc0339760787ee3843b3a4ea749b51aeb","114","29","70","원에 내접하는 다각형"
"260711_원의 성질(8).pdf","1876f5baaadd424b0be3a574bc7637dfc0339760787ee3843b3a4ea749b51aeb","115","30","81","두 원에서 내접하는 사각형의 성질의 활용"
"260711_원의 성질(8).pdf","1876f5baaadd424b0be3a574bc7637dfc0339760787ee3843b3a4ea749b51aeb","116","30","74","두 원에서 내접하는 사각형의 성질의 활용"
"260711_원의 성질(8).pdf","1876f5baaadd424b0be3a574bc7637dfc0339760787ee3843b3a4ea749b51aeb","117","30","69","두 원에서 내접하는 사각형의 성질의 활용"
"260711_원의 성질(8).pdf","1876f5baaadd424b0be3a574bc7637dfc0339760787ee3843b3a4ea749b51aeb","118","30","70","두 원에서 내접하는 사각형의 성질의 활용"
"260711_원의 성질(8).pdf","1876f5baaadd424b0be3a574bc7637dfc0339760787ee3843b3a4ea749b51aeb","119","31","74","두 원에서 내접하는 사각형의 성질의 활용"
"260711_원의 성질(8).pdf","1876f5baaadd424b0be3a574bc7637dfc0339760787ee3843b3a4ea749b51aeb","120","31","75","두 원에서 내접하는 사각형의 성질의 활용"
"260711_원의 성질(8).pdf","1876f5baaadd424b0be3a574bc7637dfc0339760787ee3843b3a4ea749b51aeb","121","31","92","접선과 현이 이루는 각; 원주각"
"260711_원의 성질(8).pdf","1876f5baaadd424b0be3a574bc7637dfc0339760787ee3843b3a4ea749b51aeb","122","31","88","접선과 현이 이루는 각; 원주각"
"260711_원의 성질(8).pdf","1876f5baaadd424b0be3a574bc7637dfc0339760787ee3843b3a4ea749b51aeb","123","32","92","접선과 현이 이루는 각; 원주각"
"260711_원의 성질(8).pdf","1876f5baaadd424b0be3a574bc7637dfc0339760787ee3843b3a4ea749b51aeb","124","32","85","접선과 현이 이루는 각; 원주각"
"260711_원의 성질(8).pdf","1876f5baaadd424b0be3a574bc7637dfc0339760787ee3843b3a4ea749b51aeb","125","32","51","접선과 현이 이루는 각; 원주각"
"260711_원의 성질(8).pdf","1876f5baaadd424b0be3a574bc7637dfc0339760787ee3843b3a4ea749b51aeb","126","32","82","접선과 현이 이루는 각; 원주각"
"260711_원의 성질(8).pdf","1876f5baaadd424b0be3a574bc7637dfc0339760787ee3843b3a4ea749b51aeb","127","33","80","접선과 현이 이루는 각의 활용(1); 현이 중심을 지나지 않는 경우"
"260711_원의 성질(8).pdf","1876f5baaadd424b0be3a574bc7637dfc0339760787ee3843b3a4ea749b51aeb","128","33","76","접선과 현이 이루는 각의 활용(1); 현이 중심을 지나지 않는 경우"
"260711_원의 성질(8).pdf","1876f5baaadd424b0be3a574bc7637dfc0339760787ee3843b3a4ea749b51aeb","129","33","78","접선과 현이 이루는 각의 활용(1); 현이 중심을 지나지 않는 경우"
"260711_원의 성질(8).pdf","1876f5baaadd424b0be3a574bc7637dfc0339760787ee3843b3a4ea749b51aeb","130","33","76","접선과 현이 이루는 각의 활용(1); 현이 중심을 지나지 않는 경우"
"260711_원의 성질(8).pdf","1876f5baaadd424b0be3a574bc7637dfc0339760787ee3843b3a4ea749b51aeb","131","34","69","접선과 현이 이루는 각의 활용(1); 현이 중심을 지나지 않는 경우"
"260711_원의 성질(8).pdf","1876f5baaadd424b0be3a574bc7637dfc0339760787ee3843b3a4ea749b51aeb","132","34","77","접선과 현이 이루는 각의 활용(1); 현이 중심을 지나지 않는 경우"
"260711_원의 성질(8).pdf","1876f5baaadd424b0be3a574bc7637dfc0339760787ee3843b3a4ea749b51aeb","133","34","49","접선과 현이 이루는 각의 활용(2); 현이 중심을 지나는 경우"
"260711_원의 성질(8).pdf","1876f5baaadd424b0be3a574bc7637dfc0339760787ee3843b3a4ea749b51aeb","134","34","89","접선과 현이 이루는 각의 활용(2); 현이 중심을 지나는 경우"
"260711_원의 성질(8).pdf","1876f5baaadd424b0be3a574bc7637dfc0339760787ee3843b3a4ea749b51aeb","135","35","83","접선과 현이 이루는 각의 활용(2); 현이 중심을 지나는 경우"
"260711_원의 성질(8).pdf","1876f5baaadd424b0be3a574bc7637dfc0339760787ee3843b3a4ea749b51aeb","136","35","90","접선과 현이 이루는 각의 활용(2); 현이 중심을 지나는 경우"
"260711_원의 성질(8).pdf","1876f5baaadd424b0be3a574bc7637dfc0339760787ee3843b3a4ea749b51aeb","137","35","70","접선과 현이 이루는 각의 활용(2); 현이 중심을 지나는 경우"
"260711_원의 성질(8).pdf","1876f5baaadd424b0be3a574bc7637dfc0339760787ee3843b3a4ea749b51aeb","138","35","66","접선과 현이 이루는 각의 활용(2); 현이 중심을 지나는 경우"
"260711_원의 성질(8).pdf","1876f5baaadd424b0be3a574bc7637dfc0339760787ee3843b3a4ea749b51aeb","139","36","72","접선과 현이 이루는 각의 활용(3); 한 점에서 원에 그은 두 접선"
"260711_원의 성질(8).pdf","1876f5baaadd424b0be3a574bc7637dfc0339760787ee3843b3a4ea749b51aeb","140","36","72","접선과 현이 이루는 각의 활용(3); 한 점에서 원에 그은 두 접선"
"260711_원의 성질(8).pdf","1876f5baaadd424b0be3a574bc7637dfc0339760787ee3843b3a4ea749b51aeb","141","36","73","접선과 현이 이루는 각의 활용(3); 한 점에서 원에 그은 두 접선"
"260711_원의 성질(8).pdf","1876f5baaadd424b0be3a574bc7637dfc0339760787ee3843b3a4ea749b51aeb","142","36","84","접선과 현이 이루는 각의 활용(3); 한 점에서 원에 그은 두 접선"
"260711_원의 성질(8).pdf","1876f5baaadd424b0be3a574bc7637dfc0339760787ee3843b3a4ea749b51aeb","143","37","63","접선과 현이 이루는 각의 활용(3); 한 점에서 원에 그은 두 접선"
"260711_원의 성질(8).pdf","1876f5baaadd424b0be3a574bc7637dfc0339760787ee3843b3a4ea749b51aeb","144","37","58","접선과 현이 이루는 각의 활용(3); 한 점에서 원에 그은 두 접선"
"260711_원의 성질(8).pdf","1876f5baaadd424b0be3a574bc7637dfc0339760787ee3843b3a4ea749b51aeb","145","37","69","두 원에서 접선과 현이 이루는 각(1)"
"260711_원의 성질(8).pdf","1876f5baaadd424b0be3a574bc7637dfc0339760787ee3843b3a4ea749b51aeb","146","37","78","두 원에서 접선과 현이 이루는 각(1)"
"260711_원의 성질(8).pdf","1876f5baaadd424b0be3a574bc7637dfc0339760787ee3843b3a4ea749b51aeb","147","38","67","두 원에서 접선과 현이 이루는 각(1)"
"260711_원의 성질(8).pdf","1876f5baaadd424b0be3a574bc7637dfc0339760787ee3843b3a4ea749b51aeb","148","38","62","두 원에서 접선과 현이 이루는 각(1)"
"260711_원의 성질(8).pdf","1876f5baaadd424b0be3a574bc7637dfc0339760787ee3843b3a4ea749b51aeb","149","38","49","두 원에서 접선과 현이 이루는 각(2); 한 원이 다른 원의 내부에 있는 경우"
"260711_원의 성질(8).pdf","1876f5baaadd424b0be3a574bc7637dfc0339760787ee3843b3a4ea749b51aeb","150","38","60","두 원에서 접선과 현이 이루는 각(2); 한 원이 다른 원의 내부에 있는 경우"
"260711_원의 성질(9).pdf","c25555a0a74411f217169cf48b0f27b10b6359370801237ec499ff272693eb47","001","1","50","원의 중심과 현의 수직이등분선(1)"
"260711_원의 성질(9).pdf","c25555a0a74411f217169cf48b0f27b10b6359370801237ec499ff272693eb47","002","1","50","원의 중심과 현의 수직이등분선(1)"
"260711_원의 성질(9).pdf","c25555a0a74411f217169cf48b0f27b10b6359370801237ec499ff272693eb47","003","1","64","원의 중심과 현의 수직이등분선(1)"
"260711_원의 성질(9).pdf","c25555a0a74411f217169cf48b0f27b10b6359370801237ec499ff272693eb47","004","2","59","원의 중심과 현의 수직이등분선(1)"
"260711_원의 성질(9).pdf","c25555a0a74411f217169cf48b0f27b10b6359370801237ec499ff272693eb47","005","2","58","원의 중심과 현의 수직이등분선(1)"
"260711_원의 성질(9).pdf","c25555a0a74411f217169cf48b0f27b10b6359370801237ec499ff272693eb47","006","2","70","현의 길이(1); 중심에서 같은 거리의 두 현"
"260711_원의 성질(9).pdf","c25555a0a74411f217169cf48b0f27b10b6359370801237ec499ff272693eb47","007","2","77","현의 길이(1); 중심에서 같은 거리의 두 현"
"260711_원의 성질(9).pdf","c25555a0a74411f217169cf48b0f27b10b6359370801237ec499ff272693eb47","008","3","90","현의 길이(1); 중심에서 같은 거리의 두 현"
"260711_원의 성질(9).pdf","c25555a0a74411f217169cf48b0f27b10b6359370801237ec499ff272693eb47","009","3","76","현의 길이(1); 중심에서 같은 거리의 두 현"
"260711_원의 성질(9).pdf","c25555a0a74411f217169cf48b0f27b10b6359370801237ec499ff272693eb47","010","3","75","현의 길이(1); 중심에서 같은 거리의 두 현"
"260711_원의 성질(9).pdf","c25555a0a74411f217169cf48b0f27b10b6359370801237ec499ff272693eb47","011","3","74","현의 길이(1); 중심에서 같은 거리의 두 현"
"260711_원의 성질(9).pdf","c25555a0a74411f217169cf48b0f27b10b6359370801237ec499ff272693eb47","012","4","55","원의 접선의 성질(1)"
"260711_원의 성질(9).pdf","c25555a0a74411f217169cf48b0f27b10b6359370801237ec499ff272693eb47","013","4","68","원의 접선의 성질(1)"
"260711_원의 성질(9).pdf","c25555a0a74411f217169cf48b0f27b10b6359370801237ec499ff272693eb47","014","4","64","원의 접선의 성질(1)"
"260711_원의 성질(9).pdf","c25555a0a74411f217169cf48b0f27b10b6359370801237ec499ff272693eb47","015","4","70","원의 접선의 성질(1)"
"260711_원의 성질(9).pdf","c25555a0a74411f217169cf48b0f27b10b6359370801237ec499ff272693eb47","016","5","50","원의 접선의 성질(1)"
"260711_원의 성질(9).pdf","c25555a0a74411f217169cf48b0f27b10b6359370801237ec499ff272693eb47","017","5","69","원의 접선의 성질(1)"
"260711_원의 성질(9).pdf","c25555a0a74411f217169cf48b0f27b10b6359370801237ec499ff272693eb47","018","5","69","원의 접선의 성질(2); 길이"
"260711_원의 성질(9).pdf","c25555a0a74411f217169cf48b0f27b10b6359370801237ec499ff272693eb47","019","5","64","원의 접선의 성질(2); 길이"
"260711_원의 성질(9).pdf","c25555a0a74411f217169cf48b0f27b10b6359370801237ec499ff272693eb47","020","6","50","원의 접선의 성질(2); 길이"
"260711_원의 성질(9).pdf","c25555a0a74411f217169cf48b0f27b10b6359370801237ec499ff272693eb47","021","6","55","원의 접선의 성질(2); 길이"
"260711_원의 성질(9).pdf","c25555a0a74411f217169cf48b0f27b10b6359370801237ec499ff272693eb47","022","6","67","원의 접선의 성질(2); 길이"
"260711_원의 성질(9).pdf","c25555a0a74411f217169cf48b0f27b10b6359370801237ec499ff272693eb47","023","7","66","원의 접선의 성질(2); 길이"
"260711_원의 성질(9).pdf","c25555a0a74411f217169cf48b0f27b10b6359370801237ec499ff272693eb47","024","7","88","반원에서의 접선"
"260711_원의 성질(9).pdf","c25555a0a74411f217169cf48b0f27b10b6359370801237ec499ff272693eb47","025","7","75","반원에서의 접선"
"260711_원의 성질(9).pdf","c25555a0a74411f217169cf48b0f27b10b6359370801237ec499ff272693eb47","026","7","86","반원에서의 접선"
"260711_원의 성질(9).pdf","c25555a0a74411f217169cf48b0f27b10b6359370801237ec499ff272693eb47","027","8","79","반원에서의 접선"
"260711_원의 성질(9).pdf","c25555a0a74411f217169cf48b0f27b10b6359370801237ec499ff272693eb47","028","8","84","반원에서의 접선"
"260711_원의 성질(9).pdf","c25555a0a74411f217169cf48b0f27b10b6359370801237ec499ff272693eb47","029","8","64","반원에서의 접선"
"260711_원의 성질(9).pdf","c25555a0a74411f217169cf48b0f27b10b6359370801237ec499ff272693eb47","030","8","69","삼각형의 내접원"
"260711_원의 성질(9).pdf","c25555a0a74411f217169cf48b0f27b10b6359370801237ec499ff272693eb47","031","9","86","삼각형의 내접원"
"260711_원의 성질(9).pdf","c25555a0a74411f217169cf48b0f27b10b6359370801237ec499ff272693eb47","032","9","74","삼각형의 내접원"
"260711_원의 성질(9).pdf","c25555a0a74411f217169cf48b0f27b10b6359370801237ec499ff272693eb47","033","9","46","삼각형의 내접원"
"260711_원의 성질(9).pdf","c25555a0a74411f217169cf48b0f27b10b6359370801237ec499ff272693eb47","034","9","77","삼각형의 내접원"
"260711_원의 성질(9).pdf","c25555a0a74411f217169cf48b0f27b10b6359370801237ec499ff272693eb47","035","10","87","삼각형의 내접원"
"260711_원의 성질(9).pdf","c25555a0a74411f217169cf48b0f27b10b6359370801237ec499ff272693eb47","036","10","30","직각삼각형의 내접원"
"260711_원의 성질(9).pdf","c25555a0a74411f217169cf48b0f27b10b6359370801237ec499ff272693eb47","037","10","79","직각삼각형의 내접원"
"260711_원의 성질(9).pdf","c25555a0a74411f217169cf48b0f27b10b6359370801237ec499ff272693eb47","038","10","83","직각삼각형의 내접원"
"260711_원의 성질(9).pdf","c25555a0a74411f217169cf48b0f27b10b6359370801237ec499ff272693eb47","039","11","84","직각삼각형의 내접원"
"260711_원의 성질(9).pdf","c25555a0a74411f217169cf48b0f27b10b6359370801237ec499ff272693eb47","040","11","83","직각삼각형의 내접원"
"260711_원의 성질(9).pdf","c25555a0a74411f217169cf48b0f27b10b6359370801237ec499ff272693eb47","041","11","84","직각삼각형의 내접원"
"260711_원의 성질(9).pdf","c25555a0a74411f217169cf48b0f27b10b6359370801237ec499ff272693eb47","042","11","49","원에 외접하는 사각형의 성질의 활용(1); 직사각형"
"260711_원의 성질(9).pdf","c25555a0a74411f217169cf48b0f27b10b6359370801237ec499ff272693eb47","043","12","79","원에 외접하는 사각형의 성질의 활용(1); 직사각형"
"260711_원의 성질(9).pdf","c25555a0a74411f217169cf48b0f27b10b6359370801237ec499ff272693eb47","044","12","85","원에 외접하는 사각형의 성질의 활용(1); 직사각형"
"260711_원의 성질(9).pdf","c25555a0a74411f217169cf48b0f27b10b6359370801237ec499ff272693eb47","045","12","76","원에 외접하는 사각형의 성질의 활용(1); 직사각형"
"260711_원의 성질(9).pdf","c25555a0a74411f217169cf48b0f27b10b6359370801237ec499ff272693eb47","046","12","82","원에 외접하는 사각형의 성질의 활용(1); 직사각형"
"260711_원의 성질(9).pdf","c25555a0a74411f217169cf48b0f27b10b6359370801237ec499ff272693eb47","047","13","71","원에 외접하는 사각형의 성질의 활용(1); 직사각형"
"260711_원의 성질(9).pdf","c25555a0a74411f217169cf48b0f27b10b6359370801237ec499ff272693eb47","048","13","58","원에 외접하는 사각형의 성질의 활용(2); 그 외"
"260711_원의 성질(9).pdf","c25555a0a74411f217169cf48b0f27b10b6359370801237ec499ff272693eb47","049","13","67","원에 외접하는 사각형의 성질의 활용(2); 그 외"
"260711_원의 성질(9).pdf","c25555a0a74411f217169cf48b0f27b10b6359370801237ec499ff272693eb47","050","13","48","원에 외접하는 사각형의 성질의 활용(2); 그 외"
"260711_원의 성질(9).pdf","c25555a0a74411f217169cf48b0f27b10b6359370801237ec499ff272693eb47","051","14","49","원에 외접하는 사각형의 성질의 활용(2); 그 외"
"260711_원의 성질(9).pdf","c25555a0a74411f217169cf48b0f27b10b6359370801237ec499ff272693eb47","052","14","42","원에 외접하는 사각형의 성질의 활용(2); 그 외"
"260711_원의 성질(9).pdf","c25555a0a74411f217169cf48b0f27b10b6359370801237ec499ff272693eb47","053","15","35","원주각과 중심각의 크기(1)"
"260711_원의 성질(9).pdf","c25555a0a74411f217169cf48b0f27b10b6359370801237ec499ff272693eb47","054","15","87","원주각과 중심각의 크기(1)"
"260711_원의 성질(9).pdf","c25555a0a74411f217169cf48b0f27b10b6359370801237ec499ff272693eb47","055","15","72","원주각과 중심각의 크기(1)"
"260711_원의 성질(9).pdf","c25555a0a74411f217169cf48b0f27b10b6359370801237ec499ff272693eb47","056","15","86","원주각과 중심각의 크기(1)"
"260711_원의 성질(9).pdf","c25555a0a74411f217169cf48b0f27b10b6359370801237ec499ff272693eb47","057","16","88","원주각과 중심각의 크기(1)"
"260711_원의 성질(9).pdf","c25555a0a74411f217169cf48b0f27b10b6359370801237ec499ff272693eb47","058","16","60","원주각과 중심각의 크기(1)"
"260711_원의 성질(9).pdf","c25555a0a74411f217169cf48b0f27b10b6359370801237ec499ff272693eb47","059","16","59","원주각의 성질(1); 한 호"
"260711_원의 성질(9).pdf","c25555a0a74411f217169cf48b0f27b10b6359370801237ec499ff272693eb47","060","16","80","원주각의 성질(1); 한 호"
"260711_원의 성질(9).pdf","c25555a0a74411f217169cf48b0f27b10b6359370801237ec499ff272693eb47","061","17","50","원주각의 성질(1); 한 호"
"260711_원의 성질(9).pdf","c25555a0a74411f217169cf48b0f27b10b6359370801237ec499ff272693eb47","062","17","65","원주각의 성질(1); 한 호"
"260711_원의 성질(9).pdf","c25555a0a74411f217169cf48b0f27b10b6359370801237ec499ff272693eb47","063","18","77","원주각의 성질(1); 한 호"
"260711_원의 성질(9).pdf","c25555a0a74411f217169cf48b0f27b10b6359370801237ec499ff272693eb47","064","18","48","원주각의 성질(1); 한 호"
"260711_원의 성질(9).pdf","c25555a0a74411f217169cf48b0f27b10b6359370801237ec499ff272693eb47","065","18","91","원주각의 성질(2); 반원"
"260711_원의 성질(9).pdf","c25555a0a74411f217169cf48b0f27b10b6359370801237ec499ff272693eb47","066","18","76","원주각의 성질(2); 반원"
"260711_원의 성질(9).pdf","c25555a0a74411f217169cf48b0f27b10b6359370801237ec499ff272693eb47","067","19","70","원주각의 성질(2); 반원"
"260711_원의 성질(9).pdf","c25555a0a74411f217169cf48b0f27b10b6359370801237ec499ff272693eb47","068","19","83","원주각의 성질(2); 반원"
"260711_원의 성질(9).pdf","c25555a0a74411f217169cf48b0f27b10b6359370801237ec499ff272693eb47","069","19","81","원주각의 성질(2); 반원"
"260711_원의 성질(9).pdf","c25555a0a74411f217169cf48b0f27b10b6359370801237ec499ff272693eb47","070","19","52","원주각의 성질(2); 반원"
"260711_원의 성질(9).pdf","c25555a0a74411f217169cf48b0f27b10b6359370801237ec499ff272693eb47","071","20","50","원주각과 삼각비의 값(2); 선분의 길이, 넓이"
"260711_원의 성질(9).pdf","c25555a0a74411f217169cf48b0f27b10b6359370801237ec499ff272693eb47","072","20","48","원주각과 삼각비의 값(2); 선분의 길이, 넓이"
"260711_원의 성질(9).pdf","c25555a0a74411f217169cf48b0f27b10b6359370801237ec499ff272693eb47","073","20","83","원주각과 삼각비의 값(2); 선분의 길이, 넓이"
"260711_원의 성질(9).pdf","c25555a0a74411f217169cf48b0f27b10b6359370801237ec499ff272693eb47","074","20","49","원주각과 삼각비의 값(2); 선분의 길이, 넓이"
"260711_원의 성질(9).pdf","c25555a0a74411f217169cf48b0f27b10b6359370801237ec499ff272693eb47","075","21","84","원주각과 삼각비의 값(2); 선분의 길이, 넓이"
"260711_원의 성질(9).pdf","c25555a0a74411f217169cf48b0f27b10b6359370801237ec499ff272693eb47","076","21","89","원주각과 삼각비의 값(2); 선분의 길이, 넓이"
"260711_원의 성질(9).pdf","c25555a0a74411f217169cf48b0f27b10b6359370801237ec499ff272693eb47","077","21","50","원주각의 크기와 호의 길이(1)"
"260711_원의 성질(9).pdf","c25555a0a74411f217169cf48b0f27b10b6359370801237ec499ff272693eb47","078","21","59","원주각의 크기와 호의 길이(1)"
"260711_원의 성질(9).pdf","c25555a0a74411f217169cf48b0f27b10b6359370801237ec499ff272693eb47","079","22","30","원주각의 크기와 호의 길이(1)"
"260711_원의 성질(9).pdf","c25555a0a74411f217169cf48b0f27b10b6359370801237ec499ff272693eb47","080","22","29","원주각의 크기와 호의 길이(1)"
"260711_원의 성질(9).pdf","c25555a0a74411f217169cf48b0f27b10b6359370801237ec499ff272693eb47","081","22","70","원주각의 크기와 호의 길이(1)"
"260711_원의 성질(9).pdf","c25555a0a74411f217169cf48b0f27b10b6359370801237ec499ff272693eb47","082","22","73","원주각의 크기와 호의 길이(2)"
"260711_원의 성질(9).pdf","c25555a0a74411f217169cf48b0f27b10b6359370801237ec499ff272693eb47","083","23","67","원주각의 크기와 호의 길이(2)"
"260711_원의 성질(9).pdf","c25555a0a74411f217169cf48b0f27b10b6359370801237ec499ff272693eb47","084","23","71","원주각의 크기와 호의 길이(2)"
"260711_원의 성질(9).pdf","c25555a0a74411f217169cf48b0f27b10b6359370801237ec499ff272693eb47","085","23","81","원주각의 크기와 호의 길이(2)"
"260711_원의 성질(9).pdf","c25555a0a74411f217169cf48b0f27b10b6359370801237ec499ff272693eb47","086","23","78","원주각의 크기와 호의 길이(2)"
"260711_원의 성질(9).pdf","c25555a0a74411f217169cf48b0f27b10b6359370801237ec499ff272693eb47","087","24","82","원주각의 크기와 호의 길이(2)"
"260711_원의 성질(9).pdf","c25555a0a74411f217169cf48b0f27b10b6359370801237ec499ff272693eb47","088","24","71","원주각의 크기와 호의 길이(3)"
"260711_원의 성질(9).pdf","c25555a0a74411f217169cf48b0f27b10b6359370801237ec499ff272693eb47","089","24","66","원주각의 크기와 호의 길이(3)"
"260711_원의 성질(9).pdf","c25555a0a74411f217169cf48b0f27b10b6359370801237ec499ff272693eb47","090","24","80","원주각의 크기와 호의 길이(3)"
"260711_원의 성질(9).pdf","c25555a0a74411f217169cf48b0f27b10b6359370801237ec499ff272693eb47","091","25","65","원주각의 크기와 호의 길이(3)"
"260711_원의 성질(9).pdf","c25555a0a74411f217169cf48b0f27b10b6359370801237ec499ff272693eb47","092","25","77","원주각의 크기와 호의 길이(3)"
"260711_원의 성질(9).pdf","c25555a0a74411f217169cf48b0f27b10b6359370801237ec499ff272693eb47","093","25","68","원주각의 크기와 호의 길이(3)"
"260711_원의 성질(9).pdf","c25555a0a74411f217169cf48b0f27b10b6359370801237ec499ff272693eb47","094","25","72","네 점이 한 원에 있기 위한 조건"
"260711_원의 성질(9).pdf","c25555a0a74411f217169cf48b0f27b10b6359370801237ec499ff272693eb47","095","26","74","네 점이 한 원에 있기 위한 조건"
"260711_원의 성질(9).pdf","c25555a0a74411f217169cf48b0f27b10b6359370801237ec499ff272693eb47","096","26","76","네 점이 한 원에 있기 위한 조건"
"260711_원의 성질(9).pdf","c25555a0a74411f217169cf48b0f27b10b6359370801237ec499ff272693eb47","097","26","71","네 점이 한 원에 있기 위한 조건"
"260711_원의 성질(9).pdf","c25555a0a74411f217169cf48b0f27b10b6359370801237ec499ff272693eb47","098","26","51","네 점이 한 원에 있기 위한 조건"
"260711_원의 성질(9).pdf","c25555a0a74411f217169cf48b0f27b10b6359370801237ec499ff272693eb47","099","27","78","네 점이 한 원에 있기 위한 조건"
"260711_원의 성질(9).pdf","c25555a0a74411f217169cf48b0f27b10b6359370801237ec499ff272693eb47","100","27","70","원에 내접하는 사각형의 성질(1)"
"260711_원의 성질(9).pdf","c25555a0a74411f217169cf48b0f27b10b6359370801237ec499ff272693eb47","101","27","80","원에 내접하는 사각형의 성질(1)"
"260711_원의 성질(9).pdf","c25555a0a74411f217169cf48b0f27b10b6359370801237ec499ff272693eb47","102","27","80","원에 내접하는 사각형의 성질(1)"
"260711_원의 성질(9).pdf","c25555a0a74411f217169cf48b0f27b10b6359370801237ec499ff272693eb47","103","28","83","원에 내접하는 사각형의 성질(1)"
"260711_원의 성질(9).pdf","c25555a0a74411f217169cf48b0f27b10b6359370801237ec499ff272693eb47","104","28","62","원에 내접하는 사각형의 성질(1)"
"260711_원의 성질(9).pdf","c25555a0a74411f217169cf48b0f27b10b6359370801237ec499ff272693eb47","105","28","77","원에 내접하는 사각형의 성질(1)"
"260711_원의 성질(9).pdf","c25555a0a74411f217169cf48b0f27b10b6359370801237ec499ff272693eb47","106","28","70","원에 내접하는 사각형의 성질(2)"
"260711_원의 성질(9).pdf","c25555a0a74411f217169cf48b0f27b10b6359370801237ec499ff272693eb47","107","29","68","원에 내접하는 사각형의 성질(2)"
"260711_원의 성질(9).pdf","c25555a0a74411f217169cf48b0f27b10b6359370801237ec499ff272693eb47","108","29","50","원에 내접하는 사각형의 성질(2)"
"260711_원의 성질(9).pdf","c25555a0a74411f217169cf48b0f27b10b6359370801237ec499ff272693eb47","109","29","71","원에 내접하는 사각형의 성질(2)"
"260711_원의 성질(9).pdf","c25555a0a74411f217169cf48b0f27b10b6359370801237ec499ff272693eb47","110","29","92","원에 내접하는 사각형의 성질(2)"
"260711_원의 성질(9).pdf","c25555a0a74411f217169cf48b0f27b10b6359370801237ec499ff272693eb47","111","30","73","원에 내접하는 사각형의 성질(2)"
"260711_원의 성질(9).pdf","c25555a0a74411f217169cf48b0f27b10b6359370801237ec499ff272693eb47","112","30","72","원에 내접하는 사각형과 외각의 성질"
"260711_원의 성질(9).pdf","c25555a0a74411f217169cf48b0f27b10b6359370801237ec499ff272693eb47","113","30","69","원에 내접하는 사각형과 외각의 성질"
"260711_원의 성질(9).pdf","c25555a0a74411f217169cf48b0f27b10b6359370801237ec499ff272693eb47","114","30","67","원에 내접하는 사각형과 외각의 성질"
"260711_원의 성질(9).pdf","c25555a0a74411f217169cf48b0f27b10b6359370801237ec499ff272693eb47","115","31","76","원에 내접하는 다각형"
"260711_원의 성질(9).pdf","c25555a0a74411f217169cf48b0f27b10b6359370801237ec499ff272693eb47","116","31","77","원에 내접하는 다각형"
"260711_원의 성질(9).pdf","c25555a0a74411f217169cf48b0f27b10b6359370801237ec499ff272693eb47","117","31","78","원에 내접하는 다각형"
"260711_원의 성질(9).pdf","c25555a0a74411f217169cf48b0f27b10b6359370801237ec499ff272693eb47","118","31","70","원에 내접하는 다각형"
"260711_원의 성질(9).pdf","c25555a0a74411f217169cf48b0f27b10b6359370801237ec499ff272693eb47","119","32","83","원에 내접하는 다각형"
"260711_원의 성질(9).pdf","c25555a0a74411f217169cf48b0f27b10b6359370801237ec499ff272693eb47","120","32","77","원에 내접하는 다각형"
"260711_원의 성질(9).pdf","c25555a0a74411f217169cf48b0f27b10b6359370801237ec499ff272693eb47","121","32","84","두 원에서 내접하는 사각형의 성질의 활용"
"260711_원의 성질(9).pdf","c25555a0a74411f217169cf48b0f27b10b6359370801237ec499ff272693eb47","122","32","76","두 원에서 내접하는 사각형의 성질의 활용"
"260711_원의 성질(9).pdf","c25555a0a74411f217169cf48b0f27b10b6359370801237ec499ff272693eb47","123","33","79","두 원에서 내접하는 사각형의 성질의 활용"
"260711_원의 성질(9).pdf","c25555a0a74411f217169cf48b0f27b10b6359370801237ec499ff272693eb47","124","33","82","두 원에서 내접하는 사각형의 성질의 활용"
"260711_원의 성질(9).pdf","c25555a0a74411f217169cf48b0f27b10b6359370801237ec499ff272693eb47","125","33","86","두 원에서 내접하는 사각형의 성질의 활용"
"260711_원의 성질(9).pdf","c25555a0a74411f217169cf48b0f27b10b6359370801237ec499ff272693eb47","126","33","83","두 원에서 내접하는 사각형의 성질의 활용"
"260711_원의 성질(9).pdf","c25555a0a74411f217169cf48b0f27b10b6359370801237ec499ff272693eb47","127","34","89","접선과 현이 이루는 각; 원주각"
"260711_원의 성질(9).pdf","c25555a0a74411f217169cf48b0f27b10b6359370801237ec499ff272693eb47","128","34","55","접선과 현이 이루는 각; 원주각"
"260711_원의 성질(9).pdf","c25555a0a74411f217169cf48b0f27b10b6359370801237ec499ff272693eb47","129","34","50","접선과 현이 이루는 각; 원주각"
"260711_원의 성질(9).pdf","c25555a0a74411f217169cf48b0f27b10b6359370801237ec499ff272693eb47","130","34","86","접선과 현이 이루는 각; 원주각"
"260711_원의 성질(9).pdf","c25555a0a74411f217169cf48b0f27b10b6359370801237ec499ff272693eb47","131","35","91","접선과 현이 이루는 각; 원주각"
"260711_원의 성질(9).pdf","c25555a0a74411f217169cf48b0f27b10b6359370801237ec499ff272693eb47","132","35","75","접선과 현이 이루는 각; 원주각"
"260711_원의 성질(9).pdf","c25555a0a74411f217169cf48b0f27b10b6359370801237ec499ff272693eb47","133","35","83","접선과 현이 이루는 각의 활용(1); 현이 중심을 지나지 않는 경우"
"260711_원의 성질(9).pdf","c25555a0a74411f217169cf48b0f27b10b6359370801237ec499ff272693eb47","134","35","82","접선과 현이 이루는 각의 활용(1); 현이 중심을 지나지 않는 경우"
"260711_원의 성질(9).pdf","c25555a0a74411f217169cf48b0f27b10b6359370801237ec499ff272693eb47","135","36","72","접선과 현이 이루는 각의 활용(1); 현이 중심을 지나지 않는 경우"
"260711_원의 성질(9).pdf","c25555a0a74411f217169cf48b0f27b10b6359370801237ec499ff272693eb47","136","36","76","접선과 현이 이루는 각의 활용(1); 현이 중심을 지나지 않는 경우"
"260711_원의 성질(9).pdf","c25555a0a74411f217169cf48b0f27b10b6359370801237ec499ff272693eb47","137","36","77","접선과 현이 이루는 각의 활용(1); 현이 중심을 지나지 않는 경우"
"260711_원의 성질(9).pdf","c25555a0a74411f217169cf48b0f27b10b6359370801237ec499ff272693eb47","138","36","86","접선과 현이 이루는 각의 활용(1); 현이 중심을 지나지 않는 경우"
"260711_원의 성질(9).pdf","c25555a0a74411f217169cf48b0f27b10b6359370801237ec499ff272693eb47","139","37","65","접선과 현이 이루는 각의 활용(2); 현이 중심을 지나는 경우"
"260711_원의 성질(9).pdf","c25555a0a74411f217169cf48b0f27b10b6359370801237ec499ff272693eb47","140","37","90","접선과 현이 이루는 각의 활용(2); 현이 중심을 지나는 경우"
"260711_원의 성질(9).pdf","c25555a0a74411f217169cf48b0f27b10b6359370801237ec499ff272693eb47","141","37","71","접선과 현이 이루는 각의 활용(2); 현이 중심을 지나는 경우"
"260711_원의 성질(9).pdf","c25555a0a74411f217169cf48b0f27b10b6359370801237ec499ff272693eb47","142","37","60","접선과 현이 이루는 각의 활용(2); 현이 중심을 지나는 경우"
"260711_원의 성질(9).pdf","c25555a0a74411f217169cf48b0f27b10b6359370801237ec499ff272693eb47","143","38","70","접선과 현이 이루는 각의 활용(2); 현이 중심을 지나는 경우"
"260711_원의 성질(9).pdf","c25555a0a74411f217169cf48b0f27b10b6359370801237ec499ff272693eb47","144","38","71","접선과 현이 이루는 각의 활용(2); 현이 중심을 지나는 경우"
"260711_원의 성질(9).pdf","c25555a0a74411f217169cf48b0f27b10b6359370801237ec499ff272693eb47","145","38","75","접선과 현이 이루는 각의 활용(3); 한 점에서 원에 그은 두 접선"
"260711_원의 성질(9).pdf","c25555a0a74411f217169cf48b0f27b10b6359370801237ec499ff272693eb47","146","38","79","접선과 현이 이루는 각의 활용(3); 한 점에서 원에 그은 두 접선"
"260711_원의 성질(9).pdf","c25555a0a74411f217169cf48b0f27b10b6359370801237ec499ff272693eb47","147","39","71","접선과 현이 이루는 각의 활용(3); 한 점에서 원에 그은 두 접선"
"260711_원의 성질(9).pdf","c25555a0a74411f217169cf48b0f27b10b6359370801237ec499ff272693eb47","148","39","85","접선과 현이 이루는 각의 활용(3); 한 점에서 원에 그은 두 접선"
"260711_원의 성질(9).pdf","c25555a0a74411f217169cf48b0f27b10b6359370801237ec499ff272693eb47","149","39","79","접선과 현이 이루는 각의 활용(3); 한 점에서 원에 그은 두 접선"
"260711_원의 성질(9).pdf","c25555a0a74411f217169cf48b0f27b10b6359370801237ec499ff272693eb47","150","39","87","접선과 현이 이루는 각의 활용(3); 한 점에서 원에 그은 두 접선"
"260711_원의 성질.pdf","d91919dc8511916226b72ee4440922d5a5670709e54725fe3e90c5890662b784","001","1","48","원의 중심과 현의 수직이등분선(1)"
"260711_원의 성질.pdf","d91919dc8511916226b72ee4440922d5a5670709e54725fe3e90c5890662b784","002","1","62","원의 중심과 현의 수직이등분선(1)"
"260711_원의 성질.pdf","d91919dc8511916226b72ee4440922d5a5670709e54725fe3e90c5890662b784","003","1","51","원의 중심과 현의 수직이등분선(1)"
"260711_원의 성질.pdf","d91919dc8511916226b72ee4440922d5a5670709e54725fe3e90c5890662b784","004","1","48","원의 중심과 현의 수직이등분선(1)"
"260711_원의 성질.pdf","d91919dc8511916226b72ee4440922d5a5670709e54725fe3e90c5890662b784","005","2","72","원의 중심과 현의 수직이등분선(2)"
"260711_원의 성질.pdf","d91919dc8511916226b72ee4440922d5a5670709e54725fe3e90c5890662b784","006","2","54","원의 중심과 현의 수직이등분선(2)"
"260711_원의 성질.pdf","d91919dc8511916226b72ee4440922d5a5670709e54725fe3e90c5890662b784","007","2","77","원의 중심과 현의 수직이등분선(2)"
"260711_원의 성질.pdf","d91919dc8511916226b72ee4440922d5a5670709e54725fe3e90c5890662b784","008","2","84","원의 중심과 현의 수직이등분선(2)"
"260711_원의 성질.pdf","d91919dc8511916226b72ee4440922d5a5670709e54725fe3e90c5890662b784","009","3","81","원의 중심과 현의 수직이등분선(3); 활꼴"
"260711_원의 성질.pdf","d91919dc8511916226b72ee4440922d5a5670709e54725fe3e90c5890662b784","010","3","75","원의 중심과 현의 수직이등분선(3); 활꼴"
"260711_원의 성질.pdf","d91919dc8511916226b72ee4440922d5a5670709e54725fe3e90c5890662b784","011","3","82","원의 중심과 현의 수직이등분선(3); 활꼴"
"260711_원의 성질.pdf","d91919dc8511916226b72ee4440922d5a5670709e54725fe3e90c5890662b784","012","3","86","원의 중심과 현의 수직이등분선(3); 활꼴"
"260711_원의 성질.pdf","d91919dc8511916226b72ee4440922d5a5670709e54725fe3e90c5890662b784","013","4","75","원의 중심과 현의 수직이등분선(4); 원을 접은 경우"
"260711_원의 성질.pdf","d91919dc8511916226b72ee4440922d5a5670709e54725fe3e90c5890662b784","014","4","83","원의 중심과 현의 수직이등분선(4); 원을 접은 경우"
"260711_원의 성질.pdf","d91919dc8511916226b72ee4440922d5a5670709e54725fe3e90c5890662b784","015","4","85","원의 중심과 현의 수직이등분선(4); 원을 접은 경우"
"260711_원의 성질.pdf","d91919dc8511916226b72ee4440922d5a5670709e54725fe3e90c5890662b784","016","4","75","현의 길이(1); 중심에서 같은 거리의 두 현"
"260711_원의 성질.pdf","d91919dc8511916226b72ee4440922d5a5670709e54725fe3e90c5890662b784","017","5","91","현의 길이(1); 중심에서 같은 거리의 두 현"
"260711_원의 성질.pdf","d91919dc8511916226b72ee4440922d5a5670709e54725fe3e90c5890662b784","018","5","88","현의 길이(2); 내접하는 이등변삼각형"
"260711_원의 성질.pdf","d91919dc8511916226b72ee4440922d5a5670709e54725fe3e90c5890662b784","019","5","88","현의 길이(2); 내접하는 이등변삼각형"
"260711_원의 성질.pdf","d91919dc8511916226b72ee4440922d5a5670709e54725fe3e90c5890662b784","020","5","79","현의 길이(2); 내접하는 이등변삼각형"
"260711_원의 성질.pdf","d91919dc8511916226b72ee4440922d5a5670709e54725fe3e90c5890662b784","021","6","85","원의 접선과 반지름"
"260711_원의 성질.pdf","d91919dc8511916226b72ee4440922d5a5670709e54725fe3e90c5890662b784","022","6","54","원의 접선과 반지름"
"260711_원의 성질.pdf","d91919dc8511916226b72ee4440922d5a5670709e54725fe3e90c5890662b784","023","6","80","원의 접선과 반지름"
"260711_원의 성질.pdf","d91919dc8511916226b72ee4440922d5a5670709e54725fe3e90c5890662b784","024","6","71","원의 접선의 성질(1)"
"260711_원의 성질.pdf","d91919dc8511916226b72ee4440922d5a5670709e54725fe3e90c5890662b784","025","7","75","원의 접선의 성질(1)"
"260711_원의 성질.pdf","d91919dc8511916226b72ee4440922d5a5670709e54725fe3e90c5890662b784","026","7","90","원의 접선의 성질(1)"
"260711_원의 성질.pdf","d91919dc8511916226b72ee4440922d5a5670709e54725fe3e90c5890662b784","027","7","83","원의 접선의 성질(1)"
"260711_원의 성질.pdf","d91919dc8511916226b72ee4440922d5a5670709e54725fe3e90c5890662b784","028","7","87","원의 접선의 성질(2); 길이"
"260711_원의 성질.pdf","d91919dc8511916226b72ee4440922d5a5670709e54725fe3e90c5890662b784","029","8","87","원의 접선의 성질(2); 길이"
"260711_원의 성질.pdf","d91919dc8511916226b72ee4440922d5a5670709e54725fe3e90c5890662b784","030","8","90","원의 접선의 성질(2); 길이"
"260711_원의 성질.pdf","d91919dc8511916226b72ee4440922d5a5670709e54725fe3e90c5890662b784","031","8","84","원의 접선의 성질(2); 길이"
"260711_원의 성질.pdf","d91919dc8511916226b72ee4440922d5a5670709e54725fe3e90c5890662b784","032","8","90","원의 접선의 성질(3); 넓이"
"260711_원의 성질.pdf","d91919dc8511916226b72ee4440922d5a5670709e54725fe3e90c5890662b784","033","9","83","원의 접선의 성질(3); 넓이"
"260711_원의 성질.pdf","d91919dc8511916226b72ee4440922d5a5670709e54725fe3e90c5890662b784","034","9","85","원의 접선의 성질(3); 넓이"
"260711_원의 성질.pdf","d91919dc8511916226b72ee4440922d5a5670709e54725fe3e90c5890662b784","035","9","73","원의 접선의 성질(3); 넓이"
"260711_원의 성질.pdf","d91919dc8511916226b72ee4440922d5a5670709e54725fe3e90c5890662b784","036","9","64","원의 접선의 성질의 활용"
"260711_원의 성질.pdf","d91919dc8511916226b72ee4440922d5a5670709e54725fe3e90c5890662b784","037","10","57","원의 접선의 성질의 활용"
"260711_원의 성질.pdf","d91919dc8511916226b72ee4440922d5a5670709e54725fe3e90c5890662b784","038","10","74","반원에서의 접선"
"260711_원의 성질.pdf","d91919dc8511916226b72ee4440922d5a5670709e54725fe3e90c5890662b784","039","10","79","반원에서의 접선"
"260711_원의 성질.pdf","d91919dc8511916226b72ee4440922d5a5670709e54725fe3e90c5890662b784","040","10","70","반원에서의 접선"
"260711_원의 성질.pdf","d91919dc8511916226b72ee4440922d5a5670709e54725fe3e90c5890662b784","041","11","74","원의 접선과 반지름; 동심원"
"260711_원의 성질.pdf","d91919dc8511916226b72ee4440922d5a5670709e54725fe3e90c5890662b784","042","11","85","원의 접선과 반지름; 동심원"
"260711_원의 성질.pdf","d91919dc8511916226b72ee4440922d5a5670709e54725fe3e90c5890662b784","043","11","59","원의 접선과 반지름; 동심원"
"260711_원의 성질.pdf","d91919dc8511916226b72ee4440922d5a5670709e54725fe3e90c5890662b784","044","11","81","삼각형의 내접원"
"260711_원의 성질.pdf","d91919dc8511916226b72ee4440922d5a5670709e54725fe3e90c5890662b784","045","12","75","삼각형의 내접원"
"260711_원의 성질.pdf","d91919dc8511916226b72ee4440922d5a5670709e54725fe3e90c5890662b784","046","12","83","삼각형의 내접원"
"260711_원의 성질.pdf","d91919dc8511916226b72ee4440922d5a5670709e54725fe3e90c5890662b784","047","12","66","직각삼각형의 내접원"
"260711_원의 성질.pdf","d91919dc8511916226b72ee4440922d5a5670709e54725fe3e90c5890662b784","048","12","74","직각삼각형의 내접원"
"260711_원의 성질.pdf","d91919dc8511916226b72ee4440922d5a5670709e54725fe3e90c5890662b784","049","13","84","직각삼각형의 내접원"
"260711_원의 성질.pdf","d91919dc8511916226b72ee4440922d5a5670709e54725fe3e90c5890662b784","050","13","78","원에 외접하는 사각형의 성질(1)"
"260711_원의 성질.pdf","d91919dc8511916226b72ee4440922d5a5670709e54725fe3e90c5890662b784","051","13","90","원에 외접하는 사각형의 성질(1)"
"260711_원의 성질.pdf","d91919dc8511916226b72ee4440922d5a5670709e54725fe3e90c5890662b784","052","13","87","원에 외접하는 사각형의 성질(1)"
"260711_원의 성질.pdf","d91919dc8511916226b72ee4440922d5a5670709e54725fe3e90c5890662b784","053","14","88","원에 외접하는 사각형의 성질(1)"
"260711_원의 성질.pdf","d91919dc8511916226b72ee4440922d5a5670709e54725fe3e90c5890662b784","054","14","65","원에 외접하는 사각형의 성질(2); 한 내각이 90˚인 경우"
"260711_원의 성질.pdf","d91919dc8511916226b72ee4440922d5a5670709e54725fe3e90c5890662b784","055","14","75","원에 외접하는 사각형의 성질(2); 한 내각이 90˚인 경우"
"260711_원의 성질.pdf","d91919dc8511916226b72ee4440922d5a5670709e54725fe3e90c5890662b784","056","14","69","원에 외접하는 사각형의 성질(2); 한 내각이 90˚인 경우"
"260711_원의 성질.pdf","d91919dc8511916226b72ee4440922d5a5670709e54725fe3e90c5890662b784","057","15","57","원에 외접하는 사각형의 성질(2); 한 내각이 90˚인 경우"
"260711_원의 성질.pdf","d91919dc8511916226b72ee4440922d5a5670709e54725fe3e90c5890662b784","058","15","67","원에 외접하는 사각형의 성질의 활용(1); 직사각형"
"260711_원의 성질.pdf","d91919dc8511916226b72ee4440922d5a5670709e54725fe3e90c5890662b784","059","15","44","원에 외접하는 사각형의 성질의 활용(1); 직사각형"
"260711_원의 성질.pdf","d91919dc8511916226b72ee4440922d5a5670709e54725fe3e90c5890662b784","060","15","58","원에 외접하는 사각형의 성질의 활용(1); 직사각형"
"260711_원의 성질.pdf","d91919dc8511916226b72ee4440922d5a5670709e54725fe3e90c5890662b784","061","16","55","원에 외접하는 사각형의 성질의 활용(2); 그 외"
"260711_원의 성질.pdf","d91919dc8511916226b72ee4440922d5a5670709e54725fe3e90c5890662b784","062","16","63","원에 외접하는 사각형의 성질의 활용(2); 그 외"
"260711_원의 성질.pdf","d91919dc8511916226b72ee4440922d5a5670709e54725fe3e90c5890662b784","063","16","75","원에 외접하는 사각형의 성질의 활용(2); 그 외"
"260711_원의 성질.pdf","d91919dc8511916226b72ee4440922d5a5670709e54725fe3e90c5890662b784","064","16","82","원주각과 중심각의 크기(1)"
"260711_원의 성질.pdf","d91919dc8511916226b72ee4440922d5a5670709e54725fe3e90c5890662b784","065","17","84","원주각과 중심각의 크기(1)"
"260711_원의 성질.pdf","d91919dc8511916226b72ee4440922d5a5670709e54725fe3e90c5890662b784","066","17","69","원주각과 중심각의 크기(1)"
"260711_원의 성질.pdf","d91919dc8511916226b72ee4440922d5a5670709e54725fe3e90c5890662b784","067","17","92","원주각과 중심각의 크기(2)"
"260711_원의 성질.pdf","d91919dc8511916226b72ee4440922d5a5670709e54725fe3e90c5890662b784","068","17","82","원주각과 중심각의 크기(2)"
"260711_원의 성질.pdf","d91919dc8511916226b72ee4440922d5a5670709e54725fe3e90c5890662b784","069","18","82","원주각과 중심각의 크기(2)"
"260711_원의 성질.pdf","d91919dc8511916226b72ee4440922d5a5670709e54725fe3e90c5890662b784","070","18","64","원주각과 중심각의 크기(2)"
"260711_원의 성질.pdf","d91919dc8511916226b72ee4440922d5a5670709e54725fe3e90c5890662b784","071","18","74","원주각과 중심각의 크기(3)"
"260711_원의 성질.pdf","d91919dc8511916226b72ee4440922d5a5670709e54725fe3e90c5890662b784","072","18","88","원주각과 중심각의 크기(3)"
"260711_원의 성질.pdf","d91919dc8511916226b72ee4440922d5a5670709e54725fe3e90c5890662b784","073","19","68","원주각과 중심각의 크기(3)"
"260711_원의 성질.pdf","d91919dc8511916226b72ee4440922d5a5670709e54725fe3e90c5890662b784","074","19","72","원주각과 중심각의 크기(3)"
"260711_원의 성질.pdf","d91919dc8511916226b72ee4440922d5a5670709e54725fe3e90c5890662b784","075","19","83","원주각의 성질(1); 한 호"
"260711_원의 성질.pdf","d91919dc8511916226b72ee4440922d5a5670709e54725fe3e90c5890662b784","076","19","66","원주각의 성질(1); 한 호"
"260711_원의 성질.pdf","d91919dc8511916226b72ee4440922d5a5670709e54725fe3e90c5890662b784","077","20","80","원주각의 성질(2); 반원"
"260711_원의 성질.pdf","d91919dc8511916226b72ee4440922d5a5670709e54725fe3e90c5890662b784","078","20","81","원주각의 성질(2); 반원"
"260711_원의 성질.pdf","d91919dc8511916226b72ee4440922d5a5670709e54725fe3e90c5890662b784","079","20","79","원주각의 성질(2); 반원"
"260711_원의 성질.pdf","d91919dc8511916226b72ee4440922d5a5670709e54725fe3e90c5890662b784","080","20","67","원주각과 삼각비의 값(1)"
"260711_원의 성질.pdf","d91919dc8511916226b72ee4440922d5a5670709e54725fe3e90c5890662b784","081","21","77","원주각과 삼각비의 값(1)"
"260711_원의 성질.pdf","d91919dc8511916226b72ee4440922d5a5670709e54725fe3e90c5890662b784","082","21","76","원주각과 삼각비의 값(1)"
"260711_원의 성질.pdf","d91919dc8511916226b72ee4440922d5a5670709e54725fe3e90c5890662b784","083","21","85","원주각과 삼각비의 값(2); 선분의 길이, 넓이"
"260711_원의 성질.pdf","d91919dc8511916226b72ee4440922d5a5670709e54725fe3e90c5890662b784","084","21","82","원주각과 삼각비의 값(2); 선분의 길이, 넓이"
"260711_원의 성질.pdf","d91919dc8511916226b72ee4440922d5a5670709e54725fe3e90c5890662b784","085","22","86","원주각과 삼각비의 값(2); 선분의 길이, 넓이"
"260711_원의 성질.pdf","d91919dc8511916226b72ee4440922d5a5670709e54725fe3e90c5890662b784","086","22","64","원주각과 삼각비의 값(2); 선분의 길이, 넓이"
"260711_원의 성질.pdf","d91919dc8511916226b72ee4440922d5a5670709e54725fe3e90c5890662b784","087","22","50","원주각의 크기와 호의 길이(1)"
"260711_원의 성질.pdf","d91919dc8511916226b72ee4440922d5a5670709e54725fe3e90c5890662b784","088","22","75","원주각의 크기와 호의 길이(1)"
"260711_원의 성질.pdf","d91919dc8511916226b72ee4440922d5a5670709e54725fe3e90c5890662b784","089","23","57","원주각의 크기와 호의 길이(1)"
"260711_원의 성질.pdf","d91919dc8511916226b72ee4440922d5a5670709e54725fe3e90c5890662b784","090","23","89","원주각의 크기와 호의 길이(2)"
"260711_원의 성질.pdf","d91919dc8511916226b72ee4440922d5a5670709e54725fe3e90c5890662b784","091","23","72","원주각의 크기와 호의 길이(2)"
"260711_원의 성질.pdf","d91919dc8511916226b72ee4440922d5a5670709e54725fe3e90c5890662b784","092","23","73","원주각의 크기와 호의 길이(2)"
"260711_원의 성질.pdf","d91919dc8511916226b72ee4440922d5a5670709e54725fe3e90c5890662b784","093","24","80","원주각의 크기와 호의 길이(2)"
"260711_원의 성질.pdf","d91919dc8511916226b72ee4440922d5a5670709e54725fe3e90c5890662b784","094","24","77","원주각의 크기와 호의 길이(3)"
"260711_원의 성질.pdf","d91919dc8511916226b72ee4440922d5a5670709e54725fe3e90c5890662b784","095","24","74","원주각의 크기와 호의 길이(3)"
"260711_원의 성질.pdf","d91919dc8511916226b72ee4440922d5a5670709e54725fe3e90c5890662b784","096","24","69","원주각의 크기와 호의 길이(3)"
"260711_원의 성질.pdf","d91919dc8511916226b72ee4440922d5a5670709e54725fe3e90c5890662b784","097","25","79","네 점이 한 원에 있기 위한 조건"
"260711_원의 성질.pdf","d91919dc8511916226b72ee4440922d5a5670709e54725fe3e90c5890662b784","098","25","81","네 점이 한 원에 있기 위한 조건"
"260711_원의 성질.pdf","d91919dc8511916226b72ee4440922d5a5670709e54725fe3e90c5890662b784","099","25","81","네 점이 한 원에 있기 위한 조건"
"260711_원의 성질.pdf","d91919dc8511916226b72ee4440922d5a5670709e54725fe3e90c5890662b784","100","25","76","네 점이 한 원에 있기 위한 조건"
"260711_원의 성질.pdf","d91919dc8511916226b72ee4440922d5a5670709e54725fe3e90c5890662b784","101","26","90","원에 내접하는 사각형의 성질(1)"
"260711_원의 성질.pdf","d91919dc8511916226b72ee4440922d5a5670709e54725fe3e90c5890662b784","102","26","88","원에 내접하는 사각형의 성질(1)"
"260711_원의 성질.pdf","d91919dc8511916226b72ee4440922d5a5670709e54725fe3e90c5890662b784","103","26","81","원에 내접하는 사각형의 성질(1)"
"260711_원의 성질.pdf","d91919dc8511916226b72ee4440922d5a5670709e54725fe3e90c5890662b784","104","26","82","원에 내접하는 사각형의 성질(1)"
"260711_원의 성질.pdf","d91919dc8511916226b72ee4440922d5a5670709e54725fe3e90c5890662b784","105","27","55","원에 내접하는 사각형의 성질(2)"
"260711_원의 성질.pdf","d91919dc8511916226b72ee4440922d5a5670709e54725fe3e90c5890662b784","106","27","67","원에 내접하는 사각형의 성질(2)"
"260711_원의 성질.pdf","d91919dc8511916226b72ee4440922d5a5670709e54725fe3e90c5890662b784","107","27","90","원에 내접하는 사각형의 성질(2)"
"260711_원의 성질.pdf","d91919dc8511916226b72ee4440922d5a5670709e54725fe3e90c5890662b784","108","27","75","원에 내접하는 사각형의 성질(2)"
"260711_원의 성질.pdf","d91919dc8511916226b72ee4440922d5a5670709e54725fe3e90c5890662b784","109","28","81","원에 내접하는 사각형과 외각의 성질"
"260711_원의 성질.pdf","d91919dc8511916226b72ee4440922d5a5670709e54725fe3e90c5890662b784","110","28","73","원에 내접하는 사각형과 외각의 성질"
"260711_원의 성질.pdf","d91919dc8511916226b72ee4440922d5a5670709e54725fe3e90c5890662b784","111","28","81","원에 내접하는 사각형과 외각의 성질"
"260711_원의 성질.pdf","d91919dc8511916226b72ee4440922d5a5670709e54725fe3e90c5890662b784","112","28","71","원에 내접하는 사각형과 외각의 성질"
"260711_원의 성질.pdf","d91919dc8511916226b72ee4440922d5a5670709e54725fe3e90c5890662b784","113","29","72","원에 내접하는 다각형"
"260711_원의 성질.pdf","d91919dc8511916226b72ee4440922d5a5670709e54725fe3e90c5890662b784","114","29","78","원에 내접하는 다각형"
"260711_원의 성질.pdf","d91919dc8511916226b72ee4440922d5a5670709e54725fe3e90c5890662b784","115","29","75","원에 내접하는 다각형"
"260711_원의 성질.pdf","d91919dc8511916226b72ee4440922d5a5670709e54725fe3e90c5890662b784","116","29","87","두 원에서 내접하는 사각형의 성질의 활용"
"260711_원의 성질.pdf","d91919dc8511916226b72ee4440922d5a5670709e54725fe3e90c5890662b784","117","30","88","두 원에서 내접하는 사각형의 성질의 활용"
"260711_원의 성질.pdf","d91919dc8511916226b72ee4440922d5a5670709e54725fe3e90c5890662b784","118","30","84","두 원에서 내접하는 사각형의 성질의 활용"
"260711_원의 성질.pdf","d91919dc8511916226b72ee4440922d5a5670709e54725fe3e90c5890662b784","119","30","78","두 원에서 내접하는 사각형의 성질의 활용"
"260711_원의 성질.pdf","d91919dc8511916226b72ee4440922d5a5670709e54725fe3e90c5890662b784","120","30","78","원에 내접하는 사각형"
"260711_원의 성질.pdf","d91919dc8511916226b72ee4440922d5a5670709e54725fe3e90c5890662b784","121","31","79","원에 내접하는 사각형"
"260711_원의 성질.pdf","d91919dc8511916226b72ee4440922d5a5670709e54725fe3e90c5890662b784","122","31","65","원에 내접하는 사각형"
"260711_원의 성질.pdf","d91919dc8511916226b72ee4440922d5a5670709e54725fe3e90c5890662b784","123","31","86","사각형이 원에 내접하기 위한 조건"
"260711_원의 성질.pdf","d91919dc8511916226b72ee4440922d5a5670709e54725fe3e90c5890662b784","124","31","58","사각형이 원에 내접하기 위한 조건"
"260711_원의 성질.pdf","d91919dc8511916226b72ee4440922d5a5670709e54725fe3e90c5890662b784","125","32","78","접선과 현이 이루는 각; 원주각"
"260711_원의 성질.pdf","d91919dc8511916226b72ee4440922d5a5670709e54725fe3e90c5890662b784","126","32","78","접선과 현이 이루는 각; 원주각"
"260711_원의 성질.pdf","d91919dc8511916226b72ee4440922d5a5670709e54725fe3e90c5890662b784","127","32","51","접선과 현이 이루는 각; 원주각"
"260711_원의 성질.pdf","d91919dc8511916226b72ee4440922d5a5670709e54725fe3e90c5890662b784","128","32","50","접선과 현이 이루는 각; 원주각"
"260711_원의 성질.pdf","d91919dc8511916226b72ee4440922d5a5670709e54725fe3e90c5890662b784","129","33","82","접선과 현이 이루는 각; 중심각"
"260711_원의 성질.pdf","d91919dc8511916226b72ee4440922d5a5670709e54725fe3e90c5890662b784","130","33","94","접선과 현이 이루는 각; 중심각"
"260711_원의 성질.pdf","d91919dc8511916226b72ee4440922d5a5670709e54725fe3e90c5890662b784","131","33","83","접선과 현이 이루는 각; 중심각"
"260711_원의 성질.pdf","d91919dc8511916226b72ee4440922d5a5670709e54725fe3e90c5890662b784","132","33","71","접선과 현이 이루는 각; 중심각"
"260711_원의 성질.pdf","d91919dc8511916226b72ee4440922d5a5670709e54725fe3e90c5890662b784","133","34","73","접선과 현이 이루는 각의 활용(1); 현이 중심을 지나지 않는 경우"
"260711_원의 성질.pdf","d91919dc8511916226b72ee4440922d5a5670709e54725fe3e90c5890662b784","134","34","72","접선과 현이 이루는 각의 활용(1); 현이 중심을 지나지 않는 경우"
"260711_원의 성질.pdf","d91919dc8511916226b72ee4440922d5a5670709e54725fe3e90c5890662b784","135","34","62","접선과 현이 이루는 각의 활용(1); 현이 중심을 지나지 않는 경우"
"260711_원의 성질.pdf","d91919dc8511916226b72ee4440922d5a5670709e54725fe3e90c5890662b784","136","34","74","접선과 현이 이루는 각의 활용(1); 현이 중심을 지나지 않는 경우"
"260711_원의 성질.pdf","d91919dc8511916226b72ee4440922d5a5670709e54725fe3e90c5890662b784","137","35","63","접선과 현이 이루는 각의 활용(2); 현이 중심을 지나는 경우"
"260711_원의 성질.pdf","d91919dc8511916226b72ee4440922d5a5670709e54725fe3e90c5890662b784","138","35","84","접선과 현이 이루는 각의 활용(2); 현이 중심을 지나는 경우"
"260711_원의 성질.pdf","d91919dc8511916226b72ee4440922d5a5670709e54725fe3e90c5890662b784","139","35","80","접선과 현이 이루는 각의 활용(2); 현이 중심을 지나는 경우"
"260711_원의 성질.pdf","d91919dc8511916226b72ee4440922d5a5670709e54725fe3e90c5890662b784","140","35","70","접선과 현이 이루는 각의 활용(2); 현이 중심을 지나는 경우"
"260711_원의 성질.pdf","d91919dc8511916226b72ee4440922d5a5670709e54725fe3e90c5890662b784","141","36","80","접선과 현이 이루는 각의 활용(3); 한 점에서 원에 그은 두 접선"
"260711_원의 성질.pdf","d91919dc8511916226b72ee4440922d5a5670709e54725fe3e90c5890662b784","142","36","79","접선과 현이 이루는 각의 활용(3); 한 점에서 원에 그은 두 접선"
"260711_원의 성질.pdf","d91919dc8511916226b72ee4440922d5a5670709e54725fe3e90c5890662b784","143","36","74","접선과 현이 이루는 각의 활용(3); 한 점에서 원에 그은 두 접선"
"260711_원의 성질.pdf","d91919dc8511916226b72ee4440922d5a5670709e54725fe3e90c5890662b784","144","36","67","접선과 현이 이루는 각의 활용(3); 한 점에서 원에 그은 두 접선"
"260711_원의 성질.pdf","d91919dc8511916226b72ee4440922d5a5670709e54725fe3e90c5890662b784","145","37","79","두 원에서 접선과 현이 이루는 각(1)"
"260711_원의 성질.pdf","d91919dc8511916226b72ee4440922d5a5670709e54725fe3e90c5890662b784","146","37","61","두 원에서 접선과 현이 이루는 각(1)"
"260711_원의 성질.pdf","d91919dc8511916226b72ee4440922d5a5670709e54725fe3e90c5890662b784","147","37","85","두 원에서 접선과 현이 이루는 각(1)"
"260711_원의 성질.pdf","d91919dc8511916226b72ee4440922d5a5670709e54725fe3e90c5890662b784","148","37","71","두 원에서 접선과 현이 이루는 각(1)"
"260711_원의 성질.pdf","d91919dc8511916226b72ee4440922d5a5670709e54725fe3e90c5890662b784","149","38","77","두 원에서 접선과 현이 이루는 각(2); 한 원이 다른 원의 내부에 있는 경우"
"260711_원의 성질.pdf","d91919dc8511916226b72ee4440922d5a5670709e54725fe3e90c5890662b784","150","38","67","두 원에서 접선과 현이 이루는 각(2); 한 원이 다른 원의 내부에 있는 경우"
