"group","left_type","right_type","slot_left","slot_right","pos_left","pos_right","error_code_jaccard","command_jaccard","nature_jaccard"
"SAME_BASE_OTHER_CELL","M2_SIMPY_PT100","M2_SIMPY_PT101","34","34","0","1","0.6667","0.0588","0.0938"
"DIFFERENT_BASE","M2_SIMPY_PT100","M2_SIMPY_PT104","34","35","0","1","0","0.1486","0.1324"
"DIFFERENT_BASE","M2_SIMPY_PT100","M2_SIMPY_PT105","34","35","0","2","0","0.0964","0.08"
"DIFFERENT_BASE","M2_SIMPY_PT100","M2_SIMPY_PT110","34","37","0","1","0","0.0698","0.1429"
"DIFFERENT_BASE","M2_SIMPY_PT100","M2_SIMPY_PT111","34","37","0","2","0","0.1034","0.0952"
"DIFFERENT_BASE","M2_SIMPY_PT100","M2_SIMPY_PT004","34","2","0","0","0","0.0581","0.0746"
"DIFFERENT_BASE","M2_SIMPY_PT100","M2_SIMPY_PT005","34","2","0","1","0","0.0455","0.0615"
"DIFFERENT_BASE","M2_SIMPY_PT100","M2_SIMPY_PT011","34","4","0","1","0","0.0333","0.0548"
"DIFFERENT_BASE","M2_SIMPY_PT100","M2_SIMPY_PT013","34","5","0","0","0","0.0312","0.0938"
"DIFFERENT_BASE","M2_SIMPY_PT100","M2_SIMPY_PT015","34","5","0","2","0","0.046","0.0286"
"DIFFERENT_BASE","M2_SIMPY_PT100","M2_SIMPY_PT019","34","7","0","0","0","0.0732","0.0448"
"DIFFERENT_BASE","M2_SIMPY_PT100","M2_SIMPY_PT021","34","7","0","2","0","0.044","0.0882"
"DIFFERENT_BASE","M2_SIMPY_PT100","M2_SIMPY_PT022","34","8","0","0","0","0.0886","0.0395"
"DIFFERENT_BASE","M2_SIMPY_PT100","M2_SIMPY_PT023","34","8","0","1","0","0.0476","0.0513"
"DIFFERENT_BASE","M2_SIMPY_PT100","M2_SIMPY_PT026","34","9","0","1","0","0.0435","0.125"
"DIFFERENT_BASE","M2_SIMPY_PT100","M2_SIMPY_PT028","34","10","0","0","0","0.0241","0.1"
"DIFFERENT_BASE","M2_SIMPY_PT100","M2_SIMPY_PT029","34","10","0","1","0","0.0602","0.0725"
"DIFFERENT_BASE","M2_SIMPY_PT100","M2_SIMPY_PT031","34","11","0","0","0","0.0345","0.2063"
"DIFFERENT_BASE","M2_SIMPY_PT100","M2_SIMPY_PT033","34","11","0","2","0","0.0353","0.0541"
"DIFFERENT_BASE","M2_SIMPY_PT100","M2_SIMPY_PT035","34","12","0","1","0","0.0941","0.1212"
"DIFFERENT_BASE","M2_SIMPY_PT100","M2_SIMPY_PT036","34","12","0","2","0","0.0588","0.0548"
"DIFFERENT_BASE","M2_SIMPY_PT100","M2_SIMPY_PT038","34","13","0","1","0","0.0119","0.0986"
"DIFFERENT_BASE","M2_SIMPY_PT100","M2_SIMPY_PT040","34","14","0","0","0","0.0633","0.1774"
"DIFFERENT_BASE","M2_SIMPY_PT100","M2_SIMPY_PT042","34","14","0","2","0","0.0482","0.0694"
"DIFFERENT_BASE","M2_SIMPY_PT100","M2_SIMPY_PT044","34","15","0","1","0","0.0227","0.0882"
"DIFFERENT_BASE","M2_SIMPY_PT100","M2_SIMPY_PT047","34","16","0","1","0","0.0118","0.1029"
"DIFFERENT_BASE","M2_SIMPY_PT100","M2_SIMPY_PT049","34","17","0","0","0","0.0482","0.0635"
"DIFFERENT_BASE","M2_SIMPY_PT100","M2_SIMPY_PT051","34","17","0","2","0","0.0588","0.0278"
"DIFFERENT_BASE","M2_SIMPY_PT100","M2_SIMPY_PT065","34","22","0","1","0","0.0449","0.0758"
"DIFFERENT_BASE","M2_SIMPY_PT100","M2_SIMPY_PT067","34","23","0","0","0","0.037","0.1364"
"DIFFERENT_BASE","M2_SIMPY_PT100","M2_SIMPY_PT053","34","18","0","1","0","0.0778","0.1385"
"DIFFERENT_BASE","M2_SIMPY_PT100","M2_SIMPY_PT054","34","18","0","2","0","0.0353","0.0658"
"DIFFERENT_BASE","M2_SIMPY_PT100","M2_SIMPY_PT056","34","19","0","1","0","0.0513","0.1552"
"DIFFERENT_BASE","M2_SIMPY_PT100","M2_SIMPY_PT057","34","19","0","2","0","0.046","0.0896"
"DIFFERENT_BASE","M2_SIMPY_PT100","M2_SIMPY_PT058","34","20","0","0","0","0.0244","0.1719"
"DIFFERENT_BASE","M2_SIMPY_PT100","M2_SIMPY_PT059","34","20","0","1","0","0.0494","0.0938"
"DIFFERENT_BASE","M2_SIMPY_PT100","M2_SIMPY_PT061","34","21","0","0","0","0.0886","0.2264"
"DIFFERENT_BASE","M2_SIMPY_PT100","M2_SIMPY_PT070","34","24","0","0","0","0.0353","0.1212"
"DIFFERENT_BASE","M2_SIMPY_PT100","M2_SIMPY_PT074","34","25","0","1","0","0.0568","0.0704"
"DIFFERENT_BASE","M2_SIMPY_PT100","M2_SIMPY_PT077","34","26","0","1","0","0.0706","0.0571"
"DIFFERENT_BASE","M2_SIMPY_PT100","M2_SIMPY_PT080","34","27","0","1","0","0.0581","0.0714"
"DIFFERENT_BASE","M2_SIMPY_PT100","M2_SIMPY_PT083","34","28","0","1","0.2","0.0595","0.0972"
"DIFFERENT_BASE","M2_SIMPY_PT100","M2_SIMPY_PT086","34","29","0","1","0","0.0345","0.0923"
"DIFFERENT_BASE","M2_SIMPY_PT100","M2_SIMPY_PT089","34","30","0","1","0","0.0361","0.0984"
"DIFFERENT_BASE","M2_SIMPY_PT100","M2_SIMPY_PT090","34","30","0","2","0","0.0633","0.0519"
"DIFFERENT_BASE","M2_SIMPY_PT100","M2_SIMPY_PT096","34","32","0","2","0.2","0.0526","0.058"
"DIFFERENT_BASE","M2_SIMPY_PT100","M2_SIMPY_PT098","34","33","0","1","0","0.0449","0.087"
"DIFFERENT_BASE","M2_SIMPY_PT100","M2_SIMPY_PT112","34","38","0","0","0","0.0976","0.1324"
"DIFFERENT_BASE","M2_SIMPY_PT100","M2_SIMPY_PT113","34","38","0","1","0","0.0909","0.1094"
"DIFFERENT_BASE","M2_SIMPY_PT100","M2_SIMPY_PT115","34","39","0","0","0","0.0789","0.1429"
"DIFFERENT_BASE","M2_SIMPY_PT100","M2_SIMPY_PT116","34","39","0","1","0","0.0759","0.1549"
"DIFFERENT_BASE","M2_SIMPY_PT100","M2_SIMPY_PT120","34","40","0","2","0","0.1039","0.2581"
"DIFFERENT_BASE","M2_SIMPY_PT100","M2_SIMPY_PT121","34","41","0","0","0","0.1013","0.2456"
"DIFFERENT_BASE","M2_SIMPY_PT100","M2_SIMPY_PT122","34","41","0","1","0","0.0811","0.1333"
"DIFFERENT_BASE","M2_SIMPY_PT100","M2_SIMPY_PT125","34","42","0","1","0","0.0366","0.1967"
"DIFFERENT_BASE","M2_SIMPY_PT100","M2_SIMPY_PT126","34","42","0","2","0","0.1375","0.0735"
"DIFFERENT_BASE","M2_SIMPY_PT100","M2_SIMPY_PT127","34","43","0","0","0.2","0.0779","0.2264"
"DIFFERENT_BASE","M2_SIMPY_PT100","M2_SIMPY_PT128","34","43","0","1","0.2","0.0581","0.1212"
"DIFFERENT_BASE","M2_SIMPY_PT100","M2_SIMPY_PT131","34","44","0","1","0.2","0.05","0.0714"
"DIFFERENT_BASE","M2_SIMPY_PT100","M2_SIMPY_PT133","34","45","0","0","0","0.0513","0.0959"
"DIFFERENT_BASE","M2_SIMPY_PT100","M2_SIMPY_PT135","34","45","0","2","0","0.0575","0.038"
"DIFFERENT_BASE","M2_SIMPY_PT100","M2_SIMPY_PT140","34","47","0","1","0","0.0361","0.1045"
"DIFFERENT_BASE","M2_SIMPY_PT100","M2_SIMPY_PT143","34","48","0","1","0","0.0247","0.0448"
"DIFFERENT_BASE","M2_SIMPY_PT100","M2_SIMPY_PT144","34","48","0","2","0","0.0256","0.0299"
"DIFFERENT_BASE","M2_SIMPY_PT100","M2_SIMPY_PT146","34","49","0","1","0","0.0581","0.0385"
"DIFFERENT_BASE","M2_SIMPY_PT100","M2_SIMPY_PT148","34","50","0","0","0","0.0649","0.0986"
"DIFFERENT_BASE","M2_SIMPY_PT100","M2_SIMPY_PT149","34","50","0","1","0","0.0238","0.0395"
"DIFFERENT_BASE","M2_SIMPY_PT100","M2_SIMPY_PT151","34","51","0","0","0","0.0244","0.1562"
"DIFFERENT_BASE","M2_SIMPY_PT100","M2_SIMPY_PT152","34","51","0","1","0","0.0222","0.0833"
"DIFFERENT_BASE","M2_SIMPY_PT100","M2_SIMPY_PT153","34","51","0","2","0","0.0581","0.0417"
"DIFFERENT_BASE","M2_SIMPY_PT100","M2_SIMPY_PT155","34","52","0","1","0","0.0455","0.0986"
"DIFFERENT_BASE","M2_SIMPY_PT100","M2_SIMPY_PT156","34","52","0","2","0","0.0361","0.0676"
"DIFFERENT_BASE","M2_SIMPY_PT100","M2_SIMPY_PT157","34","53","0","0","0","0.0494","0.1429"
"DIFFERENT_BASE","M2_SIMPY_PT100","M2_SIMPY_PT158","34","53","0","1","0","0.0455","0.1286"
"DIFFERENT_BASE","M2_SIMPY_PT100","M2_SIMPY_PT159","34","53","0","2","0","0.0494","0.0959"
"DIFFERENT_BASE","M2_SIMPY_PT100","M2_SIMPY_PT161","34","54","0","1","0","0.0595","0.1642"
"DIFFERENT_BASE","M2_SIMPY_PT100","M2_SIMPY_PT162","34","54","0","2","0","0.0843","0.0986"
"DIFFERENT_BASE","M2_SIMPY_PT100","M2_SIMPY_PT165","34","55","0","2","0","0.0595","0.0658"
"DIFFERENT_BASE","M2_SIMPY_PT100","M2_SIMPY_PT166","34","56","0","0","0","0.033","0.0972"
"DIFFERENT_BASE","M2_SIMPY_PT100","M2_SIMPY_PT167","34","56","0","1","0","0.0471","0.0972"
"DIFFERENT_BASE","M2_SIMPY_PT100","M2_SIMPY_PT169","34","57","0","0","0","0.0125","0.0641"
"DIFFERENT_BASE","M2_SIMPY_PT100","M2_SIMPY_PT170","34","57","0","1","0","0.0714","0.1148"
"DIFFERENT_BASE","M2_SIMPY_PT100","M2_SIMPY_PT171","34","57","0","2","0","0.0375","0.087"
"DIFFERENT_BASE","M2_SIMPY_PT100","M2_SIMPY_PT174","34","58","0","2","0","0.0482","0.0256"
"DIFFERENT_BASE","M2_SIMPY_PT100","M2_SIMPY_PT175","34","59","0","0","0","0.0471","0.1029"
"DIFFERENT_BASE","M2_SIMPY_PT100","M2_SIMPY_PT177","34","59","0","2","0","0.05","0.0615"
"DIFFERENT_BASE","M2_SIMPY_PT101","M2_SIMPY_PT104","34","35","1","1","0","0.0357","0.2182"
"DIFFERENT_BASE","M2_SIMPY_PT101","M2_SIMPY_PT105","34","35","1","2","0","0.0449","0.0597"
"DIFFERENT_BASE","M2_SIMPY_PT101","M2_SIMPY_PT110","34","37","1","1","0","0.0562","0.069"
"DIFFERENT_BASE","M2_SIMPY_PT101","M2_SIMPY_PT111","34","37","1","2","0","0.0316","0.0727"
"DIFFERENT_BASE","M2_SIMPY_PT101","M2_SIMPY_PT004","34","2","1","0","0","0.0568","0.0508"
"DIFFERENT_BASE","M2_SIMPY_PT101","M2_SIMPY_PT005","34","2","1","1","0","0.119","0.2041"
"DIFFERENT_BASE","M2_SIMPY_PT101","M2_SIMPY_PT011","34","4","1","1","0","0.0674","0.0635"
"DIFFERENT_BASE","M2_SIMPY_PT101","M2_SIMPY_PT013","34","5","1","0","0","0.0412","0.0526"
"DIFFERENT_BASE","M2_SIMPY_PT101","M2_SIMPY_PT015","34","5","1","2","0","0.0449","0.0333"
"DIFFERENT_BASE","M2_SIMPY_PT101","M2_SIMPY_PT019","34","7","1","0","0","0.0227","0.0526"
"DIFFERENT_BASE","M2_SIMPY_PT101","M2_SIMPY_PT021","34","7","1","2","0","0.0319","0.0847"
"DIFFERENT_BASE","M2_SIMPY_PT101","M2_SIMPY_PT022","34","8","1","0","0","0.0115","0.0455"
"DIFFERENT_BASE","M2_SIMPY_PT101","M2_SIMPY_PT023","34","8","1","1","0","0.1111","0.1077"
"DIFFERENT_BASE","M2_SIMPY_PT101","M2_SIMPY_PT026","34","9","1","1","0","0.0426","0.1071"
"DIFFERENT_BASE","M2_SIMPY_PT101","M2_SIMPY_PT028","34","10","1","0","0","0.0482","0.037"
"DIFFERENT_BASE","M2_SIMPY_PT101","M2_SIMPY_PT029","34","10","1","1","0","0.125","0.1429"
"DIFFERENT_BASE","M2_SIMPY_PT101","M2_SIMPY_PT031","34","11","1","0","0","0.0575","0.0476"
"DIFFERENT_BASE","M2_SIMPY_PT101","M2_SIMPY_PT033","34","11","1","2","0","0.0843","0.0968"
"DIFFERENT_BASE","M2_SIMPY_PT101","M2_SIMPY_PT035","34","12","1","1","0","0.044","0.1228"
"DIFFERENT_BASE","M2_SIMPY_PT101","M2_SIMPY_PT036","34","12","1","2","0","0.0455","0.1356"
"DIFFERENT_BASE","M2_SIMPY_PT101","M2_SIMPY_PT038","34","13","1","1","0","0.0116","0.0968"
"DIFFERENT_BASE","M2_SIMPY_PT101","M2_SIMPY_PT040","34","14","1","0","0","0.1026","0.0862"
"DIFFERENT_BASE","M2_SIMPY_PT101","M2_SIMPY_PT042","34","14","1","2","0","0.023","0.0806"
"DIFFERENT_BASE","M2_SIMPY_PT101","M2_SIMPY_PT044","34","15","1","1","0","0.0222","0.0667"
"DIFFERENT_BASE","M2_SIMPY_PT101","M2_SIMPY_PT047","34","16","1","1","0","0.0233","0.0484"
"DIFFERENT_BASE","M2_SIMPY_PT101","M2_SIMPY_PT049","34","17","1","0","0","0.0349","0.0755"
"DIFFERENT_BASE","M2_SIMPY_PT101","M2_SIMPY_PT051","34","17","1","2","0","0.0337","0.0323"
"DIFFERENT_BASE","M2_SIMPY_PT101","M2_SIMPY_PT065","34","22","1","1","0","0.0556","0.0702"
"DIFFERENT_BASE","M2_SIMPY_PT101","M2_SIMPY_PT067","34","23","1","0","0","0.0488","0.0656"
"DIFFERENT_BASE","M2_SIMPY_PT101","M2_SIMPY_PT053","34","18","1","1","0","0.0421","0.0667"
"DIFFERENT_BASE","M2_SIMPY_PT101","M2_SIMPY_PT054","34","18","1","2","0","0.0227","0.0441"
"DIFFERENT_BASE","M2_SIMPY_PT101","M2_SIMPY_PT056","34","19","1","1","0","0.1351","0.14"
"DIFFERENT_BASE","M2_SIMPY_PT101","M2_SIMPY_PT057","34","19","1","2","0","0.0814","0.1887"
"DIFFERENT_BASE","M2_SIMPY_PT101","M2_SIMPY_PT058","34","20","1","0","0","0.0617","0.0656"
"DIFFERENT_BASE","M2_SIMPY_PT101","M2_SIMPY_PT059","34","20","1","1","0","0.0741","0.2"
"DIFFERENT_BASE","M2_SIMPY_PT101","M2_SIMPY_PT061","34","21","1","0","0","0.1429","0.1"
"DIFFERENT_BASE","M2_SIMPY_PT101","M2_SIMPY_PT070","34","24","1","0","0","0.0588","0.0492"
"DIFFERENT_BASE","M2_SIMPY_PT101","M2_SIMPY_PT074","34","25","1","1","0","0.092","0.0645"
"DIFFERENT_BASE","M2_SIMPY_PT101","M2_SIMPY_PT077","34","26","1","1","0","0.0333","0.0667"
"DIFFERENT_BASE","M2_SIMPY_PT101","M2_SIMPY_PT080","34","27","1","1","0.1667","0.1071","0.1207"
"DIFFERENT_BASE","M2_SIMPY_PT101","M2_SIMPY_PT083","34","28","1","1","0.1667","0.0341","0.0952"
"DIFFERENT_BASE","M2_SIMPY_PT101","M2_SIMPY_PT086","34","29","1","1","0","0.0222","0.1296"
"DIFFERENT_BASE","M2_SIMPY_PT101","M2_SIMPY_PT089","34","30","1","1","0","0.0476","0.0962"
"DIFFERENT_BASE","M2_SIMPY_PT101","M2_SIMPY_PT090","34","30","1","2","0","0.0238","0.0597"
"DIFFERENT_BASE","M2_SIMPY_PT101","M2_SIMPY_PT096","34","32","1","2","0.1667","0.038","0.0862"
"DIFFERENT_BASE","M2_SIMPY_PT101","M2_SIMPY_PT098","34","33","1","1","0","0.044","0.0656"
"DIFFERENT_BASE","M2_SIMPY_PT101","M2_SIMPY_PT112","34","38","1","0","0","0.0952","0.0984"
"DIFFERENT_BASE","M2_SIMPY_PT101","M2_SIMPY_PT113","34","38","1","1","0","0.1026","0.2708"
"DIFFERENT_BASE","M2_SIMPY_PT101","M2_SIMPY_PT115","34","39","1","0","0","0.037","0.0508"
"DIFFERENT_BASE","M2_SIMPY_PT101","M2_SIMPY_PT116","34","39","1","1","0","0.061","0.0909"
"DIFFERENT_BASE","M2_SIMPY_PT101","M2_SIMPY_PT120","34","40","1","2","0","0.2429","0.0968"
"DIFFERENT_BASE","M2_SIMPY_PT101","M2_SIMPY_PT121","34","41","1","0","0","0.1125","0.1091"
"DIFFERENT_BASE","M2_SIMPY_PT101","M2_SIMPY_PT122","34","41","1","1","0","0.1714","0.3182"
"DIFFERENT_BASE","M2_SIMPY_PT101","M2_SIMPY_PT125","34","42","1","1","0","0.0357","0.0862"
"DIFFERENT_BASE","M2_SIMPY_PT101","M2_SIMPY_PT126","34","42","1","2","0","0.022","0.1053"
"DIFFERENT_BASE","M2_SIMPY_PT101","M2_SIMPY_PT127","34","43","1","0","0.4","0.0897","0.1458"
"DIFFERENT_BASE","M2_SIMPY_PT101","M2_SIMPY_PT128","34","43","1","1","0.4","0.022","0.4222"
"DIFFERENT_BASE","M2_SIMPY_PT101","M2_SIMPY_PT131","34","44","1","1","0.1667","0.0361","0.1207"
"DIFFERENT_BASE","M2_SIMPY_PT101","M2_SIMPY_PT133","34","45","1","0","0","0.037","0.0938"
"DIFFERENT_BASE","M2_SIMPY_PT101","M2_SIMPY_PT135","34","45","1","2","0","0.0805","0.0909"
"DIFFERENT_BASE","M2_SIMPY_PT101","M2_SIMPY_PT140","34","47","1","1","0","0.0732","0.1034"
"DIFFERENT_BASE","M2_SIMPY_PT101","M2_SIMPY_PT143","34","48","1","1","0","0.0494","0.0714"
"DIFFERENT_BASE","M2_SIMPY_PT101","M2_SIMPY_PT144","34","48","1","2","0","0.038","0.1132"
"DIFFERENT_BASE","M2_SIMPY_PT101","M2_SIMPY_PT146","34","49","1","1","0","0.0568","0.0758"
"DIFFERENT_BASE","M2_SIMPY_PT101","M2_SIMPY_PT148","34","50","1","0","0","0.1053","0.0794"
"DIFFERENT_BASE","M2_SIMPY_PT101","M2_SIMPY_PT149","34","50","1","1","0","0.0732","0.15"
"DIFFERENT_BASE","M2_SIMPY_PT101","M2_SIMPY_PT151","34","51","1","0","0","0.0118","0.0667"
"DIFFERENT_BASE","M2_SIMPY_PT101","M2_SIMPY_PT152","34","51","1","1","0","0.033","0.1333"
"DIFFERENT_BASE","M2_SIMPY_PT101","M2_SIMPY_PT153","34","51","1","2","0","0.0814","0.0656"
"DIFFERENT_BASE","M2_SIMPY_PT101","M2_SIMPY_PT155","34","52","1","1","0","0.0217","0.0794"
"DIFFERENT_BASE","M2_SIMPY_PT101","M2_SIMPY_PT156","34","52","1","2","0","0.0233","0.0615"
"DIFFERENT_BASE","M2_SIMPY_PT101","M2_SIMPY_PT157","34","53","1","0","0","0.0482","0.0606"
"DIFFERENT_BASE","M2_SIMPY_PT101","M2_SIMPY_PT158","34","53","1","1","0","0.093","0.1695"
"DIFFERENT_BASE","M2_SIMPY_PT101","M2_SIMPY_PT159","34","53","1","2","0","0.0875","0.129"
"DIFFERENT_BASE","M2_SIMPY_PT101","M2_SIMPY_PT161","34","54","1","1","0","0.0833","0.0968"
"DIFFERENT_BASE","M2_SIMPY_PT101","M2_SIMPY_PT162","34","54","1","2","0","0.0337","0.0968"
"DIFFERENT_BASE","M2_SIMPY_PT101","M2_SIMPY_PT165","34","55","1","2","0.1667","0.046","0.0923"
"DIFFERENT_BASE","M2_SIMPY_PT101","M2_SIMPY_PT166","34","56","1","0","0","0.0213","0.0615"
"DIFFERENT_BASE","M2_SIMPY_PT101","M2_SIMPY_PT167","34","56","1","1","0","0.0341","0.15"
"DIFFERENT_BASE","M2_SIMPY_PT101","M2_SIMPY_PT169","34","57","1","0","0","0.0122","0.0429"
"DIFFERENT_BASE","M2_SIMPY_PT101","M2_SIMPY_PT170","34","57","1","1","0","0.0694","0.16"
"DIFFERENT_BASE","M2_SIMPY_PT101","M2_SIMPY_PT171","34","57","1","2","0","0.0366","0.0656"
"DIFFERENT_BASE","M2_SIMPY_PT101","M2_SIMPY_PT174","34","58","1","2","0","0.0595","0.0294"
"DIFFERENT_BASE","M2_SIMPY_PT101","M2_SIMPY_PT175","34","59","1","0","0","0.046","0.0484"
"DIFFERENT_BASE","M2_SIMPY_PT101","M2_SIMPY_PT177","34","59","1","2","0","0.075","0.0536"
"SAME_BASE_OTHER_CELL","M2_SIMPY_PT104","M2_SIMPY_PT105","35","35","1","2","0.2","0.1","0.1304"
"DIFFERENT_BASE","M2_SIMPY_PT104","M2_SIMPY_PT110","35","37","1","1","0.3333","0.1125","0.1897"
"DIFFERENT_BASE","M2_SIMPY_PT104","M2_SIMPY_PT111","35","37","1","2","0.25","0.0941","0.082"
"DIFFERENT_BASE","M2_SIMPY_PT104","M2_SIMPY_PT004","35","2","1","0","0","0.1139","0.0455"
"DIFFERENT_BASE","M2_SIMPY_PT104","M2_SIMPY_PT005","35","2","1","1","0","0.1125","0.082"
"DIFFERENT_BASE","M2_SIMPY_PT104","M2_SIMPY_PT011","35","4","1","1","0","0.0227","0.0423"
"DIFFERENT_BASE","M2_SIMPY_PT104","M2_SIMPY_PT013","35","5","1","0","0","0.0105","0.0469"
"DIFFERENT_BASE","M2_SIMPY_PT104","M2_SIMPY_PT015","35","5","1","2","0","0.0353","0.0299"
"DIFFERENT_BASE","M2_SIMPY_PT104","M2_SIMPY_PT019","35","7","1","0","0","0.0494","0.0469"
"DIFFERENT_BASE","M2_SIMPY_PT104","M2_SIMPY_PT021","35","7","1","2","0","0.0455","0.0597"
"DIFFERENT_BASE","M2_SIMPY_PT104","M2_SIMPY_PT022","35","8","1","0","0","0.0247","0.0411"
"DIFFERENT_BASE","M2_SIMPY_PT104","M2_SIMPY_PT023","35","8","1","1","0","0.0625","0.0676"
"DIFFERENT_BASE","M2_SIMPY_PT104","M2_SIMPY_PT026","35","9","1","1","0","0.1071","0.1129"
"DIFFERENT_BASE","M2_SIMPY_PT104","M2_SIMPY_PT028","35","10","1","0","0","0.025","0.0678"
"DIFFERENT_BASE","M2_SIMPY_PT104","M2_SIMPY_PT029","35","10","1","1","0","0.0119","0.0441"
"DIFFERENT_BASE","M2_SIMPY_PT104","M2_SIMPY_PT031","35","11","1","0","0.25","0.0116","0.0735"
"DIFFERENT_BASE","M2_SIMPY_PT104","M2_SIMPY_PT033","35","11","1","2","0.25","0.0625","0.0274"
"DIFFERENT_BASE","M2_SIMPY_PT104","M2_SIMPY_PT035","35","12","1","1","0","0.0714","0.0923"
"DIFFERENT_BASE","M2_SIMPY_PT104","M2_SIMPY_PT036","35","12","1","2","0","0.0357","0.0571"
"DIFFERENT_BASE","M2_SIMPY_PT104","M2_SIMPY_PT038","35","13","1","1","0","0.0123","0.0714"
"DIFFERENT_BASE","M2_SIMPY_PT104","M2_SIMPY_PT040","35","14","1","0","0","0.08","0.0769"
"DIFFERENT_BASE","M2_SIMPY_PT104","M2_SIMPY_PT042","35","14","1","2","0","0.05","0.0571"
"DIFFERENT_BASE","M2_SIMPY_PT104","M2_SIMPY_PT044","35","15","1","1","0.2","0.0357","0.0441"
"DIFFERENT_BASE","M2_SIMPY_PT104","M2_SIMPY_PT047","35","16","1","1","0","0.0122","0.0588"
"DIFFERENT_BASE","M2_SIMPY_PT104","M2_SIMPY_PT049","35","17","1","0","0","0.0244","0.0492"
"DIFFERENT_BASE","M2_SIMPY_PT104","M2_SIMPY_PT051","35","17","1","2","0","0.0235","0.029"
"DIFFERENT_BASE","M2_SIMPY_PT104","M2_SIMPY_PT065","35","22","1","1","0.25","0.0345","0.0625"
"DIFFERENT_BASE","M2_SIMPY_PT104","M2_SIMPY_PT067","35","23","1","0","0","0.0253","0.0435"
"DIFFERENT_BASE","M2_SIMPY_PT104","M2_SIMPY_PT053","35","18","1","1","0","0.1463","0.0758"
"DIFFERENT_BASE","M2_SIMPY_PT104","M2_SIMPY_PT054","35","18","1","2","0","0.0366","0.04"
"DIFFERENT_BASE","M2_SIMPY_PT104","M2_SIMPY_PT056","35","19","1","1","0","0.0128","0.0847"
"DIFFERENT_BASE","M2_SIMPY_PT104","M2_SIMPY_PT057","35","19","1","2","0","0.0233","0.0294"
"DIFFERENT_BASE","M2_SIMPY_PT104","M2_SIMPY_PT058","35","20","1","0","0","0.0385","0.0746"
"DIFFERENT_BASE","M2_SIMPY_PT104","M2_SIMPY_PT059","35","20","1","1","0","0.1081","0.0806"
"DIFFERENT_BASE","M2_SIMPY_PT104","M2_SIMPY_PT061","35","21","1","0","0","0.0122","0.0877"
"DIFFERENT_BASE","M2_SIMPY_PT104","M2_SIMPY_PT070","35","24","1","0","0","0.0119","0.0923"
"DIFFERENT_BASE","M2_SIMPY_PT104","M2_SIMPY_PT074","35","25","1","1","0.3333","0.0465","0.0429"
"DIFFERENT_BASE","M2_SIMPY_PT104","M2_SIMPY_PT077","35","26","1","1","0","0.0233","0.0441"
"DIFFERENT_BASE","M2_SIMPY_PT104","M2_SIMPY_PT080","35","27","1","1","0","0.0233","0.1077"
"DIFFERENT_BASE","M2_SIMPY_PT104","M2_SIMPY_PT083","35","28","1","1","0","0.0488","0.0704"
"DIFFERENT_BASE","M2_SIMPY_PT104","M2_SIMPY_PT086","35","29","1","1","0","0.0357","0.0794"
"DIFFERENT_BASE","M2_SIMPY_PT104","M2_SIMPY_PT089","35","30","1","1","0.25","0.0641","0.0492"
"DIFFERENT_BASE","M2_SIMPY_PT104","M2_SIMPY_PT090","35","30","1","2","0.2","0.0519","0.04"
"DIFFERENT_BASE","M2_SIMPY_PT104","M2_SIMPY_PT096","35","32","1","2","0","0.0548","0.0448"
"DIFFERENT_BASE","M2_SIMPY_PT104","M2_SIMPY_PT098","35","33","1","1","0.25","0.0227","0.0435"
"DIFFERENT_BASE","M2_SIMPY_PT104","M2_SIMPY_PT112","35","38","1","0","0.25","0.1154","0.1935"
"DIFFERENT_BASE","M2_SIMPY_PT104","M2_SIMPY_PT113","35","38","1","1","0.25","0.1739","0.1724"
"DIFFERENT_BASE","M2_SIMPY_PT104","M2_SIMPY_PT115","35","39","1","0","1","0.0822","0.1311"
"DIFFERENT_BASE","M2_SIMPY_PT104","M2_SIMPY_PT116","35","39","1","1","0.6667","0.0649","0.1449"
"DIFFERENT_BASE","M2_SIMPY_PT104","M2_SIMPY_PT120","35","40","1","2","0","0.0513","0.1194"
"DIFFERENT_BASE","M2_SIMPY_PT104","M2_SIMPY_PT121","35","41","1","0","0","0.0633","0.1148"
"DIFFERENT_BASE","M2_SIMPY_PT104","M2_SIMPY_PT122","35","41","1","1","0","0.0548","0.1607"
"DIFFERENT_BASE","M2_SIMPY_PT104","M2_SIMPY_PT125","35","42","1","1","0.25","0.0649","0.129"
"DIFFERENT_BASE","M2_SIMPY_PT104","M2_SIMPY_PT126","35","42","1","2","0.25","0.1429","0.0769"
"DIFFERENT_BASE","M2_SIMPY_PT104","M2_SIMPY_PT127","35","43","1","0","0","0.0667","0.1273"
"DIFFERENT_BASE","M2_SIMPY_PT104","M2_SIMPY_PT128","35","43","1","1","0.2","0.0115","0.127"
"DIFFERENT_BASE","M2_SIMPY_PT104","M2_SIMPY_PT131","35","44","1","1","0","0.0519","0.0435"
"DIFFERENT_BASE","M2_SIMPY_PT104","M2_SIMPY_PT133","35","45","1","0","0","0.026","0.0548"
"DIFFERENT_BASE","M2_SIMPY_PT104","M2_SIMPY_PT135","35","45","1","2","0","0.023","0.026"
"DIFFERENT_BASE","M2_SIMPY_PT104","M2_SIMPY_PT140","35","47","1","1","0.25","0.0122","0.0441"
"DIFFERENT_BASE","M2_SIMPY_PT104","M2_SIMPY_PT143","35","48","1","1","0","0.039","0.0469"
"DIFFERENT_BASE","M2_SIMPY_PT104","M2_SIMPY_PT144","35","48","1","2","0","0.0132","0.0312"
"DIFFERENT_BASE","M2_SIMPY_PT104","M2_SIMPY_PT146","35","49","1","1","0","0.0602","0.0541"
"DIFFERENT_BASE","M2_SIMPY_PT104","M2_SIMPY_PT148","35","50","1","0","0","0.0972","0.0417"
"DIFFERENT_BASE","M2_SIMPY_PT104","M2_SIMPY_PT149","35","50","1","1","0","0.0921","0.0704"
"DIFFERENT_BASE","M2_SIMPY_PT104","M2_SIMPY_PT151","35","51","1","0","0.3333","0.0125","0.0923"
"DIFFERENT_BASE","M2_SIMPY_PT104","M2_SIMPY_PT152","35","51","1","1","0","0.0114","0.0714"
"DIFFERENT_BASE","M2_SIMPY_PT104","M2_SIMPY_PT153","35","51","1","2","0.2","0.0864","0.0435"
"DIFFERENT_BASE","M2_SIMPY_PT104","M2_SIMPY_PT155","35","52","1","1","0","0.0471","0.0714"
"DIFFERENT_BASE","M2_SIMPY_PT104","M2_SIMPY_PT156","35","52","1","2","0","0.0506","0.0704"
"DIFFERENT_BASE","M2_SIMPY_PT104","M2_SIMPY_PT157","35","53","1","0","0","0.0789","0.1"
"DIFFERENT_BASE","M2_SIMPY_PT104","M2_SIMPY_PT158","35","53","1","1","0","0.0349","0.0857"
"DIFFERENT_BASE","M2_SIMPY_PT104","M2_SIMPY_PT159","35","53","1","2","0","0.038","0.0405"
"DIFFERENT_BASE","M2_SIMPY_PT104","M2_SIMPY_PT161","35","54","1","1","0","0.075","0.0714"
"DIFFERENT_BASE","M2_SIMPY_PT104","M2_SIMPY_PT162","35","54","1","2","0","0.0875","0.0563"
"DIFFERENT_BASE","M2_SIMPY_PT104","M2_SIMPY_PT165","35","55","1","2","0.2","0.0361","0.04"
"DIFFERENT_BASE","M2_SIMPY_PT104","M2_SIMPY_PT166","35","56","1","0","0","0.0111","0.1014"
"DIFFERENT_BASE","M2_SIMPY_PT104","M2_SIMPY_PT167","35","56","1","1","0","0.0118","0.0704"
"DIFFERENT_BASE","M2_SIMPY_PT104","M2_SIMPY_PT169","35","57","1","0","0","0.013","0.0667"
"DIFFERENT_BASE","M2_SIMPY_PT104","M2_SIMPY_PT170","35","57","1","1","0.25","0.0141","0.0484"
"DIFFERENT_BASE","M2_SIMPY_PT104","M2_SIMPY_PT171","35","57","1","2","0","0.0256","0.0286"
"DIFFERENT_BASE","M2_SIMPY_PT104","M2_SIMPY_PT174","35","58","1","2","0","0.05","0.0132"
"DIFFERENT_BASE","M2_SIMPY_PT104","M2_SIMPY_PT175","35","59","1","0","0","0.0118","0.0435"
"DIFFERENT_BASE","M2_SIMPY_PT104","M2_SIMPY_PT177","35","59","1","2","0","0.0519","0.0312"
"DIFFERENT_BASE","M2_SIMPY_PT105","M2_SIMPY_PT110","35","37","2","1","0.2","0.0795","0.1967"
"DIFFERENT_BASE","M2_SIMPY_PT105","M2_SIMPY_PT111","35","37","2","2","0.1667","0.2073","0.3725"
"DIFFERENT_BASE","M2_SIMPY_PT105","M2_SIMPY_PT004","35","2","2","0","0.1667","0.0682","0.0429"
"DIFFERENT_BASE","M2_SIMPY_PT105","M2_SIMPY_PT005","35","2","2","1","0.1667","0.0795","0.0769"
"DIFFERENT_BASE","M2_SIMPY_PT105","M2_SIMPY_PT011","35","4","2","1","0.1667","0.0549","0.04"
"DIFFERENT_BASE","M2_SIMPY_PT105","M2_SIMPY_PT013","35","5","2","0","0.5","0.0408","0.0441"
"DIFFERENT_BASE","M2_SIMPY_PT105","M2_SIMPY_PT015","35","5","2","2","0.4","0.0682","0.2373"
"DIFFERENT_BASE","M2_SIMPY_PT105","M2_SIMPY_PT019","35","7","2","0","0.2","0.0341","0.0441"
"DIFFERENT_BASE","M2_SIMPY_PT105","M2_SIMPY_PT021","35","7","2","2","0.1667","0.0769","0.1364"
"DIFFERENT_BASE","M2_SIMPY_PT105","M2_SIMPY_PT022","35","8","2","0","0.2","0.0349","0.039"
"DIFFERENT_BASE","M2_SIMPY_PT105","M2_SIMPY_PT023","35","8","2","1","0.1429","0.0581","0.0375"
"DIFFERENT_BASE","M2_SIMPY_PT105","M2_SIMPY_PT026","35","9","2","1","0.1667","0.0421","0.0282"
"DIFFERENT_BASE","M2_SIMPY_PT105","M2_SIMPY_PT028","35","10","2","0","0.2","0.0476","0.0152"
"DIFFERENT_BASE","M2_SIMPY_PT105","M2_SIMPY_PT029","35","10","2","1","0.1429","0.0341","0.087"
"DIFFERENT_BASE","M2_SIMPY_PT105","M2_SIMPY_PT031","35","11","2","0","0","0.0333","0.0267"
"DIFFERENT_BASE","M2_SIMPY_PT105","M2_SIMPY_PT033","35","11","2","2","0","0.0964","0.254"
"DIFFERENT_BASE","M2_SIMPY_PT105","M2_SIMPY_PT035","35","12","2","1","0.1667","0.0435","0.0563"
"DIFFERENT_BASE","M2_SIMPY_PT105","M2_SIMPY_PT036","35","12","2","2","0.1667","0.1205","0.2"
"DIFFERENT_BASE","M2_SIMPY_PT105","M2_SIMPY_PT038","35","13","2","1","0.2","0.0115","0.026"
"DIFFERENT_BASE","M2_SIMPY_PT105","M2_SIMPY_PT040","35","14","2","0","0.2","0.0357","0.0278"
"DIFFERENT_BASE","M2_SIMPY_PT105","M2_SIMPY_PT042","35","14","2","2","0.1667","0.0843","0.1818"
"DIFFERENT_BASE","M2_SIMPY_PT105","M2_SIMPY_PT044","35","15","2","1","0","0.022","0.0274"
"DIFFERENT_BASE","M2_SIMPY_PT105","M2_SIMPY_PT047","35","16","2","1","0.1667","0.023","0.0411"
"DIFFERENT_BASE","M2_SIMPY_PT105","M2_SIMPY_PT049","35","17","2","0","0","0.0345","0.0303"
"DIFFERENT_BASE","M2_SIMPY_PT105","M2_SIMPY_PT051","35","17","2","2","0","0.0333","0.25"
"DIFFERENT_BASE","M2_SIMPY_PT105","M2_SIMPY_PT065","35","22","2","1","0","0.0667","0.0435"
"DIFFERENT_BASE","M2_SIMPY_PT105","M2_SIMPY_PT067","35","23","2","0","0","0.0235","0.027"
"DIFFERENT_BASE","M2_SIMPY_PT105","M2_SIMPY_PT053","35","18","2","1","0","0.0204","0.0274"
"DIFFERENT_BASE","M2_SIMPY_PT105","M2_SIMPY_PT054","35","18","2","2","0","0.0581","0.1714"
"DIFFERENT_BASE","M2_SIMPY_PT105","M2_SIMPY_PT056","35","19","2","1","0","0.0119","0.0462"
"DIFFERENT_BASE","M2_SIMPY_PT105","M2_SIMPY_PT057","35","19","2","2","0","0.033","0.1562"
"DIFFERENT_BASE","M2_SIMPY_PT105","M2_SIMPY_PT058","35","20","2","0","0","0.0235","0.027"
"DIFFERENT_BASE","M2_SIMPY_PT105","M2_SIMPY_PT059","35","20","2","1","0","0.0353","0.0441"
"DIFFERENT_BASE","M2_SIMPY_PT105","M2_SIMPY_PT061","35","21","2","0","0","0.0349","0.0476"
"DIFFERENT_BASE","M2_SIMPY_PT105","M2_SIMPY_PT070","35","24","2","0","0.2","0.046","0.0417"
"DIFFERENT_BASE","M2_SIMPY_PT105","M2_SIMPY_PT074","35","25","2","1","0","0.0323","0.0267"
"DIFFERENT_BASE","M2_SIMPY_PT105","M2_SIMPY_PT077","35","26","2","1","0.2","0.0108","0.0274"
"DIFFERENT_BASE","M2_SIMPY_PT105","M2_SIMPY_PT080","35","27","2","1","0","0.033","0.0556"
"DIFFERENT_BASE","M2_SIMPY_PT105","M2_SIMPY_PT083","35","28","2","1","0.1429","0.0222","0.0526"
"DIFFERENT_BASE","M2_SIMPY_PT105","M2_SIMPY_PT086","35","29","2","1","0.1429","0.022","0.0435"
"DIFFERENT_BASE","M2_SIMPY_PT105","M2_SIMPY_PT089","35","30","2","1","0","0.0471","0.0303"
"DIFFERENT_BASE","M2_SIMPY_PT105","M2_SIMPY_PT090","35","30","2","2","0","0.1154","0.1884"
"DIFFERENT_BASE","M2_SIMPY_PT105","M2_SIMPY_PT096","35","32","2","2","0","0.0506","0.0882"
"DIFFERENT_BASE","M2_SIMPY_PT105","M2_SIMPY_PT098","35","33","2","1","0","0.0435","0.027"
"DIFFERENT_BASE","M2_SIMPY_PT105","M2_SIMPY_PT112","35","38","2","0","0.1667","0.0568","0.0986"
"DIFFERENT_BASE","M2_SIMPY_PT105","M2_SIMPY_PT113","35","38","2","1","0.1667","0.0482","0.1429"
"DIFFERENT_BASE","M2_SIMPY_PT105","M2_SIMPY_PT115","35","39","2","0","0.2","0.0625","0.1406"
"DIFFERENT_BASE","M2_SIMPY_PT105","M2_SIMPY_PT116","35","39","2","1","0.1667","0.1733","0.137"
"DIFFERENT_BASE","M2_SIMPY_PT105","M2_SIMPY_PT120","35","40","2","2","0.1429","0.0602","0.339"
"DIFFERENT_BASE","M2_SIMPY_PT105","M2_SIMPY_PT121","35","41","2","0","0","0.0976","0.0909"
"DIFFERENT_BASE","M2_SIMPY_PT105","M2_SIMPY_PT122","35","41","2","1","0","0.0921","0.1129"
"DIFFERENT_BASE","M2_SIMPY_PT105","M2_SIMPY_PT125","35","42","2","1","0.1667","0.0233","0.0725"
"DIFFERENT_BASE","M2_SIMPY_PT105","M2_SIMPY_PT126","35","42","2","2","0.1667","0.1605","0.3455"
"DIFFERENT_BASE","M2_SIMPY_PT105","M2_SIMPY_PT127","35","43","2","0","0","0.075","0.1"
"DIFFERENT_BASE","M2_SIMPY_PT105","M2_SIMPY_PT128","35","43","2","1","0.1429","0.0108","0.1029"
"DIFFERENT_BASE","M2_SIMPY_PT105","M2_SIMPY_PT131","35","44","2","1","0.1429","0.0116","0.0556"
"DIFFERENT_BASE","M2_SIMPY_PT105","M2_SIMPY_PT133","35","45","2","0","0","0.0119","0.0385"
"DIFFERENT_BASE","M2_SIMPY_PT105","M2_SIMPY_PT135","35","45","2","2","0","0.0556","0.1528"
"DIFFERENT_BASE","M2_SIMPY_PT105","M2_SIMPY_PT140","35","47","2","1","0","0.0114","0.0563"
"DIFFERENT_BASE","M2_SIMPY_PT105","M2_SIMPY_PT143","35","48","2","1","0","0.0118","0.0441"
"DIFFERENT_BASE","M2_SIMPY_PT105","M2_SIMPY_PT144","35","48","2","2","0","0.0122","0.25"
"DIFFERENT_BASE","M2_SIMPY_PT105","M2_SIMPY_PT146","35","49","2","1","0","0.0562","0.025"
"DIFFERENT_BASE","M2_SIMPY_PT105","M2_SIMPY_PT148","35","50","2","0","0.1429","0.0759","0.0395"
"DIFFERENT_BASE","M2_SIMPY_PT105","M2_SIMPY_PT149","35","50","2","1","0","0.023","0.0811"
"DIFFERENT_BASE","M2_SIMPY_PT105","M2_SIMPY_PT151","35","51","2","0","0","0.0116","0.0274"
"DIFFERENT_BASE","M2_SIMPY_PT105","M2_SIMPY_PT152","35","51","2","1","0","0.0215","0.1127"
"DIFFERENT_BASE","M2_SIMPY_PT105","M2_SIMPY_PT153","35","51","2","2","0.1429","0.0682","0.1692"
"DIFFERENT_BASE","M2_SIMPY_PT105","M2_SIMPY_PT155","35","52","2","1","0.2","0.044","0.0395"
"DIFFERENT_BASE","M2_SIMPY_PT105","M2_SIMPY_PT156","35","52","2","2","0.1667","0.0854","0.25"
"DIFFERENT_BASE","M2_SIMPY_PT105","M2_SIMPY_PT157","35","53","2","0","0","0.0233","0.0253"
"DIFFERENT_BASE","M2_SIMPY_PT105","M2_SIMPY_PT158","35","53","2","1","0","0.0215","0.0811"
"DIFFERENT_BASE","M2_SIMPY_PT105","M2_SIMPY_PT159","35","53","2","2","0","0.0864","0.2273"
"DIFFERENT_BASE","M2_SIMPY_PT105","M2_SIMPY_PT161","35","54","2","1","0","0.0222","0.0395"
"DIFFERENT_BASE","M2_SIMPY_PT105","M2_SIMPY_PT162","35","54","2","2","0.1429","0.1071","0.2344"
"DIFFERENT_BASE","M2_SIMPY_PT105","M2_SIMPY_PT165","35","55","2","2","0","0.011","0.038"
"DIFFERENT_BASE","M2_SIMPY_PT105","M2_SIMPY_PT166","35","56","2","0","0","0.0319","0.0256"
"DIFFERENT_BASE","M2_SIMPY_PT105","M2_SIMPY_PT167","35","56","2","1","0","0.0337","0.0811"
"DIFFERENT_BASE","M2_SIMPY_PT105","M2_SIMPY_PT169","35","57","2","0","0","0.012","0.012"
"DIFFERENT_BASE","M2_SIMPY_PT105","M2_SIMPY_PT170","35","57","2","1","0","0.013","0.0781"
"DIFFERENT_BASE","M2_SIMPY_PT105","M2_SIMPY_PT171","35","57","2","2","0","0.0361","0.1515"
"DIFFERENT_BASE","M2_SIMPY_PT105","M2_SIMPY_PT174","35","58","2","2","0.1429","0.0345","0.0658"
"DIFFERENT_BASE","M2_SIMPY_PT105","M2_SIMPY_PT175","35","59","2","0","0","0.0222","0.027"
"DIFFERENT_BASE","M2_SIMPY_PT105","M2_SIMPY_PT177","35","59","2","2","0","0.0482","0.0769"
"SAME_BASE_OTHER_CELL","M2_SIMPY_PT110","M2_SIMPY_PT111","37","37","1","2","0.6667","0.2658","0.22"
"DIFFERENT_BASE","M2_SIMPY_PT110","M2_SIMPY_PT004","37","2","1","0","0.25","0.044","0.0323"
"DIFFERENT_BASE","M2_SIMPY_PT110","M2_SIMPY_PT005","37","2","1","1","0.25","0.1034","0.0702"
"DIFFERENT_BASE","M2_SIMPY_PT110","M2_SIMPY_PT011","37","4","1","1","0","0.0319","0.0952"
"DIFFERENT_BASE","M2_SIMPY_PT110","M2_SIMPY_PT013","37","5","1","0","0","0.0404","0.0333"
"DIFFERENT_BASE","M2_SIMPY_PT110","M2_SIMPY_PT015","37","5","1","2","0","0.0326","0.0667"
"DIFFERENT_BASE","M2_SIMPY_PT110","M2_SIMPY_PT019","37","7","1","0","0","0.0222","0.0333"
"DIFFERENT_BASE","M2_SIMPY_PT110","M2_SIMPY_PT021","37","7","1","2","0.25","0.1379","0.2453"
"DIFFERENT_BASE","M2_SIMPY_PT110","M2_SIMPY_PT022","37","8","1","0","0","0.0465","0.029"
"DIFFERENT_BASE","M2_SIMPY_PT110","M2_SIMPY_PT023","37","8","1","1","0.2","0.1084","0.1045"
"DIFFERENT_BASE","M2_SIMPY_PT110","M2_SIMPY_PT026","37","9","1","1","0","0.0989","0.1429"
"DIFFERENT_BASE","M2_SIMPY_PT110","M2_SIMPY_PT028","37","10","1","0","0","0.0471","0.0741"
"DIFFERENT_BASE","M2_SIMPY_PT110","M2_SIMPY_PT029","37","10","1","1","0","0.0698","0.1"
"DIFFERENT_BASE","M2_SIMPY_PT110","M2_SIMPY_PT031","37","11","1","0","0","0.033","0.0968"
"DIFFERENT_BASE","M2_SIMPY_PT110","M2_SIMPY_PT033","37","11","1","2","0","0.0455","0.1111"
"DIFFERENT_BASE","M2_SIMPY_PT110","M2_SIMPY_PT035","37","12","1","1","0","0.0104","0.1379"
"DIFFERENT_BASE","M2_SIMPY_PT110","M2_SIMPY_PT036","37","12","1","2","0","0.033","0.1129"
"DIFFERENT_BASE","M2_SIMPY_PT110","M2_SIMPY_PT038","37","13","1","1","0","0.023","0.1864"
"DIFFERENT_BASE","M2_SIMPY_PT110","M2_SIMPY_PT040","37","14","1","0","0","0.0353","0.1017"
"DIFFERENT_BASE","M2_SIMPY_PT110","M2_SIMPY_PT042","37","14","1","2","0.25","0.0581","0.1897"
"DIFFERENT_BASE","M2_SIMPY_PT110","M2_SIMPY_PT044","37","15","1","1","0","0.0444","0.1186"
"DIFFERENT_BASE","M2_SIMPY_PT110","M2_SIMPY_PT047","37","16","1","1","0.25","0.0714","0.3137"
"DIFFERENT_BASE","M2_SIMPY_PT110","M2_SIMPY_PT049","37","17","1","0","0","0.0225","0.0536"
"DIFFERENT_BASE","M2_SIMPY_PT110","M2_SIMPY_PT051","37","17","1","2","0","0.0217","0.0645"
"DIFFERENT_BASE","M2_SIMPY_PT110","M2_SIMPY_PT065","37","22","1","1","0","0.0319","0.1053"
"DIFFERENT_BASE","M2_SIMPY_PT110","M2_SIMPY_PT067","37","23","1","0","0","0.0115","0.0635"
"DIFFERENT_BASE","M2_SIMPY_PT110","M2_SIMPY_PT053","37","18","1","1","0","0.0632","0.1579"
"DIFFERENT_BASE","M2_SIMPY_PT110","M2_SIMPY_PT054","37","18","1","2","0","0.0222","0.1061"
"DIFFERENT_BASE","M2_SIMPY_PT110","M2_SIMPY_PT056","37","19","1","1","0","0.0118","0.1132"
"DIFFERENT_BASE","M2_SIMPY_PT110","M2_SIMPY_PT057","37","19","1","2","0","0.0795","0.1017"
"DIFFERENT_BASE","M2_SIMPY_PT110","M2_SIMPY_PT058","37","20","1","0","0","0.0115","0.0806"
"DIFFERENT_BASE","M2_SIMPY_PT110","M2_SIMPY_PT059","37","20","1","1","0","0.0723","0.069"
"DIFFERENT_BASE","M2_SIMPY_PT110","M2_SIMPY_PT061","37","21","1","0","0","0.0588","0.0755"
"DIFFERENT_BASE","M2_SIMPY_PT110","M2_SIMPY_PT070","37","24","1","0","0","0.0337","0.082"
"DIFFERENT_BASE","M2_SIMPY_PT110","M2_SIMPY_PT074","37","25","1","1","0","0.0543","0.0968"
"DIFFERENT_BASE","M2_SIMPY_PT110","M2_SIMPY_PT077","37","26","1","1","0","0.0326","0.1186"
"DIFFERENT_BASE","M2_SIMPY_PT110","M2_SIMPY_PT080","37","27","1","1","0.2","0.0674","0.1754"
"DIFFERENT_BASE","M2_SIMPY_PT110","M2_SIMPY_PT083","37","28","1","1","0","0.0449","0.2034"
"DIFFERENT_BASE","M2_SIMPY_PT110","M2_SIMPY_PT086","37","29","1","1","0.2","0.0444","0.1455"
"DIFFERENT_BASE","M2_SIMPY_PT110","M2_SIMPY_PT089","37","30","1","1","0","0.0227","0.1346"
"DIFFERENT_BASE","M2_SIMPY_PT110","M2_SIMPY_PT090","37","30","1","2","0","0.0353","0.1231"
"DIFFERENT_BASE","M2_SIMPY_PT110","M2_SIMPY_PT096","37","32","1","2","0","0.037","0.1017"
"DIFFERENT_BASE","M2_SIMPY_PT110","M2_SIMPY_PT098","37","33","1","1","0","0.043","0.1167"
"DIFFERENT_BASE","M2_SIMPY_PT110","M2_SIMPY_PT112","37","38","1","0","0.25","0.2877","0.1129"
"DIFFERENT_BASE","M2_SIMPY_PT110","M2_SIMPY_PT113","37","38","1","1","0.25","0.1139","0.1887"
"DIFFERENT_BASE","M2_SIMPY_PT110","M2_SIMPY_PT115","37","39","1","0","0.3333","0.1169","0.1429"
"DIFFERENT_BASE","M2_SIMPY_PT110","M2_SIMPY_PT116","37","39","1","1","0.25","0.0595","0.2542"
"DIFFERENT_BASE","M2_SIMPY_PT110","M2_SIMPY_PT120","37","40","1","2","0","0.1266","0.1475"
"DIFFERENT_BASE","M2_SIMPY_PT110","M2_SIMPY_PT121","37","41","1","0","0","0.0964","0.0862"
"DIFFERENT_BASE","M2_SIMPY_PT110","M2_SIMPY_PT122","37","41","1","1","0","0.0769","0.1111"
"DIFFERENT_BASE","M2_SIMPY_PT110","M2_SIMPY_PT125","37","42","1","1","0.25","0.0854","0.3"
"DIFFERENT_BASE","M2_SIMPY_PT110","M2_SIMPY_PT126","37","42","1","2","0.25","0.092","0.1207"
"DIFFERENT_BASE","M2_SIMPY_PT110","M2_SIMPY_PT127","37","43","1","0","0","0.1013","0.1176"
"DIFFERENT_BASE","M2_SIMPY_PT110","M2_SIMPY_PT128","37","43","1","1","0.2","0.044","0.1"
"DIFFERENT_BASE","M2_SIMPY_PT110","M2_SIMPY_PT131","37","44","1","1","0","0.0233","0.1552"
"DIFFERENT_BASE","M2_SIMPY_PT110","M2_SIMPY_PT133","37","45","1","0","0","0.0238","0.0286"
"DIFFERENT_BASE","M2_SIMPY_PT110","M2_SIMPY_PT135","37","45","1","2","0","0.0549","0.0278"
"DIFFERENT_BASE","M2_SIMPY_PT110","M2_SIMPY_PT140","37","47","1","1","0","0.0714","0.1379"
"DIFFERENT_BASE","M2_SIMPY_PT110","M2_SIMPY_PT143","37","48","1","1","0","0.0482","0.1273"
"DIFFERENT_BASE","M2_SIMPY_PT110","M2_SIMPY_PT144","37","48","1","2","0","0.037","0.0517"
"DIFFERENT_BASE","M2_SIMPY_PT110","M2_SIMPY_PT146","37","49","1","1","0","0.0326","0.058"
"DIFFERENT_BASE","M2_SIMPY_PT110","M2_SIMPY_PT148","37","50","1","0","0","0.0361","0.0294"
"DIFFERENT_BASE","M2_SIMPY_PT110","M2_SIMPY_PT149","37","50","1","1","0","0.0588","0.0923"
"DIFFERENT_BASE","M2_SIMPY_PT110","M2_SIMPY_PT151","37","51","1","0","0","0.0115","0.082"
"DIFFERENT_BASE","M2_SIMPY_PT110","M2_SIMPY_PT152","37","51","1","1","0","0.0213","0.0769"
"DIFFERENT_BASE","M2_SIMPY_PT110","M2_SIMPY_PT153","37","51","1","2","0","0.0674","0.1356"
"DIFFERENT_BASE","M2_SIMPY_PT110","M2_SIMPY_PT155","37","52","1","1","0","0.0787","0.1667"
"DIFFERENT_BASE","M2_SIMPY_PT110","M2_SIMPY_PT156","37","52","1","2","0.25","0.0843","0.127"
"DIFFERENT_BASE","M2_SIMPY_PT110","M2_SIMPY_PT157","37","53","1","0","0","0.0471","0.0746"
"DIFFERENT_BASE","M2_SIMPY_PT110","M2_SIMPY_PT158","37","53","1","1","0","0.0549","0.127"
"DIFFERENT_BASE","M2_SIMPY_PT110","M2_SIMPY_PT159","37","53","1","2","0","0.0988","0.1077"
"DIFFERENT_BASE","M2_SIMPY_PT110","M2_SIMPY_PT161","37","54","1","1","0","0.0449","0.1864"
"DIFFERENT_BASE","M2_SIMPY_PT110","M2_SIMPY_PT162","37","54","1","2","0","0.0444","0.0769"
"DIFFERENT_BASE","M2_SIMPY_PT110","M2_SIMPY_PT165","37","55","1","2","0","0.0333","0.058"
"DIFFERENT_BASE","M2_SIMPY_PT110","M2_SIMPY_PT166","37","56","1","0","0","0.0652","0.0758"
"DIFFERENT_BASE","M2_SIMPY_PT110","M2_SIMPY_PT167","37","56","1","1","0","0.0109","0.1639"
"DIFFERENT_BASE","M2_SIMPY_PT110","M2_SIMPY_PT169","37","57","1","0","0","0.0241","0.0417"
"DIFFERENT_BASE","M2_SIMPY_PT110","M2_SIMPY_PT170","37","57","1","1","0","0.0395","0.1111"
"DIFFERENT_BASE","M2_SIMPY_PT110","M2_SIMPY_PT171","37","57","1","2","0","0.0357","0.1167"
"DIFFERENT_BASE","M2_SIMPY_PT110","M2_SIMPY_PT174","37","58","1","2","0","0.046","0.0141"
"DIFFERENT_BASE","M2_SIMPY_PT110","M2_SIMPY_PT175","37","59","1","0","0","0.0333","0.0308"
"DIFFERENT_BASE","M2_SIMPY_PT110","M2_SIMPY_PT177","37","59","1","2","0","0.0353","0.1091"
"DIFFERENT_BASE","M2_SIMPY_PT111","M2_SIMPY_PT004","37","2","2","0","0.2","0.0761","0.0339"
"DIFFERENT_BASE","M2_SIMPY_PT111","M2_SIMPY_PT005","37","2","2","1","0.2","0.0753","0.0943"
"DIFFERENT_BASE","M2_SIMPY_PT111","M2_SIMPY_PT011","37","4","2","1","0","0.0521","0.0645"
"DIFFERENT_BASE","M2_SIMPY_PT111","M2_SIMPY_PT013","37","5","2","0","0","0.049","0.0536"
"DIFFERENT_BASE","M2_SIMPY_PT111","M2_SIMPY_PT015","37","5","2","2","0.2","0.0761","0.2449"
"DIFFERENT_BASE","M2_SIMPY_PT111","M2_SIMPY_PT019","37","7","2","0","0","0.0323","0.0351"
"DIFFERENT_BASE","M2_SIMPY_PT111","M2_SIMPY_PT021","37","7","2","2","0.2","0.2118","0.1887"
"DIFFERENT_BASE","M2_SIMPY_PT111","M2_SIMPY_PT022","37","8","2","0","0","0.0682","0.0303"
"DIFFERENT_BASE","M2_SIMPY_PT111","M2_SIMPY_PT023","37","8","2","1","0.1667","0.0787","0.0758"
"DIFFERENT_BASE","M2_SIMPY_PT111","M2_SIMPY_PT026","37","9","2","1","0","0.0505","0.0702"
"DIFFERENT_BASE","M2_SIMPY_PT111","M2_SIMPY_PT028","37","10","2","0","0","0.069","0.0185"
"DIFFERENT_BASE","M2_SIMPY_PT111","M2_SIMPY_PT029","37","10","2","1","0","0.0787","0.0678"
"DIFFERENT_BASE","M2_SIMPY_PT111","M2_SIMPY_PT031","37","11","2","0","0","0.0538","0.0484"
"DIFFERENT_BASE","M2_SIMPY_PT111","M2_SIMPY_PT033","37","11","2","2","0","0.1034","0.3137"
"DIFFERENT_BASE","M2_SIMPY_PT111","M2_SIMPY_PT035","37","12","2","1","0","0.0202","0.0678"
"DIFFERENT_BASE","M2_SIMPY_PT111","M2_SIMPY_PT036","37","12","2","2","0","0.0889","0.2941"
"DIFFERENT_BASE","M2_SIMPY_PT111","M2_SIMPY_PT038","37","13","2","1","0","0.022","0.0635"
"DIFFERENT_BASE","M2_SIMPY_PT111","M2_SIMPY_PT040","37","14","2","0","0","0.0337","0.0508"
"DIFFERENT_BASE","M2_SIMPY_PT111","M2_SIMPY_PT042","37","14","2","2","0.2","0.092","0.375"
"DIFFERENT_BASE","M2_SIMPY_PT111","M2_SIMPY_PT044","37","15","2","1","0","0.0538","0.0862"
"DIFFERENT_BASE","M2_SIMPY_PT111","M2_SIMPY_PT047","37","16","2","1","0.2","0.0217","0.1429"
"DIFFERENT_BASE","M2_SIMPY_PT111","M2_SIMPY_PT049","37","17","2","0","0","0.0215","0.0566"
"DIFFERENT_BASE","M2_SIMPY_PT111","M2_SIMPY_PT051","37","17","2","2","0.2","0.0538","0.2857"
"DIFFERENT_BASE","M2_SIMPY_PT111","M2_SIMPY_PT065","37","22","2","1","0","0.0412","0.0714"
"DIFFERENT_BASE","M2_SIMPY_PT111","M2_SIMPY_PT067","37","23","2","0","0","0.011","0.0667"
"DIFFERENT_BASE","M2_SIMPY_PT111","M2_SIMPY_PT053","37","18","2","1","0","0.0294","0.0678"
"DIFFERENT_BASE","M2_SIMPY_PT111","M2_SIMPY_PT054","37","18","2","2","0","0.0667","0.2069"
"DIFFERENT_BASE","M2_SIMPY_PT111","M2_SIMPY_PT056","37","19","2","1","0","0.0112","0.037"
"DIFFERENT_BASE","M2_SIMPY_PT111","M2_SIMPY_PT057","37","19","2","2","0","0.0421","0.2157"
"DIFFERENT_BASE","M2_SIMPY_PT111","M2_SIMPY_PT058","37","20","2","0","0","0.0222","0.0323"
"DIFFERENT_BASE","M2_SIMPY_PT111","M2_SIMPY_PT059","37","20","2","1","0","0.022","0.0926"
"DIFFERENT_BASE","M2_SIMPY_PT111","M2_SIMPY_PT061","37","21","2","0","0","0.033","0.0385"
"DIFFERENT_BASE","M2_SIMPY_PT111","M2_SIMPY_PT070","37","24","2","0","0","0.0667","0.05"
"DIFFERENT_BASE","M2_SIMPY_PT111","M2_SIMPY_PT074","37","25","2","1","0","0.0306","0.0656"
"DIFFERENT_BASE","M2_SIMPY_PT111","M2_SIMPY_PT077","37","26","2","1","0","0.0206","0.0862"
"DIFFERENT_BASE","M2_SIMPY_PT111","M2_SIMPY_PT080","37","27","2","1","0.1667","0.0421","0.1034"
"DIFFERENT_BASE","M2_SIMPY_PT111","M2_SIMPY_PT083","37","28","2","1","0","0.0319","0.0794"
"DIFFERENT_BASE","M2_SIMPY_PT111","M2_SIMPY_PT086","37","29","2","1","0.4","0.0208","0.0909"
"DIFFERENT_BASE","M2_SIMPY_PT111","M2_SIMPY_PT089","37","30","2","1","0.2","0.0444","0.098"
"DIFFERENT_BASE","M2_SIMPY_PT111","M2_SIMPY_PT090","37","30","2","2","0.1667","0.0824","0.3208"
"DIFFERENT_BASE","M2_SIMPY_PT111","M2_SIMPY_PT096","37","32","2","2","0","0.0602","0.0877"
"DIFFERENT_BASE","M2_SIMPY_PT111","M2_SIMPY_PT098","37","33","2","1","0","0.0306","0.0847"
"DIFFERENT_BASE","M2_SIMPY_PT111","M2_SIMPY_PT112","37","38","2","0","0.2","0.0652","0.082"
"DIFFERENT_BASE","M2_SIMPY_PT111","M2_SIMPY_PT113","37","38","2","1","0.2","0.0698","0.1765"
"DIFFERENT_BASE","M2_SIMPY_PT111","M2_SIMPY_PT115","37","39","2","0","0.25","0.0976","0.1296"
"DIFFERENT_BASE","M2_SIMPY_PT111","M2_SIMPY_PT116","37","39","2","1","0.2","0.1205","0.127"
"DIFFERENT_BASE","M2_SIMPY_PT111","M2_SIMPY_PT120","37","40","2","2","0","0.0814","0.5227"
"DIFFERENT_BASE","M2_SIMPY_PT111","M2_SIMPY_PT121","37","41","2","0","0","0.1047","0.0909"
"DIFFERENT_BASE","M2_SIMPY_PT111","M2_SIMPY_PT122","37","41","2","1","0","0.0864","0.14"
"DIFFERENT_BASE","M2_SIMPY_PT111","M2_SIMPY_PT125","37","42","2","1","0.2","0.022","0.1273"
"DIFFERENT_BASE","M2_SIMPY_PT111","M2_SIMPY_PT126","37","42","2","2","0.2","0.1379","0.5897"
"DIFFERENT_BASE","M2_SIMPY_PT111","M2_SIMPY_PT127","37","43","2","0","0","0.1098","0.102"
"DIFFERENT_BASE","M2_SIMPY_PT111","M2_SIMPY_PT128","37","43","2","1","0.1667","0.0421","0.125"
"DIFFERENT_BASE","M2_SIMPY_PT111","M2_SIMPY_PT131","37","44","2","1","0","0.0222","0.0667"
"DIFFERENT_BASE","M2_SIMPY_PT111","M2_SIMPY_PT133","37","45","2","0","0","0.0227","0.0299"
"DIFFERENT_BASE","M2_SIMPY_PT111","M2_SIMPY_PT135","37","45","2","2","0","0.0526","0.1639"
"DIFFERENT_BASE","M2_SIMPY_PT111","M2_SIMPY_PT140","37","47","2","1","0","0.0217","0.0678"
"DIFFERENT_BASE","M2_SIMPY_PT111","M2_SIMPY_PT143","37","48","2","1","0","0.0225","0.0351"
"DIFFERENT_BASE","M2_SIMPY_PT111","M2_SIMPY_PT144","37","48","2","2","0","0.0233","0.4146"
"DIFFERENT_BASE","M2_SIMPY_PT111","M2_SIMPY_PT146","37","49","2","1","0","0.0645","0.0294"
"DIFFERENT_BASE","M2_SIMPY_PT111","M2_SIMPY_PT148","37","50","2","0","0","0.0465","0.0308"
"DIFFERENT_BASE","M2_SIMPY_PT111","M2_SIMPY_PT149","37","50","2","1","0","0.0217","0.0625"
"DIFFERENT_BASE","M2_SIMPY_PT111","M2_SIMPY_PT151","37","51","2","0","0","0","0.0328"
"DIFFERENT_BASE","M2_SIMPY_PT111","M2_SIMPY_PT152","37","51","2","1","0","0.0204","0.1356"
"DIFFERENT_BASE","M2_SIMPY_PT111","M2_SIMPY_PT153","37","51","2","2","0","0.1","0.2308"
"DIFFERENT_BASE","M2_SIMPY_PT111","M2_SIMPY_PT155","37","52","2","1","0","0.0638","0.0635"
"DIFFERENT_BASE","M2_SIMPY_PT111","M2_SIMPY_PT156","37","52","2","2","0.2","0.119","0.283"
"DIFFERENT_BASE","M2_SIMPY_PT111","M2_SIMPY_PT157","37","53","2","0","0","0.0333","0.0299"
"DIFFERENT_BASE","M2_SIMPY_PT111","M2_SIMPY_PT158","37","53","2","1","0","0.0417","0.0794"
"DIFFERENT_BASE","M2_SIMPY_PT111","M2_SIMPY_PT159","37","53","2","2","0","0.0814","0.2105"
"DIFFERENT_BASE","M2_SIMPY_PT111","M2_SIMPY_PT161","37","54","2","1","0","0.043","0.0469"
"DIFFERENT_BASE","M2_SIMPY_PT111","M2_SIMPY_PT162","37","54","2","2","0","0.0769","0.2182"
"DIFFERENT_BASE","M2_SIMPY_PT111","M2_SIMPY_PT165","37","55","2","2","0","0.0543","0.0448"
"DIFFERENT_BASE","M2_SIMPY_PT111","M2_SIMPY_PT166","37","56","2","0","0.1667","0.0625","0.0462"
"DIFFERENT_BASE","M2_SIMPY_PT111","M2_SIMPY_PT167","37","56","2","1","0","0.0211","0.0625"
"DIFFERENT_BASE","M2_SIMPY_PT111","M2_SIMPY_PT169","37","57","2","0","0","0.0114","0.0141"
"DIFFERENT_BASE","M2_SIMPY_PT111","M2_SIMPY_PT170","37","57","2","1","0","0.0375","0.0962"
"DIFFERENT_BASE","M2_SIMPY_PT111","M2_SIMPY_PT171","37","57","2","2","0","0.0341","0.1852"
"DIFFERENT_BASE","M2_SIMPY_PT111","M2_SIMPY_PT174","37","58","2","2","0","0.0556","0.0615"
"DIFFERENT_BASE","M2_SIMPY_PT111","M2_SIMPY_PT175","37","59","2","0","0","0.0319","0.0323"
"DIFFERENT_BASE","M2_SIMPY_PT111","M2_SIMPY_PT177","37","59","2","2","0","0.0455","0.1373"
"SAME_BASE_OTHER_CELL","M2_SIMPY_PT004","M2_SIMPY_PT005","2","2","0","1","1","0.1047","0.1731"
"DIFFERENT_BASE","M2_SIMPY_PT004","M2_SIMPY_PT011","2","4","0","1","0.5","0.0909","0.0952"
"DIFFERENT_BASE","M2_SIMPY_PT004","M2_SIMPY_PT013","2","5","0","0","0.25","0.0408","0.1273"
"DIFFERENT_BASE","M2_SIMPY_PT004","M2_SIMPY_PT015","2","5","0","2","0.2","0.0805","0.0492"
"DIFFERENT_BASE","M2_SIMPY_PT004","M2_SIMPY_PT019","2","7","0","0","0.25","0.0341","0.1071"
"DIFFERENT_BASE","M2_SIMPY_PT004","M2_SIMPY_PT021","2","7","0","2","0.5","0.1136","0.0476"
"DIFFERENT_BASE","M2_SIMPY_PT004","M2_SIMPY_PT022","2","8","0","0","0.25","0.0854","0.0923"
"DIFFERENT_BASE","M2_SIMPY_PT004","M2_SIMPY_PT023","2","8","0","1","0.4","0.046","0.0725"
"DIFFERENT_BASE","M2_SIMPY_PT004","M2_SIMPY_PT026","2","9","0","1","0.2","0.0532","0.0492"
"DIFFERENT_BASE","M2_SIMPY_PT004","M2_SIMPY_PT028","2","10","0","0","0.25","0.0353","0.0545"
"DIFFERENT_BASE","M2_SIMPY_PT004","M2_SIMPY_PT029","2","10","0","1","0.1667","0.0581","0.0645"
"DIFFERENT_BASE","M2_SIMPY_PT004","M2_SIMPY_PT031","2","11","0","0","0","0.0333","0.1148"
"DIFFERENT_BASE","M2_SIMPY_PT004","M2_SIMPY_PT033","2","11","0","2","0","0.0706","0.0448"
"DIFFERENT_BASE","M2_SIMPY_PT004","M2_SIMPY_PT035","2","12","0","1","0.2","0.0105","0.0476"
"DIFFERENT_BASE","M2_SIMPY_PT004","M2_SIMPY_PT036","2","12","0","2","0.2","0.069","0.0299"
"DIFFERENT_BASE","M2_SIMPY_PT004","M2_SIMPY_PT038","2","13","0","1","0.25","0.0115","0.0448"
"DIFFERENT_BASE","M2_SIMPY_PT004","M2_SIMPY_PT040","2","14","0","0","0.25","0.1013","0.0833"
"DIFFERENT_BASE","M2_SIMPY_PT004","M2_SIMPY_PT042","2","14","0","2","0.5","0.0843","0.0299"
"DIFFERENT_BASE","M2_SIMPY_PT004","M2_SIMPY_PT044","2","15","0","1","0","0.0333","0.0476"
"DIFFERENT_BASE","M2_SIMPY_PT004","M2_SIMPY_PT047","2","16","0","1","0.5","0.0349","0.0308"
"DIFFERENT_BASE","M2_SIMPY_PT004","M2_SIMPY_PT049","2","17","0","0","0","0.0588","0.0926"
"DIFFERENT_BASE","M2_SIMPY_PT004","M2_SIMPY_PT051","2","17","0","2","0","0.022","0.0312"
"DIFFERENT_BASE","M2_SIMPY_PT004","M2_SIMPY_PT065","2","22","0","1","0.2","0.1163","0.05"
"DIFFERENT_BASE","M2_SIMPY_PT004","M2_SIMPY_PT067","2","23","0","0","0","0.0482","0.0984"
"DIFFERENT_BASE","M2_SIMPY_PT004","M2_SIMPY_PT053","2","18","0","1","0","0.0638","0.0645"
"DIFFERENT_BASE","M2_SIMPY_PT004","M2_SIMPY_PT054","2","18","0","2","0","0.0341","0.0282"
"DIFFERENT_BASE","M2_SIMPY_PT004","M2_SIMPY_PT056","2","19","0","1","0","0.0366","0.0536"
"DIFFERENT_BASE","M2_SIMPY_PT004","M2_SIMPY_PT057","2","19","0","2","0","0.033","0.0317"
"DIFFERENT_BASE","M2_SIMPY_PT004","M2_SIMPY_PT058","2","20","0","0","0","0.1013","0.0984"
"DIFFERENT_BASE","M2_SIMPY_PT004","M2_SIMPY_PT059","2","20","0","1","0","0.0353","0.0508"
"DIFFERENT_BASE","M2_SIMPY_PT004","M2_SIMPY_PT061","2","21","0","0","0","0.0471","0.0962"
"DIFFERENT_BASE","M2_SIMPY_PT004","M2_SIMPY_PT070","2","24","0","0","0.25","0.0341","0.1186"
"DIFFERENT_BASE","M2_SIMPY_PT004","M2_SIMPY_PT074","2","25","0","1","0","0.0787","0.0462"
"DIFFERENT_BASE","M2_SIMPY_PT004","M2_SIMPY_PT077","2","26","0","1","0.25","0.033","0.0476"
"DIFFERENT_BASE","M2_SIMPY_PT004","M2_SIMPY_PT080","2","27","0","1","0.1667","0.0217","0.0308"
"DIFFERENT_BASE","M2_SIMPY_PT004","M2_SIMPY_PT083","2","28","0","1","0","0.0337","0.0441"
"DIFFERENT_BASE","M2_SIMPY_PT004","M2_SIMPY_PT086","2","29","0","1","0.4","0.022","0.05"
"DIFFERENT_BASE","M2_SIMPY_PT004","M2_SIMPY_PT089","2","30","0","1","0","0.0471","0.0536"
"DIFFERENT_BASE","M2_SIMPY_PT004","M2_SIMPY_PT090","2","30","0","2","0","0.061","0.0282"
"DIFFERENT_BASE","M2_SIMPY_PT004","M2_SIMPY_PT096","2","32","0","2","0","0.0641","0.0317"
"DIFFERENT_BASE","M2_SIMPY_PT004","M2_SIMPY_PT098","2","33","0","1","0","0.0549","0.0469"
"DIFFERENT_BASE","M2_SIMPY_PT004","M2_SIMPY_PT112","2","38","0","0","0","0.0333","0.0952"
"DIFFERENT_BASE","M2_SIMPY_PT004","M2_SIMPY_PT113","2","38","0","1","0","0.0357","0.05"
"DIFFERENT_BASE","M2_SIMPY_PT004","M2_SIMPY_PT115","2","39","0","0","0","0.0241","0.1228"
"DIFFERENT_BASE","M2_SIMPY_PT004","M2_SIMPY_PT116","2","39","0","1","0","0.0732","0.0571"
"DIFFERENT_BASE","M2_SIMPY_PT004","M2_SIMPY_PT120","2","40","0","2","0","0.0233","0.0294"
"DIFFERENT_BASE","M2_SIMPY_PT004","M2_SIMPY_PT121","2","41","0","0","0","0.0227","0.1053"
"DIFFERENT_BASE","M2_SIMPY_PT004","M2_SIMPY_PT122","2","41","0","1","0","0.0506","0.0526"
"DIFFERENT_BASE","M2_SIMPY_PT004","M2_SIMPY_PT125","2","42","0","1","0.2","0.0476","0.0484"
"DIFFERENT_BASE","M2_SIMPY_PT004","M2_SIMPY_PT126","2","42","0","2","0.2","0.033","0.0317"
"DIFFERENT_BASE","M2_SIMPY_PT004","M2_SIMPY_PT127","2","43","0","0","0","0.0361","0.0962"
"DIFFERENT_BASE","M2_SIMPY_PT004","M2_SIMPY_PT128","2","43","0","1","0","0.0217","0.0476"
"DIFFERENT_BASE","M2_SIMPY_PT004","M2_SIMPY_PT131","2","44","0","1","0.1667","0.0357","0.1754"
"DIFFERENT_BASE","M2_SIMPY_PT004","M2_SIMPY_PT133","2","45","0","0","0","0.0366","0.1429"
"DIFFERENT_BASE","M2_SIMPY_PT004","M2_SIMPY_PT135","2","45","0","2","0","0.044","0.0725"
"DIFFERENT_BASE","M2_SIMPY_PT004","M2_SIMPY_PT140","2","47","0","1","0.2","0.0349","0.1"
"DIFFERENT_BASE","M2_SIMPY_PT004","M2_SIMPY_PT143","2","48","0","1","0","0.0361","0.1273"
"DIFFERENT_BASE","M2_SIMPY_PT004","M2_SIMPY_PT144","2","48","0","2","0","0.0247","0.0339"
"DIFFERENT_BASE","M2_SIMPY_PT004","M2_SIMPY_PT146","2","49","0","1","0","0.0805","0.0429"
"DIFFERENT_BASE","M2_SIMPY_PT004","M2_SIMPY_PT148","2","50","0","0","0.4","0.1486","0.129"
"DIFFERENT_BASE","M2_SIMPY_PT004","M2_SIMPY_PT149","2","50","0","1","0.1667","0.0349","0.0597"
"DIFFERENT_BASE","M2_SIMPY_PT004","M2_SIMPY_PT151","2","51","0","0","0","0.0116","0.1"
"DIFFERENT_BASE","M2_SIMPY_PT004","M2_SIMPY_PT152","2","51","0","1","0","0.0326","0.0448"
"DIFFERENT_BASE","M2_SIMPY_PT004","M2_SIMPY_PT153","2","51","0","2","0.1667","0.0805","0.0469"
"DIFFERENT_BASE","M2_SIMPY_PT004","M2_SIMPY_PT155","2","52","0","1","0.25","0.0326","0.0606"
"DIFFERENT_BASE","M2_SIMPY_PT004","M2_SIMPY_PT156","2","52","0","2","0.5","0.0854","0.0441"
"DIFFERENT_BASE","M2_SIMPY_PT004","M2_SIMPY_PT157","2","53","0","0","0","0.0476","0.0909"
"DIFFERENT_BASE","M2_SIMPY_PT004","M2_SIMPY_PT158","2","53","0","1","0","0.044","0.0597"
"DIFFERENT_BASE","M2_SIMPY_PT004","M2_SIMPY_PT159","2","53","0","2","0","0.0353","0.0435"
"DIFFERENT_BASE","M2_SIMPY_PT004","M2_SIMPY_PT161","2","54","0","1","0","0.0698","0.0448"
"DIFFERENT_BASE","M2_SIMPY_PT004","M2_SIMPY_PT162","2","54","0","2","0.1667","0.0449","0.0448"
"DIFFERENT_BASE","M2_SIMPY_PT004","M2_SIMPY_PT165","2","55","0","2","0","0.0337","0.0282"
"DIFFERENT_BASE","M2_SIMPY_PT004","M2_SIMPY_PT166","2","56","0","0","0","0.0319","0.127"
"DIFFERENT_BASE","M2_SIMPY_PT004","M2_SIMPY_PT167","2","56","0","1","0","0.011","0.0441"
"DIFFERENT_BASE","M2_SIMPY_PT004","M2_SIMPY_PT169","2","57","0","0","0","0.012","0.0714"
"DIFFERENT_BASE","M2_SIMPY_PT004","M2_SIMPY_PT170","2","57","0","1","0","0.0263","0.1111"
"DIFFERENT_BASE","M2_SIMPY_PT004","M2_SIMPY_PT171","2","57","0","2","0","0.0238","0.0806"
"DIFFERENT_BASE","M2_SIMPY_PT004","M2_SIMPY_PT174","2","58","0","2","0","0.0465","0.0286"
"DIFFERENT_BASE","M2_SIMPY_PT004","M2_SIMPY_PT175","2","59","0","0","0","0.0337","0.0984"
"DIFFERENT_BASE","M2_SIMPY_PT004","M2_SIMPY_PT177","2","59","0","2","0","0.0482","0.0517"
"DIFFERENT_BASE","M2_SIMPY_PT005","M2_SIMPY_PT011","2","4","1","1","0.5","0.0543","0.1786"
"DIFFERENT_BASE","M2_SIMPY_PT005","M2_SIMPY_PT013","2","5","1","0","0.25","0.03","0.0727"
"DIFFERENT_BASE","M2_SIMPY_PT005","M2_SIMPY_PT015","2","5","1","2","0.2","0.1047","0.0702"
"DIFFERENT_BASE","M2_SIMPY_PT005","M2_SIMPY_PT019","2","7","1","0","0.25","0.0455","0.1132"
"DIFFERENT_BASE","M2_SIMPY_PT005","M2_SIMPY_PT021","2","7","1","2","0.5","0.0645","0.0862"
"DIFFERENT_BASE","M2_SIMPY_PT005","M2_SIMPY_PT022","2","8","1","0","0.25","0.0465","0.0968"
"DIFFERENT_BASE","M2_SIMPY_PT005","M2_SIMPY_PT023","2","8","1","1","0.4","0.2105","0.2034"
"DIFFERENT_BASE","M2_SIMPY_PT005","M2_SIMPY_PT026","2","9","1","1","0.2","0.0989","0.1731"
"DIFFERENT_BASE","M2_SIMPY_PT005","M2_SIMPY_PT028","2","10","1","0","0.25","0.0595","0.0377"
"DIFFERENT_BASE","M2_SIMPY_PT005","M2_SIMPY_PT029","2","10","1","1","0.1667","0.0824","0.1667"
"DIFFERENT_BASE","M2_SIMPY_PT005","M2_SIMPY_PT031","2","11","1","0","0","0.0562","0.0484"
"DIFFERENT_BASE","M2_SIMPY_PT005","M2_SIMPY_PT033","2","11","1","2","0","0.0575","0.0984"
"DIFFERENT_BASE","M2_SIMPY_PT005","M2_SIMPY_PT035","2","12","1","1","0.2","0.0319","0.125"
"DIFFERENT_BASE","M2_SIMPY_PT005","M2_SIMPY_PT036","2","12","1","2","0.2","0.033","0.082"
"DIFFERENT_BASE","M2_SIMPY_PT005","M2_SIMPY_PT038","2","13","1","1","0.25","0.0349","0.0806"
"DIFFERENT_BASE","M2_SIMPY_PT005","M2_SIMPY_PT040","2","14","1","0","0.25","0.1","0.0508"
"DIFFERENT_BASE","M2_SIMPY_PT005","M2_SIMPY_PT042","2","14","1","2","0.5","0.046","0.082"
"DIFFERENT_BASE","M2_SIMPY_PT005","M2_SIMPY_PT044","2","15","1","1","0","0.0562","0.125"
"DIFFERENT_BASE","M2_SIMPY_PT005","M2_SIMPY_PT047","2","16","1","1","0.5","0.0465","0.0847"
"DIFFERENT_BASE","M2_SIMPY_PT005","M2_SIMPY_PT049","2","17","1","0","0","0.046","0.0769"
"DIFFERENT_BASE","M2_SIMPY_PT005","M2_SIMPY_PT051","2","17","1","2","0","0.0682","0.05"
"DIFFERENT_BASE","M2_SIMPY_PT005","M2_SIMPY_PT065","2","22","1","1","0.2","0.0211","0.1111"
"DIFFERENT_BASE","M2_SIMPY_PT005","M2_SIMPY_PT067","2","23","1","0","0","0.0732","0.0667"
"DIFFERENT_BASE","M2_SIMPY_PT005","M2_SIMPY_PT053","2","18","1","1","0","0.1099","0.1053"
"DIFFERENT_BASE","M2_SIMPY_PT005","M2_SIMPY_PT054","2","18","1","2","0","0.0337","0.0769"
"DIFFERENT_BASE","M2_SIMPY_PT005","M2_SIMPY_PT056","2","19","1","1","0","0.0361","0.0769"
"DIFFERENT_BASE","M2_SIMPY_PT005","M2_SIMPY_PT057","2","19","1","2","0","0.0795","0.069"
"DIFFERENT_BASE","M2_SIMPY_PT005","M2_SIMPY_PT058","2","20","1","0","0","0.0732","0.0847"
"DIFFERENT_BASE","M2_SIMPY_PT005","M2_SIMPY_PT059","2","20","1","1","0","0.1867","0.3721"
"DIFFERENT_BASE","M2_SIMPY_PT005","M2_SIMPY_PT061","2","21","1","0","0","0.0465","0.08"
"DIFFERENT_BASE","M2_SIMPY_PT005","M2_SIMPY_PT070","2","24","1","0","0.25","0.0698","0.1455"
"DIFFERENT_BASE","M2_SIMPY_PT005","M2_SIMPY_PT074","2","25","1","1","0","0.0543","0.0833"
"DIFFERENT_BASE","M2_SIMPY_PT005","M2_SIMPY_PT077","2","26","1","1","0.25","0.0106","0.0862"
"DIFFERENT_BASE","M2_SIMPY_PT005","M2_SIMPY_PT080","2","27","1","1","0.1667","0.044","0.0847"
"DIFFERENT_BASE","M2_SIMPY_PT005","M2_SIMPY_PT083","2","28","1","1","0","0.0814","0.0794"
"DIFFERENT_BASE","M2_SIMPY_PT005","M2_SIMPY_PT086","2","29","1","1","0.4","0.0217","0.0909"
"DIFFERENT_BASE","M2_SIMPY_PT005","M2_SIMPY_PT089","2","30","1","1","0","0.0345","0.098"
"DIFFERENT_BASE","M2_SIMPY_PT005","M2_SIMPY_PT090","2","30","1","2","0","0.0353","0.0606"
"DIFFERENT_BASE","M2_SIMPY_PT005","M2_SIMPY_PT096","2","32","1","2","0","0.0769","0.0508"
"DIFFERENT_BASE","M2_SIMPY_PT005","M2_SIMPY_PT098","2","33","1","1","0","0.0543","0.1034"
"DIFFERENT_BASE","M2_SIMPY_PT005","M2_SIMPY_PT112","2","38","1","0","0","0.093","0.1186"
"DIFFERENT_BASE","M2_SIMPY_PT005","M2_SIMPY_PT113","2","38","1","1","0","0.1282","0.3953"
"DIFFERENT_BASE","M2_SIMPY_PT005","M2_SIMPY_PT115","2","39","1","0","0","0.0238","0.0702"
"DIFFERENT_BASE","M2_SIMPY_PT005","M2_SIMPY_PT116","2","39","1","1","0","0.0349","0.0923"
"DIFFERENT_BASE","M2_SIMPY_PT005","M2_SIMPY_PT120","2","40","1","2","0","0.0723","0.0806"
"DIFFERENT_BASE","M2_SIMPY_PT005","M2_SIMPY_PT121","2","41","1","0","0","0.046","0.0526"
"DIFFERENT_BASE","M2_SIMPY_PT005","M2_SIMPY_PT122","2","41","1","1","0","0.0769","0.3256"
"DIFFERENT_BASE","M2_SIMPY_PT005","M2_SIMPY_PT125","2","42","1","1","0.2","0.0471","0.1071"
"DIFFERENT_BASE","M2_SIMPY_PT005","M2_SIMPY_PT126","2","42","1","2","0.2","0.0326","0.069"
"DIFFERENT_BASE","M2_SIMPY_PT005","M2_SIMPY_PT127","2","43","1","0","0","0.061","0.0588"
"DIFFERENT_BASE","M2_SIMPY_PT005","M2_SIMPY_PT128","2","43","1","1","0","0.0215","0.2857"
"DIFFERENT_BASE","M2_SIMPY_PT005","M2_SIMPY_PT131","2","44","1","1","0.1667","0.0602","0.2075"
"DIFFERENT_BASE","M2_SIMPY_PT005","M2_SIMPY_PT133","2","45","1","0","0","0.0488","0.1311"
"DIFFERENT_BASE","M2_SIMPY_PT005","M2_SIMPY_PT135","2","45","1","2","0","0.0909","0.1452"
"DIFFERENT_BASE","M2_SIMPY_PT005","M2_SIMPY_PT140","2","47","1","1","0.2","0.0976","0.1667"
"DIFFERENT_BASE","M2_SIMPY_PT005","M2_SIMPY_PT143","2","48","1","1","0","0.0741","0.1346"
"DIFFERENT_BASE","M2_SIMPY_PT005","M2_SIMPY_PT144","2","48","1","2","0","0.037","0.0943"
"DIFFERENT_BASE","M2_SIMPY_PT005","M2_SIMPY_PT146","2","49","1","1","0","0.0556","0.0938"
"DIFFERENT_BASE","M2_SIMPY_PT005","M2_SIMPY_PT148","2","50","1","0","0.4","0.0886","0.0806"
"DIFFERENT_BASE","M2_SIMPY_PT005","M2_SIMPY_PT149","2","50","1","1","0.1667","0.125","0.193"
"DIFFERENT_BASE","M2_SIMPY_PT005","M2_SIMPY_PT151","2","51","1","0","0","0.0602","0.0678"
"DIFFERENT_BASE","M2_SIMPY_PT005","M2_SIMPY_PT152","2","51","1","1","0","0.0323","0.1356"
"DIFFERENT_BASE","M2_SIMPY_PT005","M2_SIMPY_PT153","2","51","1","2","0.1667","0.1728","0.0847"
"DIFFERENT_BASE","M2_SIMPY_PT005","M2_SIMPY_PT155","2","52","1","1","0.25","0.0787","0.1167"
"DIFFERENT_BASE","M2_SIMPY_PT005","M2_SIMPY_PT156","2","52","1","2","0.5","0.0465","0.1148"
"DIFFERENT_BASE","M2_SIMPY_PT005","M2_SIMPY_PT157","2","53","1","0","0","0.0723","0.0455"
"DIFFERENT_BASE","M2_SIMPY_PT005","M2_SIMPY_PT158","2","53","1","1","0","0.0667","0.1724"
"DIFFERENT_BASE","M2_SIMPY_PT005","M2_SIMPY_PT159","2","53","1","2","0","0.0723","0.0952"
"DIFFERENT_BASE","M2_SIMPY_PT005","M2_SIMPY_PT161","2","54","1","1","0","0.0941","0.0635"
"DIFFERENT_BASE","M2_SIMPY_PT005","M2_SIMPY_PT162","2","54","1","2","0.1667","0.0682","0.1167"
"DIFFERENT_BASE","M2_SIMPY_PT005","M2_SIMPY_PT165","2","55","1","2","0","0.0568","0.0448"
"DIFFERENT_BASE","M2_SIMPY_PT005","M2_SIMPY_PT166","2","56","1","0","0","0.0316","0.0625"
"DIFFERENT_BASE","M2_SIMPY_PT005","M2_SIMPY_PT167","2","56","1","1","0","0.0333","0.1333"
"DIFFERENT_BASE","M2_SIMPY_PT005","M2_SIMPY_PT169","2","57","1","0","0","0.0241","0.0746"
"DIFFERENT_BASE","M2_SIMPY_PT005","M2_SIMPY_PT170","2","57","1","1","0","0.026","0.2391"
"DIFFERENT_BASE","M2_SIMPY_PT005","M2_SIMPY_PT171","2","57","1","2","0","0.0357","0.1228"
"DIFFERENT_BASE","M2_SIMPY_PT005","M2_SIMPY_PT174","2","58","1","2","0","0.0581","0.0299"
"DIFFERENT_BASE","M2_SIMPY_PT005","M2_SIMPY_PT175","2","59","1","0","0","0.0449","0.0492"
"DIFFERENT_BASE","M2_SIMPY_PT005","M2_SIMPY_PT177","2","59","1","2","0","0.0732","0.1154"
"DIFFERENT_BASE","M2_SIMPY_PT011","M2_SIMPY_PT013","4","5","1","0","0.25","0.04","0.0635"
"DIFFERENT_BASE","M2_SIMPY_PT011","M2_SIMPY_PT015","4","5","1","2","0.2","0.0323","0.0781"
"DIFFERENT_BASE","M2_SIMPY_PT011","M2_SIMPY_PT019","4","7","1","0","0.25","0.0449","0.1167"
"DIFFERENT_BASE","M2_SIMPY_PT011","M2_SIMPY_PT021","4","7","1","2","0.2","0.0526","0.1094"
"DIFFERENT_BASE","M2_SIMPY_PT011","M2_SIMPY_PT022","4","8","1","0","0.25","0.0833","0.0857"
"DIFFERENT_BASE","M2_SIMPY_PT011","M2_SIMPY_PT023","4","8","1","1","0.1667","0.0333","0.1449"
"DIFFERENT_BASE","M2_SIMPY_PT011","M2_SIMPY_PT026","4","9","1","1","0.2","0.0306","0.1311"
"DIFFERENT_BASE","M2_SIMPY_PT011","M2_SIMPY_PT028","4","10","1","0","0.25","0.0588","0.0328"
"DIFFERENT_BASE","M2_SIMPY_PT011","M2_SIMPY_PT029","4","10","1","1","0.1667","0.0568","0.0923"
"DIFFERENT_BASE","M2_SIMPY_PT011","M2_SIMPY_PT031","4","11","1","0","0","0.044","0.058"
"DIFFERENT_BASE","M2_SIMPY_PT011","M2_SIMPY_PT033","4","11","1","2","0","0.0449","0.1194"
"DIFFERENT_BASE","M2_SIMPY_PT011","M2_SIMPY_PT035","4","12","1","1","0.2","0.0208","0.1094"
"DIFFERENT_BASE","M2_SIMPY_PT011","M2_SIMPY_PT036","4","12","1","2","0.2","0.0556","0.0882"
"DIFFERENT_BASE","M2_SIMPY_PT011","M2_SIMPY_PT038","4","13","1","1","0.25","0.0227","0.1194"
"DIFFERENT_BASE","M2_SIMPY_PT011","M2_SIMPY_PT040","4","14","1","0","0.25","0.0349","0.0448"
"DIFFERENT_BASE","M2_SIMPY_PT011","M2_SIMPY_PT042","4","14","1","2","0.2","0.0337","0.0882"
"DIFFERENT_BASE","M2_SIMPY_PT011","M2_SIMPY_PT044","4","15","1","1","0","0.0326","0.1094"
"DIFFERENT_BASE","M2_SIMPY_PT011","M2_SIMPY_PT047","4","16","1","1","0.2","0.0225","0.0909"
"DIFFERENT_BASE","M2_SIMPY_PT011","M2_SIMPY_PT049","4","17","1","0","0","0.0337","0.0667"
"DIFFERENT_BASE","M2_SIMPY_PT011","M2_SIMPY_PT051","4","17","1","2","0","0.0326","0.0441"
"DIFFERENT_BASE","M2_SIMPY_PT011","M2_SIMPY_PT065","4","22","1","1","0.2","0.1011","0.1148"
"DIFFERENT_BASE","M2_SIMPY_PT011","M2_SIMPY_PT067","4","23","1","0","0","0.023","0.0588"
"DIFFERENT_BASE","M2_SIMPY_PT011","M2_SIMPY_PT053","4","18","1","1","0","0.0099","0.1094"
"DIFFERENT_BASE","M2_SIMPY_PT011","M2_SIMPY_PT054","4","18","1","2","0","0.022","0.0833"
"DIFFERENT_BASE","M2_SIMPY_PT011","M2_SIMPY_PT056","4","19","1","1","0","0.0357","0.0847"
"DIFFERENT_BASE","M2_SIMPY_PT011","M2_SIMPY_PT057","4","19","1","2","0","0.0435","0.0769"
"DIFFERENT_BASE","M2_SIMPY_PT011","M2_SIMPY_PT058","4","20","1","0","0","0.0349","0.0435"
"DIFFERENT_BASE","M2_SIMPY_PT011","M2_SIMPY_PT059","4","20","1","1","0","0.0227","0.0984"
"DIFFERENT_BASE","M2_SIMPY_PT011","M2_SIMPY_PT061","4","21","1","0","0","0.0706","0.0508"
"DIFFERENT_BASE","M2_SIMPY_PT011","M2_SIMPY_PT070","4","24","1","0","0.25","0.0333","0.0758"
"DIFFERENT_BASE","M2_SIMPY_PT011","M2_SIMPY_PT074","4","25","1","1","0","0.0538","0.1231"
"DIFFERENT_BASE","M2_SIMPY_PT011","M2_SIMPY_PT077","4","26","1","1","0.25","0.0667","0.1639"
"DIFFERENT_BASE","M2_SIMPY_PT011","M2_SIMPY_PT080","4","27","1","1","0","0.0435","0.0588"
"DIFFERENT_BASE","M2_SIMPY_PT011","M2_SIMPY_PT083","4","28","1","1","0","0.0444","0.1014"
"DIFFERENT_BASE","M2_SIMPY_PT011","M2_SIMPY_PT086","4","29","1","1","0.1667","0.0215","0.1148"
"DIFFERENT_BASE","M2_SIMPY_PT011","M2_SIMPY_PT089","4","30","1","1","0","0.0341","0.1228"
"DIFFERENT_BASE","M2_SIMPY_PT011","M2_SIMPY_PT090","4","30","1","2","0","0.0471","0.0833"
"DIFFERENT_BASE","M2_SIMPY_PT011","M2_SIMPY_PT096","4","32","1","2","0","0.0494","0.0606"
"DIFFERENT_BASE","M2_SIMPY_PT011","M2_SIMPY_PT098","4","33","1","1","0","0.0316","0.1077"
"DIFFERENT_BASE","M2_SIMPY_PT011","M2_SIMPY_PT112","4","38","1","0","0","0.044","0.0571"
"DIFFERENT_BASE","M2_SIMPY_PT011","M2_SIMPY_PT113","4","38","1","1","0","0.023","0.0968"
"DIFFERENT_BASE","M2_SIMPY_PT011","M2_SIMPY_PT115","4","39","1","0","0","0.0357","0.0455"
"DIFFERENT_BASE","M2_SIMPY_PT011","M2_SIMPY_PT116","4","39","1","1","0","0.0465","0.0972"
"DIFFERENT_BASE","M2_SIMPY_PT011","M2_SIMPY_PT120","4","40","1","2","0","0.0588","0.0417"
"DIFFERENT_BASE","M2_SIMPY_PT011","M2_SIMPY_PT121","4","41","1","0","0","0.0575","0.0462"
"DIFFERENT_BASE","M2_SIMPY_PT011","M2_SIMPY_PT122","4","41","1","1","0","0.0897","0.0833"
"DIFFERENT_BASE","M2_SIMPY_PT011","M2_SIMPY_PT125","4","42","1","1","0.2","0.0588","0.1111"
"DIFFERENT_BASE","M2_SIMPY_PT011","M2_SIMPY_PT126","4","42","1","2","0.2","0.0323","0.0448"
"DIFFERENT_BASE","M2_SIMPY_PT011","M2_SIMPY_PT127","4","43","1","0","0","0.0353","0.0508"
"DIFFERENT_BASE","M2_SIMPY_PT011","M2_SIMPY_PT128","4","43","1","1","0","0.0213","0.0758"
"DIFFERENT_BASE","M2_SIMPY_PT011","M2_SIMPY_PT131","4","44","1","1","0.1667","0.0114","0.1429"
"DIFFERENT_BASE","M2_SIMPY_PT011","M2_SIMPY_PT133","4","45","1","0","0","0.0116","0.0405"
"DIFFERENT_BASE","M2_SIMPY_PT011","M2_SIMPY_PT135","4","45","1","2","0","0.0543","0.0395"
"DIFFERENT_BASE","M2_SIMPY_PT011","M2_SIMPY_PT140","4","47","1","1","0.2","0.0111","0.1452"
"DIFFERENT_BASE","M2_SIMPY_PT011","M2_SIMPY_PT143","4","48","1","1","0","0.0233","0.1167"
"DIFFERENT_BASE","M2_SIMPY_PT011","M2_SIMPY_PT144","4","48","1","2","0","0.0241","0.0312"
"DIFFERENT_BASE","M2_SIMPY_PT011","M2_SIMPY_PT146","4","49","1","1","0","0.0549","0.0685"
"DIFFERENT_BASE","M2_SIMPY_PT011","M2_SIMPY_PT148","4","50","1","0","0.4","0.0875","0.0714"
"DIFFERENT_BASE","M2_SIMPY_PT011","M2_SIMPY_PT149","4","50","1","1","0.1667","0.0225","0.0704"
"DIFFERENT_BASE","M2_SIMPY_PT011","M2_SIMPY_PT151","4","51","1","0","0","0.0114","0.0441"
"DIFFERENT_BASE","M2_SIMPY_PT011","M2_SIMPY_PT152","4","51","1","1","0","0.0319","0.0714"
"DIFFERENT_BASE","M2_SIMPY_PT011","M2_SIMPY_PT153","4","51","1","2","0.1667","0.0435","0.1077"
"DIFFERENT_BASE","M2_SIMPY_PT011","M2_SIMPY_PT155","4","52","1","1","0.25","0.043","0.1194"
"DIFFERENT_BASE","M2_SIMPY_PT011","M2_SIMPY_PT156","4","52","1","2","0.2","0.0341","0.0411"
"DIFFERENT_BASE","M2_SIMPY_PT011","M2_SIMPY_PT157","4","53","1","0","0","0.0227","0.0405"
"DIFFERENT_BASE","M2_SIMPY_PT011","M2_SIMPY_PT158","4","53","1","1","0","0.0319","0.1014"
"DIFFERENT_BASE","M2_SIMPY_PT011","M2_SIMPY_PT159","4","53","1","2","0","0.0465","0.0548"
"DIFFERENT_BASE","M2_SIMPY_PT011","M2_SIMPY_PT161","4","54","1","1","0","0.0217","0.087"
"DIFFERENT_BASE","M2_SIMPY_PT011","M2_SIMPY_PT162","4","54","1","2","0.1667","0.044","0.0563"
"DIFFERENT_BASE","M2_SIMPY_PT011","M2_SIMPY_PT165","4","55","1","2","0","0.0444","0.04"
"DIFFERENT_BASE","M2_SIMPY_PT011","M2_SIMPY_PT166","4","56","1","0","0","0.0421","0.0556"
"DIFFERENT_BASE","M2_SIMPY_PT011","M2_SIMPY_PT167","4","56","1","1","0","0.0217","0.0857"
"DIFFERENT_BASE","M2_SIMPY_PT011","M2_SIMPY_PT169","4","57","1","0","0","0.0361","0.0256"
"DIFFERENT_BASE","M2_SIMPY_PT011","M2_SIMPY_PT170","4","57","1","1","0","0.039","0.1017"
"DIFFERENT_BASE","M2_SIMPY_PT011","M2_SIMPY_PT171","4","57","1","2","0","0.0353","0.0909"
"DIFFERENT_BASE","M2_SIMPY_PT011","M2_SIMPY_PT174","4","58","1","2","0","0.0337","0.0405"
"DIFFERENT_BASE","M2_SIMPY_PT011","M2_SIMPY_PT175","4","59","1","0","0","0.0444","0.0746"
"DIFFERENT_BASE","M2_SIMPY_PT011","M2_SIMPY_PT177","4","59","1","2","0.2","0.141","0.1186"
"SAME_BASE_OTHER_CELL","M2_SIMPY_PT013","M2_SIMPY_PT015","5","5","0","2","0.6667","0.0515","0.069"
"DIFFERENT_BASE","M2_SIMPY_PT013","M2_SIMPY_PT019","5","7","0","0","0.3333","0.1","0.1111"
"DIFFERENT_BASE","M2_SIMPY_PT013","M2_SIMPY_PT021","5","7","0","2","0.25","0.0707","0.0847"
"DIFFERENT_BASE","M2_SIMPY_PT013","M2_SIMPY_PT022","5","8","0","0","0.3333","0.0543","0.0781"
"DIFFERENT_BASE","M2_SIMPY_PT013","M2_SIMPY_PT023","5","8","0","1","0.2","0.0532","0.0746"
"DIFFERENT_BASE","M2_SIMPY_PT013","M2_SIMPY_PT026","5","9","0","1","0.25","0.019","0.0877"
"DIFFERENT_BASE","M2_SIMPY_PT013","M2_SIMPY_PT028","5","10","0","0","0.3333","0.0323","0.037"
"DIFFERENT_BASE","M2_SIMPY_PT013","M2_SIMPY_PT029","5","10","0","1","0.2","0.0421","0.0667"
"DIFFERENT_BASE","M2_SIMPY_PT013","M2_SIMPY_PT031","5","11","0","0","0","0.0306","0.1186"
"DIFFERENT_BASE","M2_SIMPY_PT013","M2_SIMPY_PT033","5","11","0","2","0","0.0206","0.0625"
"DIFFERENT_BASE","M2_SIMPY_PT013","M2_SIMPY_PT035","5","12","0","1","0.25","0.0196","0.0492"
"DIFFERENT_BASE","M2_SIMPY_PT013","M2_SIMPY_PT036","5","12","0","2","0.25","0.0632","0.0469"
"DIFFERENT_BASE","M2_SIMPY_PT013","M2_SIMPY_PT038","5","13","0","1","0.3333","0.0213","0.0462"
"DIFFERENT_BASE","M2_SIMPY_PT013","M2_SIMPY_PT040","5","14","0","0","0.3333","0.0215","0.0862"
"DIFFERENT_BASE","M2_SIMPY_PT013","M2_SIMPY_PT042","5","14","0","2","0.25","0.0208","0.0469"
"DIFFERENT_BASE","M2_SIMPY_PT013","M2_SIMPY_PT044","5","15","0","1","0","0.01","0.0492"
"DIFFERENT_BASE","M2_SIMPY_PT013","M2_SIMPY_PT047","5","16","0","1","0.25","0.0319","0.0317"
"DIFFERENT_BASE","M2_SIMPY_PT013","M2_SIMPY_PT049","5","17","0","0","0","0.0316","0.0755"
"DIFFERENT_BASE","M2_SIMPY_PT013","M2_SIMPY_PT051","5","17","0","2","0","0.0202","0.0492"
"DIFFERENT_BASE","M2_SIMPY_PT013","M2_SIMPY_PT065","5","22","0","1","0","0.0612","0.0517"
"DIFFERENT_BASE","M2_SIMPY_PT013","M2_SIMPY_PT067","5","23","0","0","0","0.0106","0.1207"
"DIFFERENT_BASE","M2_SIMPY_PT013","M2_SIMPY_PT053","5","18","0","1","0","0.0286","0.0492"
"DIFFERENT_BASE","M2_SIMPY_PT013","M2_SIMPY_PT054","5","18","0","2","0","0.0102","0.029"
"DIFFERENT_BASE","M2_SIMPY_PT013","M2_SIMPY_PT056","5","19","0","1","0","0.022","0.0556"
"DIFFERENT_BASE","M2_SIMPY_PT013","M2_SIMPY_PT057","5","19","0","2","0","0.0408","0.0328"
"DIFFERENT_BASE","M2_SIMPY_PT013","M2_SIMPY_PT058","5","20","0","0","0","0.0326","0.0833"
"DIFFERENT_BASE","M2_SIMPY_PT013","M2_SIMPY_PT059","5","20","0","1","0","0.0323","0.0526"
"DIFFERENT_BASE","M2_SIMPY_PT013","M2_SIMPY_PT061","5","21","0","0","0","0.0319","0.1"
"DIFFERENT_BASE","M2_SIMPY_PT013","M2_SIMPY_PT070","5","24","0","0","0.3333","0.0206","0.1034"
"DIFFERENT_BASE","M2_SIMPY_PT013","M2_SIMPY_PT074","5","25","0","1","0","0.0097","0.0476"
"DIFFERENT_BASE","M2_SIMPY_PT013","M2_SIMPY_PT077","5","26","0","1","0.3333","0.02","0.0492"
"DIFFERENT_BASE","M2_SIMPY_PT013","M2_SIMPY_PT080","5","27","0","1","0","0.0303","0.0317"
"DIFFERENT_BASE","M2_SIMPY_PT013","M2_SIMPY_PT083","5","28","0","1","0.2","0.0309","0.0455"
"DIFFERENT_BASE","M2_SIMPY_PT013","M2_SIMPY_PT086","5","29","0","1","0.2","0.0521","0.0893"
"DIFFERENT_BASE","M2_SIMPY_PT013","M2_SIMPY_PT089","5","30","0","1","0","0.0104","0.0962"
"DIFFERENT_BASE","M2_SIMPY_PT013","M2_SIMPY_PT090","5","30","0","2","0","0.0556","0.0441"
"DIFFERENT_BASE","M2_SIMPY_PT013","M2_SIMPY_PT096","5","32","0","2","0","0.0225","0.0328"
"DIFFERENT_BASE","M2_SIMPY_PT013","M2_SIMPY_PT098","5","33","0","1","0","0.0833","0.0484"
"DIFFERENT_BASE","M2_SIMPY_PT013","M2_SIMPY_PT112","5","38","0","0","0","0.0306","0.1167"
"DIFFERENT_BASE","M2_SIMPY_PT013","M2_SIMPY_PT113","5","38","0","1","0","0.0556","0.0517"
"DIFFERENT_BASE","M2_SIMPY_PT013","M2_SIMPY_PT115","5","39","0","0","0","0.0109","0.0877"
"DIFFERENT_BASE","M2_SIMPY_PT013","M2_SIMPY_PT116","5","39","0","1","0","0.0323","0.0435"
"DIFFERENT_BASE","M2_SIMPY_PT013","M2_SIMPY_PT120","5","40","0","2","0.2","0.0435","0.0625"
"DIFFERENT_BASE","M2_SIMPY_PT013","M2_SIMPY_PT121","5","41","0","0","0","0.0316","0.1296"
"DIFFERENT_BASE","M2_SIMPY_PT013","M2_SIMPY_PT122","5","41","0","1","0","0.0581","0.0545"
"DIFFERENT_BASE","M2_SIMPY_PT013","M2_SIMPY_PT125","5","42","0","1","0","0.0213","0.05"
"DIFFERENT_BASE","M2_SIMPY_PT013","M2_SIMPY_PT126","5","42","0","2","0","0.02","0.05"
"DIFFERENT_BASE","M2_SIMPY_PT013","M2_SIMPY_PT127","5","43","0","0","0","0.0217","0.1"
"DIFFERENT_BASE","M2_SIMPY_PT013","M2_SIMPY_PT128","5","43","0","1","0","0.02","0.0492"
"DIFFERENT_BASE","M2_SIMPY_PT013","M2_SIMPY_PT131","5","44","0","1","0.2","0.0215","0.0656"
"DIFFERENT_BASE","M2_SIMPY_PT013","M2_SIMPY_PT133","5","45","0","0","0","0.0333","0.1111"
"DIFFERENT_BASE","M2_SIMPY_PT013","M2_SIMPY_PT135","5","45","0","2","0","0.03","0.0286"
"DIFFERENT_BASE","M2_SIMPY_PT013","M2_SIMPY_PT140","5","47","0","1","0","0.0211","0.0667"
"DIFFERENT_BASE","M2_SIMPY_PT013","M2_SIMPY_PT143","5","48","0","1","0","0.0108","0.0714"
"DIFFERENT_BASE","M2_SIMPY_PT013","M2_SIMPY_PT144","5","48","0","2","0","0.046","0.0536"
"DIFFERENT_BASE","M2_SIMPY_PT013","M2_SIMPY_PT146","5","49","0","1","0","0.0625","0.0441"
"DIFFERENT_BASE","M2_SIMPY_PT013","M2_SIMPY_PT148","5","50","0","0","0.2","0.0333","0.1333"
"DIFFERENT_BASE","M2_SIMPY_PT013","M2_SIMPY_PT149","5","50","0","1","0","0.043","0.0615"
"DIFFERENT_BASE","M2_SIMPY_PT013","M2_SIMPY_PT151","5","51","0","0","0","0.0106","0.1228"
"DIFFERENT_BASE","M2_SIMPY_PT013","M2_SIMPY_PT152","5","51","0","1","0","0.0098","0.0462"
"DIFFERENT_BASE","M2_SIMPY_PT013","M2_SIMPY_PT153","5","51","0","2","0.2","0.0515","0.0484"
"DIFFERENT_BASE","M2_SIMPY_PT013","M2_SIMPY_PT155","5","52","0","1","0.3333","0.0404","0.0625"
"DIFFERENT_BASE","M2_SIMPY_PT013","M2_SIMPY_PT156","5","52","0","2","0.25","0.043","0.0455"
"DIFFERENT_BASE","M2_SIMPY_PT013","M2_SIMPY_PT157","5","53","0","0","0","0.0105","0.1111"
"DIFFERENT_BASE","M2_SIMPY_PT013","M2_SIMPY_PT158","5","53","0","1","0","0.0198","0.0615"
"DIFFERENT_BASE","M2_SIMPY_PT013","M2_SIMPY_PT159","5","53","0","2","0","0.0323","0.0448"
"DIFFERENT_BASE","M2_SIMPY_PT013","M2_SIMPY_PT161","5","54","0","1","0","0.0101","0.0462"
"DIFFERENT_BASE","M2_SIMPY_PT013","M2_SIMPY_PT162","5","54","0","2","0.2","0.0202","0.0462"
"DIFFERENT_BASE","M2_SIMPY_PT013","M2_SIMPY_PT165","5","55","0","2","0","0.0417","0.029"
"DIFFERENT_BASE","M2_SIMPY_PT013","M2_SIMPY_PT166","5","56","0","0","0","0.05","0.1311"
"DIFFERENT_BASE","M2_SIMPY_PT013","M2_SIMPY_PT167","5","56","0","1","0","0.0204","0.0455"
"DIFFERENT_BASE","M2_SIMPY_PT013","M2_SIMPY_PT169","5","57","0","0","0","0.0455","0.0282"
"DIFFERENT_BASE","M2_SIMPY_PT013","M2_SIMPY_PT170","5","57","0","1","0","0.0488","0.0545"
"DIFFERENT_BASE","M2_SIMPY_PT013","M2_SIMPY_PT171","5","57","0","2","0","0.0217","0.0317"
"DIFFERENT_BASE","M2_SIMPY_PT013","M2_SIMPY_PT174","5","58","0","2","0","0.0103","0.0145"
"DIFFERENT_BASE","M2_SIMPY_PT013","M2_SIMPY_PT175","5","59","0","0","0","0.0204","0.1207"
"DIFFERENT_BASE","M2_SIMPY_PT013","M2_SIMPY_PT177","5","59","0","2","0","0.0106","0.0351"
"DIFFERENT_BASE","M2_SIMPY_PT015","M2_SIMPY_PT019","5","7","2","0","0.25","0.0341","0.069"
"DIFFERENT_BASE","M2_SIMPY_PT015","M2_SIMPY_PT021","5","7","2","2","0.2","0.0316","0.2453"
"DIFFERENT_BASE","M2_SIMPY_PT015","M2_SIMPY_PT022","5","8","2","0","0.25","0.1266","0.0597"
"DIFFERENT_BASE","M2_SIMPY_PT015","M2_SIMPY_PT023","5","8","2","1","0.1667","0.0964","0.0571"
"DIFFERENT_BASE","M2_SIMPY_PT015","M2_SIMPY_PT026","5","9","2","1","0.2","0.0421","0.0492"
"DIFFERENT_BASE","M2_SIMPY_PT015","M2_SIMPY_PT028","5","10","2","0","0.25","0.0732","0.0175"
"DIFFERENT_BASE","M2_SIMPY_PT015","M2_SIMPY_PT029","5","10","2","1","0.1667","0.0341","0.0645"
"DIFFERENT_BASE","M2_SIMPY_PT015","M2_SIMPY_PT031","5","11","2","0","0","0.069","0.0303"
"DIFFERENT_BASE","M2_SIMPY_PT015","M2_SIMPY_PT033","5","11","2","2","0","0.0225","0.3208"
"DIFFERENT_BASE","M2_SIMPY_PT015","M2_SIMPY_PT035","5","12","2","1","0.2","0.0323","0.0476"
"DIFFERENT_BASE","M2_SIMPY_PT015","M2_SIMPY_PT036","5","12","2","2","0.2","0.0568","0.2778"
"DIFFERENT_BASE","M2_SIMPY_PT015","M2_SIMPY_PT038","5","13","2","1","0.25","0.0233","0.0606"
"DIFFERENT_BASE","M2_SIMPY_PT015","M2_SIMPY_PT040","5","14","2","0","0.25","0.0357","0.0317"
"DIFFERENT_BASE","M2_SIMPY_PT015","M2_SIMPY_PT042","5","14","2","2","0.2","0.0976","0.2778"
"DIFFERENT_BASE","M2_SIMPY_PT015","M2_SIMPY_PT044","5","15","2","1","0","0.0449","0.0476"
"DIFFERENT_BASE","M2_SIMPY_PT015","M2_SIMPY_PT047","5","16","2","1","0.2","0.0349","0.0635"
"DIFFERENT_BASE","M2_SIMPY_PT015","M2_SIMPY_PT049","5","17","2","0","0","0.0345","0.0351"
"DIFFERENT_BASE","M2_SIMPY_PT015","M2_SIMPY_PT051","5","17","2","2","0.2","0.0568","0.4348"
"DIFFERENT_BASE","M2_SIMPY_PT015","M2_SIMPY_PT065","5","22","2","1","0","0.0213","0.0678"
"DIFFERENT_BASE","M2_SIMPY_PT015","M2_SIMPY_PT067","5","23","2","0","0","0.0235","0.0308"
"DIFFERENT_BASE","M2_SIMPY_PT015","M2_SIMPY_PT053","5","18","2","1","0","0.0417","0.0476"
"DIFFERENT_BASE","M2_SIMPY_PT015","M2_SIMPY_PT054","5","18","2","2","0","0.0111","0.1967"
"DIFFERENT_BASE","M2_SIMPY_PT015","M2_SIMPY_PT056","5","19","2","1","0","0.0241","0.0536"
"DIFFERENT_BASE","M2_SIMPY_PT015","M2_SIMPY_PT057","5","19","2","2","0","0.0682","0.1818"
"DIFFERENT_BASE","M2_SIMPY_PT015","M2_SIMPY_PT058","5","20","2","0","0","0.0482","0.0308"
"DIFFERENT_BASE","M2_SIMPY_PT015","M2_SIMPY_PT059","5","20","2","1","0","0.0476","0.0333"
"DIFFERENT_BASE","M2_SIMPY_PT015","M2_SIMPY_PT061","5","21","2","0","0","0.0349","0.0364"
"DIFFERENT_BASE","M2_SIMPY_PT015","M2_SIMPY_PT070","5","24","2","0","0.25","0.0581","0.0476"
"DIFFERENT_BASE","M2_SIMPY_PT015","M2_SIMPY_PT074","5","25","2","1","0","0.0435","0.0462"
"DIFFERENT_BASE","M2_SIMPY_PT015","M2_SIMPY_PT077","5","26","2","1","0.25","0.0217","0.0476"
"DIFFERENT_BASE","M2_SIMPY_PT015","M2_SIMPY_PT080","5","27","2","1","0","0.033","0.0469"
"DIFFERENT_BASE","M2_SIMPY_PT015","M2_SIMPY_PT083","5","28","2","1","0.1667","0.0337","0.0441"
"DIFFERENT_BASE","M2_SIMPY_PT015","M2_SIMPY_PT086","5","29","2","1","0.4","0.022","0.0678"
"DIFFERENT_BASE","M2_SIMPY_PT015","M2_SIMPY_PT089","5","30","2","1","0.2","0.0349","0.0536"
"DIFFERENT_BASE","M2_SIMPY_PT015","M2_SIMPY_PT090","5","30","2","2","0.1667","0.1154","0.2586"
"DIFFERENT_BASE","M2_SIMPY_PT015","M2_SIMPY_PT096","5","32","2","2","0","0.0506","0.1017"
"DIFFERENT_BASE","M2_SIMPY_PT015","M2_SIMPY_PT098","5","33","2","1","0","0.0323","0.0469"
"DIFFERENT_BASE","M2_SIMPY_PT015","M2_SIMPY_PT112","5","38","2","0","0","0.0449","0.0455"
"DIFFERENT_BASE","M2_SIMPY_PT015","M2_SIMPY_PT113","5","38","2","1","0","0.0235","0.05"
"DIFFERENT_BASE","M2_SIMPY_PT015","M2_SIMPY_PT115","5","39","2","0","0","0.0366","0.0667"
"DIFFERENT_BASE","M2_SIMPY_PT015","M2_SIMPY_PT116","5","39","2","1","0","0.0233","0.0571"
"DIFFERENT_BASE","M2_SIMPY_PT015","M2_SIMPY_PT120","5","40","2","2","0.1667","0.0476","0.2069"
"DIFFERENT_BASE","M2_SIMPY_PT015","M2_SIMPY_PT121","5","41","2","0","0","0.0465","0.0328"
"DIFFERENT_BASE","M2_SIMPY_PT015","M2_SIMPY_PT122","5","41","2","1","0","0.0506","0.0345"
"DIFFERENT_BASE","M2_SIMPY_PT015","M2_SIMPY_PT125","5","42","2","1","0","0.0353","0.0484"
"DIFFERENT_BASE","M2_SIMPY_PT015","M2_SIMPY_PT126","5","42","2","2","0","0.0444","0.2264"
"DIFFERENT_BASE","M2_SIMPY_PT015","M2_SIMPY_PT127","5","43","2","0","0","0.0617","0.0364"
"DIFFERENT_BASE","M2_SIMPY_PT015","M2_SIMPY_PT128","5","43","2","1","0","0.0108","0.0312"
"DIFFERENT_BASE","M2_SIMPY_PT015","M2_SIMPY_PT131","5","44","2","1","0.1667","0.0357","0.0635"
"DIFFERENT_BASE","M2_SIMPY_PT015","M2_SIMPY_PT133","5","45","2","0","0","0.0241","0.0286"
"DIFFERENT_BASE","M2_SIMPY_PT015","M2_SIMPY_PT135","5","45","2","2","0","0.0556","0.1045"
"DIFFERENT_BASE","M2_SIMPY_PT015","M2_SIMPY_PT140","5","47","2","1","0","0.0349","0.0645"
"DIFFERENT_BASE","M2_SIMPY_PT015","M2_SIMPY_PT143","5","48","2","1","0","0.0361","0.069"
"DIFFERENT_BASE","M2_SIMPY_PT015","M2_SIMPY_PT144","5","48","2","2","0","0.0122","0.2979"
"DIFFERENT_BASE","M2_SIMPY_PT015","M2_SIMPY_PT146","5","49","2","1","0","0.0444","0.0735"
"DIFFERENT_BASE","M2_SIMPY_PT015","M2_SIMPY_PT148","5","50","2","0","0.1667","0.0494","0.0938"
"DIFFERENT_BASE","M2_SIMPY_PT015","M2_SIMPY_PT149","5","50","2","1","0","0.0595","0.0758"
"DIFFERENT_BASE","M2_SIMPY_PT015","M2_SIMPY_PT151","5","51","2","0","0","0.0116","0.0476"
"DIFFERENT_BASE","M2_SIMPY_PT015","M2_SIMPY_PT152","5","51","2","1","0","0.0106","0.0606"
"DIFFERENT_BASE","M2_SIMPY_PT015","M2_SIMPY_PT153","5","51","2","2","0.1667","0.0805","0.3137"
"DIFFERENT_BASE","M2_SIMPY_PT015","M2_SIMPY_PT155","5","52","2","1","0.25","0.0326","0.0606"
"DIFFERENT_BASE","M2_SIMPY_PT015","M2_SIMPY_PT156","5","52","2","2","0.2","0.0854","0.1833"
"DIFFERENT_BASE","M2_SIMPY_PT015","M2_SIMPY_PT157","5","53","2","0","0","0.0353","0.0286"
"DIFFERENT_BASE","M2_SIMPY_PT015","M2_SIMPY_PT158","5","53","2","1","0","0.044","0.0597"
"DIFFERENT_BASE","M2_SIMPY_PT015","M2_SIMPY_PT159","5","53","2","2","0","0.0476","0.2203"
"DIFFERENT_BASE","M2_SIMPY_PT015","M2_SIMPY_PT161","5","54","2","1","0","0.0575","0.0448"
"DIFFERENT_BASE","M2_SIMPY_PT015","M2_SIMPY_PT162","5","54","2","2","0.1667","0.0568","0.2069"
"DIFFERENT_BASE","M2_SIMPY_PT015","M2_SIMPY_PT165","5","55","2","2","0","0.0455","0.0282"
"DIFFERENT_BASE","M2_SIMPY_PT015","M2_SIMPY_PT166","5","56","2","0","0.1667","0.0319","0.029"
"DIFFERENT_BASE","M2_SIMPY_PT015","M2_SIMPY_PT167","5","56","2","1","0","0.0337","0.127"
"DIFFERENT_BASE","M2_SIMPY_PT015","M2_SIMPY_PT169","5","57","2","0","0","0.012","0.0135"
"DIFFERENT_BASE","M2_SIMPY_PT015","M2_SIMPY_PT170","5","57","2","1","0","0.013","0.0345"
"DIFFERENT_BASE","M2_SIMPY_PT015","M2_SIMPY_PT171","5","57","2","2","0","0.0238","0.1356"
"DIFFERENT_BASE","M2_SIMPY_PT015","M2_SIMPY_PT174","5","58","2","2","0","0.0465","0.0588"
"DIFFERENT_BASE","M2_SIMPY_PT015","M2_SIMPY_PT175","5","59","2","0","0","0.0337","0.0308"
"DIFFERENT_BASE","M2_SIMPY_PT015","M2_SIMPY_PT177","5","59","2","2","0","0.0357","0.1091"
"SAME_BASE_OTHER_CELL","M2_SIMPY_PT019","M2_SIMPY_PT021","7","7","0","2","0.6667","0.092","0.1228"
"DIFFERENT_BASE","M2_SIMPY_PT019","M2_SIMPY_PT022","7","8","0","0","1","0.1316","0.3529"
"DIFFERENT_BASE","M2_SIMPY_PT019","M2_SIMPY_PT023","7","8","0","1","0.5","0.0476","0.0588"
"DIFFERENT_BASE","M2_SIMPY_PT019","M2_SIMPY_PT026","7","9","0","1","0.25","0.0909","0.0508"
"DIFFERENT_BASE","M2_SIMPY_PT019","M2_SIMPY_PT028","7","10","0","0","1","0.0494","0.037"
"DIFFERENT_BASE","M2_SIMPY_PT019","M2_SIMPY_PT029","7","10","0","1","0.5","0.0233","0.0847"
"DIFFERENT_BASE","M2_SIMPY_PT019","M2_SIMPY_PT031","7","11","0","0","0.25","0.0345","0.0645"
"DIFFERENT_BASE","M2_SIMPY_PT019","M2_SIMPY_PT033","7","11","0","2","0.25","0.0476","0.0794"
"DIFFERENT_BASE","M2_SIMPY_PT019","M2_SIMPY_PT035","7","12","0","1","0.25","0.069","0.0492"
"DIFFERENT_BASE","M2_SIMPY_PT019","M2_SIMPY_PT036","7","12","0","2","0.25","0.0112","0.0308"
"DIFFERENT_BASE","M2_SIMPY_PT019","M2_SIMPY_PT038","7","13","0","1","0.3333","0.0119","0.0462"
"DIFFERENT_BASE","M2_SIMPY_PT019","M2_SIMPY_PT040","7","14","0","0","0.3333","0.0244","0.05"
"DIFFERENT_BASE","M2_SIMPY_PT019","M2_SIMPY_PT042","7","14","0","2","0.25","0.0357","0.0308"
"DIFFERENT_BASE","M2_SIMPY_PT019","M2_SIMPY_PT044","7","15","0","1","0.2","0.0345","0.0492"
"DIFFERENT_BASE","M2_SIMPY_PT019","M2_SIMPY_PT047","7","16","0","1","0.25","0.0118","0.0317"
"DIFFERENT_BASE","M2_SIMPY_PT019","M2_SIMPY_PT049","7","17","0","0","0","0.061","0.1176"
"DIFFERENT_BASE","M2_SIMPY_PT019","M2_SIMPY_PT051","7","17","0","2","0","0.0345","0.0492"
"DIFFERENT_BASE","M2_SIMPY_PT019","M2_SIMPY_PT065","7","22","0","1","0","0.0568","0.0517"
"DIFFERENT_BASE","M2_SIMPY_PT019","M2_SIMPY_PT067","7","23","0","0","0","0.0244","0.0484"
"DIFFERENT_BASE","M2_SIMPY_PT019","M2_SIMPY_PT053","7","18","0","1","0","0.0543","0.0492"
"DIFFERENT_BASE","M2_SIMPY_PT019","M2_SIMPY_PT054","7","18","0","2","0","0.0115","0.0597"
"DIFFERENT_BASE","M2_SIMPY_PT019","M2_SIMPY_PT056","7","19","0","1","0","0.0649","0.0556"
"DIFFERENT_BASE","M2_SIMPY_PT019","M2_SIMPY_PT057","7","19","0","2","0","0.0111","0.0328"
"DIFFERENT_BASE","M2_SIMPY_PT019","M2_SIMPY_PT058","7","20","0","0","0","0.012","0.0484"
"DIFFERENT_BASE","M2_SIMPY_PT019","M2_SIMPY_PT059","7","20","0","1","0","0.0494","0.0909"
"DIFFERENT_BASE","M2_SIMPY_PT019","M2_SIMPY_PT061","7","21","0","0","0","0.0488","0.0577"
"DIFFERENT_BASE","M2_SIMPY_PT019","M2_SIMPY_PT070","7","24","0","0","0.3333","0.0602","0.0667"
"DIFFERENT_BASE","M2_SIMPY_PT019","M2_SIMPY_PT074","7","25","0","1","0","0.0109","0.0476"
"DIFFERENT_BASE","M2_SIMPY_PT019","M2_SIMPY_PT077","7","26","0","1","0.3333","0.0341","0.0492"
"DIFFERENT_BASE","M2_SIMPY_PT019","M2_SIMPY_PT080","7","27","0","1","0","0.0341","0.0317"
"DIFFERENT_BASE","M2_SIMPY_PT019","M2_SIMPY_PT083","7","28","0","1","0","0.0723","0.0455"
"DIFFERENT_BASE","M2_SIMPY_PT019","M2_SIMPY_PT086","7","29","0","1","0.2","0.0112","0.0517"
"DIFFERENT_BASE","M2_SIMPY_PT019","M2_SIMPY_PT089","7","30","0","1","0","0.0361","0.0556"
"DIFFERENT_BASE","M2_SIMPY_PT019","M2_SIMPY_PT090","7","30","0","2","0","0.05","0.029"
"DIFFERENT_BASE","M2_SIMPY_PT019","M2_SIMPY_PT096","7","32","0","2","0","0.0127","0.0328"
"DIFFERENT_BASE","M2_SIMPY_PT019","M2_SIMPY_PT098","7","33","0","1","0","0.0941","0.0484"
"DIFFERENT_BASE","M2_SIMPY_PT019","M2_SIMPY_PT112","7","38","0","0","0","0.0465","0.0469"
"DIFFERENT_BASE","M2_SIMPY_PT019","M2_SIMPY_PT113","7","38","0","1","0","0.0769","0.0517"
"DIFFERENT_BASE","M2_SIMPY_PT019","M2_SIMPY_PT115","7","39","0","0","0","0.038","0.0508"
"DIFFERENT_BASE","M2_SIMPY_PT019","M2_SIMPY_PT116","7","39","0","1","0","0.0119","0.0588"
"DIFFERENT_BASE","M2_SIMPY_PT019","M2_SIMPY_PT120","7","40","0","2","0","0.0241","0.0462"
"DIFFERENT_BASE","M2_SIMPY_PT019","M2_SIMPY_PT121","7","41","0","0","0","0.0482","0.0517"
"DIFFERENT_BASE","M2_SIMPY_PT019","M2_SIMPY_PT122","7","41","0","1","0","0.0256","0.0545"
"DIFFERENT_BASE","M2_SIMPY_PT019","M2_SIMPY_PT125","7","42","0","1","0","0.0119","0.05"
"DIFFERENT_BASE","M2_SIMPY_PT019","M2_SIMPY_PT126","7","42","0","2","0","0.0706","0.0328"
"DIFFERENT_BASE","M2_SIMPY_PT019","M2_SIMPY_PT127","7","43","0","0","0","0.0122","0.0577"
"DIFFERENT_BASE","M2_SIMPY_PT019","M2_SIMPY_PT128","7","43","0","1","0","0.0111","0.0492"
"DIFFERENT_BASE","M2_SIMPY_PT019","M2_SIMPY_PT131","7","44","0","1","0.2","0.012","0.0656"
"DIFFERENT_BASE","M2_SIMPY_PT019","M2_SIMPY_PT133","7","45","0","0","0","0.0123","0.0448"
"DIFFERENT_BASE","M2_SIMPY_PT019","M2_SIMPY_PT135","7","45","0","2","0","0.0222","0.0286"
"DIFFERENT_BASE","M2_SIMPY_PT019","M2_SIMPY_PT140","7","47","0","1","0","0.0238","0.0667"
"DIFFERENT_BASE","M2_SIMPY_PT019","M2_SIMPY_PT143","7","48","0","1","0","0.0122","0.0714"
"DIFFERENT_BASE","M2_SIMPY_PT019","M2_SIMPY_PT144","7","48","0","2","0","0.039","0.0351"
"DIFFERENT_BASE","M2_SIMPY_PT019","M2_SIMPY_PT146","7","49","0","1","0","0.0581","0.0441"
"DIFFERENT_BASE","M2_SIMPY_PT019","M2_SIMPY_PT148","7","50","0","0","0.2","0.038","0.0794"
"DIFFERENT_BASE","M2_SIMPY_PT019","M2_SIMPY_PT149","7","50","0","1","0","0.0118","0.0781"
"DIFFERENT_BASE","M2_SIMPY_PT019","M2_SIMPY_PT151","7","51","0","0","0","0.037","0.0492"
"DIFFERENT_BASE","M2_SIMPY_PT019","M2_SIMPY_PT152","7","51","0","1","0","0.0222","0.0462"
"DIFFERENT_BASE","M2_SIMPY_PT019","M2_SIMPY_PT153","7","51","0","2","0.2","0.0341","0.0656"
"DIFFERENT_BASE","M2_SIMPY_PT019","M2_SIMPY_PT155","7","52","0","1","0.3333","0.0455","0.0625"
"DIFFERENT_BASE","M2_SIMPY_PT019","M2_SIMPY_PT156","7","52","0","2","0.25","0.0118","0.0455"
"DIFFERENT_BASE","M2_SIMPY_PT019","M2_SIMPY_PT157","7","53","0","0","0","0.0366","0.0448"
"DIFFERENT_BASE","M2_SIMPY_PT019","M2_SIMPY_PT158","7","53","0","1","0","0.0337","0.0781"
"DIFFERENT_BASE","M2_SIMPY_PT019","M2_SIMPY_PT159","7","53","0","2","0","0.0119","0.0448"
"DIFFERENT_BASE","M2_SIMPY_PT019","M2_SIMPY_PT161","7","54","0","1","0","0.0114","0.0462"
"DIFFERENT_BASE","M2_SIMPY_PT019","M2_SIMPY_PT162","7","54","0","2","0.2","0.0345","0.0462"
"DIFFERENT_BASE","M2_SIMPY_PT019","M2_SIMPY_PT165","7","55","0","2","0","0.0471","0.029"
"DIFFERENT_BASE","M2_SIMPY_PT019","M2_SIMPY_PT166","7","56","0","0","0","0.033","0.0455"
"DIFFERENT_BASE","M2_SIMPY_PT019","M2_SIMPY_PT167","7","56","0","1","0","0.023","0.0455"
"DIFFERENT_BASE","M2_SIMPY_PT019","M2_SIMPY_PT169","7","57","0","0","0","0.0253","0.0282"
"DIFFERENT_BASE","M2_SIMPY_PT019","M2_SIMPY_PT170","7","57","0","1","0","0.0563","0.0545"
"DIFFERENT_BASE","M2_SIMPY_PT019","M2_SIMPY_PT171","7","57","0","2","0","0.0375","0.0317"
"DIFFERENT_BASE","M2_SIMPY_PT019","M2_SIMPY_PT174","7","58","0","2","0","0.0235","0.0294"
"DIFFERENT_BASE","M2_SIMPY_PT019","M2_SIMPY_PT175","7","59","0","0","0","0.0114","0.0484"
"DIFFERENT_BASE","M2_SIMPY_PT019","M2_SIMPY_PT177","7","59","0","2","0","0.012","0.0351"
"DIFFERENT_BASE","M2_SIMPY_PT021","M2_SIMPY_PT022","7","8","2","0","0.6667","0.0568","0.058"
"DIFFERENT_BASE","M2_SIMPY_PT021","M2_SIMPY_PT023","7","8","2","1","0.75","0.0674","0.1014"
"DIFFERENT_BASE","M2_SIMPY_PT021","M2_SIMPY_PT026","7","9","2","1","0.2","0.051","0.1379"
"DIFFERENT_BASE","M2_SIMPY_PT021","M2_SIMPY_PT028","7","10","2","0","0.6667","0.0455","0.1321"
"DIFFERENT_BASE","M2_SIMPY_PT021","M2_SIMPY_PT029","7","10","2","1","0.4","0.0674","0.0794"
"DIFFERENT_BASE","M2_SIMPY_PT021","M2_SIMPY_PT031","7","11","2","0","0.2","0.043","0.129"
"DIFFERENT_BASE","M2_SIMPY_PT021","M2_SIMPY_PT033","7","11","2","2","0.2","0.131","0.3846"
"DIFFERENT_BASE","M2_SIMPY_PT021","M2_SIMPY_PT035","7","12","2","1","0.2","0.0101","0.1525"
"DIFFERENT_BASE","M2_SIMPY_PT021","M2_SIMPY_PT036","7","12","2","2","0.2","0.0899","0.2909"
"DIFFERENT_BASE","M2_SIMPY_PT021","M2_SIMPY_PT038","7","13","2","1","0.25","0.011","0.125"
"DIFFERENT_BASE","M2_SIMPY_PT021","M2_SIMPY_PT040","7","14","2","0","0.25","0.046","0.1167"
"DIFFERENT_BASE","M2_SIMPY_PT021","M2_SIMPY_PT042","7","14","2","2","0.5","0.1325","0.42"
"DIFFERENT_BASE","M2_SIMPY_PT021","M2_SIMPY_PT044","7","15","2","1","0.1667","0.043","0.0968"
"DIFFERENT_BASE","M2_SIMPY_PT021","M2_SIMPY_PT047","7","16","2","1","0.5","0.0333","0.2105"
"DIFFERENT_BASE","M2_SIMPY_PT021","M2_SIMPY_PT049","7","17","2","0","0","0.0562","0.0339"
"DIFFERENT_BASE","M2_SIMPY_PT021","M2_SIMPY_PT051","7","17","2","2","0","0.0211","0.193"
"DIFFERENT_BASE","M2_SIMPY_PT021","M2_SIMPY_PT065","7","22","2","1","0","0.0638","0.1017"
"DIFFERENT_BASE","M2_SIMPY_PT021","M2_SIMPY_PT067","7","23","2","0","0","0.0706","0.0455"
"DIFFERENT_BASE","M2_SIMPY_PT021","M2_SIMPY_PT053","7","18","2","1","0","0.0722","0.1333"
"DIFFERENT_BASE","M2_SIMPY_PT021","M2_SIMPY_PT054","7","18","2","2","0","0.0674","0.2097"
"DIFFERENT_BASE","M2_SIMPY_PT021","M2_SIMPY_PT056","7","19","2","1","0","0.0723","0.1091"
"DIFFERENT_BASE","M2_SIMPY_PT021","M2_SIMPY_PT057","7","19","2","2","0","0.0426","0.1552"
"DIFFERENT_BASE","M2_SIMPY_PT021","M2_SIMPY_PT058","7","20","2","0","0","0.0341","0.0615"
"DIFFERENT_BASE","M2_SIMPY_PT021","M2_SIMPY_PT059","7","20","2","1","0","0.0222","0.0667"
"DIFFERENT_BASE","M2_SIMPY_PT021","M2_SIMPY_PT061","7","21","2","0","0","0.0449","0.0727"
"DIFFERENT_BASE","M2_SIMPY_PT021","M2_SIMPY_PT070","7","24","2","0","0.25","0.0674","0.0968"
"DIFFERENT_BASE","M2_SIMPY_PT021","M2_SIMPY_PT074","7","25","2","1","0","0.0638","0.0769"
"DIFFERENT_BASE","M2_SIMPY_PT021","M2_SIMPY_PT077","7","26","2","1","0.25","0.0426","0.0968"
"DIFFERENT_BASE","M2_SIMPY_PT021","M2_SIMPY_PT080","7","27","2","1","0.1667","0.0316","0.1311"
"DIFFERENT_BASE","M2_SIMPY_PT021","M2_SIMPY_PT083","7","28","2","1","0","0.0323","0.1231"
"DIFFERENT_BASE","M2_SIMPY_PT021","M2_SIMPY_PT086","7","29","2","1","0.4","0.0211","0.1207"
"DIFFERENT_BASE","M2_SIMPY_PT021","M2_SIMPY_PT089","7","30","2","1","0","0.069","0.1091"
"DIFFERENT_BASE","M2_SIMPY_PT021","M2_SIMPY_PT090","7","30","2","2","0","0.0581","0.2295"
"DIFFERENT_BASE","M2_SIMPY_PT021","M2_SIMPY_PT096","7","32","2","2","0","0.061","0.1754"
"DIFFERENT_BASE","M2_SIMPY_PT021","M2_SIMPY_PT098","7","33","2","1","0","0.0753","0.0781"
"DIFFERENT_BASE","M2_SIMPY_PT021","M2_SIMPY_PT112","7","38","2","0","0","0.0319","0.0441"
"DIFFERENT_BASE","M2_SIMPY_PT021","M2_SIMPY_PT113","7","38","2","1","0","0.0341","0.1017"
"DIFFERENT_BASE","M2_SIMPY_PT021","M2_SIMPY_PT115","7","39","2","0","0","0.0723","0.0645"
"DIFFERENT_BASE","M2_SIMPY_PT021","M2_SIMPY_PT116","7","39","2","1","0","0.0698","0.1176"
"DIFFERENT_BASE","M2_SIMPY_PT021","M2_SIMPY_PT120","7","40","2","2","0","0.0222","0.1803"
"DIFFERENT_BASE","M2_SIMPY_PT021","M2_SIMPY_PT121","7","41","2","0","0","0.0562","0.0484"
"DIFFERENT_BASE","M2_SIMPY_PT021","M2_SIMPY_PT122","7","41","2","1","0","0.061","0.0877"
"DIFFERENT_BASE","M2_SIMPY_PT021","M2_SIMPY_PT125","7","42","2","1","0","0.0222","0.1552"
"DIFFERENT_BASE","M2_SIMPY_PT021","M2_SIMPY_PT126","7","42","2","2","0","0.0538","0.1964"
"DIFFERENT_BASE","M2_SIMPY_PT021","M2_SIMPY_PT127","7","43","2","0","0","0.0588","0.0926"
"DIFFERENT_BASE","M2_SIMPY_PT021","M2_SIMPY_PT128","7","43","2","1","0","0.0426","0.0794"
"DIFFERENT_BASE","M2_SIMPY_PT021","M2_SIMPY_PT131","7","44","2","1","0.1667","0.0341","0.1129"
"DIFFERENT_BASE","M2_SIMPY_PT021","M2_SIMPY_PT133","7","45","2","0","0","0.0471","0.0278"
"DIFFERENT_BASE","M2_SIMPY_PT021","M2_SIMPY_PT135","7","45","2","2","0","0.0421","0.0704"
"DIFFERENT_BASE","M2_SIMPY_PT021","M2_SIMPY_PT140","7","47","2","1","0","0.0449","0.1148"
"DIFFERENT_BASE","M2_SIMPY_PT021","M2_SIMPY_PT143","7","48","2","1","0","0.0227","0.0847"
"DIFFERENT_BASE","M2_SIMPY_PT021","M2_SIMPY_PT144","7","48","2","2","0","0.0357","0.2857"
"DIFFERENT_BASE","M2_SIMPY_PT021","M2_SIMPY_PT146","7","49","2","1","0","0.1011","0.0417"
"DIFFERENT_BASE","M2_SIMPY_PT021","M2_SIMPY_PT148","7","50","2","0","0.1667","0.0595","0.0746"
"DIFFERENT_BASE","M2_SIMPY_PT021","M2_SIMPY_PT149","7","50","2","1","0","0.0333","0.0735"
"DIFFERENT_BASE","M2_SIMPY_PT021","M2_SIMPY_PT151","7","51","2","0","0","0","0.0794"
"DIFFERENT_BASE","M2_SIMPY_PT021","M2_SIMPY_PT152","7","51","2","1","0","0.0312","0.0588"
"DIFFERENT_BASE","M2_SIMPY_PT021","M2_SIMPY_PT153","7","51","2","2","0.1667","0.0889","0.3019"
"DIFFERENT_BASE","M2_SIMPY_PT021","M2_SIMPY_PT155","7","52","2","1","0.25","0.0645","0.1429"
"DIFFERENT_BASE","M2_SIMPY_PT021","M2_SIMPY_PT156","7","52","2","2","0.5","0.1923","0.2373"
"DIFFERENT_BASE","M2_SIMPY_PT021","M2_SIMPY_PT157","7","53","2","0","0","0.0337","0.0725"
"DIFFERENT_BASE","M2_SIMPY_PT021","M2_SIMPY_PT158","7","53","2","1","0","0.0532","0.1406"
"DIFFERENT_BASE","M2_SIMPY_PT021","M2_SIMPY_PT159","7","53","2","2","0","0.0698","0.3214"
"DIFFERENT_BASE","M2_SIMPY_PT021","M2_SIMPY_PT161","7","54","2","1","0","0.0435","0.125"
"DIFFERENT_BASE","M2_SIMPY_PT021","M2_SIMPY_PT162","7","54","2","2","0.1667","0.0659","0.2203"
"DIFFERENT_BASE","M2_SIMPY_PT021","M2_SIMPY_PT165","7","55","2","2","0","0.0213","0.0563"
"DIFFERENT_BASE","M2_SIMPY_PT021","M2_SIMPY_PT166","7","56","2","0","0","0.0412","0.0735"
"DIFFERENT_BASE","M2_SIMPY_PT021","M2_SIMPY_PT167","7","56","2","1","0","0.0213","0.1406"
"DIFFERENT_BASE","M2_SIMPY_PT021","M2_SIMPY_PT169","7","57","2","0","0","0.0233","0.0405"
"DIFFERENT_BASE","M2_SIMPY_PT021","M2_SIMPY_PT170","7","57","2","1","0","0.038","0.1071"
"DIFFERENT_BASE","M2_SIMPY_PT021","M2_SIMPY_PT171","7","57","2","2","0","0.0112","0.1695"
"DIFFERENT_BASE","M2_SIMPY_PT021","M2_SIMPY_PT174","7","58","2","2","0","0.0562","0.0423"
"DIFFERENT_BASE","M2_SIMPY_PT021","M2_SIMPY_PT175","7","59","2","0","0","0.0213","0.0299"
"DIFFERENT_BASE","M2_SIMPY_PT021","M2_SIMPY_PT177","7","59","2","2","0","0.0341","0.1667"
"SAME_BASE_OTHER_CELL","M2_SIMPY_PT022","M2_SIMPY_PT023","8","8","0","1","0.5","0.075","0.0946"
"DIFFERENT_BASE","M2_SIMPY_PT022","M2_SIMPY_PT026","8","9","0","1","0.25","0.0682","0.0758"
"DIFFERENT_BASE","M2_SIMPY_PT022","M2_SIMPY_PT028","8","10","0","0","1","0.0921","0.0833"
"DIFFERENT_BASE","M2_SIMPY_PT022","M2_SIMPY_PT029","8","10","0","1","0.5","0.0361","0.1406"
"DIFFERENT_BASE","M2_SIMPY_PT022","M2_SIMPY_PT031","8","11","0","0","0.25","0.0233","0.0714"
"DIFFERENT_BASE","M2_SIMPY_PT022","M2_SIMPY_PT033","8","11","0","2","0.25","0.0361","0.0694"
"DIFFERENT_BASE","M2_SIMPY_PT022","M2_SIMPY_PT035","8","12","0","1","0.25","0.0581","0.058"
"DIFFERENT_BASE","M2_SIMPY_PT022","M2_SIMPY_PT036","8","12","0","2","0.25","0.0233","0.027"
"DIFFERENT_BASE","M2_SIMPY_PT022","M2_SIMPY_PT038","8","13","0","1","0.3333","0.0122","0.0405"
"DIFFERENT_BASE","M2_SIMPY_PT022","M2_SIMPY_PT040","8","14","0","0","0.3333","0.025","0.0588"
"DIFFERENT_BASE","M2_SIMPY_PT022","M2_SIMPY_PT042","8","14","0","2","0.25","0.0897","0.0556"
"DIFFERENT_BASE","M2_SIMPY_PT022","M2_SIMPY_PT044","8","15","0","1","0.2","0.0353","0.0735"
"DIFFERENT_BASE","M2_SIMPY_PT022","M2_SIMPY_PT047","8","16","0","1","0.25","0.012","0.0571"
"DIFFERENT_BASE","M2_SIMPY_PT022","M2_SIMPY_PT049","8","17","0","0","0","0.0366","0.1"
"DIFFERENT_BASE","M2_SIMPY_PT022","M2_SIMPY_PT051","8","17","0","2","0","0.0115","0.058"
"DIFFERENT_BASE","M2_SIMPY_PT022","M2_SIMPY_PT065","8","22","0","1","0","0.046","0.0769"
"DIFFERENT_BASE","M2_SIMPY_PT022","M2_SIMPY_PT067","8","23","0","0","0","0.0123","0.0571"
"DIFFERENT_BASE","M2_SIMPY_PT022","M2_SIMPY_PT053","8","18","0","1","0","0.0215","0.0429"
"DIFFERENT_BASE","M2_SIMPY_PT022","M2_SIMPY_PT054","8","18","0","2","0","0.0118","0.0667"
"DIFFERENT_BASE","M2_SIMPY_PT022","M2_SIMPY_PT056","8","19","0","1","0","0.0127","0.0476"
"DIFFERENT_BASE","M2_SIMPY_PT022","M2_SIMPY_PT057","8","19","0","2","0","0.023","0.0286"
"DIFFERENT_BASE","M2_SIMPY_PT022","M2_SIMPY_PT058","8","20","0","0","0","0.025","0.0423"
"DIFFERENT_BASE","M2_SIMPY_PT022","M2_SIMPY_PT059","8","20","0","1","0","0.0641","0.0615"
"DIFFERENT_BASE","M2_SIMPY_PT022","M2_SIMPY_PT061","8","21","0","0","0","0.05","0.0492"
"DIFFERENT_BASE","M2_SIMPY_PT022","M2_SIMPY_PT070","8","24","0","0","0.3333","0.0488","0.058"
"DIFFERENT_BASE","M2_SIMPY_PT022","M2_SIMPY_PT074","8","25","0","1","0","0.0111","0.0417"
"DIFFERENT_BASE","M2_SIMPY_PT022","M2_SIMPY_PT077","8","26","0","1","0.3333","0.023","0.058"
"DIFFERENT_BASE","M2_SIMPY_PT022","M2_SIMPY_PT080","8","27","0","1","0","0.023","0.0571"
"DIFFERENT_BASE","M2_SIMPY_PT022","M2_SIMPY_PT083","8","28","0","1","0","0.0357","0.0541"
"DIFFERENT_BASE","M2_SIMPY_PT022","M2_SIMPY_PT086","8","29","0","1","0.2","0.0233","0.0448"
"DIFFERENT_BASE","M2_SIMPY_PT022","M2_SIMPY_PT089","8","30","0","1","0","0.012","0.082"
"DIFFERENT_BASE","M2_SIMPY_PT022","M2_SIMPY_PT090","8","30","0","2","0","0.0513","0.0256"
"DIFFERENT_BASE","M2_SIMPY_PT022","M2_SIMPY_PT096","8","32","0","2","0","0.013","0.0286"
"DIFFERENT_BASE","M2_SIMPY_PT022","M2_SIMPY_PT098","8","33","0","1","0","0.0225","0.0423"
"DIFFERENT_BASE","M2_SIMPY_PT022","M2_SIMPY_PT112","8","38","0","0","0","0.0602","0.0411"
"DIFFERENT_BASE","M2_SIMPY_PT022","M2_SIMPY_PT113","8","38","0","1","0","0.025","0.0448"
"DIFFERENT_BASE","M2_SIMPY_PT022","M2_SIMPY_PT115","8","39","0","0","0","0.0256","0.0441"
"DIFFERENT_BASE","M2_SIMPY_PT022","M2_SIMPY_PT116","8","39","0","1","0","0.0247","0.0385"
"DIFFERENT_BASE","M2_SIMPY_PT022","M2_SIMPY_PT120","8","40","0","2","0","0.0247","0.0267"
"DIFFERENT_BASE","M2_SIMPY_PT022","M2_SIMPY_PT121","8","41","0","0","0","0.0759","0.0448"
"DIFFERENT_BASE","M2_SIMPY_PT022","M2_SIMPY_PT122","8","41","0","1","0","0.04","0.0469"
"DIFFERENT_BASE","M2_SIMPY_PT022","M2_SIMPY_PT125","8","42","0","1","0","0.0122","0.0588"
"DIFFERENT_BASE","M2_SIMPY_PT022","M2_SIMPY_PT126","8","42","0","2","0","0.0595","0.0435"
"DIFFERENT_BASE","M2_SIMPY_PT022","M2_SIMPY_PT127","8","43","0","0","0","0.0125","0.0667"
"DIFFERENT_BASE","M2_SIMPY_PT022","M2_SIMPY_PT128","8","43","0","1","0","0.0349","0.058"
"DIFFERENT_BASE","M2_SIMPY_PT022","M2_SIMPY_PT131","8","44","0","1","0.2","0.0123","0.0571"
"DIFFERENT_BASE","M2_SIMPY_PT022","M2_SIMPY_PT133","8","45","0","0","0","0.0127","0.0395"
"DIFFERENT_BASE","M2_SIMPY_PT022","M2_SIMPY_PT135","8","45","0","2","0","0.0345","0.0253"
"DIFFERENT_BASE","M2_SIMPY_PT022","M2_SIMPY_PT140","8","47","0","1","0","0.012","0.058"
"DIFFERENT_BASE","M2_SIMPY_PT022","M2_SIMPY_PT143","8","48","0","1","0","0.0125","0.0615"
"DIFFERENT_BASE","M2_SIMPY_PT022","M2_SIMPY_PT144","8","48","0","2","0","0.0263","0.0303"
"DIFFERENT_BASE","M2_SIMPY_PT022","M2_SIMPY_PT146","8","49","0","1","0","0.0349","0.039"
"DIFFERENT_BASE","M2_SIMPY_PT022","M2_SIMPY_PT148","8","50","0","0","0.2","0.0256","0.0694"
"DIFFERENT_BASE","M2_SIMPY_PT022","M2_SIMPY_PT149","8","50","0","1","0","0.012","0.0833"
"DIFFERENT_BASE","M2_SIMPY_PT022","M2_SIMPY_PT151","8","51","0","0","0","0.025","0.058"
"DIFFERENT_BASE","M2_SIMPY_PT022","M2_SIMPY_PT152","8","51","0","1","0","0.0345","0.0405"
"DIFFERENT_BASE","M2_SIMPY_PT022","M2_SIMPY_PT153","8","51","0","2","0.2","0.0349","0.0571"
"DIFFERENT_BASE","M2_SIMPY_PT022","M2_SIMPY_PT155","8","52","0","1","0.3333","0.0588","0.0694"
"DIFFERENT_BASE","M2_SIMPY_PT022","M2_SIMPY_PT156","8","52","0","2","0.25","0.05","0.0541"
"DIFFERENT_BASE","M2_SIMPY_PT022","M2_SIMPY_PT157","8","53","0","0","0","0.0506","0.0533"
"DIFFERENT_BASE","M2_SIMPY_PT022","M2_SIMPY_PT158","8","53","0","1","0","0.0345","0.0833"
"DIFFERENT_BASE","M2_SIMPY_PT022","M2_SIMPY_PT159","8","53","0","2","0","0.0122","0.0395"
"DIFFERENT_BASE","M2_SIMPY_PT022","M2_SIMPY_PT161","8","54","0","1","0","0.0116","0.0405"
"DIFFERENT_BASE","M2_SIMPY_PT022","M2_SIMPY_PT162","8","54","0","2","0.2","0.0476","0.0405"
"DIFFERENT_BASE","M2_SIMPY_PT022","M2_SIMPY_PT165","8","55","0","2","0","0.0482","0.0256"
"DIFFERENT_BASE","M2_SIMPY_PT022","M2_SIMPY_PT166","8","56","0","0","0","0.0222","0.0986"
"DIFFERENT_BASE","M2_SIMPY_PT022","M2_SIMPY_PT167","8","56","0","1","0","0.0235","0.0541"
"DIFFERENT_BASE","M2_SIMPY_PT022","M2_SIMPY_PT169","8","57","0","0","0","0.0395","0.0513"
"DIFFERENT_BASE","M2_SIMPY_PT022","M2_SIMPY_PT170","8","57","0","1","0","0.0282","0.0469"
"DIFFERENT_BASE","M2_SIMPY_PT022","M2_SIMPY_PT171","8","57","0","2","0","0.0385","0.0278"
"DIFFERENT_BASE","M2_SIMPY_PT022","M2_SIMPY_PT174","8","58","0","2","0","0.0119","0.026"
"DIFFERENT_BASE","M2_SIMPY_PT022","M2_SIMPY_PT175","8","59","0","0","0","0.0235","0.0423"
"DIFFERENT_BASE","M2_SIMPY_PT022","M2_SIMPY_PT177","8","59","0","2","0","0.0123","0.0303"
"DIFFERENT_BASE","M2_SIMPY_PT023","M2_SIMPY_PT026","8","9","1","1","0.1667","0.0667","0.1562"
"DIFFERENT_BASE","M2_SIMPY_PT023","M2_SIMPY_PT028","8","10","1","0","0.5","0.0494","0.0303"
"DIFFERENT_BASE","M2_SIMPY_PT023","M2_SIMPY_PT029","8","10","1","1","0.3333","0.1","0.1875"
"DIFFERENT_BASE","M2_SIMPY_PT023","M2_SIMPY_PT031","8","11","1","0","0.1667","0.0588","0.0685"
"DIFFERENT_BASE","M2_SIMPY_PT023","M2_SIMPY_PT033","8","11","1","2","0.1667","0.0353","0.0959"
"DIFFERENT_BASE","M2_SIMPY_PT023","M2_SIMPY_PT035","8","12","1","1","0.1667","0.0449","0.1176"
"DIFFERENT_BASE","M2_SIMPY_PT023","M2_SIMPY_PT036","8","12","1","2","0.1667","0.0465","0.0972"
"DIFFERENT_BASE","M2_SIMPY_PT023","M2_SIMPY_PT038","8","13","1","1","0.2","0.0119","0.1111"
"DIFFERENT_BASE","M2_SIMPY_PT023","M2_SIMPY_PT040","8","14","1","0","0.2","0.0769","0.0714"
"DIFFERENT_BASE","M2_SIMPY_PT023","M2_SIMPY_PT042","8","14","1","2","0.4","0.0235","0.1127"
"DIFFERENT_BASE","M2_SIMPY_PT023","M2_SIMPY_PT044","8","15","1","1","0.1429","0.0227","0.1343"
"DIFFERENT_BASE","M2_SIMPY_PT023","M2_SIMPY_PT047","8","16","1","1","0.4","0.0361","0.1324"
"DIFFERENT_BASE","M2_SIMPY_PT023","M2_SIMPY_PT049","8","17","1","0","0","0.0357","0.0781"
"DIFFERENT_BASE","M2_SIMPY_PT023","M2_SIMPY_PT051","8","17","1","2","0","0.0588","0.0411"
"DIFFERENT_BASE","M2_SIMPY_PT023","M2_SIMPY_PT065","8","22","1","1","0","0.022","0.1061"
"DIFFERENT_BASE","M2_SIMPY_PT023","M2_SIMPY_PT067","8","23","1","0","0","0.0244","0.0694"
"DIFFERENT_BASE","M2_SIMPY_PT023","M2_SIMPY_PT053","8","18","1","1","0","0.0778","0.1014"
"DIFFERENT_BASE","M2_SIMPY_PT023","M2_SIMPY_PT054","8","18","1","2","0","0.0115","0.0921"
"DIFFERENT_BASE","M2_SIMPY_PT023","M2_SIMPY_PT056","8","19","1","1","0","0.025","0.1129"
"DIFFERENT_BASE","M2_SIMPY_PT023","M2_SIMPY_PT057","8","19","1","2","0","0.1235","0.1719"
"DIFFERENT_BASE","M2_SIMPY_PT023","M2_SIMPY_PT058","8","20","1","0","0","0.037","0.0548"
"DIFFERENT_BASE","M2_SIMPY_PT023","M2_SIMPY_PT059","8","20","1","1","0","0.1039","0.1613"
"DIFFERENT_BASE","M2_SIMPY_PT023","M2_SIMPY_PT061","8","21","1","0","0","0.0617","0.0806"
"DIFFERENT_BASE","M2_SIMPY_PT023","M2_SIMPY_PT070","8","24","1","0","0.2","0.0602","0.0857"
"DIFFERENT_BASE","M2_SIMPY_PT023","M2_SIMPY_PT074","8","25","1","1","0","0.1205","0.1304"
"DIFFERENT_BASE","M2_SIMPY_PT023","M2_SIMPY_PT077","8","26","1","1","0.2","0.0225","0.1343"
"DIFFERENT_BASE","M2_SIMPY_PT023","M2_SIMPY_PT080","8","27","1","1","0.1429","0.0341","0.0694"
"DIFFERENT_BASE","M2_SIMPY_PT023","M2_SIMPY_PT083","8","28","1","1","0","0.0471","0.125"
"DIFFERENT_BASE","M2_SIMPY_PT023","M2_SIMPY_PT086","8","29","1","1","0.3333","0.0227","0.1061"
"DIFFERENT_BASE","M2_SIMPY_PT023","M2_SIMPY_PT089","8","30","1","1","0","0.0361","0.1311"
"DIFFERENT_BASE","M2_SIMPY_PT023","M2_SIMPY_PT090","8","30","1","2","0","0.037","0.0779"
"DIFFERENT_BASE","M2_SIMPY_PT023","M2_SIMPY_PT096","8","32","1","2","0.1429","0.0526","0.0563"
"DIFFERENT_BASE","M2_SIMPY_PT023","M2_SIMPY_PT098","8","33","1","1","0","0.0333","0.1159"
"DIFFERENT_BASE","M2_SIMPY_PT023","M2_SIMPY_PT112","8","38","1","0","0","0.125","0.0822"
"DIFFERENT_BASE","M2_SIMPY_PT023","M2_SIMPY_PT113","8","38","1","1","0","0.0769","0.1587"
"DIFFERENT_BASE","M2_SIMPY_PT023","M2_SIMPY_PT115","8","39","1","0","0","0.038","0.0423"
"DIFFERENT_BASE","M2_SIMPY_PT023","M2_SIMPY_PT116","8","39","1","1","0","0.0366","0.1053"
"DIFFERENT_BASE","M2_SIMPY_PT023","M2_SIMPY_PT120","8","40","1","2","0","0.0897","0.039"
"DIFFERENT_BASE","M2_SIMPY_PT023","M2_SIMPY_PT121","8","41","1","0","0","0.0741","0.0429"
"DIFFERENT_BASE","M2_SIMPY_PT023","M2_SIMPY_PT122","8","41","1","1","0","0.0811","0.129"
"DIFFERENT_BASE","M2_SIMPY_PT023","M2_SIMPY_PT125","8","42","1","1","0","0.0366","0.1029"
"DIFFERENT_BASE","M2_SIMPY_PT023","M2_SIMPY_PT126","8","42","1","2","0","0.0341","0.0417"
"DIFFERENT_BASE","M2_SIMPY_PT023","M2_SIMPY_PT127","8","43","1","0","0","0.0921","0.0469"
"DIFFERENT_BASE","M2_SIMPY_PT023","M2_SIMPY_PT128","8","43","1","1","0","0.0111","0.1176"
"DIFFERENT_BASE","M2_SIMPY_PT023","M2_SIMPY_PT131","8","44","1","1","0.1429","0.037","0.1324"
"DIFFERENT_BASE","M2_SIMPY_PT023","M2_SIMPY_PT133","8","45","1","0","0","0.025","0.0513"
"DIFFERENT_BASE","M2_SIMPY_PT023","M2_SIMPY_PT135","8","45","1","2","0","0.0824","0.037"
"DIFFERENT_BASE","M2_SIMPY_PT023","M2_SIMPY_PT140","8","47","1","1","0","0.0617","0.1343"
"DIFFERENT_BASE","M2_SIMPY_PT023","M2_SIMPY_PT143","8","48","1","1","0","0.0375","0.1077"
"DIFFERENT_BASE","M2_SIMPY_PT023","M2_SIMPY_PT144","8","48","1","2","0","0.0256","0.0441"
"DIFFERENT_BASE","M2_SIMPY_PT023","M2_SIMPY_PT146","8","49","1","1","0","0.0581","0.0779"
"DIFFERENT_BASE","M2_SIMPY_PT023","M2_SIMPY_PT148","8","50","1","0","0.1429","0.0513","0.0526"
"DIFFERENT_BASE","M2_SIMPY_PT023","M2_SIMPY_PT149","8","50","1","1","0","0.0886","0.1571"
"DIFFERENT_BASE","M2_SIMPY_PT023","M2_SIMPY_PT151","8","51","1","0","0","0.037","0.0411"
"DIFFERENT_BASE","M2_SIMPY_PT023","M2_SIMPY_PT152","8","51","1","1","0","0.0455","0.0811"
"DIFFERENT_BASE","M2_SIMPY_PT023","M2_SIMPY_PT153","8","51","1","2","0.1429","0.1098","0.1"
"DIFFERENT_BASE","M2_SIMPY_PT023","M2_SIMPY_PT155","8","52","1","1","0.2","0.0455","0.1111"
"DIFFERENT_BASE","M2_SIMPY_PT023","M2_SIMPY_PT156","8","52","1","2","0.4","0.0617","0.0519"
"DIFFERENT_BASE","M2_SIMPY_PT023","M2_SIMPY_PT157","8","53","1","0","0","0.0366","0.038"
"DIFFERENT_BASE","M2_SIMPY_PT023","M2_SIMPY_PT158","8","53","1","1","0","0.0698","0.0946"
"DIFFERENT_BASE","M2_SIMPY_PT023","M2_SIMPY_PT159","8","53","1","2","0.1429","0.371","0.0513"
"DIFFERENT_BASE","M2_SIMPY_PT023","M2_SIMPY_PT161","8","54","1","1","0","0.023","0.0959"
"DIFFERENT_BASE","M2_SIMPY_PT023","M2_SIMPY_PT162","8","54","1","2","0.1429","0.0843","0.0526"
"DIFFERENT_BASE","M2_SIMPY_PT023","M2_SIMPY_PT165","8","55","1","2","0","0.023","0.0375"
"DIFFERENT_BASE","M2_SIMPY_PT023","M2_SIMPY_PT166","8","56","1","0","0","0.0217","0.0658"
"DIFFERENT_BASE","M2_SIMPY_PT023","M2_SIMPY_PT167","8","56","1","1","0","0.0471","0.08"
"DIFFERENT_BASE","M2_SIMPY_PT023","M2_SIMPY_PT169","8","57","1","0","0","0.0125","0.0366"
"DIFFERENT_BASE","M2_SIMPY_PT023","M2_SIMPY_PT170","8","57","1","1","0","0.0417","0.0938"
"DIFFERENT_BASE","M2_SIMPY_PT023","M2_SIMPY_PT171","8","57","1","2","0","0.0247","0.0845"
"DIFFERENT_BASE","M2_SIMPY_PT023","M2_SIMPY_PT174","8","58","1","2","0","0.0482","0.0123"
"DIFFERENT_BASE","M2_SIMPY_PT023","M2_SIMPY_PT175","8","59","1","0","0","0.0349","0.0405"
"DIFFERENT_BASE","M2_SIMPY_PT023","M2_SIMPY_PT177","8","59","1","2","0","0.05","0.0923"
"DIFFERENT_BASE","M2_SIMPY_PT026","M2_SIMPY_PT028","9","10","1","0","0.25","0.0814","0.2083"
"DIFFERENT_BASE","M2_SIMPY_PT026","M2_SIMPY_PT029","9","10","1","1","0.1667","0.0323","0.082"
"DIFFERENT_BASE","M2_SIMPY_PT026","M2_SIMPY_PT031","9","11","1","0","0","0.0316","0.1724"
"DIFFERENT_BASE","M2_SIMPY_PT026","M2_SIMPY_PT033","9","11","1","2","0","0.0909","0.0938"
"DIFFERENT_BASE","M2_SIMPY_PT026","M2_SIMPY_PT035","9","12","1","1","0.2","0.0632","0.2222"
"DIFFERENT_BASE","M2_SIMPY_PT026","M2_SIMPY_PT036","9","12","1","2","0.2","0.0316","0.1129"
"DIFFERENT_BASE","M2_SIMPY_PT026","M2_SIMPY_PT038","9","13","1","1","0.25","0.0109","0.2963"
"DIFFERENT_BASE","M2_SIMPY_PT026","M2_SIMPY_PT040","9","14","1","0","0.25","0.0698","0.1404"
"DIFFERENT_BASE","M2_SIMPY_PT026","M2_SIMPY_PT042","9","14","1","2","0.2","0.0556","0.1695"
"DIFFERENT_BASE","M2_SIMPY_PT026","M2_SIMPY_PT044","9","15","1","1","0.1667","0.1136","0.2"
"DIFFERENT_BASE","M2_SIMPY_PT026","M2_SIMPY_PT047","9","16","1","1","0.2","0.0682","0.1964"
"DIFFERENT_BASE","M2_SIMPY_PT026","M2_SIMPY_PT049","9","17","1","0","0","0.044","0.1346"
"DIFFERENT_BASE","M2_SIMPY_PT026","M2_SIMPY_PT051","9","17","1","2","0","0.0426","0.0645"
"DIFFERENT_BASE","M2_SIMPY_PT026","M2_SIMPY_PT065","9","22","1","1","0","0.0521","0.1887"
"DIFFERENT_BASE","M2_SIMPY_PT026","M2_SIMPY_PT067","9","23","1","0","0","0.0455","0.0984"
"DIFFERENT_BASE","M2_SIMPY_PT026","M2_SIMPY_PT053","9","18","1","1","0","0.0825","0.2"
"DIFFERENT_BASE","M2_SIMPY_PT026","M2_SIMPY_PT054","9","18","1","2","0.1667","0.0435","0.1231"
"DIFFERENT_BASE","M2_SIMPY_PT026","M2_SIMPY_PT056","9","19","1","1","0","0.0227","0.18"
"DIFFERENT_BASE","M2_SIMPY_PT026","M2_SIMPY_PT057","9","19","1","2","0","0.0532","0.0833"
"DIFFERENT_BASE","M2_SIMPY_PT026","M2_SIMPY_PT058","9","20","1","0","0.2","0.0698","0.0984"
"DIFFERENT_BASE","M2_SIMPY_PT026","M2_SIMPY_PT059","9","20","1","1","0.2","0.1205","0.1698"
"DIFFERENT_BASE","M2_SIMPY_PT026","M2_SIMPY_PT061","9","21","1","0","0","0.0444","0.1176"
"DIFFERENT_BASE","M2_SIMPY_PT026","M2_SIMPY_PT070","9","24","1","0","0.25","0.0323","0.1"
"DIFFERENT_BASE","M2_SIMPY_PT026","M2_SIMPY_PT074","9","25","1","1","0","0.0412","0.1333"
"DIFFERENT_BASE","M2_SIMPY_PT026","M2_SIMPY_PT077","9","26","1","1","0.25","0.0421","0.1379"
"DIFFERENT_BASE","M2_SIMPY_PT026","M2_SIMPY_PT080","9","27","1","1","0","0.0312","0.1356"
"DIFFERENT_BASE","M2_SIMPY_PT026","M2_SIMPY_PT083","9","28","1","1","0.1667","0.0211","0.1639"
"DIFFERENT_BASE","M2_SIMPY_PT026","M2_SIMPY_PT086","9","29","1","1","0.4","0.0103","0.26"
"DIFFERENT_BASE","M2_SIMPY_PT026","M2_SIMPY_PT089","9","30","1","1","0","0.0444","0.4048"
"DIFFERENT_BASE","M2_SIMPY_PT026","M2_SIMPY_PT090","9","30","1","2","0","0.0222","0.0896"
"DIFFERENT_BASE","M2_SIMPY_PT026","M2_SIMPY_PT096","9","32","1","2","0.1667","0.0476","0.0833"
"DIFFERENT_BASE","M2_SIMPY_PT026","M2_SIMPY_PT098","9","33","1","1","0","0.0412","0.1356"
"DIFFERENT_BASE","M2_SIMPY_PT026","M2_SIMPY_PT112","9","38","1","0","0.2","0.0769","0.1129"
"DIFFERENT_BASE","M2_SIMPY_PT026","M2_SIMPY_PT113","9","38","1","1","0.2","0.1358","0.1667"
"DIFFERENT_BASE","M2_SIMPY_PT026","M2_SIMPY_PT115","9","39","1","0","0","0.125","0.1429"
"DIFFERENT_BASE","M2_SIMPY_PT026","M2_SIMPY_PT116","9","39","1","1","0","0.0333","0.1212"
"DIFFERENT_BASE","M2_SIMPY_PT026","M2_SIMPY_PT120","9","40","1","2","0","0.0333","0.0769"
"DIFFERENT_BASE","M2_SIMPY_PT026","M2_SIMPY_PT121","9","41","1","0","0","0.1047","0.1053"
"DIFFERENT_BASE","M2_SIMPY_PT026","M2_SIMPY_PT122","9","41","1","1","0","0.0233","0.1538"
"DIFFERENT_BASE","M2_SIMPY_PT026","M2_SIMPY_PT125","9","42","1","1","0","0.069","0.2264"
"DIFFERENT_BASE","M2_SIMPY_PT026","M2_SIMPY_PT126","9","42","1","2","0","0.0645","0.0656"
"DIFFERENT_BASE","M2_SIMPY_PT026","M2_SIMPY_PT127","9","43","1","0","0","0.1098","0.0962"
"DIFFERENT_BASE","M2_SIMPY_PT026","M2_SIMPY_PT128","9","43","1","1","0","0.0532","0.1579"
"DIFFERENT_BASE","M2_SIMPY_PT026","M2_SIMPY_PT131","9","44","1","1","0.1667","0.0455","0.1356"
"DIFFERENT_BASE","M2_SIMPY_PT026","M2_SIMPY_PT133","9","45","1","0","0","0.0227","0.0746"
"DIFFERENT_BASE","M2_SIMPY_PT026","M2_SIMPY_PT135","9","45","1","2","0","0.0309","0.0423"
"DIFFERENT_BASE","M2_SIMPY_PT026","M2_SIMPY_PT140","9","47","1","1","0","0.033","0.1379"
"DIFFERENT_BASE","M2_SIMPY_PT026","M2_SIMPY_PT143","9","48","1","1","0","0.0341","0.1071"
"DIFFERENT_BASE","M2_SIMPY_PT026","M2_SIMPY_PT144","9","48","1","2","0","0.0353","0.0339"
"DIFFERENT_BASE","M2_SIMPY_PT026","M2_SIMPY_PT146","9","49","1","1","0","0.0312","0.0896"
"DIFFERENT_BASE","M2_SIMPY_PT026","M2_SIMPY_PT148","9","50","1","0","0.1667","0.0976","0.0938"
"DIFFERENT_BASE","M2_SIMPY_PT026","M2_SIMPY_PT149","9","50","1","1","0","0.1059","0.1094"
"DIFFERENT_BASE","M2_SIMPY_PT026","M2_SIMPY_PT151","9","51","1","0","0","0.011","0.1"
"DIFFERENT_BASE","M2_SIMPY_PT026","M2_SIMPY_PT152","9","51","1","1","0","0.0526","0.0769"
"DIFFERENT_BASE","M2_SIMPY_PT026","M2_SIMPY_PT153","9","51","1","2","0.1667","0.1124","0.0984"
"DIFFERENT_BASE","M2_SIMPY_PT026","M2_SIMPY_PT155","9","52","1","1","0.25","0.1111","0.1667"
"DIFFERENT_BASE","M2_SIMPY_PT026","M2_SIMPY_PT156","9","52","1","2","0.2","0.0682","0.0758"
"DIFFERENT_BASE","M2_SIMPY_PT026","M2_SIMPY_PT157","9","53","1","0","0","0.1205","0.1077"
"DIFFERENT_BASE","M2_SIMPY_PT026","M2_SIMPY_PT158","9","53","1","1","0","0.0638","0.1452"
"DIFFERENT_BASE","M2_SIMPY_PT026","M2_SIMPY_PT159","9","53","1","2","0","0.0568","0.0746"
"DIFFERENT_BASE","M2_SIMPY_PT026","M2_SIMPY_PT161","9","54","1","1","0","0.0899","0.1475"
"DIFFERENT_BASE","M2_SIMPY_PT026","M2_SIMPY_PT162","9","54","1","2","0.1667","0.0769","0.0769"
"DIFFERENT_BASE","M2_SIMPY_PT026","M2_SIMPY_PT165","9","55","1","2","0","0.043","0.0429"
"DIFFERENT_BASE","M2_SIMPY_PT026","M2_SIMPY_PT166","9","56","1","0","0","0.0408","0.0923"
"DIFFERENT_BASE","M2_SIMPY_PT026","M2_SIMPY_PT167","9","56","1","1","0","0.043","0.127"
"DIFFERENT_BASE","M2_SIMPY_PT026","M2_SIMPY_PT169","9","57","1","0","0","0.0349","0.1364"
"DIFFERENT_BASE","M2_SIMPY_PT026","M2_SIMPY_PT170","9","57","1","1","0","0.0122","0.1538"
"DIFFERENT_BASE","M2_SIMPY_PT026","M2_SIMPY_PT171","9","57","1","2","0","0.0833","0.1167"
"DIFFERENT_BASE","M2_SIMPY_PT026","M2_SIMPY_PT174","9","58","1","2","0","0.0326","0.0141"
"DIFFERENT_BASE","M2_SIMPY_PT026","M2_SIMPY_PT175","9","59","1","0","0","0.0104","0.0635"
"DIFFERENT_BASE","M2_SIMPY_PT026","M2_SIMPY_PT177","9","59","1","2","0","0.011","0.1296"
"SAME_BASE_OTHER_CELL","M2_SIMPY_PT028","M2_SIMPY_PT029","10","10","0","1","0.5","0.1039","0.0909"
"DIFFERENT_BASE","M2_SIMPY_PT028","M2_SIMPY_PT031","10","11","0","0","0.25","0.0741","0.3478"
"DIFFERENT_BASE","M2_SIMPY_PT028","M2_SIMPY_PT033","10","11","0","2","0.25","0.0494","0.0159"
"DIFFERENT_BASE","M2_SIMPY_PT028","M2_SIMPY_PT035","10","12","0","1","0.25","0.0227","0.1111"
"DIFFERENT_BASE","M2_SIMPY_PT028","M2_SIMPY_PT036","10","12","0","2","0.25","0.0235","0.0161"
"DIFFERENT_BASE","M2_SIMPY_PT028","M2_SIMPY_PT038","10","13","0","1","0.3333","0.038","0.1429"
"DIFFERENT_BASE","M2_SIMPY_PT028","M2_SIMPY_PT040","10","14","0","0","0.3333","0.0253","0.1132"
"DIFFERENT_BASE","M2_SIMPY_PT028","M2_SIMPY_PT042","10","14","0","2","0.25","0.05","0.05"
"DIFFERENT_BASE","M2_SIMPY_PT028","M2_SIMPY_PT044","10","15","0","1","0.2","0.1154","0.0526"
"DIFFERENT_BASE","M2_SIMPY_PT028","M2_SIMPY_PT047","10","16","0","1","0.25","0.0641","0.0702"
"DIFFERENT_BASE","M2_SIMPY_PT028","M2_SIMPY_PT049","10","17","0","0","0","0.012","0.0392"
"DIFFERENT_BASE","M2_SIMPY_PT028","M2_SIMPY_PT051","10","17","0","2","0","0.0357","0.0169"
"DIFFERENT_BASE","M2_SIMPY_PT028","M2_SIMPY_PT065","10","22","0","1","0","0.0227","0.0364"
"DIFFERENT_BASE","M2_SIMPY_PT028","M2_SIMPY_PT067","10","23","0","0","0","0.0385","0.0517"
"DIFFERENT_BASE","M2_SIMPY_PT028","M2_SIMPY_PT053","10","18","0","1","0","0.0217","0.0909"
"DIFFERENT_BASE","M2_SIMPY_PT028","M2_SIMPY_PT054","10","18","0","2","0","0.0119","0.0152"
"DIFFERENT_BASE","M2_SIMPY_PT028","M2_SIMPY_PT056","10","19","0","1","0","0.0395","0.0816"
"DIFFERENT_BASE","M2_SIMPY_PT028","M2_SIMPY_PT057","10","19","0","2","0","0.0353","0.0172"
"DIFFERENT_BASE","M2_SIMPY_PT028","M2_SIMPY_PT058","10","20","0","0","0","0.0125","0.0893"
"DIFFERENT_BASE","M2_SIMPY_PT028","M2_SIMPY_PT059","10","20","0","1","0","0.038","0.037"
"DIFFERENT_BASE","M2_SIMPY_PT028","M2_SIMPY_PT061","10","21","0","0","0","0.0506","0.0851"
"DIFFERENT_BASE","M2_SIMPY_PT028","M2_SIMPY_PT070","10","24","0","0","0.3333","0.1184","0.0714"
"DIFFERENT_BASE","M2_SIMPY_PT028","M2_SIMPY_PT074","10","25","0","1","0","0.0345","0.0508"
"DIFFERENT_BASE","M2_SIMPY_PT028","M2_SIMPY_PT077","10","26","0","1","0.3333","0.0115","0.0345"
"DIFFERENT_BASE","M2_SIMPY_PT028","M2_SIMPY_PT080","10","27","0","1","0","0.0602","0.0517"
"DIFFERENT_BASE","M2_SIMPY_PT028","M2_SIMPY_PT083","10","28","0","1","0","0.0238","0.0656"
"DIFFERENT_BASE","M2_SIMPY_PT028","M2_SIMPY_PT086","10","29","0","1","0.2","0.0235","0.0556"
"DIFFERENT_BASE","M2_SIMPY_PT028","M2_SIMPY_PT089","10","30","0","1","0","0.0506","0.06"
"DIFFERENT_BASE","M2_SIMPY_PT028","M2_SIMPY_PT090","10","30","0","2","0","0.0519","0.0152"
"DIFFERENT_BASE","M2_SIMPY_PT028","M2_SIMPY_PT096","10","32","0","2","0","0.0548","0.0351"
"DIFFERENT_BASE","M2_SIMPY_PT028","M2_SIMPY_PT098","10","33","0","1","0","0.0227","0.0517"
"DIFFERENT_BASE","M2_SIMPY_PT028","M2_SIMPY_PT112","10","38","0","0","0","0.0235","0.0328"
"DIFFERENT_BASE","M2_SIMPY_PT028","M2_SIMPY_PT113","10","38","0","1","0","0.0125","0.0364"
"DIFFERENT_BASE","M2_SIMPY_PT028","M2_SIMPY_PT115","10","39","0","0","0","0.0822","0.0943"
"DIFFERENT_BASE","M2_SIMPY_PT028","M2_SIMPY_PT116","10","39","0","1","0","0.0123","0.0625"
"DIFFERENT_BASE","M2_SIMPY_PT028","M2_SIMPY_PT120","10","40","0","2","0","0.038","0.0492"
"DIFFERENT_BASE","M2_SIMPY_PT028","M2_SIMPY_PT121","10","41","0","0","0","0.1351","0.0556"
"DIFFERENT_BASE","M2_SIMPY_PT028","M2_SIMPY_PT122","10","41","0","1","0","0.0548","0.0385"
"DIFFERENT_BASE","M2_SIMPY_PT028","M2_SIMPY_PT125","10","42","0","1","0","0.0649","0.1132"
"DIFFERENT_BASE","M2_SIMPY_PT028","M2_SIMPY_PT126","10","42","0","2","0","0.0353","0.0172"
"DIFFERENT_BASE","M2_SIMPY_PT028","M2_SIMPY_PT127","10","43","0","0","0","0.0667","0.0851"
"DIFFERENT_BASE","M2_SIMPY_PT028","M2_SIMPY_PT128","10","43","0","1","0","0.0353","0.0345"
"DIFFERENT_BASE","M2_SIMPY_PT028","M2_SIMPY_PT131","10","44","0","1","0.2","0.0385","0.0517"
"DIFFERENT_BASE","M2_SIMPY_PT028","M2_SIMPY_PT133","10","45","0","0","0","0.0395","0.0476"
"DIFFERENT_BASE","M2_SIMPY_PT028","M2_SIMPY_PT135","10","45","0","2","0","0.0349","0.0303"
"DIFFERENT_BASE","M2_SIMPY_PT028","M2_SIMPY_PT140","10","47","0","1","0","0.0375","0.0526"
"DIFFERENT_BASE","M2_SIMPY_PT028","M2_SIMPY_PT143","10","48","0","1","0","0.0256","0.0566"
"DIFFERENT_BASE","M2_SIMPY_PT028","M2_SIMPY_PT144","10","48","0","2","0","0.0132","0.0185"
"DIFFERENT_BASE","M2_SIMPY_PT028","M2_SIMPY_PT146","10","49","0","1","0","0.0353","0.0308"
"DIFFERENT_BASE","M2_SIMPY_PT028","M2_SIMPY_PT148","10","50","0","0","0.2","0.0395","0.0492"
"DIFFERENT_BASE","M2_SIMPY_PT028","M2_SIMPY_PT149","10","50","0","1","0","0.0247","0.0317"
"DIFFERENT_BASE","M2_SIMPY_PT028","M2_SIMPY_PT151","10","51","0","0","0","0.0253","0.1538"
"DIFFERENT_BASE","M2_SIMPY_PT028","M2_SIMPY_PT152","10","51","0","1","0","0.0471","0.0323"
"DIFFERENT_BASE","M2_SIMPY_PT028","M2_SIMPY_PT153","10","51","0","2","0.2","0.1139","0.0167"
"DIFFERENT_BASE","M2_SIMPY_PT028","M2_SIMPY_PT155","10","52","0","1","0.3333","0.0595","0.1034"
"DIFFERENT_BASE","M2_SIMPY_PT028","M2_SIMPY_PT156","10","52","0","2","0.25","0.0641","0.1017"
"DIFFERENT_BASE","M2_SIMPY_PT028","M2_SIMPY_PT157","10","53","0","0","0","0.0789","0.1379"
"DIFFERENT_BASE","M2_SIMPY_PT028","M2_SIMPY_PT158","10","53","0","1","0","0.0471","0.1404"
"DIFFERENT_BASE","M2_SIMPY_PT028","M2_SIMPY_PT159","10","53","0","2","0","0.038","0.0645"
"DIFFERENT_BASE","M2_SIMPY_PT028","M2_SIMPY_PT161","10","54","0","1","0","0.0488","0.1034"
"DIFFERENT_BASE","M2_SIMPY_PT028","M2_SIMPY_PT162","10","54","0","2","0.2","0.0741","0.0492"
"DIFFERENT_BASE","M2_SIMPY_PT028","M2_SIMPY_PT165","10","55","0","2","0","0.0238","0.0308"
"DIFFERENT_BASE","M2_SIMPY_PT028","M2_SIMPY_PT166","10","56","0","0","0","0.046","0.0833"
"DIFFERENT_BASE","M2_SIMPY_PT028","M2_SIMPY_PT167","10","56","0","1","0","0.0361","0.1017"
"DIFFERENT_BASE","M2_SIMPY_PT028","M2_SIMPY_PT169","10","57","0","0","0","0.0263","0.1897"
"DIFFERENT_BASE","M2_SIMPY_PT028","M2_SIMPY_PT170","10","57","0","1","0","0.0141","0.08"
"DIFFERENT_BASE","M2_SIMPY_PT028","M2_SIMPY_PT171","10","57","0","2","0","0.0667","0.0517"
"DIFFERENT_BASE","M2_SIMPY_PT028","M2_SIMPY_PT174","10","58","0","2","0","0.0244","0.0154"
"DIFFERENT_BASE","M2_SIMPY_PT028","M2_SIMPY_PT175","10","59","0","0","0","0.0118","0.0517"
"DIFFERENT_BASE","M2_SIMPY_PT028","M2_SIMPY_PT177","10","59","0","2","0","0.0253","0.0377"
"DIFFERENT_BASE","M2_SIMPY_PT029","M2_SIMPY_PT031","10","11","1","0","0.4","0.0843","0.0606"
"DIFFERENT_BASE","M2_SIMPY_PT029","M2_SIMPY_PT033","10","11","1","2","0.4","0.0476","0.1077"
"DIFFERENT_BASE","M2_SIMPY_PT029","M2_SIMPY_PT035","10","12","1","1","0.4","0.0333","0.0968"
"DIFFERENT_BASE","M2_SIMPY_PT029","M2_SIMPY_PT036","10","12","1","2","0.4","0.0465","0.0758"
"DIFFERENT_BASE","M2_SIMPY_PT029","M2_SIMPY_PT038","10","13","1","1","0.2","0.0494","0.1077"
"DIFFERENT_BASE","M2_SIMPY_PT029","M2_SIMPY_PT040","10","14","1","0","0.2","0.012","0.0469"
"DIFFERENT_BASE","M2_SIMPY_PT029","M2_SIMPY_PT042","10","14","1","2","0.1667","0.0357","0.0597"
"DIFFERENT_BASE","M2_SIMPY_PT029","M2_SIMPY_PT044","10","15","1","1","0.1429","0.0588","0.0625"
"DIFFERENT_BASE","M2_SIMPY_PT029","M2_SIMPY_PT047","10","16","1","1","0.1667","0.0361","0.0615"
"DIFFERENT_BASE","M2_SIMPY_PT029","M2_SIMPY_PT049","10","17","1","0","0","0.0235","0.0702"
"DIFFERENT_BASE","M2_SIMPY_PT029","M2_SIMPY_PT051","10","17","1","2","0","0.0345","0.0303"
"DIFFERENT_BASE","M2_SIMPY_PT029","M2_SIMPY_PT065","10","22","1","1","0","0.022","0.0833"
"DIFFERENT_BASE","M2_SIMPY_PT029","M2_SIMPY_PT067","10","23","1","0","0","0.037","0.0615"
"DIFFERENT_BASE","M2_SIMPY_PT029","M2_SIMPY_PT053","10","18","1","1","0","0.0104","0.0794"
"DIFFERENT_BASE","M2_SIMPY_PT029","M2_SIMPY_PT054","10","18","1","2","0","0.0233","0.0563"
"DIFFERENT_BASE","M2_SIMPY_PT029","M2_SIMPY_PT056","10","19","1","1","0","0.0513","0.0893"
"DIFFERENT_BASE","M2_SIMPY_PT029","M2_SIMPY_PT057","10","19","1","2","0","0.0706","0.0635"
"DIFFERENT_BASE","M2_SIMPY_PT029","M2_SIMPY_PT058","10","20","1","0","0","0.012","0.0615"
"DIFFERENT_BASE","M2_SIMPY_PT029","M2_SIMPY_PT059","10","20","1","1","0","0.0366","0.1429"
"DIFFERENT_BASE","M2_SIMPY_PT029","M2_SIMPY_PT061","10","21","1","0","0","0.0617","0.0926"
"DIFFERENT_BASE","M2_SIMPY_PT029","M2_SIMPY_PT070","10","24","1","0","0.2","0.0732","0.0968"
"DIFFERENT_BASE","M2_SIMPY_PT029","M2_SIMPY_PT074","10","25","1","1","0","0.0568","0.0769"
"DIFFERENT_BASE","M2_SIMPY_PT029","M2_SIMPY_PT077","10","26","1","1","0.2","0.046","0.0625"
"DIFFERENT_BASE","M2_SIMPY_PT029","M2_SIMPY_PT080","10","27","1","1","0.1429","0.1375","0.0952"
"DIFFERENT_BASE","M2_SIMPY_PT029","M2_SIMPY_PT083","10","28","1","1","0","0.0723","0.1406"
"DIFFERENT_BASE","M2_SIMPY_PT029","M2_SIMPY_PT086","10","29","1","1","0.1429","0.0345","0.1017"
"DIFFERENT_BASE","M2_SIMPY_PT029","M2_SIMPY_PT089","10","30","1","1","0","0.0238","0.0702"
"DIFFERENT_BASE","M2_SIMPY_PT029","M2_SIMPY_PT090","10","30","1","2","0","0.0244","0.0563"
"DIFFERENT_BASE","M2_SIMPY_PT029","M2_SIMPY_PT096","10","32","1","2","0","0.0811","0.0806"
"DIFFERENT_BASE","M2_SIMPY_PT029","M2_SIMPY_PT098","10","33","1","1","0","0.0333","0.0952"
"DIFFERENT_BASE","M2_SIMPY_PT029","M2_SIMPY_PT112","10","38","1","0","0","0.0345","0.0597"
"DIFFERENT_BASE","M2_SIMPY_PT029","M2_SIMPY_PT113","10","38","1","1","0","0.05","0.1404"
"DIFFERENT_BASE","M2_SIMPY_PT029","M2_SIMPY_PT115","10","39","1","0","0","0.038","0.0476"
"DIFFERENT_BASE","M2_SIMPY_PT029","M2_SIMPY_PT116","10","39","1","1","0","0.0494","0.0857"
"DIFFERENT_BASE","M2_SIMPY_PT029","M2_SIMPY_PT120","10","40","1","2","0","0.0625","0.0588"
"DIFFERENT_BASE","M2_SIMPY_PT029","M2_SIMPY_PT121","10","41","1","0","0.2","0.0875","0.0656"
"DIFFERENT_BASE","M2_SIMPY_PT029","M2_SIMPY_PT122","10","41","1","1","0.2","0.0959","0.1481"
"DIFFERENT_BASE","M2_SIMPY_PT029","M2_SIMPY_PT125","10","42","1","1","0","0.0241","0.1356"
"DIFFERENT_BASE","M2_SIMPY_PT029","M2_SIMPY_PT126","10","42","1","2","0","0.0111","0.0635"
"DIFFERENT_BASE","M2_SIMPY_PT029","M2_SIMPY_PT127","10","43","1","0","0.1429","0.0779","0.0727"
"DIFFERENT_BASE","M2_SIMPY_PT029","M2_SIMPY_PT128","10","43","1","1","0","0.0581","0.1333"
"DIFFERENT_BASE","M2_SIMPY_PT029","M2_SIMPY_PT131","10","44","1","1","0.3333","0.12","0.1695"
"DIFFERENT_BASE","M2_SIMPY_PT029","M2_SIMPY_PT133","10","45","1","0","0.25","0.0649","0.0725"
"DIFFERENT_BASE","M2_SIMPY_PT029","M2_SIMPY_PT135","10","45","1","2","0.1667","0.0824","0.0857"
"DIFFERENT_BASE","M2_SIMPY_PT029","M2_SIMPY_PT140","10","47","1","1","0","0.1026","0.1724"
"DIFFERENT_BASE","M2_SIMPY_PT029","M2_SIMPY_PT143","10","48","1","1","0","0.0779","0.1228"
"DIFFERENT_BASE","M2_SIMPY_PT029","M2_SIMPY_PT144","10","48","1","2","0","0.0526","0.0678"
"DIFFERENT_BASE","M2_SIMPY_PT029","M2_SIMPY_PT146","10","49","1","1","0","0.0706","0.0714"
"DIFFERENT_BASE","M2_SIMPY_PT029","M2_SIMPY_PT148","10","50","1","0","0.1429","0.038","0.0588"
"DIFFERENT_BASE","M2_SIMPY_PT029","M2_SIMPY_PT149","10","50","1","1","0","0.0361","0.2167"
"DIFFERENT_BASE","M2_SIMPY_PT029","M2_SIMPY_PT151","10","51","1","0","0","0.0244","0.0625"
"DIFFERENT_BASE","M2_SIMPY_PT029","M2_SIMPY_PT152","10","51","1","1","0","0.0698","0.1077"
"DIFFERENT_BASE","M2_SIMPY_PT029","M2_SIMPY_PT153","10","51","1","2","0.1429","0.0964","0.0781"
"DIFFERENT_BASE","M2_SIMPY_PT029","M2_SIMPY_PT155","10","52","1","1","0.2","0.0575","0.1429"
"DIFFERENT_BASE","M2_SIMPY_PT029","M2_SIMPY_PT156","10","52","1","2","0.1667","0.0488","0.0735"
"DIFFERENT_BASE","M2_SIMPY_PT029","M2_SIMPY_PT157","10","53","1","0","0.1667","0.0625","0.0571"
"DIFFERENT_BASE","M2_SIMPY_PT029","M2_SIMPY_PT158","10","53","1","1","0","0.1084","0.2373"
"DIFFERENT_BASE","M2_SIMPY_PT029","M2_SIMPY_PT159","10","53","1","2","0","0.0625","0.0882"
"DIFFERENT_BASE","M2_SIMPY_PT029","M2_SIMPY_PT161","10","54","1","1","0","0.0723","0.1429"
"DIFFERENT_BASE","M2_SIMPY_PT029","M2_SIMPY_PT162","10","54","1","2","0.1429","0.0345","0.0909"
"DIFFERENT_BASE","M2_SIMPY_PT029","M2_SIMPY_PT165","10","55","1","2","0.1429","0.0349","0.0714"
"DIFFERENT_BASE","M2_SIMPY_PT029","M2_SIMPY_PT166","10","56","1","0","0","0.0444","0.0896"
"DIFFERENT_BASE","M2_SIMPY_PT029","M2_SIMPY_PT167","10","56","1","1","0.1429","0.0854","0.1774"
"DIFFERENT_BASE","M2_SIMPY_PT029","M2_SIMPY_PT169","10","57","1","0","0","0.0253","0.0405"
"DIFFERENT_BASE","M2_SIMPY_PT029","M2_SIMPY_PT170","10","57","1","1","0.1667","0.1194","0.1481"
"DIFFERENT_BASE","M2_SIMPY_PT029","M2_SIMPY_PT171","10","57","1","2","0.1429","0.0506","0.0781"
"DIFFERENT_BASE","M2_SIMPY_PT029","M2_SIMPY_PT174","10","58","1","2","0.1429","0.0482","0.0278"
"DIFFERENT_BASE","M2_SIMPY_PT029","M2_SIMPY_PT175","10","59","1","0","0","0.0595","0.0455"
"DIFFERENT_BASE","M2_SIMPY_PT029","M2_SIMPY_PT177","10","59","1","2","0","0.037","0.05"
"SAME_BASE_OTHER_CELL","M2_SIMPY_PT031","M2_SIMPY_PT033","11","11","0","2","1","0.0976","0.0725"
"DIFFERENT_BASE","M2_SIMPY_PT031","M2_SIMPY_PT035","11","12","0","1","0.2","0.092","0.1111"
"DIFFERENT_BASE","M2_SIMPY_PT031","M2_SIMPY_PT036","11","12","0","2","0.2","0.011","0.0282"
"DIFFERENT_BASE","M2_SIMPY_PT031","M2_SIMPY_PT038","11","13","0","1","0","0.0357","0.1935"
"DIFFERENT_BASE","M2_SIMPY_PT031","M2_SIMPY_PT040","11","14","0","0","0","0.0361","0.1695"
"DIFFERENT_BASE","M2_SIMPY_PT031","M2_SIMPY_PT042","11","14","0","2","0","0.023","0.0735"
"DIFFERENT_BASE","M2_SIMPY_PT031","M2_SIMPY_PT044","11","15","0","1","0.4","0.0575","0.0769"
"DIFFERENT_BASE","M2_SIMPY_PT031","M2_SIMPY_PT047","11","16","0","1","0","0.0115","0.0923"
"DIFFERENT_BASE","M2_SIMPY_PT031","M2_SIMPY_PT049","11","17","0","0","0","0.023","0.0678"
"DIFFERENT_BASE","M2_SIMPY_PT031","M2_SIMPY_PT051","11","17","0","2","0","0.0222","0.0294"
"DIFFERENT_BASE","M2_SIMPY_PT031","M2_SIMPY_PT065","11","22","0","1","0.2","0.044","0.0469"
"DIFFERENT_BASE","M2_SIMPY_PT031","M2_SIMPY_PT067","11","23","0","0","0","0.0361","0.1833"
"DIFFERENT_BASE","M2_SIMPY_PT031","M2_SIMPY_PT053","11","18","0","1","0","0.0532","0.0938"
"DIFFERENT_BASE","M2_SIMPY_PT031","M2_SIMPY_PT054","11","18","0","2","0","0.0345","0.0267"
"DIFFERENT_BASE","M2_SIMPY_PT031","M2_SIMPY_PT056","11","19","0","1","0","0.0244","0.1053"
"DIFFERENT_BASE","M2_SIMPY_PT031","M2_SIMPY_PT057","11","19","0","2","0","0.0449","0.0299"
"DIFFERENT_BASE","M2_SIMPY_PT031","M2_SIMPY_PT058","11","20","0","0","0","0.0361","0.127"
"DIFFERENT_BASE","M2_SIMPY_PT031","M2_SIMPY_PT059","11","20","0","1","0","0.0116","0.0476"
"DIFFERENT_BASE","M2_SIMPY_PT031","M2_SIMPY_PT061","11","21","0","0","0","0.0233","0.1296"
"DIFFERENT_BASE","M2_SIMPY_PT031","M2_SIMPY_PT070","11","24","0","0","0","0.0843","0.1111"
"DIFFERENT_BASE","M2_SIMPY_PT031","M2_SIMPY_PT074","11","25","0","1","0.25","0.0326","0.0746"
"DIFFERENT_BASE","M2_SIMPY_PT031","M2_SIMPY_PT077","11","26","0","1","0","0.0333","0.0606"
"DIFFERENT_BASE","M2_SIMPY_PT031","M2_SIMPY_PT080","11","27","0","1","0","0.0449","0.0597"
"DIFFERENT_BASE","M2_SIMPY_PT031","M2_SIMPY_PT083","11","28","0","1","0","0.0341","0.1029"
"DIFFERENT_BASE","M2_SIMPY_PT031","M2_SIMPY_PT086","11","29","0","1","0","0.0222","0.0635"
"DIFFERENT_BASE","M2_SIMPY_PT031","M2_SIMPY_PT089","11","30","0","1","0.2","0.0353","0.0862"
"DIFFERENT_BASE","M2_SIMPY_PT031","M2_SIMPY_PT090","11","30","0","2","0.1667","0.0118","0.0267"
"DIFFERENT_BASE","M2_SIMPY_PT031","M2_SIMPY_PT096","11","32","0","2","0","0.0649","0.0615"
"DIFFERENT_BASE","M2_SIMPY_PT031","M2_SIMPY_PT098","11","33","0","1","0.2","0.0326","0.0758"
"DIFFERENT_BASE","M2_SIMPY_PT031","M2_SIMPY_PT112","11","38","0","0","0","0.0222","0.1061"
"DIFFERENT_BASE","M2_SIMPY_PT031","M2_SIMPY_PT113","11","38","0","1","0","0.0238","0.0635"
"DIFFERENT_BASE","M2_SIMPY_PT031","M2_SIMPY_PT115","11","39","0","0","0.25","0.037","0.0968"
"DIFFERENT_BASE","M2_SIMPY_PT031","M2_SIMPY_PT116","11","39","0","1","0.2","0.0235","0.0685"
"DIFFERENT_BASE","M2_SIMPY_PT031","M2_SIMPY_PT120","11","40","0","2","0","0.0357","0.1212"
"DIFFERENT_BASE","M2_SIMPY_PT031","M2_SIMPY_PT121","11","41","0","0","0","0.0723","0.1754"
"DIFFERENT_BASE","M2_SIMPY_PT031","M2_SIMPY_PT122","11","41","0","1","0","0.0513","0.0492"
"DIFFERENT_BASE","M2_SIMPY_PT031","M2_SIMPY_PT125","11","42","0","1","0","0.0235","0.1129"
"DIFFERENT_BASE","M2_SIMPY_PT031","M2_SIMPY_PT126","11","42","0","2","0","0.0109","0.0299"
"DIFFERENT_BASE","M2_SIMPY_PT031","M2_SIMPY_PT127","11","43","0","0","0","0.0625","0.1296"
"DIFFERENT_BASE","M2_SIMPY_PT031","M2_SIMPY_PT128","11","43","0","1","0","0.0449","0.0448"
"DIFFERENT_BASE","M2_SIMPY_PT031","M2_SIMPY_PT131","11","44","0","1","0","0.0361","0.0597"
"DIFFERENT_BASE","M2_SIMPY_PT031","M2_SIMPY_PT133","11","45","0","0","0","0.0244","0.1176"
"DIFFERENT_BASE","M2_SIMPY_PT031","M2_SIMPY_PT135","11","45","0","2","0","0.0217","0.04"
"DIFFERENT_BASE","M2_SIMPY_PT031","M2_SIMPY_PT140","11","47","0","1","0.2","0.0353","0.0606"
"DIFFERENT_BASE","M2_SIMPY_PT031","M2_SIMPY_PT143","11","48","0","1","0","0.0494","0.0645"
"DIFFERENT_BASE","M2_SIMPY_PT031","M2_SIMPY_PT144","11","48","0","2","0","0.025","0.0317"
"DIFFERENT_BASE","M2_SIMPY_PT031","M2_SIMPY_PT146","11","49","0","1","0","0.022","0.0405"
"DIFFERENT_BASE","M2_SIMPY_PT031","M2_SIMPY_PT148","11","50","0","0","0","0.012","0.1212"
"DIFFERENT_BASE","M2_SIMPY_PT031","M2_SIMPY_PT149","11","50","0","1","0","0.0476","0.0417"
"DIFFERENT_BASE","M2_SIMPY_PT031","M2_SIMPY_PT151","11","51","0","0","0.25","0.0617","0.2281"
"DIFFERENT_BASE","M2_SIMPY_PT031","M2_SIMPY_PT152","11","51","0","1","0","0.033","0.0423"
"DIFFERENT_BASE","M2_SIMPY_PT031","M2_SIMPY_PT153","11","51","0","2","0.1667","0.0814","0.029"
"DIFFERENT_BASE","M2_SIMPY_PT031","M2_SIMPY_PT155","11","52","0","1","0","0.1605","0.1045"
"DIFFERENT_BASE","M2_SIMPY_PT031","M2_SIMPY_PT156","11","52","0","2","0","0.0476","0.1029"
"DIFFERENT_BASE","M2_SIMPY_PT031","M2_SIMPY_PT157","11","53","0","0","0.2","0.1299","0.2258"
"DIFFERENT_BASE","M2_SIMPY_PT031","M2_SIMPY_PT158","11","53","0","1","0","0.0562","0.1364"
"DIFFERENT_BASE","M2_SIMPY_PT031","M2_SIMPY_PT159","11","53","0","2","0","0.061","0.0704"
"DIFFERENT_BASE","M2_SIMPY_PT031","M2_SIMPY_PT161","11","54","0","1","0","0.0964","0.1045"
"DIFFERENT_BASE","M2_SIMPY_PT031","M2_SIMPY_PT162","11","54","0","2","0","0.011","0.0571"
"DIFFERENT_BASE","M2_SIMPY_PT031","M2_SIMPY_PT165","11","55","0","2","0.4","0.0581","0.0267"
"DIFFERENT_BASE","M2_SIMPY_PT031","M2_SIMPY_PT166","11","56","0","0","0","0.0667","0.1538"
"DIFFERENT_BASE","M2_SIMPY_PT031","M2_SIMPY_PT167","11","56","0","1","0.1667","0.0706","0.1029"
"DIFFERENT_BASE","M2_SIMPY_PT031","M2_SIMPY_PT169","11","57","0","0","0","0.0641","0.1286"
"DIFFERENT_BASE","M2_SIMPY_PT031","M2_SIMPY_PT170","11","57","0","1","0.5","0.0132","0.0847"
"DIFFERENT_BASE","M2_SIMPY_PT031","M2_SIMPY_PT171","11","57","0","2","0.1667","0.0119","0.0597"
"DIFFERENT_BASE","M2_SIMPY_PT031","M2_SIMPY_PT174","11","58","0","2","0.1667","0.0471","0.0133"
"DIFFERENT_BASE","M2_SIMPY_PT031","M2_SIMPY_PT175","11","59","0","0","0","0.0341","0.127"
"DIFFERENT_BASE","M2_SIMPY_PT031","M2_SIMPY_PT177","11","59","0","2","0","0.0617","0.0484"
"DIFFERENT_BASE","M2_SIMPY_PT033","M2_SIMPY_PT035","11","12","2","1","0.2","0.0814","0.1613"
"DIFFERENT_BASE","M2_SIMPY_PT033","M2_SIMPY_PT036","11","12","2","2","0.2","0.0714","0.4706"
"DIFFERENT_BASE","M2_SIMPY_PT033","M2_SIMPY_PT038","11","13","2","1","0","0.0119","0.0857"
"DIFFERENT_BASE","M2_SIMPY_PT033","M2_SIMPY_PT040","11","14","2","0","0","0.0633","0.0597"
"DIFFERENT_BASE","M2_SIMPY_PT033","M2_SIMPY_PT042","11","14","2","2","0","0.0875","0.5"
"DIFFERENT_BASE","M2_SIMPY_PT033","M2_SIMPY_PT044","11","15","2","1","0.4","0.0465","0.125"
"DIFFERENT_BASE","M2_SIMPY_PT033","M2_SIMPY_PT047","11","16","2","1","0","0.0361","0.1231"
"DIFFERENT_BASE","M2_SIMPY_PT033","M2_SIMPY_PT049","11","17","2","0","0","0.0235","0.0317"
"DIFFERENT_BASE","M2_SIMPY_PT033","M2_SIMPY_PT051","11","17","2","2","0","0.0112","0.3333"
"DIFFERENT_BASE","M2_SIMPY_PT033","M2_SIMPY_PT065","11","22","2","1","0.2","0.069","0.0952"
"DIFFERENT_BASE","M2_SIMPY_PT033","M2_SIMPY_PT067","11","23","2","0","0","0.0244","0.0429"
"DIFFERENT_BASE","M2_SIMPY_PT033","M2_SIMPY_PT053","11","18","2","1","0","0.0543","0.0909"
"DIFFERENT_BASE","M2_SIMPY_PT033","M2_SIMPY_PT054","11","18","2","2","0","0.0602","0.2742"
"DIFFERENT_BASE","M2_SIMPY_PT033","M2_SIMPY_PT056","11","19","2","1","0","0.025","0.0833"
"DIFFERENT_BASE","M2_SIMPY_PT033","M2_SIMPY_PT057","11","19","2","2","0","0.046","0.2241"
"DIFFERENT_BASE","M2_SIMPY_PT033","M2_SIMPY_PT058","11","20","2","0","0","0.0633","0.0282"
"DIFFERENT_BASE","M2_SIMPY_PT033","M2_SIMPY_PT059","11","20","2","1","0","0.0366","0.0625"
"DIFFERENT_BASE","M2_SIMPY_PT033","M2_SIMPY_PT061","11","21","2","0","0","0.0238","0.05"
"DIFFERENT_BASE","M2_SIMPY_PT033","M2_SIMPY_PT070","11","24","2","0","0","0.0732","0.0746"
"DIFFERENT_BASE","M2_SIMPY_PT033","M2_SIMPY_PT074","11","25","2","1","0.25","0.0449","0.0882"
"DIFFERENT_BASE","M2_SIMPY_PT033","M2_SIMPY_PT077","11","26","2","1","0","0.0225","0.0909"
"DIFFERENT_BASE","M2_SIMPY_PT033","M2_SIMPY_PT080","11","27","2","1","0","0.0225","0.1061"
"DIFFERENT_BASE","M2_SIMPY_PT033","M2_SIMPY_PT083","11","28","2","1","0","0.0114","0.1493"
"DIFFERENT_BASE","M2_SIMPY_PT033","M2_SIMPY_PT086","11","29","2","1","0","0.0112","0.1311"
"DIFFERENT_BASE","M2_SIMPY_PT033","M2_SIMPY_PT089","11","30","2","1","0.2","0.0488","0.1017"
"DIFFERENT_BASE","M2_SIMPY_PT033","M2_SIMPY_PT090","11","30","2","2","0.1667","0.05","0.386"
"DIFFERENT_BASE","M2_SIMPY_PT033","M2_SIMPY_PT096","11","32","2","2","0","0.0526","0.1833"
"DIFFERENT_BASE","M2_SIMPY_PT033","M2_SIMPY_PT098","11","33","2","1","0.2","0.022","0.0735"
"DIFFERENT_BASE","M2_SIMPY_PT033","M2_SIMPY_PT112","11","38","2","0","0","0.0345","0.0417"
"DIFFERENT_BASE","M2_SIMPY_PT033","M2_SIMPY_PT113","11","38","2","1","0","0.0633","0.0952"
"DIFFERENT_BASE","M2_SIMPY_PT033","M2_SIMPY_PT115","11","39","2","0","0.25","0.0649","0.0769"
"DIFFERENT_BASE","M2_SIMPY_PT033","M2_SIMPY_PT116","11","39","2","1","0.2","0.1039","0.1111"
"DIFFERENT_BASE","M2_SIMPY_PT033","M2_SIMPY_PT120","11","40","2","2","0","0.0366","0.2667"
"DIFFERENT_BASE","M2_SIMPY_PT033","M2_SIMPY_PT121","11","41","2","0","0","0.1154","0.0615"
"DIFFERENT_BASE","M2_SIMPY_PT033","M2_SIMPY_PT122","11","41","2","1","0","0.039","0.1"
"DIFFERENT_BASE","M2_SIMPY_PT033","M2_SIMPY_PT125","11","42","2","1","0","0.0119","0.1094"
"DIFFERENT_BASE","M2_SIMPY_PT033","M2_SIMPY_PT126","11","42","2","2","0","0.0706","0.3148"
"DIFFERENT_BASE","M2_SIMPY_PT033","M2_SIMPY_PT127","11","43","2","0","0","0.0641","0.0862"
"DIFFERENT_BASE","M2_SIMPY_PT033","M2_SIMPY_PT128","11","43","2","1","0","0.0341","0.0909"
"DIFFERENT_BASE","M2_SIMPY_PT033","M2_SIMPY_PT131","11","44","2","1","0","0.012","0.1231"
"DIFFERENT_BASE","M2_SIMPY_PT033","M2_SIMPY_PT133","11","45","2","0","0","0.0123","0.04"
"DIFFERENT_BASE","M2_SIMPY_PT033","M2_SIMPY_PT135","11","45","2","2","0","0.011","0.1268"
"DIFFERENT_BASE","M2_SIMPY_PT033","M2_SIMPY_PT140","11","47","2","1","0.2","0.0118","0.125"
"DIFFERENT_BASE","M2_SIMPY_PT033","M2_SIMPY_PT143","11","48","2","1","0","0.0247","0.0794"
"DIFFERENT_BASE","M2_SIMPY_PT033","M2_SIMPY_PT144","11","48","2","2","0","0.0127","0.4255"
"DIFFERENT_BASE","M2_SIMPY_PT033","M2_SIMPY_PT146","11","49","2","1","0","0.046","0.0395"
"DIFFERENT_BASE","M2_SIMPY_PT033","M2_SIMPY_PT148","11","50","2","0","0","0.0649","0.0704"
"DIFFERENT_BASE","M2_SIMPY_PT033","M2_SIMPY_PT149","11","50","2","1","0","0.0361","0.0845"
"DIFFERENT_BASE","M2_SIMPY_PT033","M2_SIMPY_PT151","11","51","2","0","0.25","0.012","0.0286"
"DIFFERENT_BASE","M2_SIMPY_PT033","M2_SIMPY_PT152","11","51","2","1","0","0.0222","0.1014"
"DIFFERENT_BASE","M2_SIMPY_PT033","M2_SIMPY_PT153","11","51","2","2","0.1667","0.1098","0.3273"
"DIFFERENT_BASE","M2_SIMPY_PT033","M2_SIMPY_PT155","11","52","2","1","0","0.0698","0.1176"
"DIFFERENT_BASE","M2_SIMPY_PT033","M2_SIMPY_PT156","11","52","2","2","0","0.0886","0.1846"
"DIFFERENT_BASE","M2_SIMPY_PT033","M2_SIMPY_PT157","11","53","2","0","0.2","0.0759","0.0263"
"DIFFERENT_BASE","M2_SIMPY_PT033","M2_SIMPY_PT158","11","53","2","1","0","0.0575","0.1493"
"DIFFERENT_BASE","M2_SIMPY_PT033","M2_SIMPY_PT159","11","53","2","2","0","0.1039","0.3448"
"DIFFERENT_BASE","M2_SIMPY_PT033","M2_SIMPY_PT161","11","54","2","1","0","0.0854","0.0857"
"DIFFERENT_BASE","M2_SIMPY_PT033","M2_SIMPY_PT162","11","54","2","2","0","0.0588","0.2667"
"DIFFERENT_BASE","M2_SIMPY_PT033","M2_SIMPY_PT165","11","55","2","2","0.4","0.0349","0.0676"
"DIFFERENT_BASE","M2_SIMPY_PT033","M2_SIMPY_PT166","11","56","2","0","0","0.033","0.0548"
"DIFFERENT_BASE","M2_SIMPY_PT033","M2_SIMPY_PT167","11","56","2","1","0.1667","0.0114","0.1159"
"DIFFERENT_BASE","M2_SIMPY_PT033","M2_SIMPY_PT169","11","57","2","0","0","0.0125","0.0125"
"DIFFERENT_BASE","M2_SIMPY_PT033","M2_SIMPY_PT170","11","57","2","1","0.5","0.0135","0.1186"
"DIFFERENT_BASE","M2_SIMPY_PT033","M2_SIMPY_PT171","11","57","2","2","0.1667","0.0122","0.2807"
"DIFFERENT_BASE","M2_SIMPY_PT033","M2_SIMPY_PT174","11","58","2","2","0.1667","0.061","0.0685"
"DIFFERENT_BASE","M2_SIMPY_PT033","M2_SIMPY_PT175","11","59","2","0","0","0.0114","0.0282"
"DIFFERENT_BASE","M2_SIMPY_PT033","M2_SIMPY_PT177","11","59","2","2","0","0.037","0.1552"
"SAME_BASE_OTHER_CELL","M2_SIMPY_PT035","M2_SIMPY_PT036","12","12","1","2","1","0.0556","0.2456"
"DIFFERENT_BASE","M2_SIMPY_PT035","M2_SIMPY_PT038","12","13","1","1","0.25","0.0112","0.1429"
"DIFFERENT_BASE","M2_SIMPY_PT035","M2_SIMPY_PT040","12","14","1","0","0.25","0.0349","0.1356"
"DIFFERENT_BASE","M2_SIMPY_PT035","M2_SIMPY_PT042","12","14","1","2","0.2","0.0222","0.1452"
"DIFFERENT_BASE","M2_SIMPY_PT035","M2_SIMPY_PT044","12","15","1","1","0","0.0326","0.1333"
"DIFFERENT_BASE","M2_SIMPY_PT035","M2_SIMPY_PT047","12","16","1","1","0.2","0.0111","0.2105"
"DIFFERENT_BASE","M2_SIMPY_PT035","M2_SIMPY_PT049","12","17","1","0","0","0.0337","0.0702"
"DIFFERENT_BASE","M2_SIMPY_PT035","M2_SIMPY_PT051","12","17","1","2","0","0.0215","0.0462"
"DIFFERENT_BASE","M2_SIMPY_PT035","M2_SIMPY_PT065","12","22","1","1","0","0.0208","0.1404"
"DIFFERENT_BASE","M2_SIMPY_PT035","M2_SIMPY_PT067","12","23","1","0","0","0.0114","0.0781"
"DIFFERENT_BASE","M2_SIMPY_PT035","M2_SIMPY_PT053","12","18","1","1","0","0.0408","0.2143"
"DIFFERENT_BASE","M2_SIMPY_PT035","M2_SIMPY_PT054","12","18","1","2","0","0.022","0.087"
"DIFFERENT_BASE","M2_SIMPY_PT035","M2_SIMPY_PT056","12","19","1","1","0","0.0235","0.1731"
"DIFFERENT_BASE","M2_SIMPY_PT035","M2_SIMPY_PT057","12","19","1","2","0","0.0213","0.0984"
"DIFFERENT_BASE","M2_SIMPY_PT035","M2_SIMPY_PT058","12","20","1","0","0","0.023","0.1129"
"DIFFERENT_BASE","M2_SIMPY_PT035","M2_SIMPY_PT059","12","20","1","1","0","0.0465","0.1034"
"DIFFERENT_BASE","M2_SIMPY_PT035","M2_SIMPY_PT061","12","21","1","0","0","0.0581","0.2041"
"DIFFERENT_BASE","M2_SIMPY_PT035","M2_SIMPY_PT070","12","24","1","0","0.25","0.022","0.1148"
"DIFFERENT_BASE","M2_SIMPY_PT035","M2_SIMPY_PT074","12","25","1","1","0","0.0316","0.1667"
"DIFFERENT_BASE","M2_SIMPY_PT035","M2_SIMPY_PT077","12","26","1","1","0.25","0.0105","0.1333"
"DIFFERENT_BASE","M2_SIMPY_PT035","M2_SIMPY_PT080","12","27","1","1","0","0.0435","0.1311"
"DIFFERENT_BASE","M2_SIMPY_PT035","M2_SIMPY_PT083","12","28","1","1","0","0.0217","0.1967"
"DIFFERENT_BASE","M2_SIMPY_PT035","M2_SIMPY_PT086","12","29","1","1","0.1667","0.0215","0.1207"
"DIFFERENT_BASE","M2_SIMPY_PT035","M2_SIMPY_PT089","12","30","1","1","0","0.0341","0.1509"
"DIFFERENT_BASE","M2_SIMPY_PT035","M2_SIMPY_PT090","12","30","1","2","0","0.023","0.087"
"DIFFERENT_BASE","M2_SIMPY_PT035","M2_SIMPY_PT096","12","32","1","2","0","0.0119","0.1552"
"DIFFERENT_BASE","M2_SIMPY_PT035","M2_SIMPY_PT098","12","33","1","1","0","0.0103","0.0952"
"DIFFERENT_BASE","M2_SIMPY_PT035","M2_SIMPY_PT112","12","38","1","0","0","0.0326","0.127"
"DIFFERENT_BASE","M2_SIMPY_PT035","M2_SIMPY_PT113","12","38","1","1","0","0.0471","0.1207"
"DIFFERENT_BASE","M2_SIMPY_PT035","M2_SIMPY_PT115","12","39","1","0","0","0.0235","0.0476"
"DIFFERENT_BASE","M2_SIMPY_PT035","M2_SIMPY_PT116","12","39","1","1","0","0.0345","0.1014"
"DIFFERENT_BASE","M2_SIMPY_PT035","M2_SIMPY_PT120","12","40","1","2","0","0.0227","0.1077"
"DIFFERENT_BASE","M2_SIMPY_PT035","M2_SIMPY_PT121","12","41","1","0","0","0.0575","0.0833"
"DIFFERENT_BASE","M2_SIMPY_PT035","M2_SIMPY_PT122","12","41","1","1","0","0.0241","0.1923"
"DIFFERENT_BASE","M2_SIMPY_PT035","M2_SIMPY_PT125","12","42","1","1","0","0.0112","0.2642"
"DIFFERENT_BASE","M2_SIMPY_PT035","M2_SIMPY_PT126","12","42","1","2","0","0.0909","0.0635"
"DIFFERENT_BASE","M2_SIMPY_PT035","M2_SIMPY_PT127","12","43","1","0","0","0.0476","0.1569"
"DIFFERENT_BASE","M2_SIMPY_PT035","M2_SIMPY_PT128","12","43","1","1","0","0.0323","0.1148"
"DIFFERENT_BASE","M2_SIMPY_PT035","M2_SIMPY_PT131","12","44","1","1","0.1667","0.0114","0.15"
"DIFFERENT_BASE","M2_SIMPY_PT035","M2_SIMPY_PT133","12","45","1","0","0","0.0116","0.0725"
"DIFFERENT_BASE","M2_SIMPY_PT035","M2_SIMPY_PT135","12","45","1","2","0","0.0319","0.0556"
"DIFFERENT_BASE","M2_SIMPY_PT035","M2_SIMPY_PT140","12","47","1","1","0","0.0111","0.1525"
"DIFFERENT_BASE","M2_SIMPY_PT035","M2_SIMPY_PT143","12","48","1","1","0","0.0115","0.1034"
"DIFFERENT_BASE","M2_SIMPY_PT035","M2_SIMPY_PT144","12","48","1","2","0","0.0119","0.05"
"DIFFERENT_BASE","M2_SIMPY_PT035","M2_SIMPY_PT146","12","49","1","1","0","0.0213","0.0563"
"DIFFERENT_BASE","M2_SIMPY_PT035","M2_SIMPY_PT148","12","50","1","0","0.1667","0.0482","0.0588"
"DIFFERENT_BASE","M2_SIMPY_PT035","M2_SIMPY_PT149","12","50","1","1","0","0.0111","0.0735"
"DIFFERENT_BASE","M2_SIMPY_PT035","M2_SIMPY_PT151","12","51","1","0","0","0.0471","0.1148"
"DIFFERENT_BASE","M2_SIMPY_PT035","M2_SIMPY_PT152","12","51","1","1","0","0.0659","0.0746"
"DIFFERENT_BASE","M2_SIMPY_PT035","M2_SIMPY_PT153","12","51","1","2","0.1667","0.0435","0.1129"
"DIFFERENT_BASE","M2_SIMPY_PT035","M2_SIMPY_PT155","12","52","1","1","0.6667","0.1279","0.4694"
"DIFFERENT_BASE","M2_SIMPY_PT035","M2_SIMPY_PT156","12","52","1","2","0.5","0.0111","0.1587"
"DIFFERENT_BASE","M2_SIMPY_PT035","M2_SIMPY_PT157","12","53","1","0","0.2","0.0714","0.1045"
"DIFFERENT_BASE","M2_SIMPY_PT035","M2_SIMPY_PT158","12","53","1","1","0.1667","0.043","0.1967"
"DIFFERENT_BASE","M2_SIMPY_PT035","M2_SIMPY_PT159","12","53","1","2","0.1667","0.0345","0.1212"
"DIFFERENT_BASE","M2_SIMPY_PT035","M2_SIMPY_PT161","12","54","1","1","0","0.0562","0.1429"
"DIFFERENT_BASE","M2_SIMPY_PT035","M2_SIMPY_PT162","12","54","1","2","0.1667","0.1176","0.1429"
"DIFFERENT_BASE","M2_SIMPY_PT035","M2_SIMPY_PT165","12","55","1","2","0.1667","0.033","0.0714"
"DIFFERENT_BASE","M2_SIMPY_PT035","M2_SIMPY_PT166","12","56","1","0","0","0.0102","0.1061"
"DIFFERENT_BASE","M2_SIMPY_PT035","M2_SIMPY_PT167","12","56","1","1","0.1667","0.0562","0.1774"
"DIFFERENT_BASE","M2_SIMPY_PT035","M2_SIMPY_PT169","12","57","1","0","0","0.0118","0.0845"
"DIFFERENT_BASE","M2_SIMPY_PT035","M2_SIMPY_PT170","12","57","1","1","0.2","0.0256","0.1698"
"DIFFERENT_BASE","M2_SIMPY_PT035","M2_SIMPY_PT171","12","57","1","2","0.1667","0.0864","0.15"
"DIFFERENT_BASE","M2_SIMPY_PT035","M2_SIMPY_PT174","12","58","1","2","0.1667","0.0337","0.0278"
"DIFFERENT_BASE","M2_SIMPY_PT035","M2_SIMPY_PT175","12","59","1","0","0","0.033","0.0455"
"DIFFERENT_BASE","M2_SIMPY_PT035","M2_SIMPY_PT177","12","59","1","2","0","0.0349","0.125"
"DIFFERENT_BASE","M2_SIMPY_PT036","M2_SIMPY_PT038","12","13","2","1","0.25","0.0116","0.087"
"DIFFERENT_BASE","M2_SIMPY_PT036","M2_SIMPY_PT040","12","14","2","0","0.25","0.0361","0.0606"
"DIFFERENT_BASE","M2_SIMPY_PT036","M2_SIMPY_PT042","12","14","2","2","0.2","0.0471","0.4231"
"DIFFERENT_BASE","M2_SIMPY_PT036","M2_SIMPY_PT044","12","15","2","1","0","0.011","0.0923"
"DIFFERENT_BASE","M2_SIMPY_PT036","M2_SIMPY_PT047","12","16","2","1","0.2","0.0353","0.1429"
"DIFFERENT_BASE","M2_SIMPY_PT036","M2_SIMPY_PT049","12","17","2","0","0","0.023","0.0323"
"DIFFERENT_BASE","M2_SIMPY_PT036","M2_SIMPY_PT051","12","17","2","2","0","0.0337","0.2909"
"DIFFERENT_BASE","M2_SIMPY_PT036","M2_SIMPY_PT065","12","22","2","1","0","0.044","0.0968"
"DIFFERENT_BASE","M2_SIMPY_PT036","M2_SIMPY_PT067","12","23","2","0","0","0.0238","0.0435"
"DIFFERENT_BASE","M2_SIMPY_PT036","M2_SIMPY_PT053","12","18","2","1","0","0.0102","0.0923"
"DIFFERENT_BASE","M2_SIMPY_PT036","M2_SIMPY_PT054","12","18","2","2","0","0.0588","0.3"
"DIFFERENT_BASE","M2_SIMPY_PT036","M2_SIMPY_PT056","12","19","2","1","0","0.05","0.0847"
"DIFFERENT_BASE","M2_SIMPY_PT036","M2_SIMPY_PT057","12","19","2","2","0","0.0941","0.2727"
"DIFFERENT_BASE","M2_SIMPY_PT036","M2_SIMPY_PT058","12","20","2","0","0","0.0361","0.0286"
"DIFFERENT_BASE","M2_SIMPY_PT036","M2_SIMPY_PT059","12","20","2","1","0","0.0357","0.0806"
"DIFFERENT_BASE","M2_SIMPY_PT036","M2_SIMPY_PT061","12","21","2","0","0","0.0732","0.0508"
"DIFFERENT_BASE","M2_SIMPY_PT036","M2_SIMPY_PT070","12","24","2","0","0.25","0.0112","0.0441"
"DIFFERENT_BASE","M2_SIMPY_PT036","M2_SIMPY_PT074","12","25","2","1","0","0.044","0.0735"
"DIFFERENT_BASE","M2_SIMPY_PT036","M2_SIMPY_PT077","12","26","2","1","0.25","0.022","0.0923"
"DIFFERENT_BASE","M2_SIMPY_PT036","M2_SIMPY_PT080","12","27","2","1","0","0.0449","0.125"
"DIFFERENT_BASE","M2_SIMPY_PT036","M2_SIMPY_PT083","12","28","2","1","0","0.046","0.1515"
"DIFFERENT_BASE","M2_SIMPY_PT036","M2_SIMPY_PT086","12","29","2","1","0.1667","0.0222","0.1525"
"DIFFERENT_BASE","M2_SIMPY_PT036","M2_SIMPY_PT089","12","30","2","1","0","0.0476","0.1034"
"DIFFERENT_BASE","M2_SIMPY_PT036","M2_SIMPY_PT090","12","30","2","2","0","0.1169","0.3684"
"DIFFERENT_BASE","M2_SIMPY_PT036","M2_SIMPY_PT096","12","32","2","2","0","0.0933","0.1864"
"DIFFERENT_BASE","M2_SIMPY_PT036","M2_SIMPY_PT098","12","33","2","1","0","0.0674","0.0746"
"DIFFERENT_BASE","M2_SIMPY_PT036","M2_SIMPY_PT112","12","38","2","0","0","0.0455","0.0571"
"DIFFERENT_BASE","M2_SIMPY_PT036","M2_SIMPY_PT113","12","38","2","1","0","0.0118","0.1148"
"DIFFERENT_BASE","M2_SIMPY_PT036","M2_SIMPY_PT115","12","39","2","0","0","0.05","0.0615"
"DIFFERENT_BASE","M2_SIMPY_PT036","M2_SIMPY_PT116","12","39","2","1","0","0.1013","0.1286"
"DIFFERENT_BASE","M2_SIMPY_PT036","M2_SIMPY_PT120","12","40","2","2","0","0.0482","0.25"
"DIFFERENT_BASE","M2_SIMPY_PT036","M2_SIMPY_PT121","12","41","2","0","0","0.0349","0.0625"
"DIFFERENT_BASE","M2_SIMPY_PT036","M2_SIMPY_PT122","12","41","2","1","0","0.0513","0.1207"
"DIFFERENT_BASE","M2_SIMPY_PT036","M2_SIMPY_PT125","12","42","2","1","0","0.0357","0.1111"
"DIFFERENT_BASE","M2_SIMPY_PT036","M2_SIMPY_PT126","12","42","2","2","0","0.0814","0.2963"
"DIFFERENT_BASE","M2_SIMPY_PT036","M2_SIMPY_PT127","12","43","2","0","0","0.0625","0.0877"
"DIFFERENT_BASE","M2_SIMPY_PT036","M2_SIMPY_PT128","12","43","2","1","0","0.0333","0.1094"
"DIFFERENT_BASE","M2_SIMPY_PT036","M2_SIMPY_PT131","12","44","2","1","0.1667","0.0488","0.1077"
"DIFFERENT_BASE","M2_SIMPY_PT036","M2_SIMPY_PT133","12","45","2","0","0","0.037","0.0405"
"DIFFERENT_BASE","M2_SIMPY_PT036","M2_SIMPY_PT135","12","45","2","2","0","0.0562","0.1286"
"DIFFERENT_BASE","M2_SIMPY_PT036","M2_SIMPY_PT140","12","47","2","1","0","0.0353","0.1094"
"DIFFERENT_BASE","M2_SIMPY_PT036","M2_SIMPY_PT143","12","48","2","1","0","0.0366","0.0635"
"DIFFERENT_BASE","M2_SIMPY_PT036","M2_SIMPY_PT144","12","48","2","2","0","0.025","0.3469"
"DIFFERENT_BASE","M2_SIMPY_PT036","M2_SIMPY_PT146","12","49","2","1","0","0.0941","0.04"
"DIFFERENT_BASE","M2_SIMPY_PT036","M2_SIMPY_PT148","12","50","2","0","0.1667","0.0769","0.0563"
"DIFFERENT_BASE","M2_SIMPY_PT036","M2_SIMPY_PT149","12","50","2","1","0","0.0233","0.0704"
"DIFFERENT_BASE","M2_SIMPY_PT036","M2_SIMPY_PT151","12","51","2","0","0","0","0.0441"
"DIFFERENT_BASE","M2_SIMPY_PT036","M2_SIMPY_PT152","12","51","2","1","0","0.0108","0.1194"
"DIFFERENT_BASE","M2_SIMPY_PT036","M2_SIMPY_PT153","12","51","2","2","0.1667","0.0449","0.3585"
"DIFFERENT_BASE","M2_SIMPY_PT036","M2_SIMPY_PT155","12","52","2","1","0.6667","0.033","0.1029"
"DIFFERENT_BASE","M2_SIMPY_PT036","M2_SIMPY_PT156","12","52","2","2","0.5","0.1733","0.2258"
"DIFFERENT_BASE","M2_SIMPY_PT036","M2_SIMPY_PT157","12","53","2","0","0.2","0.0116","0.0267"
"DIFFERENT_BASE","M2_SIMPY_PT036","M2_SIMPY_PT158","12","53","2","1","0.1667","0.0562","0.1176"
"DIFFERENT_BASE","M2_SIMPY_PT036","M2_SIMPY_PT159","12","53","2","2","0.1667","0.061","0.2833"
"DIFFERENT_BASE","M2_SIMPY_PT036","M2_SIMPY_PT161","12","54","2","1","0","0.0341","0.087"
"DIFFERENT_BASE","M2_SIMPY_PT036","M2_SIMPY_PT162","12","54","2","2","0.1667","0.1084","0.3158"
"DIFFERENT_BASE","M2_SIMPY_PT036","M2_SIMPY_PT165","12","55","2","2","0.1667","0.0833","0.0833"
"DIFFERENT_BASE","M2_SIMPY_PT036","M2_SIMPY_PT166","12","56","2","0","0","0.0549","0.0556"
"DIFFERENT_BASE","M2_SIMPY_PT036","M2_SIMPY_PT167","12","56","2","1","0.1667","0.0225","0.1176"
"DIFFERENT_BASE","M2_SIMPY_PT036","M2_SIMPY_PT169","12","57","2","0","0","0.0247","0.0127"
"DIFFERENT_BASE","M2_SIMPY_PT036","M2_SIMPY_PT170","12","57","2","1","0.2","0.0548","0.1207"
"DIFFERENT_BASE","M2_SIMPY_PT036","M2_SIMPY_PT171","12","57","2","2","0.1667","0.0366","0.2632"
"DIFFERENT_BASE","M2_SIMPY_PT036","M2_SIMPY_PT174","12","58","2","2","0.1667","0.0723","0.0694"
"DIFFERENT_BASE","M2_SIMPY_PT036","M2_SIMPY_PT175","12","59","2","0","0","0.0341","0.0286"
"DIFFERENT_BASE","M2_SIMPY_PT036","M2_SIMPY_PT177","12","59","2","2","0","0.0361","0.1579"
"DIFFERENT_BASE","M2_SIMPY_PT038","M2_SIMPY_PT040","13","14","1","0","0.3333","0.0125","0.0923"
"DIFFERENT_BASE","M2_SIMPY_PT038","M2_SIMPY_PT042","13","14","1","2","0.25","0.0244","0.1194"
"DIFFERENT_BASE","M2_SIMPY_PT038","M2_SIMPY_PT044","13","15","1","1","0","0.061","0.125"
"DIFFERENT_BASE","M2_SIMPY_PT038","M2_SIMPY_PT047","13","16","1","1","0.25","0.0375","0.1231"
"DIFFERENT_BASE","M2_SIMPY_PT038","M2_SIMPY_PT049","13","17","1","0","0","0.012","0.0484"
"DIFFERENT_BASE","M2_SIMPY_PT038","M2_SIMPY_PT051","13","17","1","2","0","0.0235","0.0435"
"DIFFERENT_BASE","M2_SIMPY_PT038","M2_SIMPY_PT065","13","22","1","1","0","0.0112","0.1129"
"DIFFERENT_BASE","M2_SIMPY_PT038","M2_SIMPY_PT067","13","23","1","0","0","0.0519","0.0735"
"DIFFERENT_BASE","M2_SIMPY_PT038","M2_SIMPY_PT053","13","18","1","1","0","0.0217","0.1613"
"DIFFERENT_BASE","M2_SIMPY_PT038","M2_SIMPY_PT054","13","18","1","2","0","0.0366","0.0822"
"DIFFERENT_BASE","M2_SIMPY_PT038","M2_SIMPY_PT056","13","19","1","1","0","0.026","0.1607"
"DIFFERENT_BASE","M2_SIMPY_PT038","M2_SIMPY_PT057","13","19","1","2","0","0.0233","0.0923"
"DIFFERENT_BASE","M2_SIMPY_PT038","M2_SIMPY_PT058","13","20","1","0","0","0.0385","0.0896"
"DIFFERENT_BASE","M2_SIMPY_PT038","M2_SIMPY_PT059","13","20","1","1","0","0.0123","0.0794"
"DIFFERENT_BASE","M2_SIMPY_PT038","M2_SIMPY_PT061","13","21","1","0","0","0.0122","0.0862"
"DIFFERENT_BASE","M2_SIMPY_PT038","M2_SIMPY_PT070","13","24","1","0","0.3333","0.0241","0.0909"
"DIFFERENT_BASE","M2_SIMPY_PT038","M2_SIMPY_PT074","13","25","1","1","0","0.0588","0.1045"
"DIFFERENT_BASE","M2_SIMPY_PT038","M2_SIMPY_PT077","13","26","1","1","0.3333","0.0353","0.1077"
"DIFFERENT_BASE","M2_SIMPY_PT038","M2_SIMPY_PT080","13","27","1","1","0","0.0732","0.0735"
"DIFFERENT_BASE","M2_SIMPY_PT038","M2_SIMPY_PT083","13","28","1","1","0","0.0488","0.2419"
"DIFFERENT_BASE","M2_SIMPY_PT038","M2_SIMPY_PT086","13","29","1","1","0.2","0.0482","0.1897"
"DIFFERENT_BASE","M2_SIMPY_PT038","M2_SIMPY_PT089","13","30","1","1","0","0.0506","0.1818"
"DIFFERENT_BASE","M2_SIMPY_PT038","M2_SIMPY_PT090","13","30","1","2","0","0.0253","0.0822"
"DIFFERENT_BASE","M2_SIMPY_PT038","M2_SIMPY_PT096","13","32","1","2","0","0.0845","0.1094"
"DIFFERENT_BASE","M2_SIMPY_PT038","M2_SIMPY_PT098","13","33","1","1","0","0.0227","0.1231"
"DIFFERENT_BASE","M2_SIMPY_PT038","M2_SIMPY_PT112","13","38","1","0","0","0.0116","0.0417"
"DIFFERENT_BASE","M2_SIMPY_PT038","M2_SIMPY_PT113","13","38","1","1","0","0.0253","0.0781"
"DIFFERENT_BASE","M2_SIMPY_PT038","M2_SIMPY_PT115","13","39","1","0","0","0.026","0.0938"
"DIFFERENT_BASE","M2_SIMPY_PT038","M2_SIMPY_PT116","13","39","1","1","0","0.0513","0.1268"
"DIFFERENT_BASE","M2_SIMPY_PT038","M2_SIMPY_PT120","13","40","1","2","0","0.038","0.0704"
"DIFFERENT_BASE","M2_SIMPY_PT038","M2_SIMPY_PT121","13","41","1","0","0","0.037","0.0952"
"DIFFERENT_BASE","M2_SIMPY_PT038","M2_SIMPY_PT122","13","41","1","1","0","0.0132","0.0645"
"DIFFERENT_BASE","M2_SIMPY_PT038","M2_SIMPY_PT125","13","42","1","1","0","0.0513","0.2241"
"DIFFERENT_BASE","M2_SIMPY_PT038","M2_SIMPY_PT126","13","42","1","2","0","0.0233","0.0441"
"DIFFERENT_BASE","M2_SIMPY_PT038","M2_SIMPY_PT127","13","43","1","0","0","0.0256","0.0678"
"DIFFERENT_BASE","M2_SIMPY_PT038","M2_SIMPY_PT128","13","43","1","1","0","0.0602","0.0746"
"DIFFERENT_BASE","M2_SIMPY_PT038","M2_SIMPY_PT131","13","44","1","1","0.2","0.08","0.1967"
"DIFFERENT_BASE","M2_SIMPY_PT038","M2_SIMPY_PT133","13","45","1","0","0","0.0676","0.0685"
"DIFFERENT_BASE","M2_SIMPY_PT038","M2_SIMPY_PT135","13","45","1","2","0","0.023","0.039"
"DIFFERENT_BASE","M2_SIMPY_PT038","M2_SIMPY_PT140","13","47","1","1","0","0.0641","0.1613"
"DIFFERENT_BASE","M2_SIMPY_PT038","M2_SIMPY_PT143","13","48","1","1","0","0.0526","0.1724"
"DIFFERENT_BASE","M2_SIMPY_PT038","M2_SIMPY_PT144","13","48","1","2","0","0.0267","0.0308"
"DIFFERENT_BASE","M2_SIMPY_PT038","M2_SIMPY_PT146","13","49","1","1","0","0.0115","0.0676"
"DIFFERENT_BASE","M2_SIMPY_PT038","M2_SIMPY_PT148","13","50","1","0","0.2","0.026","0.0704"
"DIFFERENT_BASE","M2_SIMPY_PT038","M2_SIMPY_PT149","13","50","1","1","0","0.0375","0.0845"
"DIFFERENT_BASE","M2_SIMPY_PT038","M2_SIMPY_PT151","13","51","1","0","0","0.0125","0.0909"
"DIFFERENT_BASE","M2_SIMPY_PT038","M2_SIMPY_PT152","13","51","1","1","0","0.0471","0.0704"
"DIFFERENT_BASE","M2_SIMPY_PT038","M2_SIMPY_PT153","13","51","1","2","0.2","0.0233","0.0896"
"DIFFERENT_BASE","M2_SIMPY_PT038","M2_SIMPY_PT155","13","52","1","1","0.3333","0.023","0.1692"
"DIFFERENT_BASE","M2_SIMPY_PT038","M2_SIMPY_PT156","13","52","1","2","0.25","0.0247","0.0548"
"DIFFERENT_BASE","M2_SIMPY_PT038","M2_SIMPY_PT157","13","53","1","0","0","0.025","0.0986"
"DIFFERENT_BASE","M2_SIMPY_PT038","M2_SIMPY_PT158","13","53","1","1","0","0.023","0.1324"
"DIFFERENT_BASE","M2_SIMPY_PT038","M2_SIMPY_PT159","13","53","1","2","0","0.025","0.0685"
"DIFFERENT_BASE","M2_SIMPY_PT038","M2_SIMPY_PT161","13","54","1","1","0","0.0238","0.1875"
"DIFFERENT_BASE","M2_SIMPY_PT038","M2_SIMPY_PT162","13","54","1","2","0.2","0.0357","0.0704"
"DIFFERENT_BASE","M2_SIMPY_PT038","M2_SIMPY_PT165","13","55","1","2","0","0.0238","0.0676"
"DIFFERENT_BASE","M2_SIMPY_PT038","M2_SIMPY_PT166","13","56","1","0","0","0.0225","0.0845"
"DIFFERENT_BASE","M2_SIMPY_PT038","M2_SIMPY_PT167","13","56","1","1","0","0.0488","0.1846"
"DIFFERENT_BASE","M2_SIMPY_PT038","M2_SIMPY_PT169","13","57","1","0","0","0.0263","0.0946"
"DIFFERENT_BASE","M2_SIMPY_PT038","M2_SIMPY_PT170","13","57","1","1","0","0.0286","0.1186"
"DIFFERENT_BASE","M2_SIMPY_PT038","M2_SIMPY_PT171","13","57","1","2","0","0.0526","0.1061"
"DIFFERENT_BASE","M2_SIMPY_PT038","M2_SIMPY_PT174","13","58","1","2","0.2","0.037","0.0263"
"DIFFERENT_BASE","M2_SIMPY_PT038","M2_SIMPY_PT175","13","59","1","0","0","0.0488","0.058"
"DIFFERENT_BASE","M2_SIMPY_PT038","M2_SIMPY_PT177","13","59","1","2","0","0.0253","0.1167"
"SAME_BASE_OTHER_CELL","M2_SIMPY_PT040","M2_SIMPY_PT042","14","14","0","2","0.6667","0.0921","0.1475"
"DIFFERENT_BASE","M2_SIMPY_PT040","M2_SIMPY_PT044","14","15","0","1","0.2","0.0118","0.1356"
"DIFFERENT_BASE","M2_SIMPY_PT040","M2_SIMPY_PT047","14","16","0","1","0.6667","0.0789","0.1724"
"DIFFERENT_BASE","M2_SIMPY_PT040","M2_SIMPY_PT049","14","17","0","0","0","0.0506","0.1321"
"DIFFERENT_BASE","M2_SIMPY_PT040","M2_SIMPY_PT051","14","17","0","2","0","0.075","0.0469"
"DIFFERENT_BASE","M2_SIMPY_PT040","M2_SIMPY_PT065","14","22","0","1","0.25","0.0854","0.2308"
"DIFFERENT_BASE","M2_SIMPY_PT040","M2_SIMPY_PT067","14","23","0","0","0.25","0.0667","0.2143"
"DIFFERENT_BASE","M2_SIMPY_PT040","M2_SIMPY_PT053","14","18","0","1","0.3333","0.069","0.1964"
"DIFFERENT_BASE","M2_SIMPY_PT040","M2_SIMPY_PT054","14","18","0","2","0.2","0.05","0.0423"
"DIFFERENT_BASE","M2_SIMPY_PT040","M2_SIMPY_PT056","14","19","0","1","0","0.04","0.1111"
"DIFFERENT_BASE","M2_SIMPY_PT040","M2_SIMPY_PT057","14","19","0","2","0","0.0482","0.0312"
"DIFFERENT_BASE","M2_SIMPY_PT040","M2_SIMPY_PT058","14","20","0","0","0.25","0.0811","0.2364"
"DIFFERENT_BASE","M2_SIMPY_PT040","M2_SIMPY_PT059","14","20","0","1","0.25","0.0658","0.05"
"DIFFERENT_BASE","M2_SIMPY_PT040","M2_SIMPY_PT061","14","21","0","0","0","0.0789","0.1837"
"DIFFERENT_BASE","M2_SIMPY_PT040","M2_SIMPY_PT070","14","24","0","0","1","0.0244","0.1964"
"DIFFERENT_BASE","M2_SIMPY_PT040","M2_SIMPY_PT074","14","25","0","1","0.3333","0.0854","0.1129"
"DIFFERENT_BASE","M2_SIMPY_PT040","M2_SIMPY_PT077","14","26","0","1","1","0.0482","0.1356"
"DIFFERENT_BASE","M2_SIMPY_PT040","M2_SIMPY_PT080","14","27","0","1","0.2","0.0235","0.0968"
"DIFFERENT_BASE","M2_SIMPY_PT040","M2_SIMPY_PT083","14","28","0","1","0","0.0494","0.125"
"DIFFERENT_BASE","M2_SIMPY_PT040","M2_SIMPY_PT086","14","29","0","1","0.2","0.0238","0.0667"
"DIFFERENT_BASE","M2_SIMPY_PT040","M2_SIMPY_PT089","14","30","0","1","0.25","0.0649","0.1321"
"DIFFERENT_BASE","M2_SIMPY_PT040","M2_SIMPY_PT090","14","30","0","2","0.2","0.039","0.0278"
"DIFFERENT_BASE","M2_SIMPY_PT040","M2_SIMPY_PT096","14","32","0","2","0","0.027","0.082"
"DIFFERENT_BASE","M2_SIMPY_PT040","M2_SIMPY_PT098","14","33","0","1","0.25","0.0349","0.0794"
"DIFFERENT_BASE","M2_SIMPY_PT040","M2_SIMPY_PT112","14","38","0","0","0","0.0488","0.0938"
"DIFFERENT_BASE","M2_SIMPY_PT040","M2_SIMPY_PT113","14","38","0","1","0","0.0526","0.1034"
"DIFFERENT_BASE","M2_SIMPY_PT040","M2_SIMPY_PT115","14","39","0","0","0","0.0263","0.1017"
"DIFFERENT_BASE","M2_SIMPY_PT040","M2_SIMPY_PT116","14","39","0","1","0","0.0385","0.0714"
"DIFFERENT_BASE","M2_SIMPY_PT040","M2_SIMPY_PT120","14","40","0","2","0","0.0385","0.0597"
"DIFFERENT_BASE","M2_SIMPY_PT040","M2_SIMPY_PT121","14","41","0","0","0","0.0506","0.1228"
"DIFFERENT_BASE","M2_SIMPY_PT040","M2_SIMPY_PT122","14","41","0","1","0","0.0411","0.0893"
"DIFFERENT_BASE","M2_SIMPY_PT040","M2_SIMPY_PT125","14","42","0","1","0.25","0.0385","0.1579"
"DIFFERENT_BASE","M2_SIMPY_PT040","M2_SIMPY_PT126","14","42","0","2","0.25","0.0357","0.082"
"DIFFERENT_BASE","M2_SIMPY_PT040","M2_SIMPY_PT127","14","43","0","0","0","0.0533","0.234"
"DIFFERENT_BASE","M2_SIMPY_PT040","M2_SIMPY_PT128","14","43","0","1","0","0.0357","0.0984"
"DIFFERENT_BASE","M2_SIMPY_PT040","M2_SIMPY_PT131","14","44","0","1","0.2","0.039","0.0462"
"DIFFERENT_BASE","M2_SIMPY_PT040","M2_SIMPY_PT133","14","45","0","0","0","0.0986","0.0735"
"DIFFERENT_BASE","M2_SIMPY_PT040","M2_SIMPY_PT135","14","45","0","2","0","0.0476","0.0274"
"DIFFERENT_BASE","M2_SIMPY_PT040","M2_SIMPY_PT140","14","47","0","1","0","0.025","0.0469"
"DIFFERENT_BASE","M2_SIMPY_PT040","M2_SIMPY_PT143","14","48","0","1","0","0.0533","0.05"
"DIFFERENT_BASE","M2_SIMPY_PT040","M2_SIMPY_PT144","14","48","0","2","0","0.027","0.069"
"DIFFERENT_BASE","M2_SIMPY_PT040","M2_SIMPY_PT146","14","49","0","1","0","0.0357","0.0423"
"DIFFERENT_BASE","M2_SIMPY_PT040","M2_SIMPY_PT148","14","50","0","0","0.5","0.0986","0.127"
"DIFFERENT_BASE","M2_SIMPY_PT040","M2_SIMPY_PT149","14","50","0","1","0.2","0.038","0.0435"
"DIFFERENT_BASE","M2_SIMPY_PT040","M2_SIMPY_PT151","14","51","0","0","0","0.0127","0.1964"
"DIFFERENT_BASE","M2_SIMPY_PT040","M2_SIMPY_PT152","14","51","0","1","0","0.0115","0.0441"
"DIFFERENT_BASE","M2_SIMPY_PT040","M2_SIMPY_PT153","14","51","0","2","0.2","0.0741","0.0303"
"DIFFERENT_BASE","M2_SIMPY_PT040","M2_SIMPY_PT155","14","52","0","1","0.3333","0.0115","0.1094"
"DIFFERENT_BASE","M2_SIMPY_PT040","M2_SIMPY_PT156","14","52","0","2","0.25","0.025","0.0746"
"DIFFERENT_BASE","M2_SIMPY_PT040","M2_SIMPY_PT157","14","53","0","0","0","0.0519","0.1406"
"DIFFERENT_BASE","M2_SIMPY_PT040","M2_SIMPY_PT158","14","53","0","1","0","0.0476","0.1077"
"DIFFERENT_BASE","M2_SIMPY_PT040","M2_SIMPY_PT159","14","53","0","2","0","0.0385","0.1061"
"DIFFERENT_BASE","M2_SIMPY_PT040","M2_SIMPY_PT161","14","54","0","1","0","0.0366","0.127"
"DIFFERENT_BASE","M2_SIMPY_PT040","M2_SIMPY_PT162","14","54","0","2","0.2","0.0361","0.0597"
"DIFFERENT_BASE","M2_SIMPY_PT040","M2_SIMPY_PT165","14","55","0","2","0","0.0366","0.0423"
"DIFFERENT_BASE","M2_SIMPY_PT040","M2_SIMPY_PT166","14","56","0","0","0","0.0227","0.1077"
"DIFFERENT_BASE","M2_SIMPY_PT040","M2_SIMPY_PT167","14","56","0","1","0","0.0241","0.0746"
"DIFFERENT_BASE","M2_SIMPY_PT040","M2_SIMPY_PT169","14","57","0","0","0","0.0132","0.0704"
"DIFFERENT_BASE","M2_SIMPY_PT040","M2_SIMPY_PT170","14","57","0","1","0","0.0143","0.0893"
"DIFFERENT_BASE","M2_SIMPY_PT040","M2_SIMPY_PT171","14","57","0","2","0","0.0128","0.0625"
"DIFFERENT_BASE","M2_SIMPY_PT040","M2_SIMPY_PT174","14","58","0","2","0","0.0641","0.0139"
"DIFFERENT_BASE","M2_SIMPY_PT040","M2_SIMPY_PT175","14","59","0","0","0","0.0119","0.0968"
"DIFFERENT_BASE","M2_SIMPY_PT040","M2_SIMPY_PT177","14","59","0","2","0","0.0127","0.0508"
"DIFFERENT_BASE","M2_SIMPY_PT042","M2_SIMPY_PT044","14","15","2","1","0.1667","0.023","0.1833"
"DIFFERENT_BASE","M2_SIMPY_PT042","M2_SIMPY_PT047","14","16","2","1","1","0.1486","0.3091"
"DIFFERENT_BASE","M2_SIMPY_PT042","M2_SIMPY_PT049","14","17","2","0","0","0.075","0.0667"
"DIFFERENT_BASE","M2_SIMPY_PT042","M2_SIMPY_PT051","14","17","2","2","0","0.0349","0.3396"
"DIFFERENT_BASE","M2_SIMPY_PT042","M2_SIMPY_PT065","14","22","2","1","0.2","0.1084","0.1333"
"DIFFERENT_BASE","M2_SIMPY_PT042","M2_SIMPY_PT067","14","23","2","0","0.2","0.0641","0.0746"
"DIFFERENT_BASE","M2_SIMPY_PT042","M2_SIMPY_PT053","14","18","2","1","0.25","0.0323","0.127"
"DIFFERENT_BASE","M2_SIMPY_PT042","M2_SIMPY_PT054","14","18","2","2","0.1667","0.0875","0.3448"
"DIFFERENT_BASE","M2_SIMPY_PT042","M2_SIMPY_PT056","14","19","2","1","0","0.0125","0.1228"
"DIFFERENT_BASE","M2_SIMPY_PT042","M2_SIMPY_PT057","14","19","2","2","0","0.0345","0.25"
"DIFFERENT_BASE","M2_SIMPY_PT042","M2_SIMPY_PT058","14","20","2","0","0.2","0.0375","0.0746"
"DIFFERENT_BASE","M2_SIMPY_PT042","M2_SIMPY_PT059","14","20","2","1","0.2","0.037","0.0806"
"DIFFERENT_BASE","M2_SIMPY_PT042","M2_SIMPY_PT061","14","21","2","0","0","0.0241","0.0877"
"DIFFERENT_BASE","M2_SIMPY_PT042","M2_SIMPY_PT070","14","24","2","0","0.6667","0.0116","0.0923"
"DIFFERENT_BASE","M2_SIMPY_PT042","M2_SIMPY_PT074","14","25","2","1","0.25","0.0575","0.1061"
"DIFFERENT_BASE","M2_SIMPY_PT042","M2_SIMPY_PT077","14","26","2","1","0.6667","0.0345","0.127"
"DIFFERENT_BASE","M2_SIMPY_PT042","M2_SIMPY_PT080","14","27","2","1","0.4","0.0227","0.2203"
"DIFFERENT_BASE","M2_SIMPY_PT042","M2_SIMPY_PT083","14","28","2","1","0","0.0233","0.1692"
"DIFFERENT_BASE","M2_SIMPY_PT042","M2_SIMPY_PT086","14","29","2","1","0.4","0.023","0.1333"
"DIFFERENT_BASE","M2_SIMPY_PT042","M2_SIMPY_PT089","14","30","2","1","0.2","0.0897","0.1852"
"DIFFERENT_BASE","M2_SIMPY_PT042","M2_SIMPY_PT090","14","30","2","2","0.1667","0.0921","0.3684"
"DIFFERENT_BASE","M2_SIMPY_PT042","M2_SIMPY_PT096","14","32","2","2","0","0.0533","0.1667"
"DIFFERENT_BASE","M2_SIMPY_PT042","M2_SIMPY_PT098","14","33","2","1","0.2","0.011","0.0909"
"DIFFERENT_BASE","M2_SIMPY_PT042","M2_SIMPY_PT112","14","38","2","0","0","0.0114","0.0423"
"DIFFERENT_BASE","M2_SIMPY_PT042","M2_SIMPY_PT113","14","38","2","1","0","0.0122","0.1148"
"DIFFERENT_BASE","M2_SIMPY_PT042","M2_SIMPY_PT115","14","39","2","0","0","0.0253","0.0615"
"DIFFERENT_BASE","M2_SIMPY_PT042","M2_SIMPY_PT116","14","39","2","1","0","0.0633","0.1127"
"DIFFERENT_BASE","M2_SIMPY_PT042","M2_SIMPY_PT120","14","40","2","2","0","0.037","0.3158"
"DIFFERENT_BASE","M2_SIMPY_PT042","M2_SIMPY_PT121","14","41","2","0","0","0.0617","0.0462"
"DIFFERENT_BASE","M2_SIMPY_PT042","M2_SIMPY_PT122","14","41","2","1","0","0.0395","0.0833"
"DIFFERENT_BASE","M2_SIMPY_PT042","M2_SIMPY_PT125","14","42","2","1","0.2","0.037","0.1667"
"DIFFERENT_BASE","M2_SIMPY_PT042","M2_SIMPY_PT126","14","42","2","2","0.2","0.0714","0.3725"
"DIFFERENT_BASE","M2_SIMPY_PT042","M2_SIMPY_PT127","14","43","2","0","0","0.025","0.0877"
"DIFFERENT_BASE","M2_SIMPY_PT042","M2_SIMPY_PT128","14","43","2","1","0","0.0465","0.0923"
"DIFFERENT_BASE","M2_SIMPY_PT042","M2_SIMPY_PT131","14","44","2","1","0.1667","0.0506","0.0909"
"DIFFERENT_BASE","M2_SIMPY_PT042","M2_SIMPY_PT133","14","45","2","0","0","0.0253","0.0405"
"DIFFERENT_BASE","M2_SIMPY_PT042","M2_SIMPY_PT135","14","45","2","2","0","0.0341","0.1286"
"DIFFERENT_BASE","M2_SIMPY_PT042","M2_SIMPY_PT140","14","47","2","1","0","0.0494","0.0923"
"DIFFERENT_BASE","M2_SIMPY_PT042","M2_SIMPY_PT143","14","48","2","1","0","0.038","0.0635"
"DIFFERENT_BASE","M2_SIMPY_PT042","M2_SIMPY_PT144","14","48","2","2","0","0.0395","0.5"
"DIFFERENT_BASE","M2_SIMPY_PT042","M2_SIMPY_PT146","14","49","2","1","0","0.0588","0.0685"
"DIFFERENT_BASE","M2_SIMPY_PT042","M2_SIMPY_PT148","14","50","2","0","0.4","0.0658","0.0563"
"DIFFERENT_BASE","M2_SIMPY_PT042","M2_SIMPY_PT149","14","50","2","1","0.1667","0.0119","0.0411"
"DIFFERENT_BASE","M2_SIMPY_PT042","M2_SIMPY_PT151","14","51","2","0","0","0.0122","0.0597"
"DIFFERENT_BASE","M2_SIMPY_PT042","M2_SIMPY_PT152","14","51","2","1","0","0.0341","0.1029"
"DIFFERENT_BASE","M2_SIMPY_PT042","M2_SIMPY_PT153","14","51","2","2","0.1667","0.0465","0.2857"
"DIFFERENT_BASE","M2_SIMPY_PT042","M2_SIMPY_PT155","14","52","2","1","0.25","0.0111","0.1364"
"DIFFERENT_BASE","M2_SIMPY_PT042","M2_SIMPY_PT156","14","52","2","2","0.5","0.1333","0.2258"
"DIFFERENT_BASE","M2_SIMPY_PT042","M2_SIMPY_PT157","14","53","2","0","0","0.0244","0.0694"
"DIFFERENT_BASE","M2_SIMPY_PT042","M2_SIMPY_PT158","14","53","2","1","0","0.0225","0.1014"
"DIFFERENT_BASE","M2_SIMPY_PT042","M2_SIMPY_PT159","14","53","2","2","0","0.0769","0.3051"
"DIFFERENT_BASE","M2_SIMPY_PT042","M2_SIMPY_PT161","14","54","2","1","0","0.0233","0.1029"
"DIFFERENT_BASE","M2_SIMPY_PT042","M2_SIMPY_PT162","14","54","2","2","0.1667","0.0723","0.2295"
"DIFFERENT_BASE","M2_SIMPY_PT042","M2_SIMPY_PT165","14","55","2","2","0","0.0115","0.0541"
"DIFFERENT_BASE","M2_SIMPY_PT042","M2_SIMPY_PT166","14","56","2","0","0","0.0109","0.0704"
"DIFFERENT_BASE","M2_SIMPY_PT042","M2_SIMPY_PT167","14","56","2","1","0","0.0233","0.1343"
"DIFFERENT_BASE","M2_SIMPY_PT042","M2_SIMPY_PT169","14","57","2","0","0","0.0256","0.0526"
"DIFFERENT_BASE","M2_SIMPY_PT042","M2_SIMPY_PT170","14","57","2","1","0","0.0137","0.0833"
"DIFFERENT_BASE","M2_SIMPY_PT042","M2_SIMPY_PT171","14","57","2","2","0","0.0123","0.2203"
"DIFFERENT_BASE","M2_SIMPY_PT042","M2_SIMPY_PT174","14","58","2","2","0","0.0617","0.0548"
"DIFFERENT_BASE","M2_SIMPY_PT042","M2_SIMPY_PT175","14","59","2","0","0","0.0115","0.0286"
"DIFFERENT_BASE","M2_SIMPY_PT042","M2_SIMPY_PT177","14","59","2","2","0","0.0375","0.1579"
"DIFFERENT_BASE","M2_SIMPY_PT044","M2_SIMPY_PT047","15","16","1","1","0.1667","0.0476","0.2105"
"DIFFERENT_BASE","M2_SIMPY_PT044","M2_SIMPY_PT049","15","17","1","0","0","0.0349","0.1509"
"DIFFERENT_BASE","M2_SIMPY_PT044","M2_SIMPY_PT051","15","17","1","2","0","0.0455","0.0625"
"DIFFERENT_BASE","M2_SIMPY_PT044","M2_SIMPY_PT065","15","22","1","1","0.4","0.0215","0.2264"
"DIFFERENT_BASE","M2_SIMPY_PT044","M2_SIMPY_PT067","15","23","1","0","0.1667","0.0488","0.1129"
"DIFFERENT_BASE","M2_SIMPY_PT044","M2_SIMPY_PT053","15","18","1","1","0.2","0.0206","0.1333"
"DIFFERENT_BASE","M2_SIMPY_PT044","M2_SIMPY_PT054","15","18","1","2","0.1429","0.0345","0.1364"
"DIFFERENT_BASE","M2_SIMPY_PT044","M2_SIMPY_PT056","15","19","1","1","0","0.0244","0.1296"
"DIFFERENT_BASE","M2_SIMPY_PT044","M2_SIMPY_PT057","15","19","1","2","0","0.0109","0.0984"
"DIFFERENT_BASE","M2_SIMPY_PT044","M2_SIMPY_PT058","15","20","1","0","0.1667","0.0361","0.0781"
"DIFFERENT_BASE","M2_SIMPY_PT044","M2_SIMPY_PT059","15","20","1","1","0.1667","0.0116","0.1228"
"DIFFERENT_BASE","M2_SIMPY_PT044","M2_SIMPY_PT061","15","21","1","0","0","0.0115","0.0926"
"DIFFERENT_BASE","M2_SIMPY_PT044","M2_SIMPY_PT070","15","24","1","0","0.2","0.125","0.0794"
"DIFFERENT_BASE","M2_SIMPY_PT044","M2_SIMPY_PT074","15","25","1","1","0.5","0.0795","0.2069"
"DIFFERENT_BASE","M2_SIMPY_PT044","M2_SIMPY_PT077","15","26","1","1","0.2","0.0109","0.1525"
"DIFFERENT_BASE","M2_SIMPY_PT044","M2_SIMPY_PT080","15","27","1","1","0.1429","0.0449","0.0952"
"DIFFERENT_BASE","M2_SIMPY_PT044","M2_SIMPY_PT083","15","28","1","1","0.1429","0.0225","0.1587"
"DIFFERENT_BASE","M2_SIMPY_PT044","M2_SIMPY_PT086","15","29","1","1","0.1429","0.0337","0.1404"
"DIFFERENT_BASE","M2_SIMPY_PT044","M2_SIMPY_PT089","15","30","1","1","0.4","0.0476","0.2449"
"DIFFERENT_BASE","M2_SIMPY_PT044","M2_SIMPY_PT090","15","30","1","2","0.3333","0.0238","0.1029"
"DIFFERENT_BASE","M2_SIMPY_PT044","M2_SIMPY_PT096","15","32","1","2","0.1429","0.0513","0.0635"
"DIFFERENT_BASE","M2_SIMPY_PT044","M2_SIMPY_PT098","15","33","1","1","0.4","0.0215","0.1311"
"DIFFERENT_BASE","M2_SIMPY_PT044","M2_SIMPY_PT112","15","38","1","0","0.1667","0.011","0.0441"
"DIFFERENT_BASE","M2_SIMPY_PT044","M2_SIMPY_PT113","15","38","1","1","0.1667","0.0118","0.1207"
"DIFFERENT_BASE","M2_SIMPY_PT044","M2_SIMPY_PT115","15","39","1","0","0.2","0.0633","0.082"
"DIFFERENT_BASE","M2_SIMPY_PT044","M2_SIMPY_PT116","15","39","1","1","0.1667","0.0235","0.1176"
"DIFFERENT_BASE","M2_SIMPY_PT044","M2_SIMPY_PT120","15","40","1","2","0","0.0116","0.0435"
"DIFFERENT_BASE","M2_SIMPY_PT044","M2_SIMPY_PT121","15","41","1","0","0","0.0854","0.0656"
"DIFFERENT_BASE","M2_SIMPY_PT044","M2_SIMPY_PT122","15","41","1","1","0","0.0123","0.0877"
"DIFFERENT_BASE","M2_SIMPY_PT044","M2_SIMPY_PT125","15","42","1","1","0.1667","0.0482","0.1754"
"DIFFERENT_BASE","M2_SIMPY_PT044","M2_SIMPY_PT126","15","42","1","2","0.1667","0.0109","0.0635"
"DIFFERENT_BASE","M2_SIMPY_PT044","M2_SIMPY_PT127","15","43","1","0","0","0.0625","0.0926"
"DIFFERENT_BASE","M2_SIMPY_PT044","M2_SIMPY_PT128","15","43","1","1","0","0.069","0.0968"
"DIFFERENT_BASE","M2_SIMPY_PT044","M2_SIMPY_PT131","15","44","1","1","0","0.1026","0.1129"
"DIFFERENT_BASE","M2_SIMPY_PT044","M2_SIMPY_PT133","15","45","1","0","0","0.05","0.0725"
"DIFFERENT_BASE","M2_SIMPY_PT044","M2_SIMPY_PT135","15","45","1","2","0","0.0217","0.0556"
"DIFFERENT_BASE","M2_SIMPY_PT044","M2_SIMPY_PT140","15","47","1","1","0.1667","0.0476","0.1148"
"DIFFERENT_BASE","M2_SIMPY_PT044","M2_SIMPY_PT143","15","48","1","1","0","0.0366","0.0847"
"DIFFERENT_BASE","M2_SIMPY_PT044","M2_SIMPY_PT144","15","48","1","2","0","0.025","0.05"
"DIFFERENT_BASE","M2_SIMPY_PT044","M2_SIMPY_PT146","15","49","1","1","0","0.0568","0.087"
"DIFFERENT_BASE","M2_SIMPY_PT044","M2_SIMPY_PT148","15","50","1","0","0.1429","0.012","0.0909"
"DIFFERENT_BASE","M2_SIMPY_PT044","M2_SIMPY_PT149","15","50","1","1","0.1429","0.0233","0.0429"
"DIFFERENT_BASE","M2_SIMPY_PT044","M2_SIMPY_PT151","15","51","1","0","0.2","0.0118","0.1148"
"DIFFERENT_BASE","M2_SIMPY_PT044","M2_SIMPY_PT152","15","51","1","1","0","0.033","0.0746"
"DIFFERENT_BASE","M2_SIMPY_PT044","M2_SIMPY_PT153","15","51","1","2","0.1429","0.0449","0.0952"
"DIFFERENT_BASE","M2_SIMPY_PT044","M2_SIMPY_PT155","15","52","1","1","0","0.0562","0.125"
"DIFFERENT_BASE","M2_SIMPY_PT044","M2_SIMPY_PT156","15","52","1","2","0","0.0476","0.0282"
"DIFFERENT_BASE","M2_SIMPY_PT044","M2_SIMPY_PT157","15","53","1","0","0","0.0357","0.0725"
"DIFFERENT_BASE","M2_SIMPY_PT044","M2_SIMPY_PT158","15","53","1","1","0","0.0217","0.0896"
"DIFFERENT_BASE","M2_SIMPY_PT044","M2_SIMPY_PT159","15","53","1","2","0","0.0357","0.0571"
"DIFFERENT_BASE","M2_SIMPY_PT044","M2_SIMPY_PT161","15","54","1","1","0","0.0581","0.1429"
"DIFFERENT_BASE","M2_SIMPY_PT044","M2_SIMPY_PT162","15","54","1","2","0","0.0455","0.0435"
"DIFFERENT_BASE","M2_SIMPY_PT044","M2_SIMPY_PT165","15","55","1","2","0.1429","0.0341","0.0563"
"DIFFERENT_BASE","M2_SIMPY_PT044","M2_SIMPY_PT166","15","56","1","0","0","0.0435","0.058"
"DIFFERENT_BASE","M2_SIMPY_PT044","M2_SIMPY_PT167","15","56","1","1","0","0.0581","0.0896"
"DIFFERENT_BASE","M2_SIMPY_PT044","M2_SIMPY_PT169","15","57","1","0","0","0.0247","0.0548"
"DIFFERENT_BASE","M2_SIMPY_PT044","M2_SIMPY_PT170","15","57","1","1","0.1667","0.0132","0.1273"
"DIFFERENT_BASE","M2_SIMPY_PT044","M2_SIMPY_PT171","15","57","1","2","0","0.0625","0.1129"
"DIFFERENT_BASE","M2_SIMPY_PT044","M2_SIMPY_PT174","15","58","1","2","0","0.023","0.0137"
"DIFFERENT_BASE","M2_SIMPY_PT044","M2_SIMPY_PT175","15","59","1","0","0","0.0341","0.0781"
"DIFFERENT_BASE","M2_SIMPY_PT044","M2_SIMPY_PT177","15","59","1","2","0","0.0488","0.125"
"DIFFERENT_BASE","M2_SIMPY_PT047","M2_SIMPY_PT049","16","17","1","0","0","0.0494","0.0877"
"DIFFERENT_BASE","M2_SIMPY_PT047","M2_SIMPY_PT051","16","17","1","2","0","0.0732","0.0781"
"DIFFERENT_BASE","M2_SIMPY_PT047","M2_SIMPY_PT065","16","22","1","1","0.2","0.046","0.1786"
"DIFFERENT_BASE","M2_SIMPY_PT047","M2_SIMPY_PT067","16","23","1","0","0.2","0.0789","0.0769"
"DIFFERENT_BASE","M2_SIMPY_PT047","M2_SIMPY_PT053","16","18","1","1","0.25","0.0556","0.15"
"DIFFERENT_BASE","M2_SIMPY_PT047","M2_SIMPY_PT054","16","18","1","2","0.1667","0.0488","0.1515"
"DIFFERENT_BASE","M2_SIMPY_PT047","M2_SIMPY_PT056","16","19","1","1","0","0.039","0.1481"
"DIFFERENT_BASE","M2_SIMPY_PT047","M2_SIMPY_PT057","16","19","1","2","0","0.0349","0.1333"
"DIFFERENT_BASE","M2_SIMPY_PT047","M2_SIMPY_PT058","16","20","1","0","0.2","0.0789","0.0938"
"DIFFERENT_BASE","M2_SIMPY_PT047","M2_SIMPY_PT059","16","20","1","1","0.2","0.0247","0.0833"
"DIFFERENT_BASE","M2_SIMPY_PT047","M2_SIMPY_PT061","16","21","1","0","0","0.037","0.1765"
"DIFFERENT_BASE","M2_SIMPY_PT047","M2_SIMPY_PT070","16","24","1","0","0.6667","0.0118","0.0952"
"DIFFERENT_BASE","M2_SIMPY_PT047","M2_SIMPY_PT074","16","25","1","1","0.25","0.0581","0.2034"
"DIFFERENT_BASE","M2_SIMPY_PT047","M2_SIMPY_PT077","16","26","1","1","0.6667","0.0595","0.15"
"DIFFERENT_BASE","M2_SIMPY_PT047","M2_SIMPY_PT080","16","27","1","1","0.4","0.0723","0.25"
"DIFFERENT_BASE","M2_SIMPY_PT047","M2_SIMPY_PT083","16","28","1","1","0","0.0235","0.1746"
"DIFFERENT_BASE","M2_SIMPY_PT047","M2_SIMPY_PT086","16","29","1","1","0.4","0.0732","0.1579"
"DIFFERENT_BASE","M2_SIMPY_PT047","M2_SIMPY_PT089","16","30","1","1","0.2","0.0769","0.1923"
"DIFFERENT_BASE","M2_SIMPY_PT047","M2_SIMPY_PT090","16","30","1","2","0.1667","0.038","0.1343"
"DIFFERENT_BASE","M2_SIMPY_PT047","M2_SIMPY_PT096","16","32","1","2","0","0.0685","0.0794"
"DIFFERENT_BASE","M2_SIMPY_PT047","M2_SIMPY_PT098","16","33","1","1","0.2","0.0341","0.1111"
"DIFFERENT_BASE","M2_SIMPY_PT047","M2_SIMPY_PT112","16","38","1","0","0","0.0353","0.0746"
"DIFFERENT_BASE","M2_SIMPY_PT047","M2_SIMPY_PT113","16","38","1","1","0","0.0123","0.082"
"DIFFERENT_BASE","M2_SIMPY_PT047","M2_SIMPY_PT115","16","39","1","0","0","0.039","0.0469"
"DIFFERENT_BASE","M2_SIMPY_PT047","M2_SIMPY_PT116","16","39","1","1","0","0.0122","0.1159"
"DIFFERENT_BASE","M2_SIMPY_PT047","M2_SIMPY_PT120","16","40","1","2","0","0.0247","0.1061"
"DIFFERENT_BASE","M2_SIMPY_PT047","M2_SIMPY_PT121","16","41","1","0","0","0.0625","0.0312"
"DIFFERENT_BASE","M2_SIMPY_PT047","M2_SIMPY_PT122","16","41","1","1","0","0.0263","0.1053"
"DIFFERENT_BASE","M2_SIMPY_PT047","M2_SIMPY_PT125","16","42","1","1","0.2","0.1067","0.283"
"DIFFERENT_BASE","M2_SIMPY_PT047","M2_SIMPY_PT126","16","42","1","2","0.2","0.0349","0.0968"
"DIFFERENT_BASE","M2_SIMPY_PT047","M2_SIMPY_PT127","16","43","1","0","0","0.0658","0.1321"
"DIFFERENT_BASE","M2_SIMPY_PT047","M2_SIMPY_PT128","16","43","1","1","0","0.0471","0.0615"
"DIFFERENT_BASE","M2_SIMPY_PT047","M2_SIMPY_PT131","16","44","1","1","0.1667","0.0789","0.0938"
"DIFFERENT_BASE","M2_SIMPY_PT047","M2_SIMPY_PT133","16","45","1","0","0","0.0526","0.0417"
"DIFFERENT_BASE","M2_SIMPY_PT047","M2_SIMPY_PT135","16","45","1","2","0","0.0345","0.0405"
"DIFFERENT_BASE","M2_SIMPY_PT047","M2_SIMPY_PT140","16","47","1","1","0","0.0909","0.0952"
"DIFFERENT_BASE","M2_SIMPY_PT047","M2_SIMPY_PT143","16","48","1","1","0","0.0519","0.0656"
"DIFFERENT_BASE","M2_SIMPY_PT047","M2_SIMPY_PT144","16","48","1","2","0","0.013","0.0847"
"DIFFERENT_BASE","M2_SIMPY_PT047","M2_SIMPY_PT146","16","49","1","1","0","0.0723","0.0556"
"DIFFERENT_BASE","M2_SIMPY_PT047","M2_SIMPY_PT148","16","50","1","0","0.4","0.039","0.0282"
"DIFFERENT_BASE","M2_SIMPY_PT047","M2_SIMPY_PT149","16","50","1","1","0.1667","0.05","0.0423"
"DIFFERENT_BASE","M2_SIMPY_PT047","M2_SIMPY_PT151","16","51","1","0","0","0","0.0781"
"DIFFERENT_BASE","M2_SIMPY_PT047","M2_SIMPY_PT152","16","51","1","1","0","0.0227","0.058"
"DIFFERENT_BASE","M2_SIMPY_PT047","M2_SIMPY_PT153","16","51","1","2","0.1667","0.0349","0.1111"
"DIFFERENT_BASE","M2_SIMPY_PT047","M2_SIMPY_PT155","16","52","1","1","0.25","0.0588","0.2167"
"DIFFERENT_BASE","M2_SIMPY_PT047","M2_SIMPY_PT156","16","52","1","2","0.5","0.1053","0.1562"
"DIFFERENT_BASE","M2_SIMPY_PT047","M2_SIMPY_PT157","16","53","1","0","0","0.0247","0.0714"
"DIFFERENT_BASE","M2_SIMPY_PT047","M2_SIMPY_PT158","16","53","1","1","0","0.0345","0.1212"
"DIFFERENT_BASE","M2_SIMPY_PT047","M2_SIMPY_PT159","16","53","1","2","0","0.0247","0.087"
"DIFFERENT_BASE","M2_SIMPY_PT047","M2_SIMPY_PT161","16","54","1","1","0","0.0116","0.1231"
"DIFFERENT_BASE","M2_SIMPY_PT047","M2_SIMPY_PT162","16","54","1","2","0.1667","0.0602","0.0735"
"DIFFERENT_BASE","M2_SIMPY_PT047","M2_SIMPY_PT165","16","55","1","2","0","0.0116","0.027"
"DIFFERENT_BASE","M2_SIMPY_PT047","M2_SIMPY_PT166","16","56","1","0","0","0.0222","0.0725"
"DIFFERENT_BASE","M2_SIMPY_PT047","M2_SIMPY_PT167","16","56","1","1","0","0.0235","0.1045"
"DIFFERENT_BASE","M2_SIMPY_PT047","M2_SIMPY_PT169","16","57","1","0","0","0.0395","0.04"
"DIFFERENT_BASE","M2_SIMPY_PT047","M2_SIMPY_PT170","16","57","1","1","0","0.0139","0.1053"
"DIFFERENT_BASE","M2_SIMPY_PT047","M2_SIMPY_PT171","16","57","1","2","0","0.0658","0.129"
"DIFFERENT_BASE","M2_SIMPY_PT047","M2_SIMPY_PT174","16","58","1","2","0","0.0241","0.0135"
"DIFFERENT_BASE","M2_SIMPY_PT047","M2_SIMPY_PT175","16","59","1","0","0","0.0116","0.0294"
"DIFFERENT_BASE","M2_SIMPY_PT047","M2_SIMPY_PT177","16","59","1","2","0","0.0123","0.1034"
"SAME_BASE_OTHER_CELL","M2_SIMPY_PT049","M2_SIMPY_PT051","17","17","0","2","0.6667","0.0723","0.0702"
"DIFFERENT_BASE","M2_SIMPY_PT049","M2_SIMPY_PT065","17","22","0","1","0","0.0575","0.1373"
"DIFFERENT_BASE","M2_SIMPY_PT049","M2_SIMPY_PT067","17","23","0","0","0","0.0375","0.1273"
"DIFFERENT_BASE","M2_SIMPY_PT049","M2_SIMPY_PT053","17","18","0","1","0","0.0105","0.0893"
"DIFFERENT_BASE","M2_SIMPY_PT049","M2_SIMPY_PT054","17","18","0","2","0","0.0235","0.0462"
"DIFFERENT_BASE","M2_SIMPY_PT049","M2_SIMPY_PT056","17","19","0","1","0","0.0519","0.125"
"DIFFERENT_BASE","M2_SIMPY_PT049","M2_SIMPY_PT057","17","19","0","2","0","0.0345","0.0526"
"DIFFERENT_BASE","M2_SIMPY_PT049","M2_SIMPY_PT058","17","20","0","0","0","0.0247","0.0877"
"DIFFERENT_BASE","M2_SIMPY_PT049","M2_SIMPY_PT059","17","20","0","1","0","0.012","0.0755"
"DIFFERENT_BASE","M2_SIMPY_PT049","M2_SIMPY_PT061","17","21","0","0","0","0.0241","0.0833"
"DIFFERENT_BASE","M2_SIMPY_PT049","M2_SIMPY_PT070","17","24","0","0","0","0.0235","0.0702"
"DIFFERENT_BASE","M2_SIMPY_PT049","M2_SIMPY_PT074","17","25","0","1","0","0.011","0.1053"
"DIFFERENT_BASE","M2_SIMPY_PT049","M2_SIMPY_PT077","17","26","0","1","0","0.0345","0.0893"
"DIFFERENT_BASE","M2_SIMPY_PT049","M2_SIMPY_PT080","17","27","0","1","0","0.0227","0.069"
"DIFFERENT_BASE","M2_SIMPY_PT049","M2_SIMPY_PT083","17","28","0","1","0","0.0233","0.082"
"DIFFERENT_BASE","M2_SIMPY_PT049","M2_SIMPY_PT086","17","29","0","1","0","0.0349","0.0741"
"DIFFERENT_BASE","M2_SIMPY_PT049","M2_SIMPY_PT089","17","30","0","1","0","0.0241","0.125"
"DIFFERENT_BASE","M2_SIMPY_PT049","M2_SIMPY_PT090","17","30","0","2","0","0.0506","0.0303"
"DIFFERENT_BASE","M2_SIMPY_PT049","M2_SIMPY_PT096","17","32","0","2","0","0.0128","0.0345"
"DIFFERENT_BASE","M2_SIMPY_PT049","M2_SIMPY_PT098","17","33","0","1","0","0.0337","0.0877"
"DIFFERENT_BASE","M2_SIMPY_PT049","M2_SIMPY_PT112","17","38","0","0","0","0.0114","0.0667"
"DIFFERENT_BASE","M2_SIMPY_PT049","M2_SIMPY_PT113","17","38","0","1","0","0.0247","0.1154"
"DIFFERENT_BASE","M2_SIMPY_PT049","M2_SIMPY_PT115","17","39","0","0","0","0.0253","0.0536"
"DIFFERENT_BASE","M2_SIMPY_PT049","M2_SIMPY_PT116","17","39","0","1","0","0.0244","0.0455"
"DIFFERENT_BASE","M2_SIMPY_PT049","M2_SIMPY_PT120","17","40","0","2","0","0.037","0.0484"
"DIFFERENT_BASE","M2_SIMPY_PT049","M2_SIMPY_PT121","17","41","0","0","0","0.0118","0.0545"
"DIFFERENT_BASE","M2_SIMPY_PT049","M2_SIMPY_PT122","17","41","0","1","0","0.026","0.0784"
"DIFFERENT_BASE","M2_SIMPY_PT049","M2_SIMPY_PT125","17","42","0","1","0","0.0244","0.0909"
"DIFFERENT_BASE","M2_SIMPY_PT049","M2_SIMPY_PT126","17","42","0","2","0","0.0345","0.0526"
"DIFFERENT_BASE","M2_SIMPY_PT049","M2_SIMPY_PT127","17","43","0","0","0","0.038","0.0833"
"DIFFERENT_BASE","M2_SIMPY_PT049","M2_SIMPY_PT128","17","43","0","1","0","0.0345","0.1091"
"DIFFERENT_BASE","M2_SIMPY_PT049","M2_SIMPY_PT131","17","44","0","1","0","0.0122","0.069"
"DIFFERENT_BASE","M2_SIMPY_PT049","M2_SIMPY_PT133","17","45","0","0","0","0.0125","0.0469"
"DIFFERENT_BASE","M2_SIMPY_PT049","M2_SIMPY_PT135","17","45","0","2","0","0.0341","0.0299"
"DIFFERENT_BASE","M2_SIMPY_PT049","M2_SIMPY_PT140","17","47","0","1","0","0.0119","0.0517"
"DIFFERENT_BASE","M2_SIMPY_PT049","M2_SIMPY_PT143","17","48","0","1","0","0.0123","0.0755"
"DIFFERENT_BASE","M2_SIMPY_PT049","M2_SIMPY_PT144","17","48","0","2","0","0.026","0.037"
"DIFFERENT_BASE","M2_SIMPY_PT049","M2_SIMPY_PT146","17","49","0","1","0","0.0843","0.0625"
"DIFFERENT_BASE","M2_SIMPY_PT049","M2_SIMPY_PT148","17","50","0","0","0","0.0253","0.0484"
"DIFFERENT_BASE","M2_SIMPY_PT049","M2_SIMPY_PT149","17","50","0","1","0","0.0241","0.0645"
"DIFFERENT_BASE","M2_SIMPY_PT049","M2_SIMPY_PT151","17","51","0","0","0","0","0.0517"
"DIFFERENT_BASE","M2_SIMPY_PT049","M2_SIMPY_PT152","17","51","0","1","0","0.0111","0.0484"
"DIFFERENT_BASE","M2_SIMPY_PT049","M2_SIMPY_PT153","17","51","0","2","0","0.0227","0.0333"
"DIFFERENT_BASE","M2_SIMPY_PT049","M2_SIMPY_PT155","17","52","0","1","0","0.0111","0.0656"
"DIFFERENT_BASE","M2_SIMPY_PT049","M2_SIMPY_PT156","17","52","0","2","0","0.0494","0.0312"
"DIFFERENT_BASE","M2_SIMPY_PT049","M2_SIMPY_PT157","17","53","0","0","0","0.012","0.0469"
"DIFFERENT_BASE","M2_SIMPY_PT049","M2_SIMPY_PT158","17","53","0","1","0","0.0225","0.0645"
"DIFFERENT_BASE","M2_SIMPY_PT049","M2_SIMPY_PT159","17","53","0","2","0","0.037","0.0308"
"DIFFERENT_BASE","M2_SIMPY_PT049","M2_SIMPY_PT161","17","54","0","1","0","0.0476","0.0484"
"DIFFERENT_BASE","M2_SIMPY_PT049","M2_SIMPY_PT162","17","54","0","2","0","0.0114","0.0317"
"DIFFERENT_BASE","M2_SIMPY_PT049","M2_SIMPY_PT165","17","55","0","2","0","0.0233","0.0303"
"DIFFERENT_BASE","M2_SIMPY_PT049","M2_SIMPY_PT166","17","56","0","0","0","0.0449","0.0476"
"DIFFERENT_BASE","M2_SIMPY_PT049","M2_SIMPY_PT167","17","56","0","1","0","0.0233","0.0476"
"DIFFERENT_BASE","M2_SIMPY_PT049","M2_SIMPY_PT169","17","57","0","0","0","0.0127","0.0294"
"DIFFERENT_BASE","M2_SIMPY_PT049","M2_SIMPY_PT170","17","57","0","1","0","0.0278","0.0577"
"DIFFERENT_BASE","M2_SIMPY_PT049","M2_SIMPY_PT171","17","57","0","2","0","0.025","0.0333"
"DIFFERENT_BASE","M2_SIMPY_PT049","M2_SIMPY_PT174","17","58","0","2","0","0.0238","0.0152"
"DIFFERENT_BASE","M2_SIMPY_PT049","M2_SIMPY_PT175","17","59","0","0","0","0.0233","0.0508"
"DIFFERENT_BASE","M2_SIMPY_PT049","M2_SIMPY_PT177","17","59","0","2","0","0.0247","0.037"
"DIFFERENT_BASE","M2_SIMPY_PT051","M2_SIMPY_PT065","17","22","2","1","0","0.0326","0.0833"
"DIFFERENT_BASE","M2_SIMPY_PT051","M2_SIMPY_PT067","17","23","2","0","0","0.0617","0.0455"
"DIFFERENT_BASE","M2_SIMPY_PT051","M2_SIMPY_PT053","17","18","2","1","0","0.0102","0.0462"
"DIFFERENT_BASE","M2_SIMPY_PT051","M2_SIMPY_PT054","17","18","2","2","0","0.0227","0.25"
"DIFFERENT_BASE","M2_SIMPY_PT051","M2_SIMPY_PT056","17","19","2","1","0","0.037","0.0517"
"DIFFERENT_BASE","M2_SIMPY_PT051","M2_SIMPY_PT057","17","19","2","2","0","0.0333","0.1754"
"DIFFERENT_BASE","M2_SIMPY_PT051","M2_SIMPY_PT058","17","20","2","0","0","0.0238","0.0299"
"DIFFERENT_BASE","M2_SIMPY_PT051","M2_SIMPY_PT059","17","20","2","1","0","0.0235","0.0323"
"DIFFERENT_BASE","M2_SIMPY_PT051","M2_SIMPY_PT061","17","21","2","0","0","0.0353","0.0351"
"DIFFERENT_BASE","M2_SIMPY_PT051","M2_SIMPY_PT070","17","24","2","0","0","0.0227","0.0303"
"DIFFERENT_BASE","M2_SIMPY_PT051","M2_SIMPY_PT074","17","25","2","1","0","0.0556","0.0448"
"DIFFERENT_BASE","M2_SIMPY_PT051","M2_SIMPY_PT077","17","26","2","1","0","0.0333","0.0625"
"DIFFERENT_BASE","M2_SIMPY_PT051","M2_SIMPY_PT080","17","27","2","1","0","0.0568","0.0615"
"DIFFERENT_BASE","M2_SIMPY_PT051","M2_SIMPY_PT083","17","28","2","1","0","0.0341","0.058"
"DIFFERENT_BASE","M2_SIMPY_PT051","M2_SIMPY_PT086","17","29","2","1","0.1667","0.0222","0.0656"
"DIFFERENT_BASE","M2_SIMPY_PT051","M2_SIMPY_PT089","17","30","2","1","0.2","0.0602","0.0702"
"DIFFERENT_BASE","M2_SIMPY_PT051","M2_SIMPY_PT090","17","30","2","2","0.1667","0.0238","0.3393"
"DIFFERENT_BASE","M2_SIMPY_PT051","M2_SIMPY_PT096","17","32","2","2","0","0.0513","0.0984"
"DIFFERENT_BASE","M2_SIMPY_PT051","M2_SIMPY_PT098","17","33","2","1","0","0.044","0.0455"
"DIFFERENT_BASE","M2_SIMPY_PT051","M2_SIMPY_PT112","17","38","2","0","0","0.0337","0.029"
"DIFFERENT_BASE","M2_SIMPY_PT051","M2_SIMPY_PT113","17","38","2","1","0","0.0118","0.0484"
"DIFFERENT_BASE","M2_SIMPY_PT051","M2_SIMPY_PT115","17","39","2","0","0","0.0244","0.0645"
"DIFFERENT_BASE","M2_SIMPY_PT051","M2_SIMPY_PT116","17","39","2","1","0","0.0235","0.0556"
"DIFFERENT_BASE","M2_SIMPY_PT051","M2_SIMPY_PT120","17","40","2","2","0","0.0235","0.2414"
"DIFFERENT_BASE","M2_SIMPY_PT051","M2_SIMPY_PT121","17","41","2","0","0","0.0349","0.0484"
"DIFFERENT_BASE","M2_SIMPY_PT051","M2_SIMPY_PT122","17","41","2","1","0","0.038","0.0333"
"DIFFERENT_BASE","M2_SIMPY_PT051","M2_SIMPY_PT125","17","42","2","1","0","0.061","0.0635"
"DIFFERENT_BASE","M2_SIMPY_PT051","M2_SIMPY_PT126","17","42","2","2","0","0.0333","0.2885"
"DIFFERENT_BASE","M2_SIMPY_PT051","M2_SIMPY_PT127","17","43","2","0","0","0.0625","0.0536"
"DIFFERENT_BASE","M2_SIMPY_PT051","M2_SIMPY_PT128","17","43","2","1","0","0.0449","0.0462"
"DIFFERENT_BASE","M2_SIMPY_PT051","M2_SIMPY_PT131","17","44","2","1","0","0.0617","0.0455"
"DIFFERENT_BASE","M2_SIMPY_PT051","M2_SIMPY_PT133","17","45","2","0","0","0.0633","0.0278"
"DIFFERENT_BASE","M2_SIMPY_PT051","M2_SIMPY_PT135","17","45","2","2","0","0.093","0.1176"
"DIFFERENT_BASE","M2_SIMPY_PT051","M2_SIMPY_PT140","17","47","2","1","0","0.0476","0.0462"
"DIFFERENT_BASE","M2_SIMPY_PT051","M2_SIMPY_PT143","17","48","2","1","0","0.0625","0.0492"
"DIFFERENT_BASE","M2_SIMPY_PT051","M2_SIMPY_PT144","17","48","2","2","0","0.0123","0.3404"
"DIFFERENT_BASE","M2_SIMPY_PT051","M2_SIMPY_PT146","17","49","2","1","0","0.0568","0.0714"
"DIFFERENT_BASE","M2_SIMPY_PT051","M2_SIMPY_PT148","17","50","2","0","0","0.037","0.0286"
"DIFFERENT_BASE","M2_SIMPY_PT051","M2_SIMPY_PT149","17","50","2","1","0","0.0233","0.0429"
"DIFFERENT_BASE","M2_SIMPY_PT051","M2_SIMPY_PT151","17","51","2","0","0","0.0118","0.0462"
"DIFFERENT_BASE","M2_SIMPY_PT051","M2_SIMPY_PT152","17","51","2","1","0","0.0217","0.0746"
"DIFFERENT_BASE","M2_SIMPY_PT051","M2_SIMPY_PT153","17","51","2","2","0","0.0568","0.2545"
"DIFFERENT_BASE","M2_SIMPY_PT051","M2_SIMPY_PT155","17","52","2","1","0","0.0217","0.0435"
"DIFFERENT_BASE","M2_SIMPY_PT051","M2_SIMPY_PT156","17","52","2","2","0","0.0602","0.1587"
"DIFFERENT_BASE","M2_SIMPY_PT051","M2_SIMPY_PT157","17","53","2","0","0","0.0116","0.0278"
"DIFFERENT_BASE","M2_SIMPY_PT051","M2_SIMPY_PT158","17","53","2","1","0","0.0444","0.0282"
"DIFFERENT_BASE","M2_SIMPY_PT051","M2_SIMPY_PT159","17","53","2","2","0","0.0357","0.1935"
"DIFFERENT_BASE","M2_SIMPY_PT051","M2_SIMPY_PT161","17","54","2","1","0","0.0225","0.0435"
"DIFFERENT_BASE","M2_SIMPY_PT051","M2_SIMPY_PT162","17","54","2","2","0","0.0575","0.2"
"DIFFERENT_BASE","M2_SIMPY_PT051","M2_SIMPY_PT165","17","55","2","2","0","0.0341","0.0274"
"DIFFERENT_BASE","M2_SIMPY_PT051","M2_SIMPY_PT166","17","56","2","0","0.1667","0.0323","0.0282"
"DIFFERENT_BASE","M2_SIMPY_PT051","M2_SIMPY_PT167","17","56","2","1","0","0.046","0.1231"
"DIFFERENT_BASE","M2_SIMPY_PT051","M2_SIMPY_PT169","17","57","2","0","0","0.0122","0.0132"
"DIFFERENT_BASE","M2_SIMPY_PT051","M2_SIMPY_PT170","17","57","2","1","0","0.0267","0.0333"
"DIFFERENT_BASE","M2_SIMPY_PT051","M2_SIMPY_PT171","17","57","2","2","0","0.0241","0.15"
"DIFFERENT_BASE","M2_SIMPY_PT051","M2_SIMPY_PT174","17","58","2","2","0","0.023","0.0571"
"DIFFERENT_BASE","M2_SIMPY_PT051","M2_SIMPY_PT175","17","59","2","0","0","0.0341","0.0299"
"DIFFERENT_BASE","M2_SIMPY_PT051","M2_SIMPY_PT177","17","59","2","2","0","0.0488","0.1053"
"DIFFERENT_BASE","M2_SIMPY_PT065","M2_SIMPY_PT067","22","23","1","0","0.2","0.0471","0.082"
"DIFFERENT_BASE","M2_SIMPY_PT065","M2_SIMPY_PT053","22","18","1","1","0.25","0.02","0.2264"
"DIFFERENT_BASE","M2_SIMPY_PT065","M2_SIMPY_PT054","22","18","1","2","0.1667","0.0568","0.125"
"DIFFERENT_BASE","M2_SIMPY_PT065","M2_SIMPY_PT056","22","19","1","1","0","0.0116","0.1373"
"DIFFERENT_BASE","M2_SIMPY_PT065","M2_SIMPY_PT057","22","19","1","2","0","0.0909","0.1034"
"DIFFERENT_BASE","M2_SIMPY_PT065","M2_SIMPY_PT058","22","20","1","0","0.2","0.0595","0.1186"
"DIFFERENT_BASE","M2_SIMPY_PT065","M2_SIMPY_PT059","22","20","1","1","0.2","0.0345","0.0893"
"DIFFERENT_BASE","M2_SIMPY_PT065","M2_SIMPY_PT061","22","21","1","0","0","0.046","0.098"
"DIFFERENT_BASE","M2_SIMPY_PT065","M2_SIMPY_PT070","22","24","1","0","0.25","0.0109","0.1607"
"DIFFERENT_BASE","M2_SIMPY_PT065","M2_SIMPY_PT074","22","25","1","1","0.6667","0.0538","0.1356"
"DIFFERENT_BASE","M2_SIMPY_PT065","M2_SIMPY_PT077","22","26","1","1","0.25","0.0549","0.1404"
"DIFFERENT_BASE","M2_SIMPY_PT065","M2_SIMPY_PT080","22","27","1","1","0.1667","0.0105","0.1"
"DIFFERENT_BASE","M2_SIMPY_PT065","M2_SIMPY_PT083","22","28","1","1","0","0.0444","0.129"
"DIFFERENT_BASE","M2_SIMPY_PT065","M2_SIMPY_PT086","22","29","1","1","0","0.0326","0.1273"
"DIFFERENT_BASE","M2_SIMPY_PT065","M2_SIMPY_PT089","22","30","1","1","0.5","0.1235","0.2083"
"DIFFERENT_BASE","M2_SIMPY_PT065","M2_SIMPY_PT090","22","30","1","2","0.4","0.0854","0.0909"
"DIFFERENT_BASE","M2_SIMPY_PT065","M2_SIMPY_PT096","22","32","1","2","0","0.0366","0.0667"
"DIFFERENT_BASE","M2_SIMPY_PT065","M2_SIMPY_PT098","22","33","1","1","0.5","0.0538","0.1"
"DIFFERENT_BASE","M2_SIMPY_PT065","M2_SIMPY_PT112","22","38","1","0","0","0.0326","0.0462"
"DIFFERENT_BASE","M2_SIMPY_PT065","M2_SIMPY_PT113","22","38","1","1","0","0.023","0.1071"
"DIFFERENT_BASE","M2_SIMPY_PT065","M2_SIMPY_PT115","22","39","1","0","0.25","0.0235","0.05"
"DIFFERENT_BASE","M2_SIMPY_PT065","M2_SIMPY_PT116","22","39","1","1","0.2","0.0465","0.1061"
"DIFFERENT_BASE","M2_SIMPY_PT065","M2_SIMPY_PT120","22","40","1","2","0","0.0345","0.0455"
"DIFFERENT_BASE","M2_SIMPY_PT065","M2_SIMPY_PT121","22","41","1","0","0","0.0222","0.0508"
"DIFFERENT_BASE","M2_SIMPY_PT065","M2_SIMPY_PT122","22","41","1","1","0","0.1184","0.0727"
"DIFFERENT_BASE","M2_SIMPY_PT065","M2_SIMPY_PT125","22","42","1","1","0.5","0.0345","0.1636"
"DIFFERENT_BASE","M2_SIMPY_PT065","M2_SIMPY_PT126","22","42","1","2","0.5","0.0435","0.0667"
"DIFFERENT_BASE","M2_SIMPY_PT065","M2_SIMPY_PT127","22","43","1","0","0","0.0476","0.0769"
"DIFFERENT_BASE","M2_SIMPY_PT065","M2_SIMPY_PT128","22","43","1","1","0","0.0323","0.0833"
"DIFFERENT_BASE","M2_SIMPY_PT065","M2_SIMPY_PT131","22","44","1","1","0","0.023","0.1379"
"DIFFERENT_BASE","M2_SIMPY_PT065","M2_SIMPY_PT133","22","45","1","0","0","0.0116","0.0597"
"DIFFERENT_BASE","M2_SIMPY_PT065","M2_SIMPY_PT135","22","45","1","2","0","0.0319","0.0429"
"DIFFERENT_BASE","M2_SIMPY_PT065","M2_SIMPY_PT140","22","47","1","1","0.5","0.0225","0.1607"
"DIFFERENT_BASE","M2_SIMPY_PT065","M2_SIMPY_PT143","22","48","1","1","0","0.0233","0.0893"
"DIFFERENT_BASE","M2_SIMPY_PT065","M2_SIMPY_PT144","22","48","1","2","0","0.0241","0.0345"
"DIFFERENT_BASE","M2_SIMPY_PT065","M2_SIMPY_PT146","22","49","1","1","0","0.0909","0.0588"
"DIFFERENT_BASE","M2_SIMPY_PT065","M2_SIMPY_PT148","22","50","1","0","0.4","0.1154","0.0455"
"DIFFERENT_BASE","M2_SIMPY_PT065","M2_SIMPY_PT149","22","50","1","1","0.4","0.0111","0.0448"
"DIFFERENT_BASE","M2_SIMPY_PT065","M2_SIMPY_PT151","22","51","1","0","0.25","0.0114","0.0484"
"DIFFERENT_BASE","M2_SIMPY_PT065","M2_SIMPY_PT152","22","51","1","1","0","0.0104","0.0781"
"DIFFERENT_BASE","M2_SIMPY_PT065","M2_SIMPY_PT153","22","51","1","2","0.1667","0.0105","0.1"
"DIFFERENT_BASE","M2_SIMPY_PT065","M2_SIMPY_PT155","22","52","1","1","0","0.0211","0.1311"
"DIFFERENT_BASE","M2_SIMPY_PT065","M2_SIMPY_PT156","22","52","1","2","0","0.046","0.0294"
"DIFFERENT_BASE","M2_SIMPY_PT065","M2_SIMPY_PT157","22","53","1","0","0","0.0227","0.0597"
"DIFFERENT_BASE","M2_SIMPY_PT065","M2_SIMPY_PT158","22","53","1","1","0","0.0211","0.0769"
"DIFFERENT_BASE","M2_SIMPY_PT065","M2_SIMPY_PT159","22","53","1","2","0","0.0465","0.0441"
"DIFFERENT_BASE","M2_SIMPY_PT065","M2_SIMPY_PT161","22","54","1","1","0","0.0108","0.0952"
"DIFFERENT_BASE","M2_SIMPY_PT065","M2_SIMPY_PT162","22","54","1","2","0","0.044","0.0455"
"DIFFERENT_BASE","M2_SIMPY_PT065","M2_SIMPY_PT165","22","55","1","2","0.1667","0.0805","0.0435"
"DIFFERENT_BASE","M2_SIMPY_PT065","M2_SIMPY_PT166","22","56","1","0","0","0.0532","0.0606"
"DIFFERENT_BASE","M2_SIMPY_PT065","M2_SIMPY_PT167","22","56","1","1","0","0.0108","0.1111"
"DIFFERENT_BASE","M2_SIMPY_PT065","M2_SIMPY_PT169","22","57","1","0","0","0.0488","0.0278"
"DIFFERENT_BASE","M2_SIMPY_PT065","M2_SIMPY_PT170","22","57","1","1","0.2","0.0526","0.1132"
"DIFFERENT_BASE","M2_SIMPY_PT065","M2_SIMPY_PT171","22","57","1","2","0","0.0476","0.1"
"DIFFERENT_BASE","M2_SIMPY_PT065","M2_SIMPY_PT174","22","58","1","2","0","0.1084","0.0143"
"DIFFERENT_BASE","M2_SIMPY_PT065","M2_SIMPY_PT175","22","59","1","0","0","0.0217","0.0476"
"DIFFERENT_BASE","M2_SIMPY_PT065","M2_SIMPY_PT177","22","59","1","2","0","0.0349","0.1111"
"DIFFERENT_BASE","M2_SIMPY_PT067","M2_SIMPY_PT053","23","18","0","1","0.25","0.0568","0.0781"
"DIFFERENT_BASE","M2_SIMPY_PT067","M2_SIMPY_PT054","23","18","0","2","0.1667","0.05","0.0556"
"DIFFERENT_BASE","M2_SIMPY_PT067","M2_SIMPY_PT056","23","19","0","1","0","0.0833","0.069"
"DIFFERENT_BASE","M2_SIMPY_PT067","M2_SIMPY_PT057","23","19","0","2","0","0.0235","0.0462"
"DIFFERENT_BASE","M2_SIMPY_PT067","M2_SIMPY_PT058","23","20","0","0","0.2","0.0667","0.0938"
"DIFFERENT_BASE","M2_SIMPY_PT067","M2_SIMPY_PT059","23","20","0","1","0.2","0.0385","0.0833"
"DIFFERENT_BASE","M2_SIMPY_PT067","M2_SIMPY_PT061","23","21","0","0","0","0.0513","0.0909"
"DIFFERENT_BASE","M2_SIMPY_PT067","M2_SIMPY_PT070","23","24","0","0","0.25","0.12","0.1695"
"DIFFERENT_BASE","M2_SIMPY_PT067","M2_SIMPY_PT074","23","25","0","1","0.25","0.0988","0.1833"
"DIFFERENT_BASE","M2_SIMPY_PT067","M2_SIMPY_PT077","23","26","0","1","0.25","0.1447","0.2545"
"DIFFERENT_BASE","M2_SIMPY_PT067","M2_SIMPY_PT080","23","27","0","1","0.1667","0.061","0.0769"
"DIFFERENT_BASE","M2_SIMPY_PT067","M2_SIMPY_PT083","23","28","0","1","0","0.0759","0.1212"
"DIFFERENT_BASE","M2_SIMPY_PT067","M2_SIMPY_PT086","23","29","0","1","0","0.0617","0.082"
"DIFFERENT_BASE","M2_SIMPY_PT067","M2_SIMPY_PT089","23","30","0","1","0.2","0.1081","0.1273"
"DIFFERENT_BASE","M2_SIMPY_PT067","M2_SIMPY_PT090","23","30","0","2","0.1667","0.0256","0.0411"
"DIFFERENT_BASE","M2_SIMPY_PT067","M2_SIMPY_PT096","23","32","0","2","0","0.0857","0.0303"
"DIFFERENT_BASE","M2_SIMPY_PT067","M2_SIMPY_PT098","23","33","0","1","0.2","0.2192","0.25"
"DIFFERENT_BASE","M2_SIMPY_PT067","M2_SIMPY_PT112","23","38","0","0","0","0.0238","0.1077"
"DIFFERENT_BASE","M2_SIMPY_PT067","M2_SIMPY_PT113","23","38","0","1","0","0.0256","0.1186"
"DIFFERENT_BASE","M2_SIMPY_PT067","M2_SIMPY_PT115","23","39","0","0","0","0.0263","0.0984"
"DIFFERENT_BASE","M2_SIMPY_PT067","M2_SIMPY_PT116","23","39","0","1","0","0.0125","0.0694"
"DIFFERENT_BASE","M2_SIMPY_PT067","M2_SIMPY_PT120","23","40","0","2","0","0.0125","0.0735"
"DIFFERENT_BASE","M2_SIMPY_PT067","M2_SIMPY_PT121","23","41","0","0","0","0.0506","0.1786"
"DIFFERENT_BASE","M2_SIMPY_PT067","M2_SIMPY_PT122","23","41","0","1","0","0.0411","0.05"
"DIFFERENT_BASE","M2_SIMPY_PT067","M2_SIMPY_PT125","23","42","0","1","0.2","0.08","0.0968"
"DIFFERENT_BASE","M2_SIMPY_PT067","M2_SIMPY_PT126","23","42","0","2","0.2","0.0357","0.0625"
"DIFFERENT_BASE","M2_SIMPY_PT067","M2_SIMPY_PT127","23","43","0","0","0","0.0395","0.1321"
"DIFFERENT_BASE","M2_SIMPY_PT067","M2_SIMPY_PT128","23","43","0","1","0","0.0357","0.0781"
"DIFFERENT_BASE","M2_SIMPY_PT067","M2_SIMPY_PT131","23","44","0","1","0","0.0959","0.0769"
"DIFFERENT_BASE","M2_SIMPY_PT067","M2_SIMPY_PT133","23","45","0","0","0","0.0986","0.1029"
"DIFFERENT_BASE","M2_SIMPY_PT067","M2_SIMPY_PT135","23","45","0","2","0","0.0353","0.0267"
"DIFFERENT_BASE","M2_SIMPY_PT067","M2_SIMPY_PT140","23","47","0","1","0","0.0933","0.0615"
"DIFFERENT_BASE","M2_SIMPY_PT067","M2_SIMPY_PT143","23","48","0","1","0","0.0676","0.0484"
"DIFFERENT_BASE","M2_SIMPY_PT067","M2_SIMPY_PT144","23","48","0","2","0","0.027","0.0323"
"DIFFERENT_BASE","M2_SIMPY_PT067","M2_SIMPY_PT146","23","49","0","1","0","0.0357","0.0411"
"DIFFERENT_BASE","M2_SIMPY_PT067","M2_SIMPY_PT148","23","50","0","0","0.1667","0.04","0.1231"
"DIFFERENT_BASE","M2_SIMPY_PT067","M2_SIMPY_PT149","23","50","0","1","0.1667","0.0123","0.0423"
"DIFFERENT_BASE","M2_SIMPY_PT067","M2_SIMPY_PT151","23","51","0","0","0","0.0127","0.1311"
"DIFFERENT_BASE","M2_SIMPY_PT067","M2_SIMPY_PT152","23","51","0","1","0","0.0233","0.0735"
"DIFFERENT_BASE","M2_SIMPY_PT067","M2_SIMPY_PT153","23","51","0","2","0","0.0357","0.0606"
"DIFFERENT_BASE","M2_SIMPY_PT067","M2_SIMPY_PT155","23","52","0","1","0","0.0353","0.0735"
"DIFFERENT_BASE","M2_SIMPY_PT067","M2_SIMPY_PT156","23","52","0","2","0","0.038","0.0278"
"DIFFERENT_BASE","M2_SIMPY_PT067","M2_SIMPY_PT157","23","53","0","0","0","0.0253","0.1194"
"DIFFERENT_BASE","M2_SIMPY_PT067","M2_SIMPY_PT158","23","53","0","1","0","0.0233","0.0725"
"DIFFERENT_BASE","M2_SIMPY_PT067","M2_SIMPY_PT159","23","53","0","2","0","0.0125","0.0417"
"DIFFERENT_BASE","M2_SIMPY_PT067","M2_SIMPY_PT161","23","54","0","1","0","0.0366","0.0735"
"DIFFERENT_BASE","M2_SIMPY_PT067","M2_SIMPY_PT162","23","54","0","2","0","0.0488","0.0282"
"DIFFERENT_BASE","M2_SIMPY_PT067","M2_SIMPY_PT165","23","55","0","2","0","0.0366","0.027"
"DIFFERENT_BASE","M2_SIMPY_PT067","M2_SIMPY_PT166","23","56","0","0","0","0.0227","0.1212"
"DIFFERENT_BASE","M2_SIMPY_PT067","M2_SIMPY_PT167","23","56","0","1","0","0.0366","0.0423"
"DIFFERENT_BASE","M2_SIMPY_PT067","M2_SIMPY_PT169","23","57","0","0","0","0.0267","0.0833"
"DIFFERENT_BASE","M2_SIMPY_PT067","M2_SIMPY_PT170","23","57","0","1","0","0.029","0.0862"
"DIFFERENT_BASE","M2_SIMPY_PT067","M2_SIMPY_PT171","23","57","0","2","0","0.026","0.0606"
"DIFFERENT_BASE","M2_SIMPY_PT067","M2_SIMPY_PT174","23","58","0","2","0","0.0375","0.0135"
"DIFFERENT_BASE","M2_SIMPY_PT067","M2_SIMPY_PT175","23","59","0","0","0","0.0241","0.1475"
"DIFFERENT_BASE","M2_SIMPY_PT067","M2_SIMPY_PT177","23","59","0","2","0","0.0526","0.0667"
"SAME_BASE_OTHER_CELL","M2_SIMPY_PT053","M2_SIMPY_PT054","18","18","1","2","0.5","0.0543","0.1364"
"DIFFERENT_BASE","M2_SIMPY_PT053","M2_SIMPY_PT056","18","19","1","1","0.3333","0.1375","0.2979"
"DIFFERENT_BASE","M2_SIMPY_PT053","M2_SIMPY_PT057","18","19","1","2","0.25","0.0417","0.1167"
"DIFFERENT_BASE","M2_SIMPY_PT053","M2_SIMPY_PT058","18","20","1","0","0.6667","0.1625","0.4681"
"DIFFERENT_BASE","M2_SIMPY_PT053","M2_SIMPY_PT059","18","20","1","1","0.6667","0.1325","0.1228"
"DIFFERENT_BASE","M2_SIMPY_PT053","M2_SIMPY_PT061","18","21","1","0","0.25","0.0215","0.1569"
"DIFFERENT_BASE","M2_SIMPY_PT053","M2_SIMPY_PT070","18","24","1","0","0.3333","0.0543","0.1724"
"DIFFERENT_BASE","M2_SIMPY_PT053","M2_SIMPY_PT074","18","25","1","1","0.3333","0.0408","0.1111"
"DIFFERENT_BASE","M2_SIMPY_PT053","M2_SIMPY_PT077","18","26","1","1","0.3333","0.0638","0.1148"
"DIFFERENT_BASE","M2_SIMPY_PT053","M2_SIMPY_PT080","18","27","1","1","0.2","0.0204","0.0781"
"DIFFERENT_BASE","M2_SIMPY_PT053","M2_SIMPY_PT083","18","28","1","1","0","0.0426","0.1774"
"DIFFERENT_BASE","M2_SIMPY_PT053","M2_SIMPY_PT086","18","29","1","1","0","0.0102","0.1207"
"DIFFERENT_BASE","M2_SIMPY_PT053","M2_SIMPY_PT089","18","30","1","1","0.25","0.044","0.1961"
"DIFFERENT_BASE","M2_SIMPY_PT053","M2_SIMPY_PT090","18","30","1","2","0.2","0.0333","0.1029"
"DIFFERENT_BASE","M2_SIMPY_PT053","M2_SIMPY_PT096","18","32","1","2","0","0.0349","0.1356"
"DIFFERENT_BASE","M2_SIMPY_PT053","M2_SIMPY_PT098","18","33","1","1","0.25","0.0408","0.1129"
"DIFFERENT_BASE","M2_SIMPY_PT053","M2_SIMPY_PT112","18","38","1","0","0","0.0312","0.0441"
"DIFFERENT_BASE","M2_SIMPY_PT053","M2_SIMPY_PT113","18","38","1","1","0","0.0814","0.0833"
"DIFFERENT_BASE","M2_SIMPY_PT053","M2_SIMPY_PT115","18","39","1","0","0","0.0111","0.0476"
"DIFFERENT_BASE","M2_SIMPY_PT053","M2_SIMPY_PT116","18","39","1","1","0.25","0.0805","0.1343"
"DIFFERENT_BASE","M2_SIMPY_PT053","M2_SIMPY_PT120","18","40","1","2","0.2","0.033","0.0909"
"DIFFERENT_BASE","M2_SIMPY_PT053","M2_SIMPY_PT121","18","41","1","0","0","0.0435","0.0656"
"DIFFERENT_BASE","M2_SIMPY_PT053","M2_SIMPY_PT122","18","41","1","1","0","0.023","0.069"
"DIFFERENT_BASE","M2_SIMPY_PT053","M2_SIMPY_PT125","18","42","1","1","0.25","0.0217","0.2182"
"DIFFERENT_BASE","M2_SIMPY_PT053","M2_SIMPY_PT126","18","42","1","2","0.25","0.0204","0.0469"
"DIFFERENT_BASE","M2_SIMPY_PT053","M2_SIMPY_PT127","18","43","1","0","0","0.0337","0.0536"
"DIFFERENT_BASE","M2_SIMPY_PT053","M2_SIMPY_PT128","18","43","1","1","0","0.0204","0.0625"
"DIFFERENT_BASE","M2_SIMPY_PT053","M2_SIMPY_PT131","18","44","1","1","0","0.0333","0.1897"
"DIFFERENT_BASE","M2_SIMPY_PT053","M2_SIMPY_PT133","18","45","1","0","0","0.0225","0.0571"
"DIFFERENT_BASE","M2_SIMPY_PT053","M2_SIMPY_PT135","18","45","1","2","0","0.0202","0.0411"
"DIFFERENT_BASE","M2_SIMPY_PT053","M2_SIMPY_PT140","18","47","1","1","0","0.0326","0.1333"
"DIFFERENT_BASE","M2_SIMPY_PT053","M2_SIMPY_PT143","18","48","1","1","0","0.0337","0.1228"
"DIFFERENT_BASE","M2_SIMPY_PT053","M2_SIMPY_PT144","18","48","1","2","0","0.023","0.0328"
"DIFFERENT_BASE","M2_SIMPY_PT053","M2_SIMPY_PT146","18","49","1","1","0","0.0101","0.0563"
"DIFFERENT_BASE","M2_SIMPY_PT053","M2_SIMPY_PT148","18","50","1","0","0.2","0.046","0.0435"
"DIFFERENT_BASE","M2_SIMPY_PT053","M2_SIMPY_PT149","18","50","1","1","0.2","0.092","0.058"
"DIFFERENT_BASE","M2_SIMPY_PT053","M2_SIMPY_PT151","18","51","1","0","0","0.0449","0.0968"
"DIFFERENT_BASE","M2_SIMPY_PT053","M2_SIMPY_PT152","18","51","1","1","0","0.0202","0.125"
"DIFFERENT_BASE","M2_SIMPY_PT053","M2_SIMPY_PT153","18","51","1","2","0","0.0753","0.1129"
"DIFFERENT_BASE","M2_SIMPY_PT053","M2_SIMPY_PT155","18","52","1","1","0","0.1099","0.1803"
"DIFFERENT_BASE","M2_SIMPY_PT053","M2_SIMPY_PT156","18","52","1","2","0","0.0326","0.0735"
"DIFFERENT_BASE","M2_SIMPY_PT053","M2_SIMPY_PT157","18","53","1","0","0","0.0805","0.0725"
"DIFFERENT_BASE","M2_SIMPY_PT053","M2_SIMPY_PT158","18","53","1","1","0","0.0202","0.1061"
"DIFFERENT_BASE","M2_SIMPY_PT053","M2_SIMPY_PT159","18","53","1","2","0","0.033","0.0571"
"DIFFERENT_BASE","M2_SIMPY_PT053","M2_SIMPY_PT161","18","54","1","1","0","0.1011","0.2"
"DIFFERENT_BASE","M2_SIMPY_PT053","M2_SIMPY_PT162","18","54","1","2","0","0.0645","0.1077"
"DIFFERENT_BASE","M2_SIMPY_PT053","M2_SIMPY_PT165","18","55","1","2","0","0.0652","0.0563"
"DIFFERENT_BASE","M2_SIMPY_PT053","M2_SIMPY_PT166","18","56","1","0","0","0.03","0.1061"
"DIFFERENT_BASE","M2_SIMPY_PT053","M2_SIMPY_PT167","18","56","1","1","0","0.0652","0.1406"
"DIFFERENT_BASE","M2_SIMPY_PT053","M2_SIMPY_PT169","18","57","1","0","0","0.0345","0.0548"
"DIFFERENT_BASE","M2_SIMPY_PT053","M2_SIMPY_PT170","18","57","1","1","0","0.0244","0.1273"
"DIFFERENT_BASE","M2_SIMPY_PT053","M2_SIMPY_PT171","18","57","1","2","0","0.011","0.0952"
"DIFFERENT_BASE","M2_SIMPY_PT053","M2_SIMPY_PT174","18","58","1","2","0","0.0435","0.0137"
"DIFFERENT_BASE","M2_SIMPY_PT053","M2_SIMPY_PT175","18","59","1","0","0","0.0208","0.0455"
"DIFFERENT_BASE","M2_SIMPY_PT053","M2_SIMPY_PT177","18","59","1","2","0","0.022","0.125"
"DIFFERENT_BASE","M2_SIMPY_PT054","M2_SIMPY_PT056","18","19","2","1","0.2","0.0789","0.1525"
"DIFFERENT_BASE","M2_SIMPY_PT054","M2_SIMPY_PT057","18","19","2","2","0.1667","0.0225","0.2333"
"DIFFERENT_BASE","M2_SIMPY_PT054","M2_SIMPY_PT058","18","20","2","0","0.75","0.0633","0.0704"
"DIFFERENT_BASE","M2_SIMPY_PT054","M2_SIMPY_PT059","18","20","2","1","0.75","0.0494","0.2034"
"DIFFERENT_BASE","M2_SIMPY_PT054","M2_SIMPY_PT061","18","21","2","0","0.1667","0.0238","0.1"
"DIFFERENT_BASE","M2_SIMPY_PT054","M2_SIMPY_PT070","18","24","2","0","0.2","0.0233","0.0563"
"DIFFERENT_BASE","M2_SIMPY_PT054","M2_SIMPY_PT074","18","25","2","1","0.2","0.069","0.0845"
"DIFFERENT_BASE","M2_SIMPY_PT054","M2_SIMPY_PT077","18","26","2","1","0.2","0.0341","0.1194"
"DIFFERENT_BASE","M2_SIMPY_PT054","M2_SIMPY_PT080","18","27","2","1","0.1429","0.1235","0.0857"
"DIFFERENT_BASE","M2_SIMPY_PT054","M2_SIMPY_PT083","18","28","2","1","0","0.0349","0.1111"
"DIFFERENT_BASE","M2_SIMPY_PT054","M2_SIMPY_PT086","18","29","2","1","0","0.0227","0.1077"
"DIFFERENT_BASE","M2_SIMPY_PT054","M2_SIMPY_PT089","18","30","2","1","0.1667","0.075","0.1525"
"DIFFERENT_BASE","M2_SIMPY_PT054","M2_SIMPY_PT090","18","30","2","2","0.1429","0.0633","0.3226"
"DIFFERENT_BASE","M2_SIMPY_PT054","M2_SIMPY_PT096","18","32","2","2","0","0.0526","0.1045"
"DIFFERENT_BASE","M2_SIMPY_PT054","M2_SIMPY_PT098","18","33","2","1","0.1667","0.022","0.0704"
"DIFFERENT_BASE","M2_SIMPY_PT054","M2_SIMPY_PT112","18","38","2","0","0","0.0112","0.0263"
"DIFFERENT_BASE","M2_SIMPY_PT054","M2_SIMPY_PT113","18","38","2","1","0","0.0244","0.0588"
"DIFFERENT_BASE","M2_SIMPY_PT054","M2_SIMPY_PT115","18","39","2","0","0","0.025","0.0429"
"DIFFERENT_BASE","M2_SIMPY_PT054","M2_SIMPY_PT116","18","39","2","1","0.1667","0.1184","0.2576"
"DIFFERENT_BASE","M2_SIMPY_PT054","M2_SIMPY_PT120","18","40","2","2","0.1429","0.0119","0.1618"
"DIFFERENT_BASE","M2_SIMPY_PT054","M2_SIMPY_PT121","18","41","2","0","0","0.0116","0.0435"
"DIFFERENT_BASE","M2_SIMPY_PT054","M2_SIMPY_PT122","18","41","2","1","0","0.0127","0.0455"
"DIFFERENT_BASE","M2_SIMPY_PT054","M2_SIMPY_PT125","18","42","2","1","0.1667","0.0241","0.1212"
"DIFFERENT_BASE","M2_SIMPY_PT054","M2_SIMPY_PT126","18","42","2","2","0.1667","0.0706","0.1935"
"DIFFERENT_BASE","M2_SIMPY_PT054","M2_SIMPY_PT127","18","43","2","0","0","0.0247","0.0476"
"DIFFERENT_BASE","M2_SIMPY_PT054","M2_SIMPY_PT128","18","43","2","1","0","0.046","0.0563"
"DIFFERENT_BASE","M2_SIMPY_PT054","M2_SIMPY_PT131","18","44","2","1","0","0.037","0.0857"
"DIFFERENT_BASE","M2_SIMPY_PT054","M2_SIMPY_PT133","18","45","2","0","0","0.038","0.0385"
"DIFFERENT_BASE","M2_SIMPY_PT054","M2_SIMPY_PT135","18","45","2","2","0","0.0222","0.137"
"DIFFERENT_BASE","M2_SIMPY_PT054","M2_SIMPY_PT140","18","47","2","1","0","0.0361","0.087"
"DIFFERENT_BASE","M2_SIMPY_PT054","M2_SIMPY_PT143","18","48","2","1","0","0.0375","0.0597"
"DIFFERENT_BASE","M2_SIMPY_PT054","M2_SIMPY_PT144","18","48","2","2","0","0.0526","0.2281"
"DIFFERENT_BASE","M2_SIMPY_PT054","M2_SIMPY_PT146","18","49","2","1","0","0.0341","0.0513"
"DIFFERENT_BASE","M2_SIMPY_PT054","M2_SIMPY_PT148","18","50","2","0","0.1429","0.038","0.026"
"DIFFERENT_BASE","M2_SIMPY_PT054","M2_SIMPY_PT149","18","50","2","1","0.1429","0.0238","0.0256"
"DIFFERENT_BASE","M2_SIMPY_PT054","M2_SIMPY_PT151","18","51","2","0","0","0.012","0.0274"
"DIFFERENT_BASE","M2_SIMPY_PT054","M2_SIMPY_PT152","18","51","2","1","0","0.0222","0.3621"
"DIFFERENT_BASE","M2_SIMPY_PT054","M2_SIMPY_PT153","18","51","2","2","0","0.0225","0.2667"
"DIFFERENT_BASE","M2_SIMPY_PT054","M2_SIMPY_PT155","18","52","2","1","0","0.0337","0.0972"
"DIFFERENT_BASE","M2_SIMPY_PT054","M2_SIMPY_PT156","18","52","2","2","0","0.075","0.1268"
"DIFFERENT_BASE","M2_SIMPY_PT054","M2_SIMPY_PT157","18","53","2","0","0","0.0119","0.0253"
"DIFFERENT_BASE","M2_SIMPY_PT054","M2_SIMPY_PT158","18","53","2","1","0","0.011","0.0667"
"DIFFERENT_BASE","M2_SIMPY_PT054","M2_SIMPY_PT159","18","53","2","2","0","0.0494","0.1739"
"DIFFERENT_BASE","M2_SIMPY_PT054","M2_SIMPY_PT161","18","54","2","1","0","0.0349","0.1127"
"DIFFERENT_BASE","M2_SIMPY_PT054","M2_SIMPY_PT162","18","54","2","2","0","0.0976","0.2344"
"DIFFERENT_BASE","M2_SIMPY_PT054","M2_SIMPY_PT165","18","55","2","2","0","0.023","0.0513"
"DIFFERENT_BASE","M2_SIMPY_PT054","M2_SIMPY_PT166","18","56","2","0","0","0.0217","0.039"
"DIFFERENT_BASE","M2_SIMPY_PT054","M2_SIMPY_PT167","18","56","2","1","0","0.0471","0.0959"
"DIFFERENT_BASE","M2_SIMPY_PT054","M2_SIMPY_PT169","18","57","2","0","0","0.0253","0.0244"
"DIFFERENT_BASE","M2_SIMPY_PT054","M2_SIMPY_PT170","18","57","2","1","0","0.0563","0.0781"
"DIFFERENT_BASE","M2_SIMPY_PT054","M2_SIMPY_PT171","18","57","2","2","0","0.0506","0.2667"
"DIFFERENT_BASE","M2_SIMPY_PT054","M2_SIMPY_PT174","18","58","2","2","0","0.061","0.0519"
"DIFFERENT_BASE","M2_SIMPY_PT054","M2_SIMPY_PT175","18","59","2","0","0","0.023","0.027"
"DIFFERENT_BASE","M2_SIMPY_PT054","M2_SIMPY_PT177","18","59","2","2","0","0.05","0.1475"
"SAME_BASE_OTHER_CELL","M2_SIMPY_PT056","M2_SIMPY_PT057","19","19","1","2","0.6667","0.0366","0.3043"
"DIFFERENT_BASE","M2_SIMPY_PT056","M2_SIMPY_PT058","19","20","1","0","0.25","0.0986","0.1698"
"DIFFERENT_BASE","M2_SIMPY_PT056","M2_SIMPY_PT059","19","20","1","1","0.25","0.0533","0.14"
"DIFFERENT_BASE","M2_SIMPY_PT056","M2_SIMPY_PT061","19","21","1","0","0.6667","0.2308","0.4054"
"DIFFERENT_BASE","M2_SIMPY_PT056","M2_SIMPY_PT070","19","24","1","0","0","0.0933","0.1296"
"DIFFERENT_BASE","M2_SIMPY_PT056","M2_SIMPY_PT074","19","25","1","1","0","0.0741","0.1667"
"DIFFERENT_BASE","M2_SIMPY_PT056","M2_SIMPY_PT077","19","26","1","1","0","0.0494","0.0893"
"DIFFERENT_BASE","M2_SIMPY_PT056","M2_SIMPY_PT080","19","27","1","1","0","0.1039","0.1273"
"DIFFERENT_BASE","M2_SIMPY_PT056","M2_SIMPY_PT083","19","28","1","1","0","0.0506","0.1379"
"DIFFERENT_BASE","M2_SIMPY_PT056","M2_SIMPY_PT086","19","29","1","1","0","0.0244","0.0943"
"DIFFERENT_BASE","M2_SIMPY_PT056","M2_SIMPY_PT089","19","30","1","1","0","0.039","0.125"
"DIFFERENT_BASE","M2_SIMPY_PT056","M2_SIMPY_PT090","19","30","1","2","0","0.0263","0.0968"
"DIFFERENT_BASE","M2_SIMPY_PT056","M2_SIMPY_PT096","19","32","1","2","0","0.0725","0.1111"
"DIFFERENT_BASE","M2_SIMPY_PT056","M2_SIMPY_PT098","19","33","1","1","0","0.0741","0.069"
"DIFFERENT_BASE","M2_SIMPY_PT056","M2_SIMPY_PT112","19","38","1","0","0","0.0244","0.0492"
"DIFFERENT_BASE","M2_SIMPY_PT056","M2_SIMPY_PT113","19","38","1","1","0","0.013","0.0741"
"DIFFERENT_BASE","M2_SIMPY_PT056","M2_SIMPY_PT115","19","39","1","0","0","0.0556","0.0536"
"DIFFERENT_BASE","M2_SIMPY_PT056","M2_SIMPY_PT116","19","39","1","1","0.25","0.0822","0.1695"
"DIFFERENT_BASE","M2_SIMPY_PT056","M2_SIMPY_PT120","19","40","1","2","0.5","0.0395","0.1207"
"DIFFERENT_BASE","M2_SIMPY_PT056","M2_SIMPY_PT121","19","41","1","0","0","0.0658","0.0943"
"DIFFERENT_BASE","M2_SIMPY_PT056","M2_SIMPY_PT122","19","41","1","1","0","0.0423","0.0784"
"DIFFERENT_BASE","M2_SIMPY_PT056","M2_SIMPY_PT125","19","42","1","1","0","0.026","0.1538"
"DIFFERENT_BASE","M2_SIMPY_PT056","M2_SIMPY_PT126","19","42","1","2","0","0.0119","0.0345"
"DIFFERENT_BASE","M2_SIMPY_PT056","M2_SIMPY_PT127","19","43","1","0","0","0.0694","0.0833"
"DIFFERENT_BASE","M2_SIMPY_PT056","M2_SIMPY_PT128","19","43","1","1","0","0.0494","0.1296"
"DIFFERENT_BASE","M2_SIMPY_PT056","M2_SIMPY_PT131","19","44","1","1","0","0.0685","0.1481"
"DIFFERENT_BASE","M2_SIMPY_PT056","M2_SIMPY_PT133","19","45","1","0","0","0.1014","0.1167"
"DIFFERENT_BASE","M2_SIMPY_PT056","M2_SIMPY_PT135","19","45","1","2","0","0.0488","0.0952"
"DIFFERENT_BASE","M2_SIMPY_PT056","M2_SIMPY_PT140","19","47","1","1","0","0.0667","0.1296"
"DIFFERENT_BASE","M2_SIMPY_PT056","M2_SIMPY_PT143","19","48","1","1","0","0.0548","0.0962"
"DIFFERENT_BASE","M2_SIMPY_PT056","M2_SIMPY_PT144","19","48","1","2","0","0.0423","0.0566"
"DIFFERENT_BASE","M2_SIMPY_PT056","M2_SIMPY_PT146","19","49","1","1","0","0.0241","0.0794"
"DIFFERENT_BASE","M2_SIMPY_PT056","M2_SIMPY_PT148","19","50","1","0","0","0.0411","0.0484"
"DIFFERENT_BASE","M2_SIMPY_PT056","M2_SIMPY_PT149","19","50","1","1","0","0.0127","0.0476"
"DIFFERENT_BASE","M2_SIMPY_PT056","M2_SIMPY_PT151","19","51","1","0","0","0.013","0.0893"
"DIFFERENT_BASE","M2_SIMPY_PT056","M2_SIMPY_PT152","19","51","1","1","0","0.0118","0.1404"
"DIFFERENT_BASE","M2_SIMPY_PT056","M2_SIMPY_PT153","19","51","1","2","0","0.0625","0.069"
"DIFFERENT_BASE","M2_SIMPY_PT056","M2_SIMPY_PT155","19","52","1","1","0","0.0238","0.1404"
"DIFFERENT_BASE","M2_SIMPY_PT056","M2_SIMPY_PT156","19","52","1","2","0","0.0256","0.0645"
"DIFFERENT_BASE","M2_SIMPY_PT056","M2_SIMPY_PT157","19","53","1","0","0","0.026","0.0984"
"DIFFERENT_BASE","M2_SIMPY_PT056","M2_SIMPY_PT158","19","53","1","1","0","0.0361","0.1"
"DIFFERENT_BASE","M2_SIMPY_PT056","M2_SIMPY_PT159","19","53","1","2","0","0.0128","0.0635"
"DIFFERENT_BASE","M2_SIMPY_PT056","M2_SIMPY_PT161","19","54","1","1","0","0.0779","0.25"
"DIFFERENT_BASE","M2_SIMPY_PT056","M2_SIMPY_PT162","19","54","1","2","0","0.0633","0.1017"
"DIFFERENT_BASE","M2_SIMPY_PT056","M2_SIMPY_PT165","19","55","1","2","0","0.0506","0.0462"
"DIFFERENT_BASE","M2_SIMPY_PT056","M2_SIMPY_PT166","19","56","1","0","0","0.0233","0.082"
"DIFFERENT_BASE","M2_SIMPY_PT056","M2_SIMPY_PT167","19","56","1","1","0","0.0506","0.1379"
"DIFFERENT_BASE","M2_SIMPY_PT056","M2_SIMPY_PT169","19","57","1","0","0","0.0274","0.0769"
"DIFFERENT_BASE","M2_SIMPY_PT056","M2_SIMPY_PT170","19","57","1","1","0","0.0952","0.1"
"DIFFERENT_BASE","M2_SIMPY_PT056","M2_SIMPY_PT171","19","57","1","2","0","0.0267","0.0877"
"DIFFERENT_BASE","M2_SIMPY_PT056","M2_SIMPY_PT174","19","58","1","2","0","0.0658","0.0308"
"DIFFERENT_BASE","M2_SIMPY_PT056","M2_SIMPY_PT175","19","59","1","0","0","0.0506","0.0508"
"DIFFERENT_BASE","M2_SIMPY_PT056","M2_SIMPY_PT177","19","59","1","2","0","0.04","0.0769"
"DIFFERENT_BASE","M2_SIMPY_PT057","M2_SIMPY_PT058","19","20","2","0","0.2","0.0357","0.0794"
"DIFFERENT_BASE","M2_SIMPY_PT057","M2_SIMPY_PT059","19","20","2","1","0.2","0.0353","0.125"
"DIFFERENT_BASE","M2_SIMPY_PT057","M2_SIMPY_PT061","19","21","2","0","1","0.0854","0.2083"
"DIFFERENT_BASE","M2_SIMPY_PT057","M2_SIMPY_PT070","19","24","2","0","0","0.0111","0.0635"
"DIFFERENT_BASE","M2_SIMPY_PT057","M2_SIMPY_PT074","19","25","2","1","0","0.0909","0.1129"
"DIFFERENT_BASE","M2_SIMPY_PT057","M2_SIMPY_PT077","19","26","2","1","0","0.0217","0.0806"
"DIFFERENT_BASE","M2_SIMPY_PT057","M2_SIMPY_PT080","19","27","2","1","0","0.0562","0.1148"
"DIFFERENT_BASE","M2_SIMPY_PT057","M2_SIMPY_PT083","19","28","2","1","0","0.0575","0.0909"
"DIFFERENT_BASE","M2_SIMPY_PT057","M2_SIMPY_PT086","19","29","2","1","0","0.022","0.1034"
"DIFFERENT_BASE","M2_SIMPY_PT057","M2_SIMPY_PT089","19","30","2","1","0","0.1125","0.1111"
"DIFFERENT_BASE","M2_SIMPY_PT057","M2_SIMPY_PT090","19","30","2","2","0","0.0741","0.2333"
"DIFFERENT_BASE","M2_SIMPY_PT057","M2_SIMPY_PT096","19","32","2","2","0","0.0779","0.1379"
"DIFFERENT_BASE","M2_SIMPY_PT057","M2_SIMPY_PT098","19","33","2","1","0","0.0435","0.0625"
"DIFFERENT_BASE","M2_SIMPY_PT057","M2_SIMPY_PT112","19","38","2","0","0","0.0941","0.0294"
"DIFFERENT_BASE","M2_SIMPY_PT057","M2_SIMPY_PT113","19","38","2","1","0","0.0357","0.0667"
"DIFFERENT_BASE","M2_SIMPY_PT057","M2_SIMPY_PT115","19","39","2","0","0","0.0494","0.0656"
"DIFFERENT_BASE","M2_SIMPY_PT057","M2_SIMPY_PT116","19","39","2","1","0.2","0.0476","0.1538"
"DIFFERENT_BASE","M2_SIMPY_PT057","M2_SIMPY_PT120","19","40","2","2","0.4","0.1429","0.2241"
"DIFFERENT_BASE","M2_SIMPY_PT057","M2_SIMPY_PT121","19","41","2","0","0","0.0588","0.0667"
"DIFFERENT_BASE","M2_SIMPY_PT057","M2_SIMPY_PT122","19","41","2","1","0","0.1216","0.0702"
"DIFFERENT_BASE","M2_SIMPY_PT057","M2_SIMPY_PT125","19","42","2","1","0","0.0602","0.082"
"DIFFERENT_BASE","M2_SIMPY_PT057","M2_SIMPY_PT126","19","42","2","2","0","0.033","0.1786"
"DIFFERENT_BASE","M2_SIMPY_PT057","M2_SIMPY_PT127","19","43","2","0","0","0.1026","0.0545"
"DIFFERENT_BASE","M2_SIMPY_PT057","M2_SIMPY_PT128","19","43","2","1","0","0.033","0.1552"
"DIFFERENT_BASE","M2_SIMPY_PT057","M2_SIMPY_PT131","19","44","2","1","0","0.061","0.1333"
"DIFFERENT_BASE","M2_SIMPY_PT057","M2_SIMPY_PT133","19","45","2","0","0","0.0366","0.0896"
"DIFFERENT_BASE","M2_SIMPY_PT057","M2_SIMPY_PT135","19","45","2","2","0","0.0674","0.1719"
"DIFFERENT_BASE","M2_SIMPY_PT057","M2_SIMPY_PT140","19","47","2","1","0","0.0595","0.1167"
"DIFFERENT_BASE","M2_SIMPY_PT057","M2_SIMPY_PT143","19","48","2","1","0","0.1026","0.0678"
"DIFFERENT_BASE","M2_SIMPY_PT057","M2_SIMPY_PT144","19","48","2","2","0","0.0375","0.2157"
"DIFFERENT_BASE","M2_SIMPY_PT057","M2_SIMPY_PT146","19","49","2","1","0","0.0562","0.0571"
"DIFFERENT_BASE","M2_SIMPY_PT057","M2_SIMPY_PT148","19","50","2","0","0","0.0494","0.029"
"DIFFERENT_BASE","M2_SIMPY_PT057","M2_SIMPY_PT149","19","50","2","1","0","0.0349","0.0435"
"DIFFERENT_BASE","M2_SIMPY_PT057","M2_SIMPY_PT151","19","51","2","0","0","0.0116","0.0308"
"DIFFERENT_BASE","M2_SIMPY_PT057","M2_SIMPY_PT152","19","51","2","1","0","0.0215","0.1452"
"DIFFERENT_BASE","M2_SIMPY_PT057","M2_SIMPY_PT153","19","51","2","2","0","0.0444","0.193"
"DIFFERENT_BASE","M2_SIMPY_PT057","M2_SIMPY_PT155","19","52","2","1","0","0.044","0.0758"
"DIFFERENT_BASE","M2_SIMPY_PT057","M2_SIMPY_PT156","19","52","2","2","0","0.0854","0.1429"
"DIFFERENT_BASE","M2_SIMPY_PT057","M2_SIMPY_PT157","19","53","2","0","0","0.0233","0.0282"
"DIFFERENT_BASE","M2_SIMPY_PT057","M2_SIMPY_PT158","19","53","2","1","0.1667","0.1047","0.0588"
"DIFFERENT_BASE","M2_SIMPY_PT057","M2_SIMPY_PT159","19","53","2","2","0","0.1139","0.1587"
"DIFFERENT_BASE","M2_SIMPY_PT057","M2_SIMPY_PT161","19","54","2","1","0","0.0222","0.1639"
"DIFFERENT_BASE","M2_SIMPY_PT057","M2_SIMPY_PT162","19","54","2","2","0","0.069","0.1833"
"DIFFERENT_BASE","M2_SIMPY_PT057","M2_SIMPY_PT165","19","55","2","2","0","0.0952","0.0423"
"DIFFERENT_BASE","M2_SIMPY_PT057","M2_SIMPY_PT166","19","56","2","0","0","0.0543","0.0286"
"DIFFERENT_BASE","M2_SIMPY_PT057","M2_SIMPY_PT167","19","56","2","1","0","0.0455","0.0909"
"DIFFERENT_BASE","M2_SIMPY_PT057","M2_SIMPY_PT169","19","57","2","0","0","0.012","0.0133"
"DIFFERENT_BASE","M2_SIMPY_PT057","M2_SIMPY_PT170","19","57","2","1","0","0.04","0.0893"
"DIFFERENT_BASE","M2_SIMPY_PT057","M2_SIMPY_PT171","19","57","2","2","0","0.0361","0.193"
"DIFFERENT_BASE","M2_SIMPY_PT057","M2_SIMPY_PT174","19","58","2","2","0.1667","0.1842","0.0735"
"DIFFERENT_BASE","M2_SIMPY_PT057","M2_SIMPY_PT175","19","59","2","0","0","0.0337","0.0303"
"DIFFERENT_BASE","M2_SIMPY_PT057","M2_SIMPY_PT177","19","59","2","2","0","0.0357","0.1481"
"SAME_BASE_OTHER_CELL","M2_SIMPY_PT058","M2_SIMPY_PT059","20","20","0","1","1","0.1408","0.1607"
"DIFFERENT_BASE","M2_SIMPY_PT058","M2_SIMPY_PT061","20","21","0","0","0.2","0.0513","0.2766"
"DIFFERENT_BASE","M2_SIMPY_PT058","M2_SIMPY_PT070","20","24","0","0","0.25","0.037","0.2321"
"DIFFERENT_BASE","M2_SIMPY_PT058","M2_SIMPY_PT074","20","25","0","1","0.25","0.0471","0.0758"
"DIFFERENT_BASE","M2_SIMPY_PT058","M2_SIMPY_PT077","20","26","0","1","0.25","0.0482","0.0455"
"DIFFERENT_BASE","M2_SIMPY_PT058","M2_SIMPY_PT080","20","27","0","1","0.1667","0.0116","0.0769"
"DIFFERENT_BASE","M2_SIMPY_PT058","M2_SIMPY_PT083","20","28","0","1","0","0.0366","0.1045"
"DIFFERENT_BASE","M2_SIMPY_PT058","M2_SIMPY_PT086","20","29","0","1","0","0.0118","0.0476"
"DIFFERENT_BASE","M2_SIMPY_PT058","M2_SIMPY_PT089","20","30","0","1","0.2","0.0513","0.0877"
"DIFFERENT_BASE","M2_SIMPY_PT058","M2_SIMPY_PT090","20","30","0","2","0.1667","0.0256","0.0411"
"DIFFERENT_BASE","M2_SIMPY_PT058","M2_SIMPY_PT096","20","32","0","2","0","0.1014","0.0968"
"DIFFERENT_BASE","M2_SIMPY_PT058","M2_SIMPY_PT098","20","33","0","1","0.2","0.0471","0.0606"
"DIFFERENT_BASE","M2_SIMPY_PT058","M2_SIMPY_PT112","20","38","0","0","0","0.0238","0.0746"
"DIFFERENT_BASE","M2_SIMPY_PT058","M2_SIMPY_PT113","20","38","0","1","0","0.0526","0.0476"
"DIFFERENT_BASE","M2_SIMPY_PT058","M2_SIMPY_PT115","20","39","0","0","0","0.0833","0.0806"
"DIFFERENT_BASE","M2_SIMPY_PT058","M2_SIMPY_PT116","20","39","0","1","0.2","0.1096","0.0694"
"DIFFERENT_BASE","M2_SIMPY_PT058","M2_SIMPY_PT120","20","40","0","2","0.1667","0.0253","0.0735"
"DIFFERENT_BASE","M2_SIMPY_PT058","M2_SIMPY_PT121","20","41","0","0","0","0.0122","0.1"
"DIFFERENT_BASE","M2_SIMPY_PT058","M2_SIMPY_PT122","20","41","0","1","0","0.027","0.05"
"DIFFERENT_BASE","M2_SIMPY_PT058","M2_SIMPY_PT125","20","42","0","1","0.2","0.0519","0.1333"
"DIFFERENT_BASE","M2_SIMPY_PT058","M2_SIMPY_PT126","20","42","0","2","0.2","0.0116","0.0303"
"DIFFERENT_BASE","M2_SIMPY_PT058","M2_SIMPY_PT127","20","43","0","0","0","0.0676","0.1111"
"DIFFERENT_BASE","M2_SIMPY_PT058","M2_SIMPY_PT128","20","43","0","1","0","0.0235","0.0455"
"DIFFERENT_BASE","M2_SIMPY_PT058","M2_SIMPY_PT131","20","44","0","1","0","0.0667","0.1111"
"DIFFERENT_BASE","M2_SIMPY_PT058","M2_SIMPY_PT133","20","45","0","0","0","0.04","0.1029"
"DIFFERENT_BASE","M2_SIMPY_PT058","M2_SIMPY_PT135","20","45","0","2","0","0.0353","0.0548"
"DIFFERENT_BASE","M2_SIMPY_PT058","M2_SIMPY_PT140","20","47","0","1","0","0.0513","0.0615"
"DIFFERENT_BASE","M2_SIMPY_PT058","M2_SIMPY_PT143","20","48","0","1","0","0.0533","0.0833"
"DIFFERENT_BASE","M2_SIMPY_PT058","M2_SIMPY_PT144","20","48","0","2","0","0.027","0.0492"
"DIFFERENT_BASE","M2_SIMPY_PT058","M2_SIMPY_PT146","20","49","0","1","0","0.0235","0.0556"
"DIFFERENT_BASE","M2_SIMPY_PT058","M2_SIMPY_PT148","20","50","0","0","0.1667","0.0833","0.0735"
"DIFFERENT_BASE","M2_SIMPY_PT058","M2_SIMPY_PT149","20","50","0","1","0.1667","0.0513","0.0571"
"DIFFERENT_BASE","M2_SIMPY_PT058","M2_SIMPY_PT151","20","51","0","0","0","0.039","0.1129"
"DIFFERENT_BASE","M2_SIMPY_PT058","M2_SIMPY_PT152","20","51","0","1","0","0.0115","0.0896"
"DIFFERENT_BASE","M2_SIMPY_PT058","M2_SIMPY_PT153","20","51","0","2","0","0.0482","0.0448"
"DIFFERENT_BASE","M2_SIMPY_PT058","M2_SIMPY_PT155","20","52","0","1","0","0.0233","0.1061"
"DIFFERENT_BASE","M2_SIMPY_PT058","M2_SIMPY_PT156","20","52","0","2","0","0.038","0.0725"
"DIFFERENT_BASE","M2_SIMPY_PT058","M2_SIMPY_PT157","20","53","0","0","0","0.08","0.1029"
"DIFFERENT_BASE","M2_SIMPY_PT058","M2_SIMPY_PT158","20","53","0","1","0","0.0353","0.0725"
"DIFFERENT_BASE","M2_SIMPY_PT058","M2_SIMPY_PT159","20","53","0","2","0","0.0253","0.0417"
"DIFFERENT_BASE","M2_SIMPY_PT058","M2_SIMPY_PT161","20","54","0","1","0","0.0759","0.1231"
"DIFFERENT_BASE","M2_SIMPY_PT058","M2_SIMPY_PT162","20","54","0","2","0","0.075","0.0896"
"DIFFERENT_BASE","M2_SIMPY_PT058","M2_SIMPY_PT165","20","55","0","2","0","0.0366","0.0411"
"DIFFERENT_BASE","M2_SIMPY_PT058","M2_SIMPY_PT166","20","56","0","0","0","0.0345","0.1212"
"DIFFERENT_BASE","M2_SIMPY_PT058","M2_SIMPY_PT167","20","56","0","1","0","0.0241","0.0882"
"DIFFERENT_BASE","M2_SIMPY_PT058","M2_SIMPY_PT169","20","57","0","0","0","0.0405","0.0541"
"DIFFERENT_BASE","M2_SIMPY_PT058","M2_SIMPY_PT170","20","57","0","1","0","0.0143","0.05"
"DIFFERENT_BASE","M2_SIMPY_PT058","M2_SIMPY_PT171","20","57","0","2","0","0.026","0.0294"
"DIFFERENT_BASE","M2_SIMPY_PT058","M2_SIMPY_PT174","20","58","0","2","0","0.0506","0.0135"
"DIFFERENT_BASE","M2_SIMPY_PT058","M2_SIMPY_PT175","20","59","0","0","0","0.0366","0.0769"
"DIFFERENT_BASE","M2_SIMPY_PT058","M2_SIMPY_PT177","20","59","0","2","0","0.039","0.0492"
"DIFFERENT_BASE","M2_SIMPY_PT059","M2_SIMPY_PT061","20","21","1","0","0.2","0.0921","0.1702"
"DIFFERENT_BASE","M2_SIMPY_PT059","M2_SIMPY_PT070","20","24","1","0","0.25","0.0119","0.0847"
"DIFFERENT_BASE","M2_SIMPY_PT059","M2_SIMPY_PT074","20","25","1","1","0.25","0.0227","0.1"
"DIFFERENT_BASE","M2_SIMPY_PT059","M2_SIMPY_PT077","20","26","1","1","0.25","0.0353","0.1228"
"DIFFERENT_BASE","M2_SIMPY_PT059","M2_SIMPY_PT080","20","27","1","1","0.1667","0.0233","0.1017"
"DIFFERENT_BASE","M2_SIMPY_PT059","M2_SIMPY_PT083","20","28","1","1","0","0.0361","0.0781"
"DIFFERENT_BASE","M2_SIMPY_PT059","M2_SIMPY_PT086","20","29","1","1","0","0.0482","0.0893"
"DIFFERENT_BASE","M2_SIMPY_PT059","M2_SIMPY_PT089","20","30","1","1","0.2","0.0247","0.1176"
"DIFFERENT_BASE","M2_SIMPY_PT059","M2_SIMPY_PT090","20","30","1","2","0.1667","0.0519","0.0923"
"DIFFERENT_BASE","M2_SIMPY_PT059","M2_SIMPY_PT096","20","32","1","2","0","0.0267","0.0328"
"DIFFERENT_BASE","M2_SIMPY_PT059","M2_SIMPY_PT098","20","33","1","1","0.2","0.0227","0.1207"
"DIFFERENT_BASE","M2_SIMPY_PT059","M2_SIMPY_PT112","20","38","1","0","0","0.0875","0.1167"
"DIFFERENT_BASE","M2_SIMPY_PT059","M2_SIMPY_PT113","20","38","1","1","0","0.1408","0.3556"
"DIFFERENT_BASE","M2_SIMPY_PT059","M2_SIMPY_PT115","20","39","1","0","0","0.0128","0.0508"
"DIFFERENT_BASE","M2_SIMPY_PT059","M2_SIMPY_PT116","20","39","1","1","0.2","0.0649","0.1429"
"DIFFERENT_BASE","M2_SIMPY_PT059","M2_SIMPY_PT120","20","40","1","2","0.1667","0.025","0.0625"
"DIFFERENT_BASE","M2_SIMPY_PT059","M2_SIMPY_PT121","20","41","1","0","0","0.0909","0.0702"
"DIFFERENT_BASE","M2_SIMPY_PT059","M2_SIMPY_PT122","20","41","1","1","0","0.0548","0.3182"
"DIFFERENT_BASE","M2_SIMPY_PT059","M2_SIMPY_PT125","20","42","1","1","0.2","0.025","0.0862"
"DIFFERENT_BASE","M2_SIMPY_PT059","M2_SIMPY_PT126","20","42","1","2","0.2","0.0602","0.0678"
"DIFFERENT_BASE","M2_SIMPY_PT059","M2_SIMPY_PT127","20","43","1","0","0","0.0256","0.0577"
"DIFFERENT_BASE","M2_SIMPY_PT059","M2_SIMPY_PT128","20","43","1","1","0","0.0233","0.28"
"DIFFERENT_BASE","M2_SIMPY_PT059","M2_SIMPY_PT131","20","44","1","1","0","0.0125","0.1017"
"DIFFERENT_BASE","M2_SIMPY_PT059","M2_SIMPY_PT133","20","45","1","0","0","0.0128","0.0606"
"DIFFERENT_BASE","M2_SIMPY_PT059","M2_SIMPY_PT135","20","45","1","2","0","0.0349","0.0746"
"DIFFERENT_BASE","M2_SIMPY_PT059","M2_SIMPY_PT140","20","47","1","1","0","0.0122","0.0847"
"DIFFERENT_BASE","M2_SIMPY_PT059","M2_SIMPY_PT143","20","48","1","1","0","0.0256","0.0526"
"DIFFERENT_BASE","M2_SIMPY_PT059","M2_SIMPY_PT144","20","48","1","2","0","0.0132","0.0926"
"DIFFERENT_BASE","M2_SIMPY_PT059","M2_SIMPY_PT146","20","49","1","1","0","0.0233","0.0923"
"DIFFERENT_BASE","M2_SIMPY_PT059","M2_SIMPY_PT148","20","50","1","0","0.1667","0.0676","0.0462"
"DIFFERENT_BASE","M2_SIMPY_PT059","M2_SIMPY_PT149","20","50","1","1","0.1667","0.137","0.1695"
"DIFFERENT_BASE","M2_SIMPY_PT059","M2_SIMPY_PT151","20","51","1","0","0","0.0253","0.0667"
"DIFFERENT_BASE","M2_SIMPY_PT059","M2_SIMPY_PT152","20","51","1","1","0","0.0471","0.2143"
"DIFFERENT_BASE","M2_SIMPY_PT059","M2_SIMPY_PT153","20","51","1","2","0","0.0864","0.0833"
"DIFFERENT_BASE","M2_SIMPY_PT059","M2_SIMPY_PT155","20","52","1","1","0","0.0595","0.0794"
"DIFFERENT_BASE","M2_SIMPY_PT059","M2_SIMPY_PT156","20","52","1","2","0","0.0375","0.0615"
"DIFFERENT_BASE","M2_SIMPY_PT059","M2_SIMPY_PT157","20","53","1","0","0","0.1233","0.0448"
"DIFFERENT_BASE","M2_SIMPY_PT059","M2_SIMPY_PT158","20","53","1","1","0","0.0723","0.15"
"DIFFERENT_BASE","M2_SIMPY_PT059","M2_SIMPY_PT159","20","53","1","2","0","0.038","0.0769"
"DIFFERENT_BASE","M2_SIMPY_PT059","M2_SIMPY_PT161","20","54","1","1","0","0.075","0.1148"
"DIFFERENT_BASE","M2_SIMPY_PT059","M2_SIMPY_PT162","20","54","1","2","0","0.1013","0.0968"
"DIFFERENT_BASE","M2_SIMPY_PT059","M2_SIMPY_PT165","20","55","1","2","0","0.0488","0.0441"
"DIFFERENT_BASE","M2_SIMPY_PT059","M2_SIMPY_PT166","20","56","1","0","0","0.0225","0.0781"
"DIFFERENT_BASE","M2_SIMPY_PT059","M2_SIMPY_PT167","20","56","1","1","0","0.0118","0.1129"
"DIFFERENT_BASE","M2_SIMPY_PT059","M2_SIMPY_PT169","20","57","1","0","0","0.0263","0.0282"
"DIFFERENT_BASE","M2_SIMPY_PT059","M2_SIMPY_PT170","20","57","1","1","0","0.0141","0.16"
"DIFFERENT_BASE","M2_SIMPY_PT059","M2_SIMPY_PT171","20","57","1","2","0","0.039","0.0656"
"DIFFERENT_BASE","M2_SIMPY_PT059","M2_SIMPY_PT174","20","58","1","2","0","0.0244","0.0145"
"DIFFERENT_BASE","M2_SIMPY_PT059","M2_SIMPY_PT175","20","59","1","0","0","0.0118","0.0484"
"DIFFERENT_BASE","M2_SIMPY_PT059","M2_SIMPY_PT177","20","59","1","2","0","0.0125","0.0727"
"DIFFERENT_BASE","M2_SIMPY_PT061","M2_SIMPY_PT070","21","24","0","0","0","0.0488","0.2041"
"DIFFERENT_BASE","M2_SIMPY_PT061","M2_SIMPY_PT074","21","25","0","1","0","0.0706","0.1731"
"DIFFERENT_BASE","M2_SIMPY_PT061","M2_SIMPY_PT077","21","26","0","1","0","0.0471","0.0536"
"DIFFERENT_BASE","M2_SIMPY_PT061","M2_SIMPY_PT080","21","27","0","1","0","0.0854","0.1321"
"DIFFERENT_BASE","M2_SIMPY_PT061","M2_SIMPY_PT083","21","28","0","1","0","0.0482","0.1034"
"DIFFERENT_BASE","M2_SIMPY_PT061","M2_SIMPY_PT086","21","29","0","1","0","0.0476","0.0566"
"DIFFERENT_BASE","M2_SIMPY_PT061","M2_SIMPY_PT089","21","30","0","1","0","0.037","0.0833"
"DIFFERENT_BASE","M2_SIMPY_PT061","M2_SIMPY_PT090","21","30","0","2","0","0.038","0.0645"
"DIFFERENT_BASE","M2_SIMPY_PT061","M2_SIMPY_PT096","21","32","0","2","0","0.0541","0.0741"
"DIFFERENT_BASE","M2_SIMPY_PT061","M2_SIMPY_PT098","21","33","0","1","0","0.0581","0.0526"
"DIFFERENT_BASE","M2_SIMPY_PT061","M2_SIMPY_PT112","21","38","0","0","0","0.1139","0.1481"
"DIFFERENT_BASE","M2_SIMPY_PT061","M2_SIMPY_PT113","21","38","0","1","0","0.025","0.0566"
"DIFFERENT_BASE","M2_SIMPY_PT061","M2_SIMPY_PT115","21","39","0","0","0","0.039","0.0962"
"DIFFERENT_BASE","M2_SIMPY_PT061","M2_SIMPY_PT116","21","39","0","1","0.2","0.0506","0.1356"
"DIFFERENT_BASE","M2_SIMPY_PT061","M2_SIMPY_PT120","21","40","0","2","0.4","0.0779","0.1053"
"DIFFERENT_BASE","M2_SIMPY_PT061","M2_SIMPY_PT121","21","41","0","0","0","0.1184","0.1429"
"DIFFERENT_BASE","M2_SIMPY_PT061","M2_SIMPY_PT122","21","41","0","1","0","0.0986","0.1522"
"DIFFERENT_BASE","M2_SIMPY_PT061","M2_SIMPY_PT125","21","42","0","1","0","0.0506","0.2083"
"DIFFERENT_BASE","M2_SIMPY_PT061","M2_SIMPY_PT126","21","42","0","2","0","0.0471","0.0357"
"DIFFERENT_BASE","M2_SIMPY_PT061","M2_SIMPY_PT127","21","43","0","0","0","0.08","0.25"
"DIFFERENT_BASE","M2_SIMPY_PT061","M2_SIMPY_PT128","21","43","0","1","0","0.0595","0.0926"
"DIFFERENT_BASE","M2_SIMPY_PT061","M2_SIMPY_PT131","21","44","0","1","0","0.0513","0.1111"
"DIFFERENT_BASE","M2_SIMPY_PT061","M2_SIMPY_PT133","21","45","0","0","0","0.0667","0.1607"
"DIFFERENT_BASE","M2_SIMPY_PT061","M2_SIMPY_PT135","21","45","0","2","0","0.0843","0.0984"
"DIFFERENT_BASE","M2_SIMPY_PT061","M2_SIMPY_PT140","21","47","0","1","0","0.05","0.0926"
"DIFFERENT_BASE","M2_SIMPY_PT061","M2_SIMPY_PT143","21","48","0","1","0","0.0519","0.0577"
"DIFFERENT_BASE","M2_SIMPY_PT061","M2_SIMPY_PT144","21","48","0","2","0","0.04","0.0588"
"DIFFERENT_BASE","M2_SIMPY_PT061","M2_SIMPY_PT146","21","49","0","1","0","0.0471","0.0645"
"DIFFERENT_BASE","M2_SIMPY_PT061","M2_SIMPY_PT148","21","50","0","0","0","0.0667","0.0862"
"DIFFERENT_BASE","M2_SIMPY_PT061","M2_SIMPY_PT149","21","50","0","1","0","0.0244","0.0492"
"DIFFERENT_BASE","M2_SIMPY_PT061","M2_SIMPY_PT151","21","51","0","0","0","0.025","0.1346"
"DIFFERENT_BASE","M2_SIMPY_PT061","M2_SIMPY_PT152","21","51","0","1","0","0.0227","0.1455"
"DIFFERENT_BASE","M2_SIMPY_PT061","M2_SIMPY_PT153","21","51","0","2","0","0.0595","0.0345"
"DIFFERENT_BASE","M2_SIMPY_PT061","M2_SIMPY_PT155","21","52","0","1","0","0.0465","0.1667"
"DIFFERENT_BASE","M2_SIMPY_PT061","M2_SIMPY_PT156","21","52","0","2","0","0.037","0.0667"
"DIFFERENT_BASE","M2_SIMPY_PT061","M2_SIMPY_PT157","21","53","0","0","0","0.0375","0.1207"
"DIFFERENT_BASE","M2_SIMPY_PT061","M2_SIMPY_PT158","21","53","0","1","0.1667","0.0588","0.1034"
"DIFFERENT_BASE","M2_SIMPY_PT061","M2_SIMPY_PT159","21","53","0","2","0","0.0506","0.0656"
"DIFFERENT_BASE","M2_SIMPY_PT061","M2_SIMPY_PT161","21","54","0","1","0","0.0482","0.2115"
"DIFFERENT_BASE","M2_SIMPY_PT061","M2_SIMPY_PT162","21","54","0","2","0","0.0864","0.1053"
"DIFFERENT_BASE","M2_SIMPY_PT061","M2_SIMPY_PT165","21","55","0","2","0","0.061","0.0476"
"DIFFERENT_BASE","M2_SIMPY_PT061","M2_SIMPY_PT166","21","56","0","0","0","0.0455","0.1228"
"DIFFERENT_BASE","M2_SIMPY_PT061","M2_SIMPY_PT167","21","56","0","1","0","0.0235","0.1034"
"DIFFERENT_BASE","M2_SIMPY_PT061","M2_SIMPY_PT169","21","57","0","0","0","0.0128","0.0625"
"DIFFERENT_BASE","M2_SIMPY_PT061","M2_SIMPY_PT170","21","57","0","1","0","0.0896","0.0816"
"DIFFERENT_BASE","M2_SIMPY_PT061","M2_SIMPY_PT171","21","57","0","2","0","0.0519","0.0526"
"DIFFERENT_BASE","M2_SIMPY_PT061","M2_SIMPY_PT174","21","58","0","2","0.1667","0.0494","0.0317"
"DIFFERENT_BASE","M2_SIMPY_PT061","M2_SIMPY_PT175","21","59","0","0","0","0.0482","0.0909"
"DIFFERENT_BASE","M2_SIMPY_PT061","M2_SIMPY_PT177","21","59","0","2","0","0.025","0.0385"
"DIFFERENT_BASE","M2_SIMPY_PT070","M2_SIMPY_PT074","24","25","0","1","0.3333","0.0568","0.1864"
"DIFFERENT_BASE","M2_SIMPY_PT070","M2_SIMPY_PT077","24","26","0","1","1","0.0833","0.1525"
"DIFFERENT_BASE","M2_SIMPY_PT070","M2_SIMPY_PT080","24","27","0","1","0.2","0.0341","0.1129"
"DIFFERENT_BASE","M2_SIMPY_PT070","M2_SIMPY_PT083","24","28","0","1","0","0.023","0.0896"
"DIFFERENT_BASE","M2_SIMPY_PT070","M2_SIMPY_PT086","24","29","0","1","0.2","0.0227","0.0656"
"DIFFERENT_BASE","M2_SIMPY_PT070","M2_SIMPY_PT089","24","30","0","1","0.25","0.0118","0.0702"
"DIFFERENT_BASE","M2_SIMPY_PT070","M2_SIMPY_PT090","24","30","0","2","0.2","0.012","0.0417"
"DIFFERENT_BASE","M2_SIMPY_PT070","M2_SIMPY_PT096","24","32","0","2","0","0.0667","0.0635"
"DIFFERENT_BASE","M2_SIMPY_PT070","M2_SIMPY_PT098","24","33","0","1","0.25","0.1071","0.1311"
"DIFFERENT_BASE","M2_SIMPY_PT070","M2_SIMPY_PT112","24","38","0","0","0","0.0112","0.0758"
"DIFFERENT_BASE","M2_SIMPY_PT070","M2_SIMPY_PT113","24","38","0","1","0","0.012","0.0656"
"DIFFERENT_BASE","M2_SIMPY_PT070","M2_SIMPY_PT115","24","39","0","0","0","0.0513","0.082"
"DIFFERENT_BASE","M2_SIMPY_PT070","M2_SIMPY_PT116","24","39","0","1","0","0.0366","0.0556"
"DIFFERENT_BASE","M2_SIMPY_PT070","M2_SIMPY_PT120","24","40","0","2","0","0.0366","0.0746"
"DIFFERENT_BASE","M2_SIMPY_PT070","M2_SIMPY_PT121","24","41","0","0","0","0.0741","0.0833"
"DIFFERENT_BASE","M2_SIMPY_PT070","M2_SIMPY_PT122","24","41","0","1","0","0.0256","0.0508"
"DIFFERENT_BASE","M2_SIMPY_PT070","M2_SIMPY_PT125","24","42","0","1","0.25","0.0366","0.1552"
"DIFFERENT_BASE","M2_SIMPY_PT070","M2_SIMPY_PT126","24","42","0","2","0.25","0.0341","0.0469"
"DIFFERENT_BASE","M2_SIMPY_PT070","M2_SIMPY_PT127","24","43","0","0","0","0.0921","0.1132"
"DIFFERENT_BASE","M2_SIMPY_PT070","M2_SIMPY_PT128","24","43","0","1","0","0.046","0.0462"
"DIFFERENT_BASE","M2_SIMPY_PT070","M2_SIMPY_PT131","24","44","0","1","0.2","0.0244","0.1129"
"DIFFERENT_BASE","M2_SIMPY_PT070","M2_SIMPY_PT133","24","45","0","0","0","0.038","0.1212"
"DIFFERENT_BASE","M2_SIMPY_PT070","M2_SIMPY_PT135","24","45","0","2","0","0.0222","0.0704"
"DIFFERENT_BASE","M2_SIMPY_PT070","M2_SIMPY_PT140","24","47","0","1","0","0.0488","0.1148"
"DIFFERENT_BASE","M2_SIMPY_PT070","M2_SIMPY_PT143","24","48","0","1","0","0.0247","0.0847"
"DIFFERENT_BASE","M2_SIMPY_PT070","M2_SIMPY_PT144","24","48","0","2","0","0.039","0.05"
"DIFFERENT_BASE","M2_SIMPY_PT070","M2_SIMPY_PT146","24","49","0","1","0","0.0225","0.0563"
"DIFFERENT_BASE","M2_SIMPY_PT070","M2_SIMPY_PT148","24","50","0","0","0.5","0.0123","0.1077"
"DIFFERENT_BASE","M2_SIMPY_PT070","M2_SIMPY_PT149","24","50","0","1","0.2","0.0118","0.058"
"DIFFERENT_BASE","M2_SIMPY_PT070","M2_SIMPY_PT151","24","51","0","0","0","0.037","0.1148"
"DIFFERENT_BASE","M2_SIMPY_PT070","M2_SIMPY_PT152","24","51","0","1","0","0.0222","0.0588"
"DIFFERENT_BASE","M2_SIMPY_PT070","M2_SIMPY_PT153","24","51","0","2","0.2","0.0706","0.0615"
"DIFFERENT_BASE","M2_SIMPY_PT070","M2_SIMPY_PT155","24","52","0","1","0.3333","0.0575","0.1429"
"DIFFERENT_BASE","M2_SIMPY_PT070","M2_SIMPY_PT156","24","52","0","2","0.25","0.0361","0.1061"
"DIFFERENT_BASE","M2_SIMPY_PT070","M2_SIMPY_PT157","24","53","0","0","0","0.0625","0.1385"
"DIFFERENT_BASE","M2_SIMPY_PT070","M2_SIMPY_PT158","24","53","0","1","0","0.0222","0.1061"
"DIFFERENT_BASE","M2_SIMPY_PT070","M2_SIMPY_PT159","24","53","0","2","0","0.0494","0.0571"
"DIFFERENT_BASE","M2_SIMPY_PT070","M2_SIMPY_PT161","24","54","0","1","0","0.0854","0.0746"
"DIFFERENT_BASE","M2_SIMPY_PT070","M2_SIMPY_PT162","24","54","0","2","0.2","0.0112","0.0909"
"DIFFERENT_BASE","M2_SIMPY_PT070","M2_SIMPY_PT165","24","55","0","2","0","0.023","0.0274"
"DIFFERENT_BASE","M2_SIMPY_PT070","M2_SIMPY_PT166","24","56","0","0","0","0.0562","0.1231"
"DIFFERENT_BASE","M2_SIMPY_PT070","M2_SIMPY_PT167","24","56","0","1","0","0.0349","0.0735"
"DIFFERENT_BASE","M2_SIMPY_PT070","M2_SIMPY_PT169","24","57","0","0","0","0.0519","0.1"
"DIFFERENT_BASE","M2_SIMPY_PT070","M2_SIMPY_PT170","24","57","0","1","0","0.0274","0.069"
"DIFFERENT_BASE","M2_SIMPY_PT070","M2_SIMPY_PT171","24","57","0","2","0","0.0122","0.0455"
"DIFFERENT_BASE","M2_SIMPY_PT070","M2_SIMPY_PT174","24","58","0","2","0","0.0235","0.0137"
"DIFFERENT_BASE","M2_SIMPY_PT070","M2_SIMPY_PT175","24","59","0","0","0","0.0595","0.0781"
"DIFFERENT_BASE","M2_SIMPY_PT070","M2_SIMPY_PT177","24","59","0","2","0","0.0633","0.0678"
"DIFFERENT_BASE","M2_SIMPY_PT074","M2_SIMPY_PT077","25","26","1","1","0.3333","0.1163","0.4286"
"DIFFERENT_BASE","M2_SIMPY_PT074","M2_SIMPY_PT080","25","27","1","1","0.2","0.0909","0.0923"
"DIFFERENT_BASE","M2_SIMPY_PT074","M2_SIMPY_PT083","25","28","1","1","0","0.0444","0.1194"
"DIFFERENT_BASE","M2_SIMPY_PT074","M2_SIMPY_PT086","25","29","1","1","0","0.0556","0.1167"
"DIFFERENT_BASE","M2_SIMPY_PT074","M2_SIMPY_PT089","25","30","1","1","0.6667","0.0964","0.1455"
"DIFFERENT_BASE","M2_SIMPY_PT074","M2_SIMPY_PT090","25","30","1","2","0.5","0.0471","0.0694"
"DIFFERENT_BASE","M2_SIMPY_PT074","M2_SIMPY_PT096","25","32","1","2","0","0.1039","0.0781"
"DIFFERENT_BASE","M2_SIMPY_PT074","M2_SIMPY_PT098","25","33","1","1","0.6667","0.0769","0.2034"
"DIFFERENT_BASE","M2_SIMPY_PT074","M2_SIMPY_PT112","25","38","1","0","0","0.0795","0.0896"
"DIFFERENT_BASE","M2_SIMPY_PT074","M2_SIMPY_PT113","25","38","1","1","0","0.0114","0.1167"
"DIFFERENT_BASE","M2_SIMPY_PT074","M2_SIMPY_PT115","25","39","1","0","0.3333","0.0235","0.0794"
"DIFFERENT_BASE","M2_SIMPY_PT074","M2_SIMPY_PT116","25","39","1","1","0.25","0.0588","0.0986"
"DIFFERENT_BASE","M2_SIMPY_PT074","M2_SIMPY_PT120","25","40","1","2","0","0.0714","0.0278"
"DIFFERENT_BASE","M2_SIMPY_PT074","M2_SIMPY_PT121","25","41","1","0","0","0.0575","0.0635"
"DIFFERENT_BASE","M2_SIMPY_PT074","M2_SIMPY_PT122","25","41","1","1","0","0.0241","0.1034"
"DIFFERENT_BASE","M2_SIMPY_PT074","M2_SIMPY_PT125","25","42","1","1","0.25","0.1392","0.2321"
"DIFFERENT_BASE","M2_SIMPY_PT074","M2_SIMPY_PT126","25","42","1","2","0.25","0.0549","0.0455"
"DIFFERENT_BASE","M2_SIMPY_PT074","M2_SIMPY_PT127","25","43","1","0","0","0.0732","0.1296"
"DIFFERENT_BASE","M2_SIMPY_PT074","M2_SIMPY_PT128","25","43","1","1","0","0.0435","0.0606"
"DIFFERENT_BASE","M2_SIMPY_PT074","M2_SIMPY_PT131","25","44","1","1","0","0.0854","0.127"
"DIFFERENT_BASE","M2_SIMPY_PT074","M2_SIMPY_PT133","25","45","1","0","0","0.1299","0.0704"
"DIFFERENT_BASE","M2_SIMPY_PT074","M2_SIMPY_PT135","25","45","1","2","0","0.0319","0.0541"
"DIFFERENT_BASE","M2_SIMPY_PT074","M2_SIMPY_PT140","25","47","1","1","0.25","0.0964","0.1111"
"DIFFERENT_BASE","M2_SIMPY_PT074","M2_SIMPY_PT143","25","48","1","1","0","0.0602","0.082"
"DIFFERENT_BASE","M2_SIMPY_PT074","M2_SIMPY_PT144","25","48","1","2","0","0.0366","0.0484"
"DIFFERENT_BASE","M2_SIMPY_PT074","M2_SIMPY_PT146","25","49","1","1","0","0.0549","0.0694"
"DIFFERENT_BASE","M2_SIMPY_PT074","M2_SIMPY_PT148","25","50","1","0","0.2","0.0482","0.0571"
"DIFFERENT_BASE","M2_SIMPY_PT074","M2_SIMPY_PT149","25","50","1","1","0.2","0.0111","0.0417"
"DIFFERENT_BASE","M2_SIMPY_PT074","M2_SIMPY_PT151","25","51","1","0","0.3333","0.023","0.0606"
"DIFFERENT_BASE","M2_SIMPY_PT074","M2_SIMPY_PT152","25","51","1","1","0","0.043","0.0725"
"DIFFERENT_BASE","M2_SIMPY_PT074","M2_SIMPY_PT153","25","51","1","2","0.2","0.0323","0.0923"
"DIFFERENT_BASE","M2_SIMPY_PT074","M2_SIMPY_PT155","25","52","1","1","0","0.0319","0.1562"
"DIFFERENT_BASE","M2_SIMPY_PT074","M2_SIMPY_PT156","25","52","1","2","0","0.0581","0.0274"
"DIFFERENT_BASE","M2_SIMPY_PT074","M2_SIMPY_PT157","25","53","1","0","0","0.0345","0.0556"
"DIFFERENT_BASE","M2_SIMPY_PT074","M2_SIMPY_PT158","25","53","1","1","0","0.0319","0.0714"
"DIFFERENT_BASE","M2_SIMPY_PT074","M2_SIMPY_PT159","25","53","1","2","0","0.1392","0.0411"
"DIFFERENT_BASE","M2_SIMPY_PT074","M2_SIMPY_PT161","25","54","1","1","0","0.0444","0.0882"
"DIFFERENT_BASE","M2_SIMPY_PT074","M2_SIMPY_PT162","25","54","1","2","0","0.0795","0.0278"
"DIFFERENT_BASE","M2_SIMPY_PT074","M2_SIMPY_PT165","25","55","1","2","0.2","0.033","0.0267"
"DIFFERENT_BASE","M2_SIMPY_PT074","M2_SIMPY_PT166","25","56","1","0","0","0.0312","0.0714"
"DIFFERENT_BASE","M2_SIMPY_PT074","M2_SIMPY_PT167","25","56","1","1","0","0.0805","0.0714"
"DIFFERENT_BASE","M2_SIMPY_PT074","M2_SIMPY_PT169","25","57","1","0","0","0.0488","0.0822"
"DIFFERENT_BASE","M2_SIMPY_PT074","M2_SIMPY_PT170","25","57","1","1","0.25","0.039","0.1034"
"DIFFERENT_BASE","M2_SIMPY_PT074","M2_SIMPY_PT171","25","57","1","2","0","0.0353","0.0923"
"DIFFERENT_BASE","M2_SIMPY_PT074","M2_SIMPY_PT174","25","58","1","2","0","0.0698","0.0133"
"DIFFERENT_BASE","M2_SIMPY_PT074","M2_SIMPY_PT175","25","59","1","0","0","0.0562","0.0597"
"DIFFERENT_BASE","M2_SIMPY_PT074","M2_SIMPY_PT177","25","59","1","2","0","0.1266","0.1017"
"DIFFERENT_BASE","M2_SIMPY_PT077","M2_SIMPY_PT080","26","27","1","1","0.2","0.0217","0.0781"
"DIFFERENT_BASE","M2_SIMPY_PT077","M2_SIMPY_PT083","26","28","1","1","0","0.0455","0.1774"
"DIFFERENT_BASE","M2_SIMPY_PT077","M2_SIMPY_PT086","26","29","1","1","0.2","0.0814","0.1207"
"DIFFERENT_BASE","M2_SIMPY_PT077","M2_SIMPY_PT089","26","30","1","1","0.25","0.0471","0.1731"
"DIFFERENT_BASE","M2_SIMPY_PT077","M2_SIMPY_PT090","26","30","1","2","0.2","0.0235","0.087"
"DIFFERENT_BASE","M2_SIMPY_PT077","M2_SIMPY_PT096","26","32","1","2","0","0.0641","0.0806"
"DIFFERENT_BASE","M2_SIMPY_PT077","M2_SIMPY_PT098","26","33","1","1","0.25","0.0787","0.3019"
"DIFFERENT_BASE","M2_SIMPY_PT077","M2_SIMPY_PT112","26","38","1","0","0","0.0333","0.0441"
"DIFFERENT_BASE","M2_SIMPY_PT077","M2_SIMPY_PT113","26","38","1","1","0","0.0116","0.1207"
"DIFFERENT_BASE","M2_SIMPY_PT077","M2_SIMPY_PT115","26","39","1","0","0","0.0366","0.0476"
"DIFFERENT_BASE","M2_SIMPY_PT077","M2_SIMPY_PT116","26","39","1","1","0","0.0353","0.1014"
"DIFFERENT_BASE","M2_SIMPY_PT077","M2_SIMPY_PT120","26","40","1","2","0","0.0353","0.0435"
"DIFFERENT_BASE","M2_SIMPY_PT077","M2_SIMPY_PT121","26","41","1","0","0","0.0112","0.0484"
"DIFFERENT_BASE","M2_SIMPY_PT077","M2_SIMPY_PT122","26","41","1","1","0","0.0247","0.069"
"DIFFERENT_BASE","M2_SIMPY_PT077","M2_SIMPY_PT125","26","42","1","1","0.25","0.1429","0.1754"
"DIFFERENT_BASE","M2_SIMPY_PT077","M2_SIMPY_PT126","26","42","1","2","0.25","0.0562","0.0635"
"DIFFERENT_BASE","M2_SIMPY_PT077","M2_SIMPY_PT127","26","43","1","0","0","0.0617","0.0727"
"DIFFERENT_BASE","M2_SIMPY_PT077","M2_SIMPY_PT128","26","43","1","1","0","0.033","0.0794"
"DIFFERENT_BASE","M2_SIMPY_PT077","M2_SIMPY_PT131","26","44","1","1","0.2","0.0235","0.1311"
"DIFFERENT_BASE","M2_SIMPY_PT077","M2_SIMPY_PT133","26","45","1","0","0","0.0119","0.0423"
"DIFFERENT_BASE","M2_SIMPY_PT077","M2_SIMPY_PT135","26","45","1","2","0","0.0215","0.027"
"DIFFERENT_BASE","M2_SIMPY_PT077","M2_SIMPY_PT140","26","47","1","1","0","0.023","0.1148"
"DIFFERENT_BASE","M2_SIMPY_PT077","M2_SIMPY_PT143","26","48","1","1","0","0.0118","0.0847"
"DIFFERENT_BASE","M2_SIMPY_PT077","M2_SIMPY_PT144","26","48","1","2","0","0.0247","0.0328"
"DIFFERENT_BASE","M2_SIMPY_PT077","M2_SIMPY_PT146","26","49","1","1","0","0.0217","0.0563"
"DIFFERENT_BASE","M2_SIMPY_PT077","M2_SIMPY_PT148","26","50","1","0","0.5","0.0119","0.0435"
"DIFFERENT_BASE","M2_SIMPY_PT077","M2_SIMPY_PT149","26","50","1","1","0.2","0.023","0.0429"
"DIFFERENT_BASE","M2_SIMPY_PT077","M2_SIMPY_PT151","26","51","1","0","0","0","0.0462"
"DIFFERENT_BASE","M2_SIMPY_PT077","M2_SIMPY_PT152","26","51","1","1","0","0.0106","0.0909"
"DIFFERENT_BASE","M2_SIMPY_PT077","M2_SIMPY_PT153","26","51","1","2","0.2","0.0108","0.1129"
"DIFFERENT_BASE","M2_SIMPY_PT077","M2_SIMPY_PT155","26","52","1","1","0.3333","0.0215","0.125"
"DIFFERENT_BASE","M2_SIMPY_PT077","M2_SIMPY_PT156","26","52","1","2","0.25","0.0114","0.0282"
"DIFFERENT_BASE","M2_SIMPY_PT077","M2_SIMPY_PT157","26","53","1","0","0","0.0602","0.0423"
"DIFFERENT_BASE","M2_SIMPY_PT077","M2_SIMPY_PT158","26","53","1","1","0","0.0106","0.0735"
"DIFFERENT_BASE","M2_SIMPY_PT077","M2_SIMPY_PT159","26","53","1","2","0","0.0353","0.0423"
"DIFFERENT_BASE","M2_SIMPY_PT077","M2_SIMPY_PT161","26","54","1","1","0","0.0337","0.1077"
"DIFFERENT_BASE","M2_SIMPY_PT077","M2_SIMPY_PT162","26","54","1","2","0.2","0.0109","0.0435"
"DIFFERENT_BASE","M2_SIMPY_PT077","M2_SIMPY_PT165","26","55","1","2","0","0.0222","0.0417"
"DIFFERENT_BASE","M2_SIMPY_PT077","M2_SIMPY_PT166","26","56","1","0","0","0.0211","0.0735"
"DIFFERENT_BASE","M2_SIMPY_PT077","M2_SIMPY_PT167","26","56","1","1","0","0.0222","0.0896"
"DIFFERENT_BASE","M2_SIMPY_PT077","M2_SIMPY_PT169","26","57","1","0","0","0.05","0.0694"
"DIFFERENT_BASE","M2_SIMPY_PT077","M2_SIMPY_PT170","26","57","1","1","0","0.04","0.1071"
"DIFFERENT_BASE","M2_SIMPY_PT077","M2_SIMPY_PT171","26","57","1","2","0","0.0238","0.0952"
"DIFFERENT_BASE","M2_SIMPY_PT077","M2_SIMPY_PT174","26","58","1","2","0","0.0227","0.0137"
"DIFFERENT_BASE","M2_SIMPY_PT077","M2_SIMPY_PT175","26","59","1","0","0","0.0575","0.0455"
"DIFFERENT_BASE","M2_SIMPY_PT077","M2_SIMPY_PT177","26","59","1","2","0","0.061","0.1053"
"DIFFERENT_BASE","M2_SIMPY_PT080","M2_SIMPY_PT083","27","28","1","1","0","0.0698","0.1212"
"DIFFERENT_BASE","M2_SIMPY_PT080","M2_SIMPY_PT086","27","29","1","1","0.1429","0.0333","0.082"
"DIFFERENT_BASE","M2_SIMPY_PT080","M2_SIMPY_PT089","27","30","1","1","0.1667","0.0471","0.0877"
"DIFFERENT_BASE","M2_SIMPY_PT080","M2_SIMPY_PT090","27","30","1","2","0.1429","0.0357","0.0704"
"DIFFERENT_BASE","M2_SIMPY_PT080","M2_SIMPY_PT096","27","32","1","2","0","0.0779","0.0968"
"DIFFERENT_BASE","M2_SIMPY_PT080","M2_SIMPY_PT098","27","33","1","1","0.1667","0.0323","0.0769"
"DIFFERENT_BASE","M2_SIMPY_PT080","M2_SIMPY_PT112","27","38","1","0","0","0.0333","0.0588"
"DIFFERENT_BASE","M2_SIMPY_PT080","M2_SIMPY_PT113","27","38","1","1","0","0.0235","0.1"
"DIFFERENT_BASE","M2_SIMPY_PT080","M2_SIMPY_PT115","27","39","1","0","0","0.0119","0.0469"
"DIFFERENT_BASE","M2_SIMPY_PT080","M2_SIMPY_PT116","27","39","1","1","0","0.0233","0.0694"
"DIFFERENT_BASE","M2_SIMPY_PT080","M2_SIMPY_PT120","27","40","1","2","0","0.0476","0.1061"
"DIFFERENT_BASE","M2_SIMPY_PT080","M2_SIMPY_PT121","27","41","1","0","0.2","0.1111","0.082"
"DIFFERENT_BASE","M2_SIMPY_PT080","M2_SIMPY_PT122","27","41","1","1","0.2","0.0921","0.1053"
"DIFFERENT_BASE","M2_SIMPY_PT080","M2_SIMPY_PT125","27","42","1","1","0.1667","0.0732","0.0968"
"DIFFERENT_BASE","M2_SIMPY_PT080","M2_SIMPY_PT126","27","42","1","2","0.1667","0.0217","0.1333"
"DIFFERENT_BASE","M2_SIMPY_PT080","M2_SIMPY_PT127","27","43","1","0","0.3333","0.0488","0.1111"
"DIFFERENT_BASE","M2_SIMPY_PT080","M2_SIMPY_PT128","27","43","1","1","0.1429","0.033","0.1129"
"DIFFERENT_BASE","M2_SIMPY_PT080","M2_SIMPY_PT131","27","44","1","1","0.1429","0.1013","0.0938"
"DIFFERENT_BASE","M2_SIMPY_PT080","M2_SIMPY_PT133","27","45","1","0","0.25","0.0897","0.087"
"DIFFERENT_BASE","M2_SIMPY_PT080","M2_SIMPY_PT135","27","45","1","2","0.1667","0.0556","0.0694"
"DIFFERENT_BASE","M2_SIMPY_PT080","M2_SIMPY_PT140","27","47","1","1","0","0.0723","0.0781"
"DIFFERENT_BASE","M2_SIMPY_PT080","M2_SIMPY_PT143","27","48","1","1","0","0.075","0.0317"
"DIFFERENT_BASE","M2_SIMPY_PT080","M2_SIMPY_PT144","27","48","1","2","0","0.0506","0.1034"
"DIFFERENT_BASE","M2_SIMPY_PT080","M2_SIMPY_PT146","27","49","1","1","0","0.033","0.0857"
"DIFFERENT_BASE","M2_SIMPY_PT080","M2_SIMPY_PT148","27","50","1","0","0.1429","0.0625","0.0429"
"DIFFERENT_BASE","M2_SIMPY_PT080","M2_SIMPY_PT149","27","50","1","1","0.1429","0.0349","0.0571"
"DIFFERENT_BASE","M2_SIMPY_PT080","M2_SIMPY_PT151","27","51","1","0","0","0","0.0615"
"DIFFERENT_BASE","M2_SIMPY_PT080","M2_SIMPY_PT152","27","51","1","1","0","0.0326","0.058"
"DIFFERENT_BASE","M2_SIMPY_PT080","M2_SIMPY_PT153","27","51","1","2","0","0.0444","0.0769"
"DIFFERENT_BASE","M2_SIMPY_PT080","M2_SIMPY_PT155","27","52","1","1","0","0.0556","0.0896"
"DIFFERENT_BASE","M2_SIMPY_PT080","M2_SIMPY_PT156","27","52","1","2","0.1667","0.0349","0.1045"
"DIFFERENT_BASE","M2_SIMPY_PT080","M2_SIMPY_PT157","27","53","1","0","0","0.0233","0.087"
"DIFFERENT_BASE","M2_SIMPY_PT080","M2_SIMPY_PT158","27","53","1","1","0","0.0674","0.1385"
"DIFFERENT_BASE","M2_SIMPY_PT080","M2_SIMPY_PT159","27","53","1","2","0","0.0233","0.1029"
"DIFFERENT_BASE","M2_SIMPY_PT080","M2_SIMPY_PT161","27","54","1","1","0","0.0455","0.0735"
"DIFFERENT_BASE","M2_SIMPY_PT080","M2_SIMPY_PT162","27","54","1","2","0","0.069","0.0896"
"DIFFERENT_BASE","M2_SIMPY_PT080","M2_SIMPY_PT165","27","55","1","2","0.1429","0.0222","0.0411"
"DIFFERENT_BASE","M2_SIMPY_PT080","M2_SIMPY_PT166","27","56","1","0","0","0.0319","0.0882"
"DIFFERENT_BASE","M2_SIMPY_PT080","M2_SIMPY_PT167","27","56","1","1","0","0.0698","0.0725"
"DIFFERENT_BASE","M2_SIMPY_PT080","M2_SIMPY_PT169","27","57","1","0","0","0.012","0.0685"
"DIFFERENT_BASE","M2_SIMPY_PT080","M2_SIMPY_PT170","27","57","1","1","0","0.1143","0.0678"
"DIFFERENT_BASE","M2_SIMPY_PT080","M2_SIMPY_PT171","27","57","1","2","0","0.0886","0.0769"
"DIFFERENT_BASE","M2_SIMPY_PT080","M2_SIMPY_PT174","27","58","1","2","0","0.0588","0.0274"
"DIFFERENT_BASE","M2_SIMPY_PT080","M2_SIMPY_PT175","27","59","1","0","0","0.0222","0.0294"
"DIFFERENT_BASE","M2_SIMPY_PT080","M2_SIMPY_PT177","27","59","1","2","0","0.0235","0.0492"
"DIFFERENT_BASE","M2_SIMPY_PT083","M2_SIMPY_PT086","28","29","1","1","0.1429","0.0581","0.1667"
"DIFFERENT_BASE","M2_SIMPY_PT083","M2_SIMPY_PT089","28","30","1","1","0","0.0482","0.1579"
"DIFFERENT_BASE","M2_SIMPY_PT083","M2_SIMPY_PT090","28","30","1","2","0","0.0759","0.1111"
"DIFFERENT_BASE","M2_SIMPY_PT083","M2_SIMPY_PT096","28","32","1","2","0.3333","0.125","0.2"
"DIFFERENT_BASE","M2_SIMPY_PT083","M2_SIMPY_PT098","28","33","1","1","0","0.1325","0.2333"
"DIFFERENT_BASE","M2_SIMPY_PT083","M2_SIMPY_PT112","28","38","1","0","0.1667","0.0581","0.0411"
"DIFFERENT_BASE","M2_SIMPY_PT083","M2_SIMPY_PT113","28","38","1","1","0.1667","0.0366","0.0938"
"DIFFERENT_BASE","M2_SIMPY_PT083","M2_SIMPY_PT115","28","39","1","0","0","0.0247","0.0441"
"DIFFERENT_BASE","M2_SIMPY_PT083","M2_SIMPY_PT116","28","39","1","1","0","0.0361","0.125"
"DIFFERENT_BASE","M2_SIMPY_PT083","M2_SIMPY_PT120","28","40","1","2","0.1429","0.0617","0.0845"
"DIFFERENT_BASE","M2_SIMPY_PT083","M2_SIMPY_PT121","28","41","1","0","0","0.0353","0.0606"
"DIFFERENT_BASE","M2_SIMPY_PT083","M2_SIMPY_PT122","28","41","1","1","0","0.08","0.0806"
"DIFFERENT_BASE","M2_SIMPY_PT083","M2_SIMPY_PT125","28","42","1","1","0","0.0488","0.2414"
"DIFFERENT_BASE","M2_SIMPY_PT083","M2_SIMPY_PT126","28","42","1","2","0","0.0455","0.0588"
"DIFFERENT_BASE","M2_SIMPY_PT083","M2_SIMPY_PT127","28","43","1","0","0.1429","0.05","0.0847"
"DIFFERENT_BASE","M2_SIMPY_PT083","M2_SIMPY_PT128","28","43","1","1","0.1429","0.0575","0.0896"
"DIFFERENT_BASE","M2_SIMPY_PT083","M2_SIMPY_PT131","28","44","1","1","0.1429","0.1333","0.2131"
"DIFFERENT_BASE","M2_SIMPY_PT083","M2_SIMPY_PT133","28","45","1","0","0","0.0921","0.0533"
"DIFFERENT_BASE","M2_SIMPY_PT083","M2_SIMPY_PT135","28","45","1","2","0","0.069","0.0519"
"DIFFERENT_BASE","M2_SIMPY_PT083","M2_SIMPY_PT140","28","47","1","1","0","0.1013","0.1587"
"DIFFERENT_BASE","M2_SIMPY_PT083","M2_SIMPY_PT143","28","48","1","1","0","0.0769","0.15"
"DIFFERENT_BASE","M2_SIMPY_PT083","M2_SIMPY_PT144","28","48","1","2","0","0.0385","0.0303"
"DIFFERENT_BASE","M2_SIMPY_PT083","M2_SIMPY_PT146","28","49","1","1","0","0.0824","0.0811"
"DIFFERENT_BASE","M2_SIMPY_PT083","M2_SIMPY_PT148","28","50","1","0","0","0.0506","0.0548"
"DIFFERENT_BASE","M2_SIMPY_PT083","M2_SIMPY_PT149","28","50","1","1","0","0.0116","0.0986"
"DIFFERENT_BASE","M2_SIMPY_PT083","M2_SIMPY_PT151","28","51","1","0","0","0.0241","0.0735"
"DIFFERENT_BASE","M2_SIMPY_PT083","M2_SIMPY_PT152","28","51","1","1","0","0.0109","0.0845"
"DIFFERENT_BASE","M2_SIMPY_PT083","M2_SIMPY_PT153","28","51","1","2","0","0.0575","0.1045"
"DIFFERENT_BASE","M2_SIMPY_PT083","M2_SIMPY_PT155","28","52","1","1","0","0.0449","0.1846"
"DIFFERENT_BASE","M2_SIMPY_PT083","M2_SIMPY_PT156","28","52","1","2","0","0.0235","0.0541"
"DIFFERENT_BASE","M2_SIMPY_PT083","M2_SIMPY_PT157","28","53","1","0","0","0.0238","0.0676"
"DIFFERENT_BASE","M2_SIMPY_PT083","M2_SIMPY_PT158","28","53","1","1","0","0.069","0.1818"
"DIFFERENT_BASE","M2_SIMPY_PT083","M2_SIMPY_PT159","28","53","1","2","0","0.0118","0.0822"
"DIFFERENT_BASE","M2_SIMPY_PT083","M2_SIMPY_PT161","28","54","1","1","0","0.0345","0.2222"
"DIFFERENT_BASE","M2_SIMPY_PT083","M2_SIMPY_PT162","28","54","1","2","0","0.0706","0.1159"
"DIFFERENT_BASE","M2_SIMPY_PT083","M2_SIMPY_PT165","28","55","1","2","0","0.0843","0.0959"
"DIFFERENT_BASE","M2_SIMPY_PT083","M2_SIMPY_PT166","28","56","1","0","0","0.0556","0.0986"
"DIFFERENT_BASE","M2_SIMPY_PT083","M2_SIMPY_PT167","28","56","1","1","0","0.0465","0.2"
"DIFFERENT_BASE","M2_SIMPY_PT083","M2_SIMPY_PT169","28","57","1","0","0","0.025","0.0513"
"DIFFERENT_BASE","M2_SIMPY_PT083","M2_SIMPY_PT170","28","57","1","1","0","0.1014","0.1356"
"DIFFERENT_BASE","M2_SIMPY_PT083","M2_SIMPY_PT171","28","57","1","2","0","0.037","0.1562"
"DIFFERENT_BASE","M2_SIMPY_PT083","M2_SIMPY_PT174","28","58","1","2","0","0.0602","0.026"
"DIFFERENT_BASE","M2_SIMPY_PT083","M2_SIMPY_PT175","28","59","1","0","0","0.0465","0.0423"
"DIFFERENT_BASE","M2_SIMPY_PT083","M2_SIMPY_PT177","28","59","1","2","0","0.0494","0.0968"
"DIFFERENT_BASE","M2_SIMPY_PT086","M2_SIMPY_PT089","29","30","1","1","0.1667","0.0233","0.3182"
"DIFFERENT_BASE","M2_SIMPY_PT086","M2_SIMPY_PT090","29","30","1","2","0.1429","0.0488","0.1429"
"DIFFERENT_BASE","M2_SIMPY_PT086","M2_SIMPY_PT096","29","32","1","2","0.1429","0.0649","0.0847"
"DIFFERENT_BASE","M2_SIMPY_PT086","M2_SIMPY_PT098","29","33","1","1","0","0.0795","0.1786"
"DIFFERENT_BASE","M2_SIMPY_PT086","M2_SIMPY_PT112","29","38","1","0","0.1667","0.0337","0.0462"
"DIFFERENT_BASE","M2_SIMPY_PT086","M2_SIMPY_PT113","29","38","1","1","0.1667","0.0118","0.0877"
"DIFFERENT_BASE","M2_SIMPY_PT086","M2_SIMPY_PT115","29","39","1","0","0","0.012","0.125"
"DIFFERENT_BASE","M2_SIMPY_PT086","M2_SIMPY_PT116","29","39","1","1","0","0.0235","0.1774"
"DIFFERENT_BASE","M2_SIMPY_PT086","M2_SIMPY_PT120","29","40","1","2","0","0.0235","0.0615"
"DIFFERENT_BASE","M2_SIMPY_PT086","M2_SIMPY_PT121","29","41","1","0","0","0.023","0.1071"
"DIFFERENT_BASE","M2_SIMPY_PT086","M2_SIMPY_PT122","29","41","1","1","0","0.025","0.0727"
"DIFFERENT_BASE","M2_SIMPY_PT086","M2_SIMPY_PT125","29","42","1","1","0","0.0357","0.1852"
"DIFFERENT_BASE","M2_SIMPY_PT086","M2_SIMPY_PT126","29","42","1","2","0","0.0109","0.0667"
"DIFFERENT_BASE","M2_SIMPY_PT086","M2_SIMPY_PT127","29","43","1","0","0","0.0119","0.0769"
"DIFFERENT_BASE","M2_SIMPY_PT086","M2_SIMPY_PT128","29","43","1","1","0","0.069","0.0656"
"DIFFERENT_BASE","M2_SIMPY_PT086","M2_SIMPY_PT131","29","44","1","1","0.1429","0.0238","0.1379"
"DIFFERENT_BASE","M2_SIMPY_PT086","M2_SIMPY_PT133","29","45","1","0","0","0.0244","0.0758"
"DIFFERENT_BASE","M2_SIMPY_PT086","M2_SIMPY_PT135","29","45","1","2","0","0.0217","0.0282"
"DIFFERENT_BASE","M2_SIMPY_PT086","M2_SIMPY_PT140","29","47","1","1","0","0.0233","0.1404"
"DIFFERENT_BASE","M2_SIMPY_PT086","M2_SIMPY_PT143","29","48","1","1","0","0.0119","0.1091"
"DIFFERENT_BASE","M2_SIMPY_PT086","M2_SIMPY_PT144","29","48","1","2","0","0.025","0.0526"
"DIFFERENT_BASE","M2_SIMPY_PT086","M2_SIMPY_PT146","29","49","1","1","0","0.022","0.0909"
"DIFFERENT_BASE","M2_SIMPY_PT086","M2_SIMPY_PT148","29","50","1","0","0.1429","0.012","0.0781"
"DIFFERENT_BASE","M2_SIMPY_PT086","M2_SIMPY_PT149","29","50","1","1","0","0.0353","0.0938"
"DIFFERENT_BASE","M2_SIMPY_PT086","M2_SIMPY_PT151","29","51","1","0","0","0.0118","0.1017"
"DIFFERENT_BASE","M2_SIMPY_PT086","M2_SIMPY_PT152","29","51","1","1","0","0.0108","0.1129"
"DIFFERENT_BASE","M2_SIMPY_PT086","M2_SIMPY_PT153","29","51","1","2","0.1429","0.0109","0.1379"
"DIFFERENT_BASE","M2_SIMPY_PT086","M2_SIMPY_PT155","29","52","1","1","0.2","0.0217","0.15"
"DIFFERENT_BASE","M2_SIMPY_PT086","M2_SIMPY_PT156","29","52","1","2","0.4","0.0476","0.0448"
"DIFFERENT_BASE","M2_SIMPY_PT086","M2_SIMPY_PT157","29","53","1","0","0","0.0116","0.0758"
"DIFFERENT_BASE","M2_SIMPY_PT086","M2_SIMPY_PT158","29","53","1","1","0","0.0108","0.1475"
"DIFFERENT_BASE","M2_SIMPY_PT086","M2_SIMPY_PT159","29","53","1","2","0","0.0235","0.0758"
"DIFFERENT_BASE","M2_SIMPY_PT086","M2_SIMPY_PT161","29","54","1","1","0","0.046","0.1311"
"DIFFERENT_BASE","M2_SIMPY_PT086","M2_SIMPY_PT162","29","54","1","2","0.1429","0.0337","0.0455"
"DIFFERENT_BASE","M2_SIMPY_PT086","M2_SIMPY_PT165","29","55","1","2","0","0.0225","0.0588"
"DIFFERENT_BASE","M2_SIMPY_PT086","M2_SIMPY_PT166","29","56","1","0","0.1429","0.0213","0.0769"
"DIFFERENT_BASE","M2_SIMPY_PT086","M2_SIMPY_PT167","29","56","1","1","0","0.0111","0.1111"
"DIFFERENT_BASE","M2_SIMPY_PT086","M2_SIMPY_PT169","29","57","1","0","0","0.0122","0.0571"
"DIFFERENT_BASE","M2_SIMPY_PT086","M2_SIMPY_PT170","29","57","1","1","0","0.0405","0.1346"
"DIFFERENT_BASE","M2_SIMPY_PT086","M2_SIMPY_PT171","29","57","1","2","0","0.0366","0.1379"
"DIFFERENT_BASE","M2_SIMPY_PT086","M2_SIMPY_PT174","29","58","1","2","0","0.0114","0.0143"
"DIFFERENT_BASE","M2_SIMPY_PT086","M2_SIMPY_PT175","29","59","1","0","0","0.0225","0.082"
"DIFFERENT_BASE","M2_SIMPY_PT086","M2_SIMPY_PT177","29","59","1","2","0","0.0238","0.1321"
"SAME_BASE_OTHER_CELL","M2_SIMPY_PT089","M2_SIMPY_PT090","30","30","1","2","0.75","0.1233","0.1333"
"DIFFERENT_BASE","M2_SIMPY_PT089","M2_SIMPY_PT096","30","32","1","2","0","0.1143","0.0714"
"DIFFERENT_BASE","M2_SIMPY_PT089","M2_SIMPY_PT098","30","33","1","1","0.5","0.046","0.1481"
"DIFFERENT_BASE","M2_SIMPY_PT089","M2_SIMPY_PT112","30","38","1","0","0","0.0476","0.0492"
"DIFFERENT_BASE","M2_SIMPY_PT089","M2_SIMPY_PT113","30","38","1","1","0","0.025","0.1154"
"DIFFERENT_BASE","M2_SIMPY_PT089","M2_SIMPY_PT115","30","39","1","0","0.25","0.039","0.1132"
"DIFFERENT_BASE","M2_SIMPY_PT089","M2_SIMPY_PT116","30","39","1","1","0.2","0.0779","0.15"
"DIFFERENT_BASE","M2_SIMPY_PT089","M2_SIMPY_PT120","30","40","1","2","0","0.0506","0.0484"
"DIFFERENT_BASE","M2_SIMPY_PT089","M2_SIMPY_PT121","30","41","1","0","0","0.0759","0.1154"
"DIFFERENT_BASE","M2_SIMPY_PT089","M2_SIMPY_PT122","30","41","1","1","0","0.0986","0.0784"
"DIFFERENT_BASE","M2_SIMPY_PT089","M2_SIMPY_PT125","30","42","1","1","0.2","0.0641","0.1765"
"DIFFERENT_BASE","M2_SIMPY_PT089","M2_SIMPY_PT126","30","42","1","2","0.2","0.0854","0.0714"
"DIFFERENT_BASE","M2_SIMPY_PT089","M2_SIMPY_PT127","30","43","1","0","0","0.0658","0.1064"
"DIFFERENT_BASE","M2_SIMPY_PT089","M2_SIMPY_PT128","30","43","1","1","0","0.023","0.0893"
"DIFFERENT_BASE","M2_SIMPY_PT089","M2_SIMPY_PT131","30","44","1","1","0","0.0649","0.1273"
"DIFFERENT_BASE","M2_SIMPY_PT089","M2_SIMPY_PT133","30","45","1","0","0","0.0667","0.0635"
"DIFFERENT_BASE","M2_SIMPY_PT089","M2_SIMPY_PT135","30","45","1","2","0","0.0227","0.0299"
"DIFFERENT_BASE","M2_SIMPY_PT089","M2_SIMPY_PT140","30","47","1","1","0.2","0.0909","0.1296"
"DIFFERENT_BASE","M2_SIMPY_PT089","M2_SIMPY_PT143","30","48","1","1","0","0.0385","0.0962"
"DIFFERENT_BASE","M2_SIMPY_PT089","M2_SIMPY_PT144","30","48","1","2","0","0.013","0.037"
"DIFFERENT_BASE","M2_SIMPY_PT089","M2_SIMPY_PT146","30","49","1","1","0","0.0723","0.0625"
"DIFFERENT_BASE","M2_SIMPY_PT089","M2_SIMPY_PT148","30","50","1","0","0.1667","0.0526","0.0833"
"DIFFERENT_BASE","M2_SIMPY_PT089","M2_SIMPY_PT149","30","50","1","1","0.1667","0.037","0.0476"
"DIFFERENT_BASE","M2_SIMPY_PT089","M2_SIMPY_PT151","30","51","1","0","0.25","0","0.0702"
"DIFFERENT_BASE","M2_SIMPY_PT089","M2_SIMPY_PT152","30","51","1","1","0","0.0227","0.1017"
"DIFFERENT_BASE","M2_SIMPY_PT089","M2_SIMPY_PT153","30","51","1","2","0.1667","0.023","0.1071"
"DIFFERENT_BASE","M2_SIMPY_PT089","M2_SIMPY_PT155","30","52","1","1","0","0.0112","0.1207"
"DIFFERENT_BASE","M2_SIMPY_PT089","M2_SIMPY_PT156","30","52","1","2","0","0.0769","0.0312"
"DIFFERENT_BASE","M2_SIMPY_PT089","M2_SIMPY_PT157","30","53","1","0","0","0.0641","0.0635"
"DIFFERENT_BASE","M2_SIMPY_PT089","M2_SIMPY_PT158","30","53","1","1","0","0.0345","0.1"
"DIFFERENT_BASE","M2_SIMPY_PT089","M2_SIMPY_PT159","30","53","1","2","0","0.0779","0.0635"
"DIFFERENT_BASE","M2_SIMPY_PT089","M2_SIMPY_PT161","30","54","1","1","0","0.0116","0.1404"
"DIFFERENT_BASE","M2_SIMPY_PT089","M2_SIMPY_PT162","30","54","1","2","0","0.1","0.0484"
"DIFFERENT_BASE","M2_SIMPY_PT089","M2_SIMPY_PT165","30","55","1","2","0.1667","0.0235","0.0462"
"DIFFERENT_BASE","M2_SIMPY_PT089","M2_SIMPY_PT166","30","56","1","0","0.1667","0.011","0.0645"
"DIFFERENT_BASE","M2_SIMPY_PT089","M2_SIMPY_PT167","30","56","1","1","0","0.0235","0.1"
"DIFFERENT_BASE","M2_SIMPY_PT089","M2_SIMPY_PT169","30","57","1","0","0","0.0128","0.0448"
"DIFFERENT_BASE","M2_SIMPY_PT089","M2_SIMPY_PT170","30","57","1","1","0.2","0.0282","0.1702"
"DIFFERENT_BASE","M2_SIMPY_PT089","M2_SIMPY_PT171","30","57","1","2","0","0.0253","0.1273"
"DIFFERENT_BASE","M2_SIMPY_PT089","M2_SIMPY_PT174","30","58","1","2","0","0.1806","0.0152"
"DIFFERENT_BASE","M2_SIMPY_PT089","M2_SIMPY_PT175","30","59","1","0","0","0.0235","0.069"
"DIFFERENT_BASE","M2_SIMPY_PT089","M2_SIMPY_PT177","30","59","1","2","0","0.0649","0.1429"
"DIFFERENT_BASE","M2_SIMPY_PT090","M2_SIMPY_PT096","30","32","2","2","0","0.0556","0.1045"
"DIFFERENT_BASE","M2_SIMPY_PT090","M2_SIMPY_PT098","30","33","2","1","0.4","0.0595","0.0704"
"DIFFERENT_BASE","M2_SIMPY_PT090","M2_SIMPY_PT112","30","38","2","0","0","0.0361","0.0263"
"DIFFERENT_BASE","M2_SIMPY_PT090","M2_SIMPY_PT113","30","38","2","1","0","0.0127","0.0588"
"DIFFERENT_BASE","M2_SIMPY_PT090","M2_SIMPY_PT115","30","39","2","0","0.2","0.0263","0.058"
"DIFFERENT_BASE","M2_SIMPY_PT090","M2_SIMPY_PT116","30","39","2","1","0.1667","0.1096","0.137"
"DIFFERENT_BASE","M2_SIMPY_PT090","M2_SIMPY_PT120","30","40","2","2","0","0.0385","0.2344"
"DIFFERENT_BASE","M2_SIMPY_PT090","M2_SIMPY_PT121","30","41","2","0","0","0.0506","0.0286"
"DIFFERENT_BASE","M2_SIMPY_PT090","M2_SIMPY_PT122","30","41","2","1","0","0.0556","0.0455"
"DIFFERENT_BASE","M2_SIMPY_PT090","M2_SIMPY_PT125","30","42","2","1","0.1667","0.0385","0.1045"
"DIFFERENT_BASE","M2_SIMPY_PT090","M2_SIMPY_PT126","30","42","2","2","0.1667","0.0741","0.2542"
"DIFFERENT_BASE","M2_SIMPY_PT090","M2_SIMPY_PT127","30","43","2","0","0","0.026","0.0312"
"DIFFERENT_BASE","M2_SIMPY_PT090","M2_SIMPY_PT128","30","43","2","1","0","0.0235","0.0417"
"DIFFERENT_BASE","M2_SIMPY_PT090","M2_SIMPY_PT131","30","44","2","1","0","0.0256","0.0857"
"DIFFERENT_BASE","M2_SIMPY_PT090","M2_SIMPY_PT133","30","45","2","0","0","0.0263","0.0253"
"DIFFERENT_BASE","M2_SIMPY_PT090","M2_SIMPY_PT135","30","45","2","2","0","0.1","0.1528"
"DIFFERENT_BASE","M2_SIMPY_PT090","M2_SIMPY_PT140","30","47","2","1","0.1667","0.025","0.087"
"DIFFERENT_BASE","M2_SIMPY_PT090","M2_SIMPY_PT143","30","48","2","1","0","0.0128","0.0597"
"DIFFERENT_BASE","M2_SIMPY_PT090","M2_SIMPY_PT144","30","48","2","2","0","0.027","0.2963"
"DIFFERENT_BASE","M2_SIMPY_PT090","M2_SIMPY_PT146","30","49","2","1","0","0.0875","0.0513"
"DIFFERENT_BASE","M2_SIMPY_PT090","M2_SIMPY_PT148","30","50","2","0","0.1429","0.0685","0.0395"
"DIFFERENT_BASE","M2_SIMPY_PT090","M2_SIMPY_PT149","30","50","2","1","0.1429","0.025","0.039"
"DIFFERENT_BASE","M2_SIMPY_PT090","M2_SIMPY_PT151","30","51","2","0","0.2","0.0127","0.0417"
"DIFFERENT_BASE","M2_SIMPY_PT090","M2_SIMPY_PT152","30","51","2","1","0","0.0115","0.1449"
"DIFFERENT_BASE","M2_SIMPY_PT090","M2_SIMPY_PT153","30","51","2","2","0.1429","0.0357","0.3103"
"DIFFERENT_BASE","M2_SIMPY_PT090","M2_SIMPY_PT155","30","52","2","1","0","0.0353","0.0972"
"DIFFERENT_BASE","M2_SIMPY_PT090","M2_SIMPY_PT156","30","52","2","2","0","0.0933","0.1429"
"DIFFERENT_BASE","M2_SIMPY_PT090","M2_SIMPY_PT157","30","53","2","0","0","0.0253","0.0253"
"DIFFERENT_BASE","M2_SIMPY_PT090","M2_SIMPY_PT158","30","53","2","1","0","0.0233","0.0667"
"DIFFERENT_BASE","M2_SIMPY_PT090","M2_SIMPY_PT159","30","53","2","2","0","0.0658","0.1912"
"DIFFERENT_BASE","M2_SIMPY_PT090","M2_SIMPY_PT161","30","54","2","1","0","0.0241","0.0972"
"DIFFERENT_BASE","M2_SIMPY_PT090","M2_SIMPY_PT162","30","54","2","2","0","0.1026","0.197"
"DIFFERENT_BASE","M2_SIMPY_PT090","M2_SIMPY_PT165","30","55","2","2","0.1429","0.0494","0.0649"
"DIFFERENT_BASE","M2_SIMPY_PT090","M2_SIMPY_PT166","30","56","2","0","0.1429","0.0714","0.0526"
"DIFFERENT_BASE","M2_SIMPY_PT090","M2_SIMPY_PT167","30","56","2","1","0","0.0119","0.0959"
"DIFFERENT_BASE","M2_SIMPY_PT090","M2_SIMPY_PT169","30","57","2","0","0","0.0132","0.012"
"DIFFERENT_BASE","M2_SIMPY_PT090","M2_SIMPY_PT170","30","57","2","1","0.1667","0.0597","0.0781"
"DIFFERENT_BASE","M2_SIMPY_PT090","M2_SIMPY_PT171","30","57","2","2","0","0.0395","0.2063"
"DIFFERENT_BASE","M2_SIMPY_PT090","M2_SIMPY_PT174","30","58","2","2","0","0.0641","0.0519"
"DIFFERENT_BASE","M2_SIMPY_PT090","M2_SIMPY_PT175","30","59","2","0","0","0.0241","0.027"
"DIFFERENT_BASE","M2_SIMPY_PT090","M2_SIMPY_PT177","30","59","2","2","0","0.039","0.1475"
"DIFFERENT_BASE","M2_SIMPY_PT096","M2_SIMPY_PT098","32","33","2","1","0","0.0759","0.1148"
"DIFFERENT_BASE","M2_SIMPY_PT096","M2_SIMPY_PT112","32","38","2","0","0.4","0.038","0.0448"
"DIFFERENT_BASE","M2_SIMPY_PT096","M2_SIMPY_PT113","32","38","2","1","0.4","0.0133","0.0667"
"DIFFERENT_BASE","M2_SIMPY_PT096","M2_SIMPY_PT115","32","39","2","0","0","0.0725","0.0484"
"DIFFERENT_BASE","M2_SIMPY_PT096","M2_SIMPY_PT116","32","39","2","1","0","0.0548","0.0714"
"DIFFERENT_BASE","M2_SIMPY_PT096","M2_SIMPY_PT120","32","40","2","2","0","0.0694","0.127"
"DIFFERENT_BASE","M2_SIMPY_PT096","M2_SIMPY_PT121","32","41","2","0","0","0.0676","0.0667"
"DIFFERENT_BASE","M2_SIMPY_PT096","M2_SIMPY_PT122","32","41","2","1","0","0.0435","0.0893"
"DIFFERENT_BASE","M2_SIMPY_PT096","M2_SIMPY_PT125","32","42","2","1","0","0.1159","0.1186"
"DIFFERENT_BASE","M2_SIMPY_PT096","M2_SIMPY_PT126","32","42","2","2","0","0.0779","0.1186"
"DIFFERENT_BASE","M2_SIMPY_PT096","M2_SIMPY_PT127","32","43","2","0","0.1429","0.1538","0.0943"
"DIFFERENT_BASE","M2_SIMPY_PT096","M2_SIMPY_PT128","32","43","2","1","0.1429","0.0779","0.0806"
"DIFFERENT_BASE","M2_SIMPY_PT096","M2_SIMPY_PT131","32","44","2","1","0.1429","0.1176","0.1333"
"DIFFERENT_BASE","M2_SIMPY_PT096","M2_SIMPY_PT133","32","45","2","0","0","0.0725","0.058"
"DIFFERENT_BASE","M2_SIMPY_PT096","M2_SIMPY_PT135","32","45","2","2","0","0.05","0.1029"
"DIFFERENT_BASE","M2_SIMPY_PT096","M2_SIMPY_PT140","32","47","2","1","0","0.0833","0.0984"
"DIFFERENT_BASE","M2_SIMPY_PT096","M2_SIMPY_PT143","32","48","2","1","0","0.087","0.1053"
"DIFFERENT_BASE","M2_SIMPY_PT096","M2_SIMPY_PT144","32","48","2","2","0","0.0286","0.1273"
"DIFFERENT_BASE","M2_SIMPY_PT096","M2_SIMPY_PT146","32","49","2","1","0","0.0641","0.0423"
"DIFFERENT_BASE","M2_SIMPY_PT096","M2_SIMPY_PT148","32","50","2","0","0","0.0882","0.0597"
"DIFFERENT_BASE","M2_SIMPY_PT096","M2_SIMPY_PT149","32","50","2","1","0","0.04","0.0435"
"DIFFERENT_BASE","M2_SIMPY_PT096","M2_SIMPY_PT151","32","51","2","0","0","0.0133","0.0469"
"DIFFERENT_BASE","M2_SIMPY_PT096","M2_SIMPY_PT152","32","51","2","1","0","0.0244","0.0441"
"DIFFERENT_BASE","M2_SIMPY_PT096","M2_SIMPY_PT153","32","51","2","2","0","0.0506","0.1333"
"DIFFERENT_BASE","M2_SIMPY_PT096","M2_SIMPY_PT155","32","52","2","1","0","0.0633","0.0923"
"DIFFERENT_BASE","M2_SIMPY_PT096","M2_SIMPY_PT156","32","52","2","2","0","0.1143","0.1077"
"DIFFERENT_BASE","M2_SIMPY_PT096","M2_SIMPY_PT157","32","53","2","0","0","0.0845","0.058"
"DIFFERENT_BASE","M2_SIMPY_PT096","M2_SIMPY_PT158","32","53","2","1","0","0.12","0.1077"
"DIFFERENT_BASE","M2_SIMPY_PT096","M2_SIMPY_PT159","32","53","2","2","0.1429","0.1159","0.1774"
"DIFFERENT_BASE","M2_SIMPY_PT096","M2_SIMPY_PT161","32","54","2","1","0","0.0385","0.127"
"DIFFERENT_BASE","M2_SIMPY_PT096","M2_SIMPY_PT162","32","54","2","2","0","0.0933","0.1452"
"DIFFERENT_BASE","M2_SIMPY_PT096","M2_SIMPY_PT165","32","55","2","2","0","0.0519","0.0571"
"DIFFERENT_BASE","M2_SIMPY_PT096","M2_SIMPY_PT166","32","56","2","0","0","0.0488","0.0588"
"DIFFERENT_BASE","M2_SIMPY_PT096","M2_SIMPY_PT167","32","56","2","1","0","0.0658","0.1077"
"DIFFERENT_BASE","M2_SIMPY_PT096","M2_SIMPY_PT169","32","57","2","0","0","0.058","0.0411"
"DIFFERENT_BASE","M2_SIMPY_PT096","M2_SIMPY_PT170","32","57","2","1","0","0.0308","0.0893"
"DIFFERENT_BASE","M2_SIMPY_PT096","M2_SIMPY_PT171","32","57","2","2","0","0.0417","0.1525"
"DIFFERENT_BASE","M2_SIMPY_PT096","M2_SIMPY_PT174","32","58","2","2","0","0.1127","0.058"
"DIFFERENT_BASE","M2_SIMPY_PT096","M2_SIMPY_PT175","32","59","2","0","0","0.0658","0.0303"
"DIFFERENT_BASE","M2_SIMPY_PT096","M2_SIMPY_PT177","32","59","2","2","0","0.0704","0.1481"
"DIFFERENT_BASE","M2_SIMPY_PT098","M2_SIMPY_PT112","33","38","1","0","0","0.0556","0.0588"
"DIFFERENT_BASE","M2_SIMPY_PT098","M2_SIMPY_PT113","33","38","1","1","0","0.023","0.1379"
"DIFFERENT_BASE","M2_SIMPY_PT098","M2_SIMPY_PT115","33","39","1","0","0.25","0.0235","0.0635"
"DIFFERENT_BASE","M2_SIMPY_PT098","M2_SIMPY_PT116","33","39","1","1","0.2","0.0227","0.1"
"DIFFERENT_BASE","M2_SIMPY_PT098","M2_SIMPY_PT120","33","40","1","2","0","0.0465","0.0429"
"DIFFERENT_BASE","M2_SIMPY_PT098","M2_SIMPY_PT121","33","41","1","0","0","0.0222","0.0645"
"DIFFERENT_BASE","M2_SIMPY_PT098","M2_SIMPY_PT122","33","41","1","1","0","0.0366","0.0862"
"DIFFERENT_BASE","M2_SIMPY_PT098","M2_SIMPY_PT125","33","42","1","1","0.2","0.0465","0.1333"
"DIFFERENT_BASE","M2_SIMPY_PT098","M2_SIMPY_PT126","33","42","1","2","0.2","0.0213","0.0462"
"DIFFERENT_BASE","M2_SIMPY_PT098","M2_SIMPY_PT127","33","43","1","0","0","0.0353","0.0714"
"DIFFERENT_BASE","M2_SIMPY_PT098","M2_SIMPY_PT128","33","43","1","1","0","0.0549","0.0781"
"DIFFERENT_BASE","M2_SIMPY_PT098","M2_SIMPY_PT131","33","44","1","1","0","0.0595","0.129"
"DIFFERENT_BASE","M2_SIMPY_PT098","M2_SIMPY_PT133","33","45","1","0","0","0.0741","0.0417"
"DIFFERENT_BASE","M2_SIMPY_PT098","M2_SIMPY_PT135","33","45","1","2","0","0.043","0.0267"
"DIFFERENT_BASE","M2_SIMPY_PT098","M2_SIMPY_PT140","33","47","1","1","0.2","0.0706","0.0952"
"DIFFERENT_BASE","M2_SIMPY_PT098","M2_SIMPY_PT143","33","48","1","1","0","0.0476","0.0833"
"DIFFERENT_BASE","M2_SIMPY_PT098","M2_SIMPY_PT144","33","48","1","2","0","0.0625","0.0323"
"DIFFERENT_BASE","M2_SIMPY_PT098","M2_SIMPY_PT146","33","49","1","1","0","0.1163","0.0704"
"DIFFERENT_BASE","M2_SIMPY_PT098","M2_SIMPY_PT148","33","50","1","0","0.1667","0.0357","0.058"
"DIFFERENT_BASE","M2_SIMPY_PT098","M2_SIMPY_PT149","33","50","1","1","0.1667","0.0225","0.0725"
"DIFFERENT_BASE","M2_SIMPY_PT098","M2_SIMPY_PT151","33","51","1","0","0.25","0.0114","0.0615"
"DIFFERENT_BASE","M2_SIMPY_PT098","M2_SIMPY_PT152","33","51","1","1","0","0.0104","0.0896"
"DIFFERENT_BASE","M2_SIMPY_PT098","M2_SIMPY_PT153","33","51","1","2","0.1667","0.0435","0.0938"
"DIFFERENT_BASE","M2_SIMPY_PT098","M2_SIMPY_PT155","33","52","1","1","0","0.0543","0.0896"
"DIFFERENT_BASE","M2_SIMPY_PT098","M2_SIMPY_PT156","33","52","1","2","0","0.046","0.0278"
"DIFFERENT_BASE","M2_SIMPY_PT098","M2_SIMPY_PT157","33","53","1","0","0","0.0112","0.0563"
"DIFFERENT_BASE","M2_SIMPY_PT098","M2_SIMPY_PT158","33","53","1","1","0","0.0319","0.1045"
"DIFFERENT_BASE","M2_SIMPY_PT098","M2_SIMPY_PT159","33","53","1","2","0","0.0227","0.0563"
"DIFFERENT_BASE","M2_SIMPY_PT098","M2_SIMPY_PT161","33","54","1","1","0","0.0562","0.1231"
"DIFFERENT_BASE","M2_SIMPY_PT098","M2_SIMPY_PT162","33","54","1","2","0","0.0326","0.0429"
"DIFFERENT_BASE","M2_SIMPY_PT098","M2_SIMPY_PT165","33","55","1","2","0.1667","0.0805","0.0704"
"DIFFERENT_BASE","M2_SIMPY_PT098","M2_SIMPY_PT166","33","56","1","0","0","0.0879","0.0882"
"DIFFERENT_BASE","M2_SIMPY_PT098","M2_SIMPY_PT167","33","56","1","1","0","0.0217","0.0882"
"DIFFERENT_BASE","M2_SIMPY_PT098","M2_SIMPY_PT169","33","57","1","0","0","0.0238","0.0833"
"DIFFERENT_BASE","M2_SIMPY_PT098","M2_SIMPY_PT170","33","57","1","1","0.2","0.0811","0.1053"
"DIFFERENT_BASE","M2_SIMPY_PT098","M2_SIMPY_PT171","33","57","1","2","0","0.0233","0.0938"
"DIFFERENT_BASE","M2_SIMPY_PT098","M2_SIMPY_PT174","33","58","1","2","0","0.0337","0.0135"
"DIFFERENT_BASE","M2_SIMPY_PT098","M2_SIMPY_PT175","33","59","1","0","0","0.033","0.0606"
"DIFFERENT_BASE","M2_SIMPY_PT098","M2_SIMPY_PT177","33","59","1","2","0","0.0349","0.1034"
"SAME_BASE_OTHER_CELL","M2_SIMPY_PT112","M2_SIMPY_PT113","38","38","0","1","1","0.2647","0.2364"
"DIFFERENT_BASE","M2_SIMPY_PT112","M2_SIMPY_PT115","38","39","0","0","0.25","0.12","0.1695"
"DIFFERENT_BASE","M2_SIMPY_PT112","M2_SIMPY_PT116","38","39","0","1","0.2","0.0357","0.1127"
"DIFFERENT_BASE","M2_SIMPY_PT112","M2_SIMPY_PT120","38","40","0","2","0","0.16","0.1029"
"DIFFERENT_BASE","M2_SIMPY_PT112","M2_SIMPY_PT121","38","41","0","0","0","0.0854","0.2364"
"DIFFERENT_BASE","M2_SIMPY_PT112","M2_SIMPY_PT122","38","41","0","1","0","0.0789","0.3"
"DIFFERENT_BASE","M2_SIMPY_PT112","M2_SIMPY_PT125","38","42","0","1","0.2","0.1299","0.1475"
"DIFFERENT_BASE","M2_SIMPY_PT112","M2_SIMPY_PT126","38","42","0","2","0.2","0.0941","0.0938"
"DIFFERENT_BASE","M2_SIMPY_PT112","M2_SIMPY_PT127","38","43","0","0","0","0.0759","0.2653"
"DIFFERENT_BASE","M2_SIMPY_PT112","M2_SIMPY_PT128","38","43","0","1","0.1667","0.0333","0.1833"
"DIFFERENT_BASE","M2_SIMPY_PT112","M2_SIMPY_PT131","38","44","0","1","0","0.0238","0.0435"
"DIFFERENT_BASE","M2_SIMPY_PT112","M2_SIMPY_PT133","38","45","0","0","0","0.0244","0.1"
"DIFFERENT_BASE","M2_SIMPY_PT112","M2_SIMPY_PT135","38","45","0","2","0","0.0562","0.0395"
"DIFFERENT_BASE","M2_SIMPY_PT112","M2_SIMPY_PT140","38","47","0","1","0","0.0864","0.0441"
"DIFFERENT_BASE","M2_SIMPY_PT112","M2_SIMPY_PT143","38","48","0","1","0","0.0494","0.0469"
"DIFFERENT_BASE","M2_SIMPY_PT112","M2_SIMPY_PT144","38","48","0","2","0","0.038","0.0476"
"DIFFERENT_BASE","M2_SIMPY_PT112","M2_SIMPY_PT146","38","49","0","1","0","0.0568","0.0685"
"DIFFERENT_BASE","M2_SIMPY_PT112","M2_SIMPY_PT148","38","50","0","0","0","0.037","0.1538"
"DIFFERENT_BASE","M2_SIMPY_PT112","M2_SIMPY_PT149","38","50","0","1","0","0.0476","0.1014"
"DIFFERENT_BASE","M2_SIMPY_PT112","M2_SIMPY_PT151","38","51","0","0","0","0.0238","0.1094"
"DIFFERENT_BASE","M2_SIMPY_PT112","M2_SIMPY_PT152","38","51","0","1","0","0.0217","0.0417"
"DIFFERENT_BASE","M2_SIMPY_PT112","M2_SIMPY_PT153","38","51","0","2","0","0.0333","0.0286"
"DIFFERENT_BASE","M2_SIMPY_PT112","M2_SIMPY_PT155","38","52","0","1","0","0.0562","0.087"
"DIFFERENT_BASE","M2_SIMPY_PT112","M2_SIMPY_PT156","38","52","0","2","0","0.0353","0.0411"
"DIFFERENT_BASE","M2_SIMPY_PT112","M2_SIMPY_PT157","38","53","0","0","0","0.0357","0.1"
"DIFFERENT_BASE","M2_SIMPY_PT112","M2_SIMPY_PT158","38","53","0","1","0","0.0562","0.0556"
"DIFFERENT_BASE","M2_SIMPY_PT112","M2_SIMPY_PT159","38","53","0","2","0","0.0875","0.0405"
"DIFFERENT_BASE","M2_SIMPY_PT112","M2_SIMPY_PT161","38","54","0","1","0","0.0111","0.0417"
"DIFFERENT_BASE","M2_SIMPY_PT112","M2_SIMPY_PT162","38","54","0","2","0","0.0952","0.0274"
"DIFFERENT_BASE","M2_SIMPY_PT112","M2_SIMPY_PT165","38","55","0","2","0","0.0341","0.04"
"DIFFERENT_BASE","M2_SIMPY_PT112","M2_SIMPY_PT166","38","56","0","0","0","0.0435","0.0857"
"DIFFERENT_BASE","M2_SIMPY_PT112","M2_SIMPY_PT167","38","56","0","1","0","0.0111","0.0411"
"DIFFERENT_BASE","M2_SIMPY_PT112","M2_SIMPY_PT169","38","57","0","0","0","0.0122","0.0256"
"DIFFERENT_BASE","M2_SIMPY_PT112","M2_SIMPY_PT170","38","57","0","1","0","0.0405","0.0484"
"DIFFERENT_BASE","M2_SIMPY_PT112","M2_SIMPY_PT171","38","57","0","2","0","0.0366","0.0286"
"DIFFERENT_BASE","M2_SIMPY_PT112","M2_SIMPY_PT174","38","58","0","2","0","0.0349","0.0132"
"DIFFERENT_BASE","M2_SIMPY_PT112","M2_SIMPY_PT175","38","59","0","0","0","0.0341","0.1077"
"DIFFERENT_BASE","M2_SIMPY_PT112","M2_SIMPY_PT177","38","59","0","2","0","0.0361","0.0312"
"DIFFERENT_BASE","M2_SIMPY_PT113","M2_SIMPY_PT115","38","39","1","0","0.25","0.0541","0.1887"
"DIFFERENT_BASE","M2_SIMPY_PT113","M2_SIMPY_PT116","38","39","1","1","0.2","0.0253","0.1587"
"DIFFERENT_BASE","M2_SIMPY_PT113","M2_SIMPY_PT120","38","40","1","2","0","0.0658","0.1129"
"DIFFERENT_BASE","M2_SIMPY_PT113","M2_SIMPY_PT121","38","41","1","0","0","0.0641","0.1273"
"DIFFERENT_BASE","M2_SIMPY_PT113","M2_SIMPY_PT122","38","41","1","1","0","0.1014","0.475"
"DIFFERENT_BASE","M2_SIMPY_PT113","M2_SIMPY_PT125","38","42","1","1","0.2","0.0125","0.1429"
"DIFFERENT_BASE","M2_SIMPY_PT113","M2_SIMPY_PT126","38","42","1","2","0.2","0.0875","0.1636"
"DIFFERENT_BASE","M2_SIMPY_PT113","M2_SIMPY_PT127","38","43","1","0","0","0.0533","0.1667"
"DIFFERENT_BASE","M2_SIMPY_PT113","M2_SIMPY_PT128","38","43","1","1","0.1667","0.0116","0.4444"
"DIFFERENT_BASE","M2_SIMPY_PT113","M2_SIMPY_PT131","38","44","1","1","0","0.0256","0.1"
"DIFFERENT_BASE","M2_SIMPY_PT113","M2_SIMPY_PT133","38","45","1","0","0","0.0541","0.0441"
"DIFFERENT_BASE","M2_SIMPY_PT113","M2_SIMPY_PT135","38","45","1","2","0","0.0233","0.058"
"DIFFERENT_BASE","M2_SIMPY_PT113","M2_SIMPY_PT140","38","47","1","1","0","0.038","0.0833"
"DIFFERENT_BASE","M2_SIMPY_PT113","M2_SIMPY_PT143","38","48","1","1","0","0.0533","0.0517"
"DIFFERENT_BASE","M2_SIMPY_PT113","M2_SIMPY_PT144","38","48","1","2","0","0.0133","0.1111"
"DIFFERENT_BASE","M2_SIMPY_PT113","M2_SIMPY_PT146","38","49","1","1","0","0.0357","0.0746"
"DIFFERENT_BASE","M2_SIMPY_PT113","M2_SIMPY_PT148","38","50","1","0","0","0.0541","0.0781"
"DIFFERENT_BASE","M2_SIMPY_PT113","M2_SIMPY_PT149","38","50","1","1","0","0.1549","0.1667"
"DIFFERENT_BASE","M2_SIMPY_PT113","M2_SIMPY_PT151","38","51","1","0","0","0.0127","0.0656"
"DIFFERENT_BASE","M2_SIMPY_PT113","M2_SIMPY_PT152","38","51","1","1","0","0.0476","0.15"
"DIFFERENT_BASE","M2_SIMPY_PT113","M2_SIMPY_PT153","38","51","1","2","0","0.0741","0.082"
"DIFFERENT_BASE","M2_SIMPY_PT113","M2_SIMPY_PT155","38","52","1","1","0","0.0476","0.0781"
"DIFFERENT_BASE","M2_SIMPY_PT113","M2_SIMPY_PT156","38","52","1","2","0","0.038","0.0606"
"DIFFERENT_BASE","M2_SIMPY_PT113","M2_SIMPY_PT157","38","53","1","0","0","0.08","0.0441"
"DIFFERENT_BASE","M2_SIMPY_PT113","M2_SIMPY_PT158","38","53","1","1","0","0.0732","0.1475"
"DIFFERENT_BASE","M2_SIMPY_PT113","M2_SIMPY_PT159","38","53","1","2","0","0.0253","0.1094"
"DIFFERENT_BASE","M2_SIMPY_PT113","M2_SIMPY_PT161","38","54","1","1","0","0.0625","0.0615"
"DIFFERENT_BASE","M2_SIMPY_PT113","M2_SIMPY_PT162","38","54","1","2","0","0.0488","0.0781"
"DIFFERENT_BASE","M2_SIMPY_PT113","M2_SIMPY_PT165","38","55","1","2","0","0.0494","0.0588"
"DIFFERENT_BASE","M2_SIMPY_PT113","M2_SIMPY_PT166","38","56","1","0","0","0.0112","0.0769"
"DIFFERENT_BASE","M2_SIMPY_PT113","M2_SIMPY_PT167","38","56","1","1","0","0.0119","0.129"
"DIFFERENT_BASE","M2_SIMPY_PT113","M2_SIMPY_PT169","38","57","1","0","0","0.0132","0.0278"
"DIFFERENT_BASE","M2_SIMPY_PT113","M2_SIMPY_PT170","38","57","1","1","0","0.0597","0.1569"
"DIFFERENT_BASE","M2_SIMPY_PT113","M2_SIMPY_PT171","38","57","1","2","0","0.0395","0.0645"
"DIFFERENT_BASE","M2_SIMPY_PT113","M2_SIMPY_PT174","38","58","1","2","0","0.0506","0.0143"
"DIFFERENT_BASE","M2_SIMPY_PT113","M2_SIMPY_PT175","38","59","1","0","0","0.0119","0.0476"
"DIFFERENT_BASE","M2_SIMPY_PT113","M2_SIMPY_PT177","38","59","1","2","0","0.0127","0.0714"
"SAME_BASE_OTHER_CELL","M2_SIMPY_PT115","M2_SIMPY_PT116","39","39","0","1","0.6667","0.0533","0.1935"
"DIFFERENT_BASE","M2_SIMPY_PT115","M2_SIMPY_PT120","39","40","0","2","0","0.0972","0.1111"
"DIFFERENT_BASE","M2_SIMPY_PT115","M2_SIMPY_PT121","39","41","0","0","0","0.1096","0.2115"
"DIFFERENT_BASE","M2_SIMPY_PT115","M2_SIMPY_PT122","39","41","0","1","0","0.0571","0.1111"
"DIFFERENT_BASE","M2_SIMPY_PT115","M2_SIMPY_PT125","39","42","0","1","0.25","0.0972","0.1207"
"DIFFERENT_BASE","M2_SIMPY_PT115","M2_SIMPY_PT126","39","42","0","2","0.25","0.0897","0.1207"
"DIFFERENT_BASE","M2_SIMPY_PT115","M2_SIMPY_PT127","39","43","0","0","0","0.2222","0.2128"
"DIFFERENT_BASE","M2_SIMPY_PT115","M2_SIMPY_PT128","39","43","0","1","0.2","0.0494","0.1"
"DIFFERENT_BASE","M2_SIMPY_PT115","M2_SIMPY_PT131","39","44","0","1","0","0.0833","0.0635"
"DIFFERENT_BASE","M2_SIMPY_PT115","M2_SIMPY_PT133","39","45","0","0","0","0.027","0.1077"
"DIFFERENT_BASE","M2_SIMPY_PT115","M2_SIMPY_PT135","39","45","0","2","0","0.0361","0.0571"
"DIFFERENT_BASE","M2_SIMPY_PT115","M2_SIMPY_PT140","39","47","0","1","0.25","0.039","0.0645"
"DIFFERENT_BASE","M2_SIMPY_PT115","M2_SIMPY_PT143","39","48","0","1","0","0.0405","0.069"
"DIFFERENT_BASE","M2_SIMPY_PT115","M2_SIMPY_PT144","39","48","0","2","0","0.0137","0.0702"
"DIFFERENT_BASE","M2_SIMPY_PT115","M2_SIMPY_PT146","39","49","0","1","0","0.0241","0.0429"
"DIFFERENT_BASE","M2_SIMPY_PT115","M2_SIMPY_PT148","39","50","0","0","0","0.027","0.1111"
"DIFFERENT_BASE","M2_SIMPY_PT115","M2_SIMPY_PT149","39","50","0","1","0","0.0127","0.0597"
"DIFFERENT_BASE","M2_SIMPY_PT115","M2_SIMPY_PT151","39","51","0","0","0.3333","0","0.1"
"DIFFERENT_BASE","M2_SIMPY_PT115","M2_SIMPY_PT152","39","51","0","1","0","0.0118","0.0448"
"DIFFERENT_BASE","M2_SIMPY_PT115","M2_SIMPY_PT153","39","51","0","2","0.2","0.0625","0.0635"
"DIFFERENT_BASE","M2_SIMPY_PT115","M2_SIMPY_PT155","39","52","0","1","0","0.0361","0.0448"
"DIFFERENT_BASE","M2_SIMPY_PT115","M2_SIMPY_PT156","39","52","0","2","0","0.0811","0.0597"
"DIFFERENT_BASE","M2_SIMPY_PT115","M2_SIMPY_PT157","39","53","0","0","0","0.0972","0.0909"
"DIFFERENT_BASE","M2_SIMPY_PT115","M2_SIMPY_PT158","39","53","0","1","0","0.0617","0.0597"
"DIFFERENT_BASE","M2_SIMPY_PT115","M2_SIMPY_PT159","39","53","0","2","0","0.0533","0.0746"
"DIFFERENT_BASE","M2_SIMPY_PT115","M2_SIMPY_PT161","39","54","0","1","0","0.0375","0.0606"
"DIFFERENT_BASE","M2_SIMPY_PT115","M2_SIMPY_PT162","39","54","0","2","0","0.0633","0.0448"
"DIFFERENT_BASE","M2_SIMPY_PT115","M2_SIMPY_PT165","39","55","0","2","0.2","0.0122","0.0282"
"DIFFERENT_BASE","M2_SIMPY_PT115","M2_SIMPY_PT166","39","56","0","0","0","0.0353","0.0923"
"DIFFERENT_BASE","M2_SIMPY_PT115","M2_SIMPY_PT167","39","56","0","1","0","0.0122","0.0441"
"DIFFERENT_BASE","M2_SIMPY_PT115","M2_SIMPY_PT169","39","57","0","0","0","0.0417","0.087"
"DIFFERENT_BASE","M2_SIMPY_PT115","M2_SIMPY_PT170","39","57","0","1","0.25","0.0147","0.0909"
"DIFFERENT_BASE","M2_SIMPY_PT115","M2_SIMPY_PT171","39","57","0","2","0","0.0267","0.0806"
"DIFFERENT_BASE","M2_SIMPY_PT115","M2_SIMPY_PT174","39","58","0","2","0","0.0519","0.0286"
"DIFFERENT_BASE","M2_SIMPY_PT115","M2_SIMPY_PT175","39","59","0","0","0","0.0247","0.0984"
"DIFFERENT_BASE","M2_SIMPY_PT115","M2_SIMPY_PT177","39","59","0","2","0","0.0263","0.0893"
"DIFFERENT_BASE","M2_SIMPY_PT116","M2_SIMPY_PT120","39","40","1","2","0.1667","0.0513","0.0959"
"DIFFERENT_BASE","M2_SIMPY_PT116","M2_SIMPY_PT121","39","41","1","0","0","0.037","0.1231"
"DIFFERENT_BASE","M2_SIMPY_PT116","M2_SIMPY_PT122","39","41","1","1","0","0.0267","0.1111"
"DIFFERENT_BASE","M2_SIMPY_PT116","M2_SIMPY_PT125","39","42","1","1","0.2","0.038","0.2295"
"DIFFERENT_BASE","M2_SIMPY_PT116","M2_SIMPY_PT126","39","42","1","2","0.2","0.1429","0.1029"
"DIFFERENT_BASE","M2_SIMPY_PT116","M2_SIMPY_PT127","39","43","1","0","0","0.0256","0.1552"
"DIFFERENT_BASE","M2_SIMPY_PT116","M2_SIMPY_PT128","39","43","1","1","0.1667","0.0353","0.1014"
"DIFFERENT_BASE","M2_SIMPY_PT116","M2_SIMPY_PT131","39","44","1","1","0","0.0125","0.1324"
"DIFFERENT_BASE","M2_SIMPY_PT116","M2_SIMPY_PT133","39","45","1","0","0","0.026","0.0649"
"DIFFERENT_BASE","M2_SIMPY_PT116","M2_SIMPY_PT135","39","45","1","2","0","0.0349","0.0633"
"DIFFERENT_BASE","M2_SIMPY_PT116","M2_SIMPY_PT140","39","47","1","1","0.2","0.0122","0.1343"
"DIFFERENT_BASE","M2_SIMPY_PT116","M2_SIMPY_PT143","39","48","1","1","0","0.0127","0.1077"
"DIFFERENT_BASE","M2_SIMPY_PT116","M2_SIMPY_PT144","39","48","1","2","0","0.0405","0.0441"
"DIFFERENT_BASE","M2_SIMPY_PT116","M2_SIMPY_PT146","39","49","1","1","0","0.0602","0.0779"
"DIFFERENT_BASE","M2_SIMPY_PT116","M2_SIMPY_PT148","39","50","1","0","0","0.0533","0.0526"
"DIFFERENT_BASE","M2_SIMPY_PT116","M2_SIMPY_PT149","39","50","1","1","0","0.0247","0.0519"
"DIFFERENT_BASE","M2_SIMPY_PT116","M2_SIMPY_PT151","39","51","1","0","0.25","0.0125","0.0704"
"DIFFERENT_BASE","M2_SIMPY_PT116","M2_SIMPY_PT152","39","51","1","1","0","0.0114","0.25"
"DIFFERENT_BASE","M2_SIMPY_PT116","M2_SIMPY_PT153","39","51","1","2","0.1667","0.0476","0.1"
"DIFFERENT_BASE","M2_SIMPY_PT116","M2_SIMPY_PT155","39","52","1","1","0","0.023","0.1429"
"DIFFERENT_BASE","M2_SIMPY_PT116","M2_SIMPY_PT156","39","52","1","2","0","0.0641","0.0519"
"DIFFERENT_BASE","M2_SIMPY_PT116","M2_SIMPY_PT157","39","53","1","0","0","0.038","0.0789"
"DIFFERENT_BASE","M2_SIMPY_PT116","M2_SIMPY_PT158","39","53","1","1","0","0.0114","0.1408"
"DIFFERENT_BASE","M2_SIMPY_PT116","M2_SIMPY_PT159","39","53","1","2","0","0.1081","0.0789"
"DIFFERENT_BASE","M2_SIMPY_PT116","M2_SIMPY_PT161","39","54","1","1","0","0.0488","0.2121"
"DIFFERENT_BASE","M2_SIMPY_PT116","M2_SIMPY_PT162","39","54","1","2","0","0.1299","0.0811"
"DIFFERENT_BASE","M2_SIMPY_PT116","M2_SIMPY_PT165","39","55","1","2","0.1667","0.0361","0.0641"
"DIFFERENT_BASE","M2_SIMPY_PT116","M2_SIMPY_PT166","39","56","1","0","0","0.0225","0.0519"
"DIFFERENT_BASE","M2_SIMPY_PT116","M2_SIMPY_PT167","39","56","1","1","0","0.0238","0.0946"
"DIFFERENT_BASE","M2_SIMPY_PT116","M2_SIMPY_PT169","39","57","1","0","0","0.013","0.0759"
"DIFFERENT_BASE","M2_SIMPY_PT116","M2_SIMPY_PT170","39","57","1","1","0.2","0.0286","0.1475"
"DIFFERENT_BASE","M2_SIMPY_PT116","M2_SIMPY_PT171","39","57","1","2","0","0.0127","0.1667"
"DIFFERENT_BASE","M2_SIMPY_PT116","M2_SIMPY_PT174","39","58","1","2","0","0.037","0.025"
"DIFFERENT_BASE","M2_SIMPY_PT116","M2_SIMPY_PT175","39","59","1","0","0","0.0617","0.0548"
"DIFFERENT_BASE","M2_SIMPY_PT116","M2_SIMPY_PT177","39","59","1","2","0","0.0519","0.1452"
"DIFFERENT_BASE","M2_SIMPY_PT120","M2_SIMPY_PT121","40","41","2","0","0.2","0.1351","0.1695"
"DIFFERENT_BASE","M2_SIMPY_PT120","M2_SIMPY_PT122","40","41","2","1","0.2","0.1493","0.1579"
"DIFFERENT_BASE","M2_SIMPY_PT120","M2_SIMPY_PT125","40","42","2","1","0","0.038","0.1452"
"DIFFERENT_BASE","M2_SIMPY_PT120","M2_SIMPY_PT126","40","42","2","2","0","0.0602","0.449"
"DIFFERENT_BASE","M2_SIMPY_PT120","M2_SIMPY_PT127","40","43","2","0","0.1429","0.194","0.125"
"DIFFERENT_BASE","M2_SIMPY_PT120","M2_SIMPY_PT128","40","43","2","1","0.1429","0.0353","0.1429"
"DIFFERENT_BASE","M2_SIMPY_PT120","M2_SIMPY_PT131","40","44","2","1","0","0.0385","0.0896"
"DIFFERENT_BASE","M2_SIMPY_PT120","M2_SIMPY_PT133","40","45","2","0","0","0.026","0.0833"
"DIFFERENT_BASE","M2_SIMPY_PT120","M2_SIMPY_PT135","40","45","2","2","0","0.0595","0.194"
"DIFFERENT_BASE","M2_SIMPY_PT120","M2_SIMPY_PT140","40","47","2","1","0","0.0779","0.0746"
"DIFFERENT_BASE","M2_SIMPY_PT120","M2_SIMPY_PT143","40","48","2","1","0","0.0256","0.0462"
"DIFFERENT_BASE","M2_SIMPY_PT120","M2_SIMPY_PT144","40","48","2","2","0","0.0548","0.34"
"DIFFERENT_BASE","M2_SIMPY_PT120","M2_SIMPY_PT146","40","49","2","1","0","0.0602","0.026"
"DIFFERENT_BASE","M2_SIMPY_PT120","M2_SIMPY_PT148","40","50","2","0","0","0.0395","0.0411"
"DIFFERENT_BASE","M2_SIMPY_PT120","M2_SIMPY_PT149","40","50","2","1","0","0.0247","0.0548"
"DIFFERENT_BASE","M2_SIMPY_PT120","M2_SIMPY_PT151","40","51","2","0","0","0.0125","0.0746"
"DIFFERENT_BASE","M2_SIMPY_PT120","M2_SIMPY_PT152","40","51","2","1","0","0.0471","0.1014"
"DIFFERENT_BASE","M2_SIMPY_PT120","M2_SIMPY_PT153","40","51","2","2","0","0.0353","0.1774"
"DIFFERENT_BASE","M2_SIMPY_PT120","M2_SIMPY_PT155","40","52","2","1","0","0.0349","0.0857"
"DIFFERENT_BASE","M2_SIMPY_PT120","M2_SIMPY_PT156","40","52","2","2","0","0.0375","0.3051"
"DIFFERENT_BASE","M2_SIMPY_PT120","M2_SIMPY_PT157","40","53","2","0","0","0.025","0.0685"
"DIFFERENT_BASE","M2_SIMPY_PT120","M2_SIMPY_PT158","40","53","2","1","0","0.0723","0.1"
"DIFFERENT_BASE","M2_SIMPY_PT120","M2_SIMPY_PT159","40","53","2","2","0","0.1081","0.2188"
"DIFFERENT_BASE","M2_SIMPY_PT120","M2_SIMPY_PT161","40","54","2","1","0","0.0118","0.0857"
"DIFFERENT_BASE","M2_SIMPY_PT120","M2_SIMPY_PT162","40","54","2","2","0","0.0357","0.2667"
"DIFFERENT_BASE","M2_SIMPY_PT120","M2_SIMPY_PT165","40","55","2","2","0","0.0488","0.0533"
"DIFFERENT_BASE","M2_SIMPY_PT120","M2_SIMPY_PT166","40","56","2","0","0","0.0341","0.0548"
"DIFFERENT_BASE","M2_SIMPY_PT120","M2_SIMPY_PT167","40","56","2","1","0","0.0488","0.1"
"DIFFERENT_BASE","M2_SIMPY_PT120","M2_SIMPY_PT169","40","57","2","0","0","0.013","0.0385"
"DIFFERENT_BASE","M2_SIMPY_PT120","M2_SIMPY_PT170","40","57","2","1","0","0.0588","0.082"
"DIFFERENT_BASE","M2_SIMPY_PT120","M2_SIMPY_PT171","40","57","2","2","0","0.039","0.1587"
"DIFFERENT_BASE","M2_SIMPY_PT120","M2_SIMPY_PT174","40","58","2","2","0","0.05","0.0685"
"DIFFERENT_BASE","M2_SIMPY_PT120","M2_SIMPY_PT175","40","59","2","0","0","0.0488","0.0429"
"DIFFERENT_BASE","M2_SIMPY_PT120","M2_SIMPY_PT177","40","59","2","2","0","0.0519","0.1167"
"SAME_BASE_OTHER_CELL","M2_SIMPY_PT121","M2_SIMPY_PT122","41","41","0","1","1","0.2344","0.2041"
"DIFFERENT_BASE","M2_SIMPY_PT121","M2_SIMPY_PT125","41","42","0","1","0","0.0633","0.1429"
"DIFFERENT_BASE","M2_SIMPY_PT121","M2_SIMPY_PT126","41","42","0","2","0","0.0976","0.1228"
"DIFFERENT_BASE","M2_SIMPY_PT121","M2_SIMPY_PT127","41","43","0","0","0.5","0.1884","0.3023"
"DIFFERENT_BASE","M2_SIMPY_PT121","M2_SIMPY_PT128","41","43","0","1","0.2","0.0588","0.1607"
"DIFFERENT_BASE","M2_SIMPY_PT121","M2_SIMPY_PT131","41","44","0","1","0.2","0.0921","0.0645"
"DIFFERENT_BASE","M2_SIMPY_PT121","M2_SIMPY_PT133","41","45","0","0","0.5","0.0946","0.1452"
"DIFFERENT_BASE","M2_SIMPY_PT121","M2_SIMPY_PT135","41","45","0","2","0.25","0.0706","0.0429"
"DIFFERENT_BASE","M2_SIMPY_PT121","M2_SIMPY_PT140","41","47","0","1","0","0.0897","0.0656"
"DIFFERENT_BASE","M2_SIMPY_PT121","M2_SIMPY_PT143","41","48","0","1","0","0.0513","0.0517"
"DIFFERENT_BASE","M2_SIMPY_PT121","M2_SIMPY_PT144","41","48","0","2","0","0.0395","0.0526"
"DIFFERENT_BASE","M2_SIMPY_PT121","M2_SIMPY_PT146","41","49","0","1","0","0.0465","0.0435"
"DIFFERENT_BASE","M2_SIMPY_PT121","M2_SIMPY_PT148","41","50","0","0","0","0.0385","0.1695"
"DIFFERENT_BASE","M2_SIMPY_PT121","M2_SIMPY_PT149","41","50","0","1","0","0.0241","0.0448"
"DIFFERENT_BASE","M2_SIMPY_PT121","M2_SIMPY_PT151","41","51","0","0","0","0.0247","0.1404"
"DIFFERENT_BASE","M2_SIMPY_PT121","M2_SIMPY_PT152","41","51","0","1","0","0.046","0.0615"
"DIFFERENT_BASE","M2_SIMPY_PT121","M2_SIMPY_PT153","41","51","0","2","0","0.1111","0.0312"
"DIFFERENT_BASE","M2_SIMPY_PT121","M2_SIMPY_PT155","41","52","0","1","0","0.0833","0.0455"
"DIFFERENT_BASE","M2_SIMPY_PT121","M2_SIMPY_PT156","41","52","0","2","0","0.0625","0.0294"
"DIFFERENT_BASE","M2_SIMPY_PT121","M2_SIMPY_PT157","41","53","0","0","0","0.12","0.127"
"DIFFERENT_BASE","M2_SIMPY_PT121","M2_SIMPY_PT158","41","53","0","1","0","0.0581","0.0769"
"DIFFERENT_BASE","M2_SIMPY_PT121","M2_SIMPY_PT159","41","53","0","2","0","0.0909","0.0758"
"DIFFERENT_BASE","M2_SIMPY_PT121","M2_SIMPY_PT161","41","54","0","1","0","0.0353","0.0952"
"DIFFERENT_BASE","M2_SIMPY_PT121","M2_SIMPY_PT162","41","54","0","2","0","0.0988","0.0615"
"DIFFERENT_BASE","M2_SIMPY_PT121","M2_SIMPY_PT165","41","55","0","2","0","0.0353","0.0588"
"DIFFERENT_BASE","M2_SIMPY_PT121","M2_SIMPY_PT166","41","56","0","0","0","0.0449","0.0938"
"DIFFERENT_BASE","M2_SIMPY_PT121","M2_SIMPY_PT167","41","56","0","1","0","0.0602","0.0606"
"DIFFERENT_BASE","M2_SIMPY_PT121","M2_SIMPY_PT169","41","57","0","0","0","0.0127","0.0423"
"DIFFERENT_BASE","M2_SIMPY_PT121","M2_SIMPY_PT170","41","57","0","1","0","0.0278","0.0926"
"DIFFERENT_BASE","M2_SIMPY_PT121","M2_SIMPY_PT171","41","57","0","2","0","0.0789","0.0645"
"DIFFERENT_BASE","M2_SIMPY_PT121","M2_SIMPY_PT174","41","58","0","2","0","0.0361","0.029"
"DIFFERENT_BASE","M2_SIMPY_PT121","M2_SIMPY_PT175","41","59","0","0","0","0.0115","0.1379"
"DIFFERENT_BASE","M2_SIMPY_PT121","M2_SIMPY_PT177","41","59","0","2","0","0.0375","0.0526"
"DIFFERENT_BASE","M2_SIMPY_PT122","M2_SIMPY_PT125","41","42","1","1","0","0.0267","0.1961"
"DIFFERENT_BASE","M2_SIMPY_PT122","M2_SIMPY_PT126","41","42","1","2","0","0.0641","0.1731"
"DIFFERENT_BASE","M2_SIMPY_PT122","M2_SIMPY_PT127","41","43","1","0","0.5","0.1194","0.3947"
"DIFFERENT_BASE","M2_SIMPY_PT122","M2_SIMPY_PT128","41","43","1","1","0.2","0.0375","0.5122"
"DIFFERENT_BASE","M2_SIMPY_PT122","M2_SIMPY_PT131","41","44","1","1","0.2","0.0556","0.0862"
"DIFFERENT_BASE","M2_SIMPY_PT122","M2_SIMPY_PT133","41","45","1","0","0.5","0.0571","0.0625"
"DIFFERENT_BASE","M2_SIMPY_PT122","M2_SIMPY_PT135","41","45","1","2","0.25","0.1053","0.0769"
"DIFFERENT_BASE","M2_SIMPY_PT122","M2_SIMPY_PT140","41","47","1","1","0","0.0541","0.0877"
"DIFFERENT_BASE","M2_SIMPY_PT122","M2_SIMPY_PT143","41","48","1","1","0","0.0417","0.0545"
"DIFFERENT_BASE","M2_SIMPY_PT122","M2_SIMPY_PT144","41","48","1","2","0","0.0435","0.1176"
"DIFFERENT_BASE","M2_SIMPY_PT122","M2_SIMPY_PT146","41","49","1","1","0","0.0641","0.0781"
"DIFFERENT_BASE","M2_SIMPY_PT122","M2_SIMPY_PT148","41","50","1","0","0","0.0423","0.082"
"DIFFERENT_BASE","M2_SIMPY_PT122","M2_SIMPY_PT149","41","50","1","1","0","0.0541","0.1754"
"DIFFERENT_BASE","M2_SIMPY_PT122","M2_SIMPY_PT151","41","51","1","0","0","0","0.069"
"DIFFERENT_BASE","M2_SIMPY_PT122","M2_SIMPY_PT152","41","51","1","1","0","0.037","0.1186"
"DIFFERENT_BASE","M2_SIMPY_PT122","M2_SIMPY_PT153","41","51","1","2","0","0.0375","0.05"
"DIFFERENT_BASE","M2_SIMPY_PT122","M2_SIMPY_PT155","41","52","1","1","0","0.0633","0.1186"
"DIFFERENT_BASE","M2_SIMPY_PT122","M2_SIMPY_PT156","41","52","1","2","0","0.04","0.0635"
"DIFFERENT_BASE","M2_SIMPY_PT122","M2_SIMPY_PT157","41","53","1","0","0","0.0267","0.0462"
"DIFFERENT_BASE","M2_SIMPY_PT122","M2_SIMPY_PT158","41","53","1","1","0","0.0633","0.1552"
"DIFFERENT_BASE","M2_SIMPY_PT122","M2_SIMPY_PT159","41","53","1","2","0","0.0405","0.1333"
"DIFFERENT_BASE","M2_SIMPY_PT122","M2_SIMPY_PT161","41","54","1","1","0","0.0125","0.082"
"DIFFERENT_BASE","M2_SIMPY_PT122","M2_SIMPY_PT162","41","54","1","2","0","0.0649","0.1"
"DIFFERENT_BASE","M2_SIMPY_PT122","M2_SIMPY_PT165","41","55","1","2","0","0.0519","0.0781"
"DIFFERENT_BASE","M2_SIMPY_PT122","M2_SIMPY_PT166","41","56","1","0","0","0.0361","0.0469"
"DIFFERENT_BASE","M2_SIMPY_PT122","M2_SIMPY_PT167","41","56","1","1","0","0.0253","0.1356"
"DIFFERENT_BASE","M2_SIMPY_PT122","M2_SIMPY_PT169","41","57","1","0","0","0.0139","0.029"
"DIFFERENT_BASE","M2_SIMPY_PT122","M2_SIMPY_PT170","41","57","1","1","0","0.0469","0.1667"
"DIFFERENT_BASE","M2_SIMPY_PT122","M2_SIMPY_PT171","41","57","1","2","0","0.0417","0.0678"
"DIFFERENT_BASE","M2_SIMPY_PT122","M2_SIMPY_PT174","41","58","1","2","0","0.0972","0.0303"
"DIFFERENT_BASE","M2_SIMPY_PT122","M2_SIMPY_PT175","41","59","1","0","0","0.0253","0.05"
"DIFFERENT_BASE","M2_SIMPY_PT122","M2_SIMPY_PT177","41","59","1","2","0","0.027","0.0556"
"SAME_BASE_OTHER_CELL","M2_SIMPY_PT125","M2_SIMPY_PT126","42","42","1","2","1","0.1139","0.1786"
"DIFFERENT_BASE","M2_SIMPY_PT125","M2_SIMPY_PT127","42","43","1","0","0","0.1765","0.3488"
"DIFFERENT_BASE","M2_SIMPY_PT125","M2_SIMPY_PT128","42","43","1","1","0.1667","0.0602","0.1964"
"DIFFERENT_BASE","M2_SIMPY_PT125","M2_SIMPY_PT131","42","44","1","1","0","0.08","0.193"
"DIFFERENT_BASE","M2_SIMPY_PT125","M2_SIMPY_PT133","42","45","1","0","0","0.0533","0.058"
"DIFFERENT_BASE","M2_SIMPY_PT125","M2_SIMPY_PT135","42","45","1","2","0","0.0349","0.0417"
"DIFFERENT_BASE","M2_SIMPY_PT125","M2_SIMPY_PT140","42","47","1","1","0.2","0.0641","0.1754"
"DIFFERENT_BASE","M2_SIMPY_PT125","M2_SIMPY_PT143","42","48","1","1","0","0.0667","0.1667"
"DIFFERENT_BASE","M2_SIMPY_PT125","M2_SIMPY_PT144","42","48","1","2","0","0.0132","0.0333"
"DIFFERENT_BASE","M2_SIMPY_PT125","M2_SIMPY_PT146","42","49","1","1","0","0.0476","0.0725"
"DIFFERENT_BASE","M2_SIMPY_PT125","M2_SIMPY_PT148","42","50","1","0","0.4","0.0395","0.0597"
"DIFFERENT_BASE","M2_SIMPY_PT125","M2_SIMPY_PT149","42","50","1","1","0.4","0.0247","0.0909"
"DIFFERENT_BASE","M2_SIMPY_PT125","M2_SIMPY_PT151","42","51","1","0","0","0","0.1167"
"DIFFERENT_BASE","M2_SIMPY_PT125","M2_SIMPY_PT152","42","51","1","1","0","0.0349","0.0758"
"DIFFERENT_BASE","M2_SIMPY_PT125","M2_SIMPY_PT153","42","51","1","2","0","0.0353","0.0968"
"DIFFERENT_BASE","M2_SIMPY_PT125","M2_SIMPY_PT155","42","52","1","1","0","0.023","0.3148"
"DIFFERENT_BASE","M2_SIMPY_PT125","M2_SIMPY_PT156","42","52","1","2","0","0.0506","0.0909"
"DIFFERENT_BASE","M2_SIMPY_PT125","M2_SIMPY_PT157","42","53","1","0","0","0.0649","0.1061"
"DIFFERENT_BASE","M2_SIMPY_PT125","M2_SIMPY_PT158","42","53","1","1","0","0.0349","0.1803"
"DIFFERENT_BASE","M2_SIMPY_PT125","M2_SIMPY_PT159","42","53","1","2","0","0.025","0.0896"
"DIFFERENT_BASE","M2_SIMPY_PT125","M2_SIMPY_PT161","42","54","1","1","0","0.0118","0.2241"
"DIFFERENT_BASE","M2_SIMPY_PT125","M2_SIMPY_PT162","42","54","1","2","0","0.0741","0.0923"
"DIFFERENT_BASE","M2_SIMPY_PT125","M2_SIMPY_PT165","42","55","1","2","0","0.0118","0.0725"
"DIFFERENT_BASE","M2_SIMPY_PT125","M2_SIMPY_PT166","42","56","1","0","0","0.0341","0.0909"
"DIFFERENT_BASE","M2_SIMPY_PT125","M2_SIMPY_PT167","42","56","1","1","0","0.0238","0.1803"
"DIFFERENT_BASE","M2_SIMPY_PT125","M2_SIMPY_PT169","42","57","1","0","0","0.0833","0.0704"
"DIFFERENT_BASE","M2_SIMPY_PT125","M2_SIMPY_PT170","42","57","1","1","0","0.0141","0.1509"
"DIFFERENT_BASE","M2_SIMPY_PT125","M2_SIMPY_PT171","42","57","1","2","0","0.0811","0.1525"
"DIFFERENT_BASE","M2_SIMPY_PT125","M2_SIMPY_PT174","42","58","1","2","0","0.0244","0.0139"
"DIFFERENT_BASE","M2_SIMPY_PT125","M2_SIMPY_PT175","42","59","1","0","0","0.0361","0.0625"
"DIFFERENT_BASE","M2_SIMPY_PT125","M2_SIMPY_PT177","42","59","1","2","0","0.0658","0.1481"
"DIFFERENT_BASE","M2_SIMPY_PT126","M2_SIMPY_PT127","42","43","2","0","0","0.1622","0.2609"
"DIFFERENT_BASE","M2_SIMPY_PT126","M2_SIMPY_PT128","42","43","2","1","0.1667","0.0682","0.2885"
"DIFFERENT_BASE","M2_SIMPY_PT126","M2_SIMPY_PT131","42","44","2","1","0","0.0116","0.0462"
"DIFFERENT_BASE","M2_SIMPY_PT126","M2_SIMPY_PT133","42","45","2","0","0","0.0119","0.0282"
"DIFFERENT_BASE","M2_SIMPY_PT126","M2_SIMPY_PT135","42","45","2","2","0","0.0326","0.1538"
"DIFFERENT_BASE","M2_SIMPY_PT126","M2_SIMPY_PT140","42","47","2","1","0.2","0.0114","0.0469"
"DIFFERENT_BASE","M2_SIMPY_PT126","M2_SIMPY_PT143","42","48","2","1","0","0.0118","0.0328"
"DIFFERENT_BASE","M2_SIMPY_PT126","M2_SIMPY_PT144","42","48","2","2","0","0.0122","0.4419"
"DIFFERENT_BASE","M2_SIMPY_PT126","M2_SIMPY_PT146","42","49","2","1","0","0.0444","0.0278"
"DIFFERENT_BASE","M2_SIMPY_PT126","M2_SIMPY_PT148","42","50","2","0","0.4","0.0759","0.0597"
"DIFFERENT_BASE","M2_SIMPY_PT126","M2_SIMPY_PT149","42","50","2","1","0.4","0.023","0.0588"
"DIFFERENT_BASE","M2_SIMPY_PT126","M2_SIMPY_PT151","42","51","2","0","0","0.0235","0.0308"
"DIFFERENT_BASE","M2_SIMPY_PT126","M2_SIMPY_PT152","42","51","2","1","0","0.0215","0.1094"
"DIFFERENT_BASE","M2_SIMPY_PT126","M2_SIMPY_PT153","42","51","2","2","0","0.033","0.193"
"DIFFERENT_BASE","M2_SIMPY_PT126","M2_SIMPY_PT155","42","52","2","1","0","0.0326","0.0441"
"DIFFERENT_BASE","M2_SIMPY_PT126","M2_SIMPY_PT156","42","52","2","2","0","0.0723","0.2632"
"DIFFERENT_BASE","M2_SIMPY_PT126","M2_SIMPY_PT157","42","53","2","0","0","0.0732","0.0282"
"DIFFERENT_BASE","M2_SIMPY_PT126","M2_SIMPY_PT158","42","53","2","1","0","0.044","0.0588"
"DIFFERENT_BASE","M2_SIMPY_PT126","M2_SIMPY_PT159","42","53","2","2","0","0.0602","0.2167"
"DIFFERENT_BASE","M2_SIMPY_PT126","M2_SIMPY_PT161","42","54","2","1","0","0.011","0.029"
"DIFFERENT_BASE","M2_SIMPY_PT126","M2_SIMPY_PT162","42","54","2","2","0","0.1481","0.1833"
"DIFFERENT_BASE","M2_SIMPY_PT126","M2_SIMPY_PT165","42","55","2","2","0","0.011","0.0423"
"DIFFERENT_BASE","M2_SIMPY_PT126","M2_SIMPY_PT166","42","56","2","0","0","0.0319","0.0435"
"DIFFERENT_BASE","M2_SIMPY_PT126","M2_SIMPY_PT167","42","56","2","1","0","0.011","0.0435"
"DIFFERENT_BASE","M2_SIMPY_PT126","M2_SIMPY_PT169","42","57","2","0","0","0.05","0.0133"
"DIFFERENT_BASE","M2_SIMPY_PT126","M2_SIMPY_PT170","42","57","2","1","0","0.013","0.0702"
"DIFFERENT_BASE","M2_SIMPY_PT126","M2_SIMPY_PT171","42","57","2","2","0","0.0361","0.1525"
"DIFFERENT_BASE","M2_SIMPY_PT126","M2_SIMPY_PT174","42","58","2","2","0","0.0465","0.058"
"DIFFERENT_BASE","M2_SIMPY_PT126","M2_SIMPY_PT175","42","59","2","0","0","0.0337","0.0303"
"DIFFERENT_BASE","M2_SIMPY_PT126","M2_SIMPY_PT177","42","59","2","2","0","0.0482","0.1071"
"SAME_BASE_OTHER_CELL","M2_SIMPY_PT127","M2_SIMPY_PT128","43","43","0","1","0.6","0.1026","0.3111"
"DIFFERENT_BASE","M2_SIMPY_PT127","M2_SIMPY_PT131","43","44","0","1","0.3333","0.0822","0.0714"
"DIFFERENT_BASE","M2_SIMPY_PT127","M2_SIMPY_PT133","43","45","0","0","0.25","0.0405","0.1017"
"DIFFERENT_BASE","M2_SIMPY_PT127","M2_SIMPY_PT135","43","45","0","2","0.1667","0.061","0.0469"
"DIFFERENT_BASE","M2_SIMPY_PT127","M2_SIMPY_PT140","43","47","0","1","0","0.0519","0.0727"
"DIFFERENT_BASE","M2_SIMPY_PT127","M2_SIMPY_PT143","43","48","0","1","0","0.04","0.0577"
"DIFFERENT_BASE","M2_SIMPY_PT127","M2_SIMPY_PT144","43","48","0","2","0","0.0135","0.08"
"DIFFERENT_BASE","M2_SIMPY_PT127","M2_SIMPY_PT146","43","49","0","1","0","0.0488","0.0476"
"DIFFERENT_BASE","M2_SIMPY_PT127","M2_SIMPY_PT148","43","50","0","0","0","0.0548","0.1455"
"DIFFERENT_BASE","M2_SIMPY_PT127","M2_SIMPY_PT149","43","50","0","1","0","0.0253","0.0492"
"DIFFERENT_BASE","M2_SIMPY_PT127","M2_SIMPY_PT151","43","51","0","0","0","0","0.1346"
"DIFFERENT_BASE","M2_SIMPY_PT127","M2_SIMPY_PT152","43","51","0","1","0","0.0357","0.05"
"DIFFERENT_BASE","M2_SIMPY_PT127","M2_SIMPY_PT153","43","51","0","2","0","0.0886","0.0345"
"DIFFERENT_BASE","M2_SIMPY_PT127","M2_SIMPY_PT155","43","52","0","1","0","0.0482","0.1053"
"DIFFERENT_BASE","M2_SIMPY_PT127","M2_SIMPY_PT156","43","52","0","2","0","0.08","0.0492"
"DIFFERENT_BASE","M2_SIMPY_PT127","M2_SIMPY_PT157","43","53","0","0","0","0.0959","0.1207"
"DIFFERENT_BASE","M2_SIMPY_PT127","M2_SIMPY_PT158","43","53","0","1","0","0.0875","0.1034"
"DIFFERENT_BASE","M2_SIMPY_PT127","M2_SIMPY_PT159","43","53","0","2","0","0.0811","0.1207"
"DIFFERENT_BASE","M2_SIMPY_PT127","M2_SIMPY_PT161","43","54","0","1","0","0.05","0.1053"
"DIFFERENT_BASE","M2_SIMPY_PT127","M2_SIMPY_PT162","43","54","0","2","0","0.0625","0.05"
"DIFFERENT_BASE","M2_SIMPY_PT127","M2_SIMPY_PT165","43","55","0","2","0.1429","0.037","0.0645"
"DIFFERENT_BASE","M2_SIMPY_PT127","M2_SIMPY_PT166","43","56","0","0","0","0.0471","0.0847"
"DIFFERENT_BASE","M2_SIMPY_PT127","M2_SIMPY_PT167","43","56","0","1","0","0.0633","0.0667"
"DIFFERENT_BASE","M2_SIMPY_PT127","M2_SIMPY_PT169","43","57","0","0","0","0.0556","0.0462"
"DIFFERENT_BASE","M2_SIMPY_PT127","M2_SIMPY_PT170","43","57","0","1","0","0.0294","0.1277"
"DIFFERENT_BASE","M2_SIMPY_PT127","M2_SIMPY_PT171","43","57","0","2","0","0.0541","0.0909"
"DIFFERENT_BASE","M2_SIMPY_PT127","M2_SIMPY_PT174","43","58","0","2","0","0.0649","0.0317"
"DIFFERENT_BASE","M2_SIMPY_PT127","M2_SIMPY_PT175","43","59","0","0","0","0.0633","0.1111"
"DIFFERENT_BASE","M2_SIMPY_PT127","M2_SIMPY_PT177","43","59","0","2","0","0.0533","0.0588"
"DIFFERENT_BASE","M2_SIMPY_PT128","M2_SIMPY_PT131","43","44","1","1","0.1429","0.061","0.0952"
"DIFFERENT_BASE","M2_SIMPY_PT128","M2_SIMPY_PT133","43","45","1","0","0","0.0366","0.0725"
"DIFFERENT_BASE","M2_SIMPY_PT128","M2_SIMPY_PT135","43","45","1","2","0","0.0326","0.0857"
"DIFFERENT_BASE","M2_SIMPY_PT128","M2_SIMPY_PT140","43","47","1","1","0","0.0471","0.0794"
"DIFFERENT_BASE","M2_SIMPY_PT128","M2_SIMPY_PT143","43","48","1","1","0","0.0238","0.0492"
"DIFFERENT_BASE","M2_SIMPY_PT128","M2_SIMPY_PT144","43","48","1","2","0","0.0375","0.1053"
"DIFFERENT_BASE","M2_SIMPY_PT128","M2_SIMPY_PT146","43","49","1","1","0","0.0217","0.0714"
"DIFFERENT_BASE","M2_SIMPY_PT128","M2_SIMPY_PT148","43","50","1","0","0","0.0119","0.0746"
"DIFFERENT_BASE","M2_SIMPY_PT128","M2_SIMPY_PT149","43","50","1","1","0","0.0114","0.1587"
"DIFFERENT_BASE","M2_SIMPY_PT128","M2_SIMPY_PT151","43","51","1","0","0","0.0116","0.0625"
"DIFFERENT_BASE","M2_SIMPY_PT128","M2_SIMPY_PT152","43","51","1","1","0","0.0215","0.1077"
"DIFFERENT_BASE","M2_SIMPY_PT128","M2_SIMPY_PT153","43","51","1","2","0","0.0682","0.0455"
"DIFFERENT_BASE","M2_SIMPY_PT128","M2_SIMPY_PT155","43","52","1","1","0","0.0674","0.0588"
"DIFFERENT_BASE","M2_SIMPY_PT128","M2_SIMPY_PT156","43","52","1","2","0","0.0349","0.058"
"DIFFERENT_BASE","M2_SIMPY_PT128","M2_SIMPY_PT157","43","53","1","0","0","0.0476","0.0423"
"DIFFERENT_BASE","M2_SIMPY_PT128","M2_SIMPY_PT158","43","53","1","1","0","0.0326","0.1406"
"DIFFERENT_BASE","M2_SIMPY_PT128","M2_SIMPY_PT159","43","53","1","2","0","0.0233","0.1212"
"DIFFERENT_BASE","M2_SIMPY_PT128","M2_SIMPY_PT161","43","54","1","1","0","0.0698","0.0746"
"DIFFERENT_BASE","M2_SIMPY_PT128","M2_SIMPY_PT162","43","54","1","2","0","0.0333","0.0909"
"DIFFERENT_BASE","M2_SIMPY_PT128","M2_SIMPY_PT165","43","55","1","2","0.1429","0.0698","0.0714"
"DIFFERENT_BASE","M2_SIMPY_PT128","M2_SIMPY_PT166","43","56","1","0","0","0.0778","0.0429"
"DIFFERENT_BASE","M2_SIMPY_PT128","M2_SIMPY_PT167","43","56","1","1","0","0.0455","0.1231"
"DIFFERENT_BASE","M2_SIMPY_PT128","M2_SIMPY_PT169","43","57","1","0","0","0.037","0.0267"
"DIFFERENT_BASE","M2_SIMPY_PT128","M2_SIMPY_PT170","43","57","1","1","0","0.0685","0.1481"
"DIFFERENT_BASE","M2_SIMPY_PT128","M2_SIMPY_PT171","43","57","1","2","0","0.0361","0.0615"
"DIFFERENT_BASE","M2_SIMPY_PT128","M2_SIMPY_PT174","43","58","1","2","0","0.0345","0.0278"
"DIFFERENT_BASE","M2_SIMPY_PT128","M2_SIMPY_PT175","43","59","1","0","0","0.0455","0.0455"
"DIFFERENT_BASE","M2_SIMPY_PT128","M2_SIMPY_PT177","43","59","1","2","0","0.0235","0.05"
"DIFFERENT_BASE","M2_SIMPY_PT131","M2_SIMPY_PT133","44","45","1","0","0.25","0.1642","0.1719"
"DIFFERENT_BASE","M2_SIMPY_PT131","M2_SIMPY_PT135","44","45","1","2","0.1667","0.0732","0.1493"
"DIFFERENT_BASE","M2_SIMPY_PT131","M2_SIMPY_PT140","44","47","1","1","0.1667","0.3667","0.4681"
"DIFFERENT_BASE","M2_SIMPY_PT131","M2_SIMPY_PT143","44","48","1","1","0","0.1618","0.4444"
"DIFFERENT_BASE","M2_SIMPY_PT131","M2_SIMPY_PT144","44","48","1","2","0","0.0704","0.0323"
"DIFFERENT_BASE","M2_SIMPY_PT131","M2_SIMPY_PT146","44","49","1","1","0","0.0875","0.0704"
"DIFFERENT_BASE","M2_SIMPY_PT131","M2_SIMPY_PT148","44","50","1","0","0.1429","0.04","0.058"
"DIFFERENT_BASE","M2_SIMPY_PT131","M2_SIMPY_PT149","44","50","1","1","0","0.0123","0.1045"
"DIFFERENT_BASE","M2_SIMPY_PT131","M2_SIMPY_PT151","44","51","1","0","0","0.0127","0.0455"
"DIFFERENT_BASE","M2_SIMPY_PT131","M2_SIMPY_PT152","44","51","1","1","0","0.0233","0.1061"
"DIFFERENT_BASE","M2_SIMPY_PT131","M2_SIMPY_PT153","44","51","1","2","0.1429","0.0482","0.1475"
"DIFFERENT_BASE","M2_SIMPY_PT131","M2_SIMPY_PT155","44","52","1","1","0.2","0.0353","0.1774"
"DIFFERENT_BASE","M2_SIMPY_PT131","M2_SIMPY_PT156","44","52","1","2","0.1667","0.0513","0.0571"
"DIFFERENT_BASE","M2_SIMPY_PT131","M2_SIMPY_PT157","44","53","1","0","0","0.0253","0.0417"
"DIFFERENT_BASE","M2_SIMPY_PT131","M2_SIMPY_PT158","44","53","1","1","0","0.0732","0.1212"
"DIFFERENT_BASE","M2_SIMPY_PT131","M2_SIMPY_PT159","44","53","1","2","0","0.0125","0.0714"
"DIFFERENT_BASE","M2_SIMPY_PT131","M2_SIMPY_PT161","44","54","1","1","0","0.0241","0.1587"
"DIFFERENT_BASE","M2_SIMPY_PT131","M2_SIMPY_PT162","44","54","1","2","0.1429","0.0617","0.0896"
"DIFFERENT_BASE","M2_SIMPY_PT131","M2_SIMPY_PT165","44","55","1","2","0","0.0494","0.0857"
"DIFFERENT_BASE","M2_SIMPY_PT131","M2_SIMPY_PT166","44","56","1","0","0","0.0227","0.0882"
"DIFFERENT_BASE","M2_SIMPY_PT131","M2_SIMPY_PT167","44","56","1","1","0","0.0759","0.1746"
"DIFFERENT_BASE","M2_SIMPY_PT131","M2_SIMPY_PT169","44","57","1","0","0","0.0548","0.0685"
"DIFFERENT_BASE","M2_SIMPY_PT131","M2_SIMPY_PT170","44","57","1","1","0","0.0923","0.2115"
"DIFFERENT_BASE","M2_SIMPY_PT131","M2_SIMPY_PT171","44","57","1","2","0","0.0676","0.1667"
"DIFFERENT_BASE","M2_SIMPY_PT131","M2_SIMPY_PT174","44","58","1","2","0","0.0779","0.0274"
"DIFFERENT_BASE","M2_SIMPY_PT131","M2_SIMPY_PT175","44","59","1","0","0","0.0366","0.0448"
"DIFFERENT_BASE","M2_SIMPY_PT131","M2_SIMPY_PT177","44","59","1","2","0","0.039","0.1429"
"SAME_BASE_OTHER_CELL","M2_SIMPY_PT133","M2_SIMPY_PT135","45","45","0","2","0.3333","0.075","0.1714"
"DIFFERENT_BASE","M2_SIMPY_PT133","M2_SIMPY_PT140","45","47","0","1","0","0.1429","0.1212"
"DIFFERENT_BASE","M2_SIMPY_PT133","M2_SIMPY_PT143","45","48","0","1","0","0.1159","0.0938"
"DIFFERENT_BASE","M2_SIMPY_PT133","M2_SIMPY_PT144","45","48","0","2","0","0.0571","0.0455"
"DIFFERENT_BASE","M2_SIMPY_PT133","M2_SIMPY_PT146","45","49","0","1","0","0.0897","0.1739"
"DIFFERENT_BASE","M2_SIMPY_PT133","M2_SIMPY_PT148","45","50","0","0","0","0.027","0.1304"
"DIFFERENT_BASE","M2_SIMPY_PT133","M2_SIMPY_PT149","45","50","0","1","0","0.039","0.0395"
"DIFFERENT_BASE","M2_SIMPY_PT133","M2_SIMPY_PT151","45","51","0","0","0","0.013","0.1562"
"DIFFERENT_BASE","M2_SIMPY_PT133","M2_SIMPY_PT152","45","51","0","1","0","0.0238","0.04"
"DIFFERENT_BASE","M2_SIMPY_PT133","M2_SIMPY_PT153","45","51","0","2","0","0.0494","0.0274"
"DIFFERENT_BASE","M2_SIMPY_PT133","M2_SIMPY_PT155","45","52","0","1","0","0.0238","0.0541"
"DIFFERENT_BASE","M2_SIMPY_PT133","M2_SIMPY_PT156","45","52","0","2","0","0.039","0.0395"
"DIFFERENT_BASE","M2_SIMPY_PT133","M2_SIMPY_PT157","45","53","0","0","0","0.0128","0.1765"
"DIFFERENT_BASE","M2_SIMPY_PT133","M2_SIMPY_PT158","45","53","0","1","0","0.0488","0.0676"
"DIFFERENT_BASE","M2_SIMPY_PT133","M2_SIMPY_PT159","45","53","0","2","0","0.0128","0.039"
"DIFFERENT_BASE","M2_SIMPY_PT133","M2_SIMPY_PT161","45","54","0","1","0","0.0247","0.0541"
"DIFFERENT_BASE","M2_SIMPY_PT133","M2_SIMPY_PT162","45","54","0","2","0","0.05","0.0541"
"DIFFERENT_BASE","M2_SIMPY_PT133","M2_SIMPY_PT165","45","55","0","2","0","0.0506","0.0385"
"DIFFERENT_BASE","M2_SIMPY_PT133","M2_SIMPY_PT166","45","56","0","0","0","0.0353","0.0822"
"DIFFERENT_BASE","M2_SIMPY_PT133","M2_SIMPY_PT167","45","56","0","1","0","0.0506","0.0533"
"DIFFERENT_BASE","M2_SIMPY_PT133","M2_SIMPY_PT169","45","57","0","0","0","0.0274","0.1528"
"DIFFERENT_BASE","M2_SIMPY_PT133","M2_SIMPY_PT170","45","57","0","1","0","0.0455","0.1148"
"DIFFERENT_BASE","M2_SIMPY_PT133","M2_SIMPY_PT171","45","57","0","2","0","0.0548","0.087"
"DIFFERENT_BASE","M2_SIMPY_PT133","M2_SIMPY_PT174","45","58","0","2","0","0.0658","0.0256"
"DIFFERENT_BASE","M2_SIMPY_PT133","M2_SIMPY_PT175","45","59","0","0","0","0.0247","0.1538"
"DIFFERENT_BASE","M2_SIMPY_PT133","M2_SIMPY_PT177","45","59","0","2","0","0.0263","0.0615"
"DIFFERENT_BASE","M2_SIMPY_PT135","M2_SIMPY_PT140","45","47","2","1","0","0.0843","0.1014"
"DIFFERENT_BASE","M2_SIMPY_PT135","M2_SIMPY_PT143","45","48","2","1","0","0.061","0.0746"
"DIFFERENT_BASE","M2_SIMPY_PT135","M2_SIMPY_PT144","45","48","2","2","0","0.05","0.2034"
"DIFFERENT_BASE","M2_SIMPY_PT135","M2_SIMPY_PT146","45","49","2","1","0.1667","0.0674","0.1067"
"DIFFERENT_BASE","M2_SIMPY_PT135","M2_SIMPY_PT148","45","50","2","0","0","0.075","0.0526"
"DIFFERENT_BASE","M2_SIMPY_PT135","M2_SIMPY_PT149","45","50","2","1","0","0.0227","0.0519"
"DIFFERENT_BASE","M2_SIMPY_PT135","M2_SIMPY_PT151","45","51","2","0","0","0.0353","0.027"
"DIFFERENT_BASE","M2_SIMPY_PT135","M2_SIMPY_PT152","45","51","2","1","0","0.0105","0.1111"
"DIFFERENT_BASE","M2_SIMPY_PT135","M2_SIMPY_PT153","45","51","2","2","0","0.0674","0.1"
"DIFFERENT_BASE","M2_SIMPY_PT135","M2_SIMPY_PT155","45","52","2","1","0","0.0323","0.039"
"DIFFERENT_BASE","M2_SIMPY_PT135","M2_SIMPY_PT156","45","52","2","2","0","0.0345","0.1408"
"DIFFERENT_BASE","M2_SIMPY_PT135","M2_SIMPY_PT157","45","53","2","0","0","0.0595","0.025"
"DIFFERENT_BASE","M2_SIMPY_PT135","M2_SIMPY_PT158","45","53","2","1","0","0.0435","0.0658"
"DIFFERENT_BASE","M2_SIMPY_PT135","M2_SIMPY_PT159","45","53","2","2","0","0.0471","0.1389"
"DIFFERENT_BASE","M2_SIMPY_PT135","M2_SIMPY_PT161","45","54","2","1","0","0.022","0.039"
"DIFFERENT_BASE","M2_SIMPY_PT135","M2_SIMPY_PT162","45","54","2","2","0","0.0444","0.2121"
"DIFFERENT_BASE","M2_SIMPY_PT135","M2_SIMPY_PT165","45","55","2","2","0","0.0333","0.0375"
"DIFFERENT_BASE","M2_SIMPY_PT135","M2_SIMPY_PT166","45","56","2","0","0","0.0316","0.0253"
"DIFFERENT_BASE","M2_SIMPY_PT135","M2_SIMPY_PT167","45","56","2","1","0","0.0333","0.0658"
"DIFFERENT_BASE","M2_SIMPY_PT135","M2_SIMPY_PT169","45","57","2","0","0","0.0119","0.0494"
"DIFFERENT_BASE","M2_SIMPY_PT135","M2_SIMPY_PT170","45","57","2","1","0","0.0676","0.129"
"DIFFERENT_BASE","M2_SIMPY_PT135","M2_SIMPY_PT171","45","57","2","2","0","0.0482","0.1846"
"DIFFERENT_BASE","M2_SIMPY_PT135","M2_SIMPY_PT174","45","58","2","2","0","0.046","0.0649"
"DIFFERENT_BASE","M2_SIMPY_PT135","M2_SIMPY_PT175","45","59","2","0","0","0.0449","0.0267"
"DIFFERENT_BASE","M2_SIMPY_PT135","M2_SIMPY_PT177","45","59","2","2","0","0.0732","0.1094"
"DIFFERENT_BASE","M2_SIMPY_PT140","M2_SIMPY_PT143","47","48","1","1","0","0.1571","0.3913"
"DIFFERENT_BASE","M2_SIMPY_PT140","M2_SIMPY_PT144","47","48","1","2","0","0.0833","0.05"
"DIFFERENT_BASE","M2_SIMPY_PT140","M2_SIMPY_PT146","47","49","1","1","0","0.0723","0.087"
"DIFFERENT_BASE","M2_SIMPY_PT140","M2_SIMPY_PT148","47","50","1","0","0.1667","0.0256","0.0588"
"DIFFERENT_BASE","M2_SIMPY_PT140","M2_SIMPY_PT149","47","50","1","1","0.1667","0.012","0.0896"
"DIFFERENT_BASE","M2_SIMPY_PT140","M2_SIMPY_PT151","47","51","1","0","0.25","0.0513","0.0462"
"DIFFERENT_BASE","M2_SIMPY_PT140","M2_SIMPY_PT152","47","51","1","1","0","0.0227","0.0746"
"DIFFERENT_BASE","M2_SIMPY_PT140","M2_SIMPY_PT153","47","51","1","2","0.1667","0.0471","0.1129"
"DIFFERENT_BASE","M2_SIMPY_PT140","M2_SIMPY_PT155","47","52","1","1","0","0.0345","0.1803"
"DIFFERENT_BASE","M2_SIMPY_PT140","M2_SIMPY_PT156","47","52","1","2","0","0.05","0.058"
"DIFFERENT_BASE","M2_SIMPY_PT140","M2_SIMPY_PT157","47","53","1","0","0","0.0247","0.0423"
"DIFFERENT_BASE","M2_SIMPY_PT140","M2_SIMPY_PT158","47","53","1","1","0","0.0345","0.1231"
"DIFFERENT_BASE","M2_SIMPY_PT140","M2_SIMPY_PT159","47","53","1","2","0","0.0506","0.0725"
"DIFFERENT_BASE","M2_SIMPY_PT140","M2_SIMPY_PT161","47","54","1","1","0","0.0235","0.1429"
"DIFFERENT_BASE","M2_SIMPY_PT140","M2_SIMPY_PT162","47","54","1","2","0","0.0476","0.0909"
"DIFFERENT_BASE","M2_SIMPY_PT140","M2_SIMPY_PT165","47","55","1","2","0.1667","0.0482","0.087"
"DIFFERENT_BASE","M2_SIMPY_PT140","M2_SIMPY_PT166","47","56","1","0","0","0.0222","0.058"
"DIFFERENT_BASE","M2_SIMPY_PT140","M2_SIMPY_PT167","47","56","1","1","0","0.0482","0.1406"
"DIFFERENT_BASE","M2_SIMPY_PT140","M2_SIMPY_PT169","47","57","1","0","0","0.0676","0.0405"
"DIFFERENT_BASE","M2_SIMPY_PT140","M2_SIMPY_PT170","47","57","1","1","0.2","0.1061","0.1481"
"DIFFERENT_BASE","M2_SIMPY_PT140","M2_SIMPY_PT171","47","57","1","2","0","0.0658","0.1311"
"DIFFERENT_BASE","M2_SIMPY_PT140","M2_SIMPY_PT174","47","58","1","2","0","0.0625","0.0278"
"DIFFERENT_BASE","M2_SIMPY_PT140","M2_SIMPY_PT175","47","59","1","0","0","0.0482","0.0781"
"DIFFERENT_BASE","M2_SIMPY_PT140","M2_SIMPY_PT177","47","59","1","2","0","0.1081","0.1887"
"SAME_BASE_OTHER_CELL","M2_SIMPY_PT143","M2_SIMPY_PT144","48","48","1","2","0.6667","0.087","0.0926"
"DIFFERENT_BASE","M2_SIMPY_PT143","M2_SIMPY_PT146","48","49","1","1","0.4","0.0886","0.127"
"DIFFERENT_BASE","M2_SIMPY_PT143","M2_SIMPY_PT148","48","50","1","0","0","0.0267","0.0625"
"DIFFERENT_BASE","M2_SIMPY_PT143","M2_SIMPY_PT149","48","50","1","1","0","0.0253","0.1129"
"DIFFERENT_BASE","M2_SIMPY_PT143","M2_SIMPY_PT151","48","51","1","0","0","0.0128","0.0492"
"DIFFERENT_BASE","M2_SIMPY_PT143","M2_SIMPY_PT152","48","51","1","1","0","0.0235","0.0462"
"DIFFERENT_BASE","M2_SIMPY_PT143","M2_SIMPY_PT153","48","51","1","2","0","0.0488","0.0833"
"DIFFERENT_BASE","M2_SIMPY_PT143","M2_SIMPY_PT155","48","52","1","1","0","0.0482","0.1525"
"DIFFERENT_BASE","M2_SIMPY_PT143","M2_SIMPY_PT156","48","52","1","2","0","0.08","0.0615"
"DIFFERENT_BASE","M2_SIMPY_PT143","M2_SIMPY_PT157","48","53","1","0","0","0.0256","0.0448"
"DIFFERENT_BASE","M2_SIMPY_PT143","M2_SIMPY_PT158","48","53","1","1","0","0.1447","0.0781"
"DIFFERENT_BASE","M2_SIMPY_PT143","M2_SIMPY_PT159","48","53","1","2","0","0.0127","0.0448"
"DIFFERENT_BASE","M2_SIMPY_PT143","M2_SIMPY_PT161","48","54","1","1","0","0.037","0.1333"
"DIFFERENT_BASE","M2_SIMPY_PT143","M2_SIMPY_PT162","48","54","1","2","0","0.0494","0.0625"
"DIFFERENT_BASE","M2_SIMPY_PT143","M2_SIMPY_PT165","48","55","1","2","0","0.0909","0.0597"
"DIFFERENT_BASE","M2_SIMPY_PT143","M2_SIMPY_PT166","48","56","1","0","0","0.0349","0.0455"
"DIFFERENT_BASE","M2_SIMPY_PT143","M2_SIMPY_PT167","48","56","1","1","0","0.037","0.15"
"DIFFERENT_BASE","M2_SIMPY_PT143","M2_SIMPY_PT169","48","57","1","0","0","0.027","0.0429"
"DIFFERENT_BASE","M2_SIMPY_PT143","M2_SIMPY_PT170","48","57","1","1","0","0.0294","0.0943"
"DIFFERENT_BASE","M2_SIMPY_PT143","M2_SIMPY_PT171","48","57","1","2","0","0.0263","0.0833"
"DIFFERENT_BASE","M2_SIMPY_PT143","M2_SIMPY_PT174","48","58","1","2","0","0.1549","0.0145"
"DIFFERENT_BASE","M2_SIMPY_PT143","M2_SIMPY_PT175","48","59","1","0","0","0.0244","0.0656"
"DIFFERENT_BASE","M2_SIMPY_PT143","M2_SIMPY_PT177","48","59","1","2","0","0.0533","0.1569"
"DIFFERENT_BASE","M2_SIMPY_PT144","M2_SIMPY_PT146","48","49","2","1","0.5","0.0641","0.1111"
"DIFFERENT_BASE","M2_SIMPY_PT144","M2_SIMPY_PT148","48","50","2","0","0","0.0137","0.0635"
"DIFFERENT_BASE","M2_SIMPY_PT144","M2_SIMPY_PT149","48","50","2","1","0","0.013","0.0794"
"DIFFERENT_BASE","M2_SIMPY_PT144","M2_SIMPY_PT151","48","51","2","0","0","0.027","0.0328"
"DIFFERENT_BASE","M2_SIMPY_PT144","M2_SIMPY_PT152","48","51","2","1","0","0.012","0.1167"
"DIFFERENT_BASE","M2_SIMPY_PT144","M2_SIMPY_PT153","48","51","2","2","0","0.0247","0.2308"
"DIFFERENT_BASE","M2_SIMPY_PT144","M2_SIMPY_PT155","48","52","2","1","0","0.037","0.0308"
"DIFFERENT_BASE","M2_SIMPY_PT144","M2_SIMPY_PT156","48","52","2","2","0","0.013","0.2364"
"DIFFERENT_BASE","M2_SIMPY_PT144","M2_SIMPY_PT157","48","53","2","0","0","0.0132","0.0299"
"DIFFERENT_BASE","M2_SIMPY_PT144","M2_SIMPY_PT158","48","53","2","1","0","0.0244","0.0625"
"DIFFERENT_BASE","M2_SIMPY_PT144","M2_SIMPY_PT159","48","53","2","2","0","0.0267","0.3529"
"DIFFERENT_BASE","M2_SIMPY_PT144","M2_SIMPY_PT161","48","54","2","1","0","0.0253","0.0308"
"DIFFERENT_BASE","M2_SIMPY_PT144","M2_SIMPY_PT162","48","54","2","2","0","0.0123","0.2642"
"DIFFERENT_BASE","M2_SIMPY_PT144","M2_SIMPY_PT165","48","55","2","2","0","0.0385","0.0448"
"DIFFERENT_BASE","M2_SIMPY_PT144","M2_SIMPY_PT166","48","56","2","0","0","0.0361","0.0303"
"DIFFERENT_BASE","M2_SIMPY_PT144","M2_SIMPY_PT167","48","56","2","1","0","0.0253","0.0968"
"DIFFERENT_BASE","M2_SIMPY_PT144","M2_SIMPY_PT169","48","57","2","0","0","0.0282","0.0141"
"DIFFERENT_BASE","M2_SIMPY_PT144","M2_SIMPY_PT170","48","57","2","1","0","0.0635","0.0755"
"DIFFERENT_BASE","M2_SIMPY_PT144","M2_SIMPY_PT171","48","57","2","2","0","0.0135","0.1429"
"DIFFERENT_BASE","M2_SIMPY_PT144","M2_SIMPY_PT174","48","58","2","2","0","0.0395","0.0615"
"DIFFERENT_BASE","M2_SIMPY_PT144","M2_SIMPY_PT175","48","59","2","0","0","0.0519","0.0492"
"DIFFERENT_BASE","M2_SIMPY_PT144","M2_SIMPY_PT177","48","59","2","2","0","0.0556","0.1154"
"DIFFERENT_BASE","M2_SIMPY_PT146","M2_SIMPY_PT148","49","50","1","0","0","0.0625","0.0676"
"DIFFERENT_BASE","M2_SIMPY_PT146","M2_SIMPY_PT149","49","50","1","1","0","0.0595","0.0811"
"DIFFERENT_BASE","M2_SIMPY_PT146","M2_SIMPY_PT151","49","51","1","0","0","0","0.0563"
"DIFFERENT_BASE","M2_SIMPY_PT146","M2_SIMPY_PT152","49","51","1","1","0","0.0106","0.0395"
"DIFFERENT_BASE","M2_SIMPY_PT146","M2_SIMPY_PT153","49","51","1","2","0","0.0444","0.0411"
"DIFFERENT_BASE","M2_SIMPY_PT146","M2_SIMPY_PT155","49","52","1","1","0","0.0326","0.0676"
"DIFFERENT_BASE","M2_SIMPY_PT146","M2_SIMPY_PT156","49","52","1","2","0","0.0854","0.0256"
"DIFFERENT_BASE","M2_SIMPY_PT146","M2_SIMPY_PT157","49","53","1","0","0","0.0115","0.0658"
"DIFFERENT_BASE","M2_SIMPY_PT146","M2_SIMPY_PT158","49","53","1","1","0","0.044","0.0811"
"DIFFERENT_BASE","M2_SIMPY_PT146","M2_SIMPY_PT159","49","53","1","2","0","0.0732","0.0253"
"DIFFERENT_BASE","M2_SIMPY_PT146","M2_SIMPY_PT161","49","54","1","1","0","0.0337","0.0676"
"DIFFERENT_BASE","M2_SIMPY_PT146","M2_SIMPY_PT162","49","54","1","2","0","0.0568","0.026"
"DIFFERENT_BASE","M2_SIMPY_PT146","M2_SIMPY_PT165","49","55","1","2","0","0.0698","0.038"
"DIFFERENT_BASE","M2_SIMPY_PT146","M2_SIMPY_PT166","49","56","1","0","0","0.0659","0.039"
"DIFFERENT_BASE","M2_SIMPY_PT146","M2_SIMPY_PT167","49","56","1","1","0","0.0222","0.0667"
"DIFFERENT_BASE","M2_SIMPY_PT146","M2_SIMPY_PT169","49","57","1","0","0","0.012","0.0633"
"DIFFERENT_BASE","M2_SIMPY_PT146","M2_SIMPY_PT170","49","57","1","1","0","0.0833","0.0455"
"DIFFERENT_BASE","M2_SIMPY_PT146","M2_SIMPY_PT171","49","57","1","2","0","0.0361","0.0411"
"DIFFERENT_BASE","M2_SIMPY_PT146","M2_SIMPY_PT174","49","58","1","2","0","0.0588","0.0125"
"DIFFERENT_BASE","M2_SIMPY_PT146","M2_SIMPY_PT175","49","59","1","0","0","0.0455","0.0556"
"DIFFERENT_BASE","M2_SIMPY_PT146","M2_SIMPY_PT177","49","59","1","2","0","0.0482","0.0606"
"SAME_BASE_OTHER_CELL","M2_SIMPY_PT148","M2_SIMPY_PT149","50","50","0","1","0.6","0.1111","0.0845"
"DIFFERENT_BASE","M2_SIMPY_PT148","M2_SIMPY_PT151","50","51","0","0","0","0.013","0.1429"
"DIFFERENT_BASE","M2_SIMPY_PT148","M2_SIMPY_PT152","50","51","0","1","0","0.0118","0.0411"
"DIFFERENT_BASE","M2_SIMPY_PT148","M2_SIMPY_PT153","50","51","0","2","0.1429","0.0759","0.0429"
"DIFFERENT_BASE","M2_SIMPY_PT148","M2_SIMPY_PT155","50","52","0","1","0.2","0.0238","0.0556"
"DIFFERENT_BASE","M2_SIMPY_PT148","M2_SIMPY_PT156","50","52","0","2","0.1667","0.0667","0.0405"
"DIFFERENT_BASE","M2_SIMPY_PT148","M2_SIMPY_PT157","50","53","0","0","0","0.0533","0.1143"
"DIFFERENT_BASE","M2_SIMPY_PT148","M2_SIMPY_PT158","50","53","0","1","0","0.0488","0.0694"
"DIFFERENT_BASE","M2_SIMPY_PT148","M2_SIMPY_PT159","50","53","0","2","0","0.0533","0.0833"
"DIFFERENT_BASE","M2_SIMPY_PT148","M2_SIMPY_PT161","50","54","0","1","0","0.0506","0.0556"
"DIFFERENT_BASE","M2_SIMPY_PT148","M2_SIMPY_PT162","50","54","0","2","0.1429","0.1053","0.0411"
"DIFFERENT_BASE","M2_SIMPY_PT148","M2_SIMPY_PT165","50","55","0","2","0","0.0122","0.0822"
"DIFFERENT_BASE","M2_SIMPY_PT148","M2_SIMPY_PT166","50","56","0","0","0","0.0233","0.0845"
"DIFFERENT_BASE","M2_SIMPY_PT148","M2_SIMPY_PT167","50","56","0","1","0","0.0247","0.0405"
"DIFFERENT_BASE","M2_SIMPY_PT148","M2_SIMPY_PT169","50","57","0","0","0","0.0135","0.0385"
"DIFFERENT_BASE","M2_SIMPY_PT148","M2_SIMPY_PT170","50","57","0","1","0","0.0299","0.0645"
"DIFFERENT_BASE","M2_SIMPY_PT148","M2_SIMPY_PT171","50","57","0","2","0","0.0548","0.0429"
"DIFFERENT_BASE","M2_SIMPY_PT148","M2_SIMPY_PT174","50","58","0","2","0","0.0519","0.0263"
"DIFFERENT_BASE","M2_SIMPY_PT148","M2_SIMPY_PT175","50","59","0","0","0","0.0247","0.1231"
"DIFFERENT_BASE","M2_SIMPY_PT148","M2_SIMPY_PT177","50","59","0","2","0","0.04","0.0469"
"DIFFERENT_BASE","M2_SIMPY_PT149","M2_SIMPY_PT151","50","51","1","0","0","0","0.058"
"DIFFERENT_BASE","M2_SIMPY_PT149","M2_SIMPY_PT152","50","51","1","1","0","0.0465","0.0845"
"DIFFERENT_BASE","M2_SIMPY_PT149","M2_SIMPY_PT153","50","51","1","2","0","0.0723","0.1045"
"DIFFERENT_BASE","M2_SIMPY_PT149","M2_SIMPY_PT155","50","52","1","1","0","0.0465","0.0845"
"DIFFERENT_BASE","M2_SIMPY_PT149","M2_SIMPY_PT156","50","52","1","2","0","0.0633","0.0833"
"DIFFERENT_BASE","M2_SIMPY_PT149","M2_SIMPY_PT157","50","53","1","0","0","0.0641","0.0395"
"DIFFERENT_BASE","M2_SIMPY_PT149","M2_SIMPY_PT158","50","53","1","1","0","0.0588","0.1471"
"DIFFERENT_BASE","M2_SIMPY_PT149","M2_SIMPY_PT159","50","53","1","2","0","0.0375","0.1286"
"DIFFERENT_BASE","M2_SIMPY_PT149","M2_SIMPY_PT161","50","54","1","1","0","0.0741","0.1"
"DIFFERENT_BASE","M2_SIMPY_PT149","M2_SIMPY_PT162","50","54","1","2","0","0.0353","0.1159"
"DIFFERENT_BASE","M2_SIMPY_PT149","M2_SIMPY_PT165","50","55","1","2","0","0.0357","0.0526"
"DIFFERENT_BASE","M2_SIMPY_PT149","M2_SIMPY_PT166","50","56","1","0","0","0.0222","0.0541"
"DIFFERENT_BASE","M2_SIMPY_PT149","M2_SIMPY_PT167","50","56","1","1","0","0.0482","0.1143"
"DIFFERENT_BASE","M2_SIMPY_PT149","M2_SIMPY_PT169","50","57","1","0","0","0.0128","0.038"
"DIFFERENT_BASE","M2_SIMPY_PT149","M2_SIMPY_PT170","50","57","1","1","0","0.0282","0.0984"
"DIFFERENT_BASE","M2_SIMPY_PT149","M2_SIMPY_PT171","50","57","1","2","0","0.0253","0.0423"
"DIFFERENT_BASE","M2_SIMPY_PT149","M2_SIMPY_PT174","50","58","1","2","0","0.0494","0.026"
"DIFFERENT_BASE","M2_SIMPY_PT149","M2_SIMPY_PT175","50","59","1","0","0","0.0235","0.0725"
"DIFFERENT_BASE","M2_SIMPY_PT149","M2_SIMPY_PT177","50","59","1","2","0","0.0123","0.0462"
"SAME_BASE_OTHER_CELL","M2_SIMPY_PT151","M2_SIMPY_PT152","51","51","0","1","0.2","0.1","0.1613"
"SAME_BASE_OTHER_CELL","M2_SIMPY_PT151","M2_SIMPY_PT153","51","51","0","2","0.5","0.0741","0.1311"
"DIFFERENT_BASE","M2_SIMPY_PT151","M2_SIMPY_PT155","51","52","0","1","0","0.0864","0.1803"
"DIFFERENT_BASE","M2_SIMPY_PT151","M2_SIMPY_PT156","51","52","0","2","0","0","0.1774"
"DIFFERENT_BASE","M2_SIMPY_PT151","M2_SIMPY_PT157","51","53","0","0","0.25","0.0658","0.3704"
"DIFFERENT_BASE","M2_SIMPY_PT151","M2_SIMPY_PT158","51","53","0","1","0.2","0.1","0.2167"
"DIFFERENT_BASE","M2_SIMPY_PT151","M2_SIMPY_PT159","51","53","0","2","0.2","0.0125","0.1562"
"DIFFERENT_BASE","M2_SIMPY_PT151","M2_SIMPY_PT161","51","54","0","1","0.3333","0.0494","0.125"
"DIFFERENT_BASE","M2_SIMPY_PT151","M2_SIMPY_PT162","51","54","0","2","0.2","0.0361","0.0588"
"DIFFERENT_BASE","M2_SIMPY_PT151","M2_SIMPY_PT165","51","55","0","2","0.5","0.0241","0.1194"
"DIFFERENT_BASE","M2_SIMPY_PT151","M2_SIMPY_PT166","51","56","0","0","0","0.0465","0.2586"
"DIFFERENT_BASE","M2_SIMPY_PT151","M2_SIMPY_PT167","51","56","0","1","0","0.0241","0.1774"
"DIFFERENT_BASE","M2_SIMPY_PT151","M2_SIMPY_PT169","51","57","0","0","0.5","0.0405","0.2419"
"DIFFERENT_BASE","M2_SIMPY_PT151","M2_SIMPY_PT170","51","57","0","1","0.6667","0.0143","0.1923"
"DIFFERENT_BASE","M2_SIMPY_PT151","M2_SIMPY_PT171","51","57","0","2","0.2","0.0128","0.15"
"DIFFERENT_BASE","M2_SIMPY_PT151","M2_SIMPY_PT174","51","58","0","2","0","0.0122","0.0725"
"DIFFERENT_BASE","M2_SIMPY_PT151","M2_SIMPY_PT175","51","59","0","0","0.25","0.0366","0.2321"
"DIFFERENT_BASE","M2_SIMPY_PT151","M2_SIMPY_PT177","51","59","0","2","0.25","0.0256","0.05"
"SAME_BASE_OTHER_CELL","M2_SIMPY_PT152","M2_SIMPY_PT153","51","51","1","2","0.3333","0.0674","0.2373"
"DIFFERENT_BASE","M2_SIMPY_PT152","M2_SIMPY_PT155","51","52","1","1","0","0.1163","0.1343"
"DIFFERENT_BASE","M2_SIMPY_PT152","M2_SIMPY_PT156","51","52","1","2","0","0.0345","0.1324"
"DIFFERENT_BASE","M2_SIMPY_PT152","M2_SIMPY_PT157","51","53","1","0","0.1667","0.0595","0.0986"
"DIFFERENT_BASE","M2_SIMPY_PT152","M2_SIMPY_PT158","51","53","1","1","0.1429","0.2308","0.1846"
"DIFFERENT_BASE","M2_SIMPY_PT152","M2_SIMPY_PT159","51","53","1","2","0.1429","0.0471","0.1642"
"DIFFERENT_BASE","M2_SIMPY_PT152","M2_SIMPY_PT161","51","54","1","1","0.2","0.022","0.1343"
"DIFFERENT_BASE","M2_SIMPY_PT152","M2_SIMPY_PT162","51","54","1","2","0.1429","0.0805","0.1343"
"DIFFERENT_BASE","M2_SIMPY_PT152","M2_SIMPY_PT165","51","55","1","2","0.1429","0.0109","0.1449"
"DIFFERENT_BASE","M2_SIMPY_PT152","M2_SIMPY_PT166","51","56","1","0","0","0.0103","0.1846"
"DIFFERENT_BASE","M2_SIMPY_PT152","M2_SIMPY_PT167","51","56","1","1","0","0.0941","0.1667"
"DIFFERENT_BASE","M2_SIMPY_PT152","M2_SIMPY_PT169","51","57","1","0","0.25","0.0241","0.0946"
"DIFFERENT_BASE","M2_SIMPY_PT152","M2_SIMPY_PT170","51","57","1","1","0.1667","0.0128","0.2222"
"DIFFERENT_BASE","M2_SIMPY_PT152","M2_SIMPY_PT171","51","57","1","2","0.1429","0.1013","0.2373"
"DIFFERENT_BASE","M2_SIMPY_PT152","M2_SIMPY_PT174","51","58","1","2","0","0.0111","0.0833"
"DIFFERENT_BASE","M2_SIMPY_PT152","M2_SIMPY_PT175","51","59","1","0","0.1667","0.0109","0.058"
"DIFFERENT_BASE","M2_SIMPY_PT152","M2_SIMPY_PT177","51","59","1","2","0.1667","0.0115","0.0635"
"DIFFERENT_BASE","M2_SIMPY_PT153","M2_SIMPY_PT155","51","52","2","1","0.2","0.1176","0.1774"
"DIFFERENT_BASE","M2_SIMPY_PT153","M2_SIMPY_PT156","51","52","2","2","0.1667","0.0723","0.2542"
"DIFFERENT_BASE","M2_SIMPY_PT153","M2_SIMPY_PT157","51","53","2","0","0.1667","0.1282","0.087"
"DIFFERENT_BASE","M2_SIMPY_PT153","M2_SIMPY_PT158","51","53","2","1","0.1429","0.1176","0.1746"
"DIFFERENT_BASE","M2_SIMPY_PT153","M2_SIMPY_PT159","51","53","2","2","0.1429","0.0602","0.4151"
"DIFFERENT_BASE","M2_SIMPY_PT153","M2_SIMPY_PT161","51","54","2","1","0.2","0.1084","0.0735"
"DIFFERENT_BASE","M2_SIMPY_PT153","M2_SIMPY_PT162","51","54","2","2","0.3333","0.0449","0.2373"
"DIFFERENT_BASE","M2_SIMPY_PT153","M2_SIMPY_PT165","51","55","2","2","0.3333","0.0455","0.1343"
"DIFFERENT_BASE","M2_SIMPY_PT153","M2_SIMPY_PT166","51","56","2","0","0","0.0543","0.1746"
"DIFFERENT_BASE","M2_SIMPY_PT153","M2_SIMPY_PT167","51","56","2","1","0","0.0337","0.1746"
"DIFFERENT_BASE","M2_SIMPY_PT153","M2_SIMPY_PT169","51","57","2","0","0.25","0.0244","0.0685"
"DIFFERENT_BASE","M2_SIMPY_PT153","M2_SIMPY_PT170","51","57","2","1","0.4","0.0541","0.1667"
"DIFFERENT_BASE","M2_SIMPY_PT153","M2_SIMPY_PT171","51","57","2","2","0.1429","0.0361","0.2727"
"DIFFERENT_BASE","M2_SIMPY_PT153","M2_SIMPY_PT174","51","58","2","2","0","0.0465","0.1194"
"DIFFERENT_BASE","M2_SIMPY_PT153","M2_SIMPY_PT175","51","59","2","0","0.1667","0.0222","0.0294"
"DIFFERENT_BASE","M2_SIMPY_PT153","M2_SIMPY_PT177","51","59","2","2","0.1667","0.0357","0.1636"
"SAME_BASE_OTHER_CELL","M2_SIMPY_PT155","M2_SIMPY_PT156","52","52","1","2","0.6667","0.0588","0.2031"
"DIFFERENT_BASE","M2_SIMPY_PT155","M2_SIMPY_PT157","52","53","1","0","0","0.0988","0.1818"
"DIFFERENT_BASE","M2_SIMPY_PT155","M2_SIMPY_PT158","52","53","1","1","0.2","0.1163","0.2623"
"DIFFERENT_BASE","M2_SIMPY_PT155","M2_SIMPY_PT159","52","53","1","2","0.2","0.0349","0.1304"
"DIFFERENT_BASE","M2_SIMPY_PT155","M2_SIMPY_PT161","52","54","1","1","0","0.069","0.1515"
"DIFFERENT_BASE","M2_SIMPY_PT155","M2_SIMPY_PT162","52","54","1","2","0.2","0.0805","0.1014"
"DIFFERENT_BASE","M2_SIMPY_PT155","M2_SIMPY_PT165","52","55","1","2","0","0.0568","0.1127"
"DIFFERENT_BASE","M2_SIMPY_PT155","M2_SIMPY_PT166","52","56","1","0","0","0.0652","0.1667"
"DIFFERENT_BASE","M2_SIMPY_PT155","M2_SIMPY_PT167","52","56","1","1","0","0.0449","0.2623"
"DIFFERENT_BASE","M2_SIMPY_PT155","M2_SIMPY_PT169","52","57","1","0","0","0.0241","0.1571"
"DIFFERENT_BASE","M2_SIMPY_PT155","M2_SIMPY_PT170","52","57","1","1","0","0.026","0.1786"
"DIFFERENT_BASE","M2_SIMPY_PT155","M2_SIMPY_PT171","52","57","1","2","0","0.0741","0.1967"
"DIFFERENT_BASE","M2_SIMPY_PT155","M2_SIMPY_PT174","52","58","1","2","0","0.0341","0.0685"
"DIFFERENT_BASE","M2_SIMPY_PT155","M2_SIMPY_PT175","52","59","1","0","0","0.0333","0.0429"
"DIFFERENT_BASE","M2_SIMPY_PT155","M2_SIMPY_PT177","52","59","1","2","0","0.0353","0.1167"
"DIFFERENT_BASE","M2_SIMPY_PT156","M2_SIMPY_PT157","52","53","2","0","0","0.0506","0.1791"
"DIFFERENT_BASE","M2_SIMPY_PT156","M2_SIMPY_PT158","52","53","2","1","0.1667","0.0843","0.2"
"DIFFERENT_BASE","M2_SIMPY_PT156","M2_SIMPY_PT159","52","53","2","2","0.1667","0.0921","0.3167"
"DIFFERENT_BASE","M2_SIMPY_PT156","M2_SIMPY_PT161","52","54","2","1","0","0.061","0.0694"
"DIFFERENT_BASE","M2_SIMPY_PT156","M2_SIMPY_PT162","52","54","2","2","0.1667","0.1139","0.2419"
"DIFFERENT_BASE","M2_SIMPY_PT156","M2_SIMPY_PT165","52","55","2","2","0","0.0235","0.0811"
"DIFFERENT_BASE","M2_SIMPY_PT156","M2_SIMPY_PT166","52","56","2","0","0","0.0455","0.1304"
"DIFFERENT_BASE","M2_SIMPY_PT156","M2_SIMPY_PT167","52","56","2","1","0","0.0235","0.1642"
"DIFFERENT_BASE","M2_SIMPY_PT156","M2_SIMPY_PT169","52","57","2","0","0","0.0395","0.1389"
"DIFFERENT_BASE","M2_SIMPY_PT156","M2_SIMPY_PT170","52","57","2","1","0","0.0282","0.1356"
"DIFFERENT_BASE","M2_SIMPY_PT156","M2_SIMPY_PT171","52","57","2","2","0","0.0253","0.2131"
"DIFFERENT_BASE","M2_SIMPY_PT156","M2_SIMPY_PT174","52","58","2","2","0","0.0897","0.1286"
"DIFFERENT_BASE","M2_SIMPY_PT156","M2_SIMPY_PT175","52","59","2","0","0","0.0116","0.0278"
"DIFFERENT_BASE","M2_SIMPY_PT156","M2_SIMPY_PT177","52","59","2","2","0","0.038","0.0968"
"SAME_BASE_OTHER_CELL","M2_SIMPY_PT157","M2_SIMPY_PT158","53","53","0","1","0.4","0.0854","0.2951"
"SAME_BASE_OTHER_CELL","M2_SIMPY_PT157","M2_SIMPY_PT159","53","53","0","2","0.4","0.0789","0.1429"
"DIFFERENT_BASE","M2_SIMPY_PT157","M2_SIMPY_PT161","53","54","0","1","0.25","0.1169","0.0986"
"DIFFERENT_BASE","M2_SIMPY_PT157","M2_SIMPY_PT162","53","54","0","2","0.1667","0.0482","0.0541"
"DIFFERENT_BASE","M2_SIMPY_PT157","M2_SIMPY_PT165","53","55","0","2","0.4","0.0361","0.08"
"DIFFERENT_BASE","M2_SIMPY_PT157","M2_SIMPY_PT166","53","56","0","0","0","0.046","0.197"
"DIFFERENT_BASE","M2_SIMPY_PT157","M2_SIMPY_PT167","53","56","0","1","0.1667","0.0238","0.1618"
"DIFFERENT_BASE","M2_SIMPY_PT157","M2_SIMPY_PT169","53","57","0","0","0.3333","0.0986","0.3607"
"DIFFERENT_BASE","M2_SIMPY_PT157","M2_SIMPY_PT170","53","57","0","1","0.5","0.0141","0.1525"
"DIFFERENT_BASE","M2_SIMPY_PT157","M2_SIMPY_PT171","53","57","0","2","0.4","0.039","0.1364"
"DIFFERENT_BASE","M2_SIMPY_PT157","M2_SIMPY_PT174","53","58","0","2","0.1667","0.0244","0.0667"
"DIFFERENT_BASE","M2_SIMPY_PT157","M2_SIMPY_PT175","53","59","0","0","0.2","0.0617","0.1719"
"DIFFERENT_BASE","M2_SIMPY_PT157","M2_SIMPY_PT177","53","59","0","2","0.2","0.0253","0.0455"
"SAME_BASE_OTHER_CELL","M2_SIMPY_PT158","M2_SIMPY_PT159","53","53","1","2","0.6","0.0723","0.254"
"DIFFERENT_BASE","M2_SIMPY_PT158","M2_SIMPY_PT161","53","54","1","1","0.2","0.0449","0.1493"
"DIFFERENT_BASE","M2_SIMPY_PT158","M2_SIMPY_PT162","53","54","1","2","0.1429","0.0562","0.1667"
"DIFFERENT_BASE","M2_SIMPY_PT158","M2_SIMPY_PT165","53","55","1","2","0.1429","0.069","0.1111"
"DIFFERENT_BASE","M2_SIMPY_PT158","M2_SIMPY_PT166","53","56","1","0","0","0.0316","0.1642"
"DIFFERENT_BASE","M2_SIMPY_PT158","M2_SIMPY_PT167","53","56","1","1","0","0.0449","0.2787"
"DIFFERENT_BASE","M2_SIMPY_PT158","M2_SIMPY_PT169","53","57","1","0","0.25","0.0241","0.1884"
"DIFFERENT_BASE","M2_SIMPY_PT158","M2_SIMPY_PT170","53","57","1","1","0.1667","0.026","0.3137"
"DIFFERENT_BASE","M2_SIMPY_PT158","M2_SIMPY_PT171","53","57","1","2","0.1429","0.0482","0.2333"
"DIFFERENT_BASE","M2_SIMPY_PT158","M2_SIMPY_PT174","53","58","1","2","0.1429","0.1519","0.0822"
"DIFFERENT_BASE","M2_SIMPY_PT158","M2_SIMPY_PT175","53","59","1","0","0.1667","0.0109","0.0571"
"DIFFERENT_BASE","M2_SIMPY_PT158","M2_SIMPY_PT177","53","59","1","2","0.1667","0.0115","0.0794"
"DIFFERENT_BASE","M2_SIMPY_PT159","M2_SIMPY_PT161","53","54","2","1","0.2","0.0361","0.0986"
"DIFFERENT_BASE","M2_SIMPY_PT159","M2_SIMPY_PT162","53","54","2","2","0.1429","0.0741","0.322"
"DIFFERENT_BASE","M2_SIMPY_PT159","M2_SIMPY_PT165","53","55","2","2","0.1429","0.0238","0.125"
"DIFFERENT_BASE","M2_SIMPY_PT159","M2_SIMPY_PT166","53","56","2","0","0","0.0341","0.0972"
"DIFFERENT_BASE","M2_SIMPY_PT159","M2_SIMPY_PT167","53","56","2","1","0","0.0488","0.197"
"DIFFERENT_BASE","M2_SIMPY_PT159","M2_SIMPY_PT169","53","57","2","0","0.25","0.013","0.1216"
"DIFFERENT_BASE","M2_SIMPY_PT159","M2_SIMPY_PT170","53","57","2","1","0.1667","0.0435","0.2364"
"DIFFERENT_BASE","M2_SIMPY_PT159","M2_SIMPY_PT171","53","57","2","2","0.1429","0.0256","0.2931"
"DIFFERENT_BASE","M2_SIMPY_PT159","M2_SIMPY_PT174","53","58","2","2","0","0.05","0.1268"
"DIFFERENT_BASE","M2_SIMPY_PT159","M2_SIMPY_PT175","53","59","2","0","0.1667","0.0488","0.0417"
"DIFFERENT_BASE","M2_SIMPY_PT159","M2_SIMPY_PT177","53","59","2","2","0.1667","0.08","0.1129"
"SAME_BASE_OTHER_CELL","M2_SIMPY_PT161","M2_SIMPY_PT162","54","54","1","2","0.5","0.046","0.1515"
"DIFFERENT_BASE","M2_SIMPY_PT161","M2_SIMPY_PT165","54","55","1","2","0.2","0.0714","0.0822"
"DIFFERENT_BASE","M2_SIMPY_PT161","M2_SIMPY_PT166","54","56","1","0","0","0.0795","0.0694"
"DIFFERENT_BASE","M2_SIMPY_PT161","M2_SIMPY_PT167","54","56","1","1","0","0.0588","0.1846"
"DIFFERENT_BASE","M2_SIMPY_PT161","M2_SIMPY_PT169","54","57","1","0","0.5","0.025","0.0658"
"DIFFERENT_BASE","M2_SIMPY_PT161","M2_SIMPY_PT170","54","57","1","1","0.25","0.0556","0.1379"
"DIFFERENT_BASE","M2_SIMPY_PT161","M2_SIMPY_PT171","54","57","1","2","0.2","0.0244","0.1231"
"DIFFERENT_BASE","M2_SIMPY_PT161","M2_SIMPY_PT174","54","58","1","2","0","0.0353","0.0263"
"DIFFERENT_BASE","M2_SIMPY_PT161","M2_SIMPY_PT175","54","59","1","0","0.25","0.0588","0.058"
"DIFFERENT_BASE","M2_SIMPY_PT161","M2_SIMPY_PT177","54","59","1","2","0.25","0.0366","0.0984"
"DIFFERENT_BASE","M2_SIMPY_PT162","M2_SIMPY_PT165","54","55","2","2","0.1429","0.0111","0.0533"
"DIFFERENT_BASE","M2_SIMPY_PT162","M2_SIMPY_PT166","54","56","2","0","0","0.0213","0.0548"
"DIFFERENT_BASE","M2_SIMPY_PT162","M2_SIMPY_PT167","54","56","2","1","0","0.0581","0.1493"
"DIFFERENT_BASE","M2_SIMPY_PT162","M2_SIMPY_PT169","54","57","2","0","0.25","0.0122","0.0385"
"DIFFERENT_BASE","M2_SIMPY_PT162","M2_SIMPY_PT170","54","57","2","1","0.1667","0.0267","0.1186"
"DIFFERENT_BASE","M2_SIMPY_PT162","M2_SIMPY_PT171","54","57","2","2","0.1429","0.1333","0.1967"
"DIFFERENT_BASE","M2_SIMPY_PT162","M2_SIMPY_PT174","54","58","2","2","0","0.0723","0.0685"
"DIFFERENT_BASE","M2_SIMPY_PT162","M2_SIMPY_PT175","54","59","2","0","0.1667","0.0341","0.0282"
"DIFFERENT_BASE","M2_SIMPY_PT162","M2_SIMPY_PT177","54","59","2","2","0.1667","0.0361","0.1167"
"DIFFERENT_BASE","M2_SIMPY_PT165","M2_SIMPY_PT166","55","56","2","0","0","0.0795","0.1268"
"DIFFERENT_BASE","M2_SIMPY_PT165","M2_SIMPY_PT167","55","56","2","1","0.1429","0.0345","0.1429"
"DIFFERENT_BASE","M2_SIMPY_PT165","M2_SIMPY_PT169","55","57","2","0","0.25","0.025","0.0909"
"DIFFERENT_BASE","M2_SIMPY_PT165","M2_SIMPY_PT170","55","57","2","1","0.75","0.0857","0.1311"
"DIFFERENT_BASE","M2_SIMPY_PT165","M2_SIMPY_PT171","55","57","2","2","0.3333","0.037","0.1014"
"DIFFERENT_BASE","M2_SIMPY_PT165","M2_SIMPY_PT174","55","58","2","2","0.1429","0.1","0.08"
"DIFFERENT_BASE","M2_SIMPY_PT165","M2_SIMPY_PT175","55","59","2","0","0.1667","0.0345","0.027"
"DIFFERENT_BASE","M2_SIMPY_PT165","M2_SIMPY_PT177","55","59","2","2","0.1667","0.0494","0.0294"
"SAME_BASE_OTHER_CELL","M2_SIMPY_PT166","M2_SIMPY_PT167","56","56","0","1","0.6","0.0556","0.1471"
"DIFFERENT_BASE","M2_SIMPY_PT166","M2_SIMPY_PT169","56","57","0","0","0","0.0357","0.1389"
"DIFFERENT_BASE","M2_SIMPY_PT166","M2_SIMPY_PT170","56","57","0","1","0","0.0519","0.1356"
"DIFFERENT_BASE","M2_SIMPY_PT166","M2_SIMPY_PT171","56","57","0","2","0","0.023","0.1045"
"DIFFERENT_BASE","M2_SIMPY_PT166","M2_SIMPY_PT174","56","58","0","2","0","0.022","0.0676"
"DIFFERENT_BASE","M2_SIMPY_PT166","M2_SIMPY_PT175","56","59","0","0","0","0.044","0.0882"
"DIFFERENT_BASE","M2_SIMPY_PT166","M2_SIMPY_PT177","56","59","0","2","0","0.0227","0.0462"
"DIFFERENT_BASE","M2_SIMPY_PT167","M2_SIMPY_PT169","56","57","1","0","0","0.0513","0.1389"
"DIFFERENT_BASE","M2_SIMPY_PT167","M2_SIMPY_PT170","56","57","1","1","0.1667","0.0411","0.2407"
"DIFFERENT_BASE","M2_SIMPY_PT167","M2_SIMPY_PT171","56","57","1","2","0.1429","0.0633","0.1562"
"DIFFERENT_BASE","M2_SIMPY_PT167","M2_SIMPY_PT174","56","58","1","2","0.1429","0.0353","0.0822"
"DIFFERENT_BASE","M2_SIMPY_PT167","M2_SIMPY_PT175","56","59","1","0","0","0.0345","0.0423"
"DIFFERENT_BASE","M2_SIMPY_PT167","M2_SIMPY_PT177","56","59","1","2","0","0.0366","0.0794"
"SAME_BASE_OTHER_CELL","M2_SIMPY_PT169","M2_SIMPY_PT170","57","57","0","1","0.3333","0.0149","0.1833"
"SAME_BASE_OTHER_CELL","M2_SIMPY_PT169","M2_SIMPY_PT171","57","57","0","2","0.25","0.027","0.1642"
"DIFFERENT_BASE","M2_SIMPY_PT169","M2_SIMPY_PT174","57","58","0","2","0","0.0256","0.0641"
"DIFFERENT_BASE","M2_SIMPY_PT169","M2_SIMPY_PT175","57","59","0","0","0.3333","0.0649","0.0833"
"DIFFERENT_BASE","M2_SIMPY_PT169","M2_SIMPY_PT177","57","59","0","2","0.3333","0.0405","0.0435"
"SAME_BASE_OTHER_CELL","M2_SIMPY_PT170","M2_SIMPY_PT171","57","57","1","2","0.4","0.0448","0.3696"
"DIFFERENT_BASE","M2_SIMPY_PT170","M2_SIMPY_PT174","57","58","1","2","0.1667","0.0571","0.0968"
"DIFFERENT_BASE","M2_SIMPY_PT170","M2_SIMPY_PT175","57","59","1","0","0.2","0.0556","0.0678"
"DIFFERENT_BASE","M2_SIMPY_PT170","M2_SIMPY_PT177","57","59","1","2","0.2","0.0143","0.14"
"DIFFERENT_BASE","M2_SIMPY_PT171","M2_SIMPY_PT174","57","58","2","2","0.1429","0.0513","0.1364"
"DIFFERENT_BASE","M2_SIMPY_PT171","M2_SIMPY_PT175","57","59","2","0","0.1667","0.05","0.0448"
"DIFFERENT_BASE","M2_SIMPY_PT171","M2_SIMPY_PT177","57","59","2","2","0.1667","0.0128","0.2075"
"DIFFERENT_BASE","M2_SIMPY_PT174","M2_SIMPY_PT175","58","59","2","0","0","0.0233","0.0135"
"DIFFERENT_BASE","M2_SIMPY_PT174","M2_SIMPY_PT177","58","59","2","2","0","0.0506","0.0455"
"SAME_BASE_OTHER_CELL","M2_SIMPY_PT175","M2_SIMPY_PT177","59","59","0","2","0.2","0.0625","0.1228"
