set_declared,source_file,pdf_sha256,question_no,page,accuracy_percent,source_type_label
set01,"260711_도형의 닮음.pdf",658788553280c7332e5a6e01e21864bad959ba068ce32be30f776e29a7a2cdfa,001,1,72,"평면도형에서 닮음의 성질"
set01,"260711_도형의 닮음.pdf",658788553280c7332e5a6e01e21864bad959ba068ce32be30f776e29a7a2cdfa,002,1,71,"평면도형에서 닮음의 성질"
set01,"260711_도형의 닮음.pdf",658788553280c7332e5a6e01e21864bad959ba068ce32be30f776e29a7a2cdfa,003,1,89,"평면도형에서 닮음비의 응용"
set01,"260711_도형의 닮음.pdf",658788553280c7332e5a6e01e21864bad959ba068ce32be30f776e29a7a2cdfa,004,1,81,"평면도형에서 닮음비의 응용"
set01,"260711_도형의 닮음.pdf",658788553280c7332e5a6e01e21864bad959ba068ce32be30f776e29a7a2cdfa,005,2,71,"다면체에서 닮음비의 응용"
set01,"260711_도형의 닮음.pdf",658788553280c7332e5a6e01e21864bad959ba068ce32be30f776e29a7a2cdfa,006,2,80,"다면체에서 닮음비의 응용"
set01,"260711_도형의 닮음.pdf",658788553280c7332e5a6e01e21864bad959ba068ce32be30f776e29a7a2cdfa,007,2,83,"회전체에서 닮음비의 응용"
set01,"260711_도형의 닮음.pdf",658788553280c7332e5a6e01e21864bad959ba068ce32be30f776e29a7a2cdfa,008,2,67,"회전체에서 닮음비의 응용"
set01,"260711_도형의 닮음.pdf",658788553280c7332e5a6e01e21864bad959ba068ce32be30f776e29a7a2cdfa,009,3,69,"삼각형의 닮음 조건"
set01,"260711_도형의 닮음.pdf",658788553280c7332e5a6e01e21864bad959ba068ce32be30f776e29a7a2cdfa,010,3,77,"삼각형의 닮음 조건"
set01,"260711_도형의 닮음.pdf",658788553280c7332e5a6e01e21864bad959ba068ce32be30f776e29a7a2cdfa,011,3,79,"두 삼각형이 닮음이기 위하여 필요한 조건"
set01,"260711_도형의 닮음.pdf",658788553280c7332e5a6e01e21864bad959ba068ce32be30f776e29a7a2cdfa,012,3,78,"두 삼각형이 닮음이기 위하여 필요한 조건"
set01,"260711_도형의 닮음.pdf",658788553280c7332e5a6e01e21864bad959ba068ce32be30f776e29a7a2cdfa,013,4,78,"삼각형의 닮음 조건의 응용(1) SAS 닮음"
set01,"260711_도형의 닮음.pdf",658788553280c7332e5a6e01e21864bad959ba068ce32be30f776e29a7a2cdfa,014,4,80,"삼각형의 닮음 조건의 응용(1) SAS 닮음"
set01,"260711_도형의 닮음.pdf",658788553280c7332e5a6e01e21864bad959ba068ce32be30f776e29a7a2cdfa,015,4,81,"삼각형의 닮음 조건의 응용(2) AA 닮음"
set01,"260711_도형의 닮음.pdf",658788553280c7332e5a6e01e21864bad959ba068ce32be30f776e29a7a2cdfa,016,4,83,"삼각형의 닮음 조건의 응용(2) AA 닮음"
set01,"260711_도형의 닮음.pdf",658788553280c7332e5a6e01e21864bad959ba068ce32be30f776e29a7a2cdfa,017,5,80,"평행선에서 삼각형의 닮음 조건의 응용"
set01,"260711_도형의 닮음.pdf",658788553280c7332e5a6e01e21864bad959ba068ce32be30f776e29a7a2cdfa,018,5,71,"평행선에서 삼각형의 닮음 조건의 응용"
set01,"260711_도형의 닮음.pdf",658788553280c7332e5a6e01e21864bad959ba068ce32be30f776e29a7a2cdfa,019,5,59,"직각삼각형의 닮음(1) 공통인 각이 있는 경우"
set01,"260711_도형의 닮음.pdf",658788553280c7332e5a6e01e21864bad959ba068ce32be30f776e29a7a2cdfa,020,5,76,"직각삼각형의 닮음(1) 공통인 각이 있는 경우"
set01,"260711_도형의 닮음.pdf",658788553280c7332e5a6e01e21864bad959ba068ce32be30f776e29a7a2cdfa,021,6,66,"직각삼각형의 닮음(2) 한 예각의 크기가 같은 경우"
set01,"260711_도형의 닮음.pdf",658788553280c7332e5a6e01e21864bad959ba068ce32be30f776e29a7a2cdfa,022,6,52,"직각삼각형의 닮음(2) 한 예각의 크기가 같은 경우"
set01,"260711_도형의 닮음.pdf",658788553280c7332e5a6e01e21864bad959ba068ce32be30f776e29a7a2cdfa,023,6,64,"직각삼각형의 닮음의 응용"
set01,"260711_도형의 닮음.pdf",658788553280c7332e5a6e01e21864bad959ba068ce32be30f776e29a7a2cdfa,024,6,51,"직각삼각형의 닮음의 응용"
set01,"260711_도형의 닮음.pdf",658788553280c7332e5a6e01e21864bad959ba068ce32be30f776e29a7a2cdfa,025,7,71,"종이접기와 삼각형의 닮음"
set01,"260711_도형의 닮음.pdf",658788553280c7332e5a6e01e21864bad959ba068ce32be30f776e29a7a2cdfa,026,7,83,"종이접기와 삼각형의 닮음"
set01,"260711_도형의 닮음.pdf",658788553280c7332e5a6e01e21864bad959ba068ce32be30f776e29a7a2cdfa,027,7,63,"삼각형에서 평행선 사이의 선분의 길이의 비(1) 한 각이 공통각인 두 삼각형"
set01,"260711_도형의 닮음.pdf",658788553280c7332e5a6e01e21864bad959ba068ce32be30f776e29a7a2cdfa,028,7,67,"삼각형에서 평행선 사이의 선분의 길이의 비(1) 한 각이 공통각인 두 삼각형"
set01,"260711_도형의 닮음.pdf",658788553280c7332e5a6e01e21864bad959ba068ce32be30f776e29a7a2cdfa,029,8,71,"삼각형에서 평행선 사이의 선분의 길이의 비(2) 한 각이 맞꼭지각인 두 삼각형"
set01,"260711_도형의 닮음.pdf",658788553280c7332e5a6e01e21864bad959ba068ce32be30f776e29a7a2cdfa,030,8,87,"삼각형에서 평행선 사이의 선분의 길이의 비(2) 한 각이 맞꼭지각인 두 삼각형"
set01,"260711_도형의 닮음.pdf",658788553280c7332e5a6e01e21864bad959ba068ce32be30f776e29a7a2cdfa,031,8,77,"삼각형에서 평행선 사이의 선분의 길이의 비의 응용"
set01,"260711_도형의 닮음.pdf",658788553280c7332e5a6e01e21864bad959ba068ce32be30f776e29a7a2cdfa,032,8,73,"삼각형에서 평행선 사이의 선분의 길이의 비의 응용"
set01,"260711_도형의 닮음.pdf",658788553280c7332e5a6e01e21864bad959ba068ce32be30f776e29a7a2cdfa,033,9,67,"평행선 찾기"
set01,"260711_도형의 닮음.pdf",658788553280c7332e5a6e01e21864bad959ba068ce32be30f776e29a7a2cdfa,034,9,70,"삼각형의 내각의 이등분선과 변의 길이"
set01,"260711_도형의 닮음.pdf",658788553280c7332e5a6e01e21864bad959ba068ce32be30f776e29a7a2cdfa,035,9,65,"삼각형의 내각의 이등분선과 변의 길이"
set01,"260711_도형의 닮음.pdf",658788553280c7332e5a6e01e21864bad959ba068ce32be30f776e29a7a2cdfa,036,9,60,"삼각형의 내각의 이등분선과 삼각형의 넓이"
set01,"260711_도형의 닮음.pdf",658788553280c7332e5a6e01e21864bad959ba068ce32be30f776e29a7a2cdfa,037,10,78,"삼각형의 내각의 이등분선과 삼각형의 넓이"
set01,"260711_도형의 닮음.pdf",658788553280c7332e5a6e01e21864bad959ba068ce32be30f776e29a7a2cdfa,038,10,84,"삼각형의 외각의 이등분선과 변의 길이"
set01,"260711_도형의 닮음.pdf",658788553280c7332e5a6e01e21864bad959ba068ce32be30f776e29a7a2cdfa,039,10,61,"삼각형의 외각의 이등분선과 변의 길이"
set01,"260711_도형의 닮음.pdf",658788553280c7332e5a6e01e21864bad959ba068ce32be30f776e29a7a2cdfa,040,10,73,"삼각형의 외각의 이등분선과 삼각형의 넓이"
set01,"260711_도형의 닮음.pdf",658788553280c7332e5a6e01e21864bad959ba068ce32be30f776e29a7a2cdfa,041,11,63,"삼각형의 외각의 이등분선과 삼각형의 넓이"
set01,"260711_도형의 닮음.pdf",658788553280c7332e5a6e01e21864bad959ba068ce32be30f776e29a7a2cdfa,042,11,69,"평행선 사이의 길이의 비"
set01,"260711_도형의 닮음.pdf",658788553280c7332e5a6e01e21864bad959ba068ce32be30f776e29a7a2cdfa,043,11,60,"평행선 사이의 길이의 비"
set01,"260711_도형의 닮음.pdf",658788553280c7332e5a6e01e21864bad959ba068ce32be30f776e29a7a2cdfa,044,11,69,"사다리꼴에서 평행선 사이의 선분의 길이의 비"
set01,"260711_도형의 닮음.pdf",658788553280c7332e5a6e01e21864bad959ba068ce32be30f776e29a7a2cdfa,045,12,85,"사다리꼴에서 평행선 사이의 선분의 길이의 비"
set01,"260711_도형의 닮음.pdf",658788553280c7332e5a6e01e21864bad959ba068ce32be30f776e29a7a2cdfa,046,12,79,"사다리꼴에서 평행선과 한 대각선의 길이"
set01,"260711_도형의 닮음.pdf",658788553280c7332e5a6e01e21864bad959ba068ce32be30f776e29a7a2cdfa,047,12,76,"사다리꼴에서 평행선과 한 대각선의 길이"
set01,"260711_도형의 닮음.pdf",658788553280c7332e5a6e01e21864bad959ba068ce32be30f776e29a7a2cdfa,048,12,66,"사다리꼴에서 평행선과 두 대각선의 길이(1) 평행선이 대각선의 교점을 지나지 않을 때"
set01,"260711_도형의 닮음.pdf",658788553280c7332e5a6e01e21864bad959ba068ce32be30f776e29a7a2cdfa,049,13,63,"사다리꼴에서 평행선과 두 대각선의 길이(1) 평행선이 대각선의 교점을 지나지 않을 때"
set01,"260711_도형의 닮음.pdf",658788553280c7332e5a6e01e21864bad959ba068ce32be30f776e29a7a2cdfa,050,13,70,"사다리꼴에서 평행선과 두 대각선의 길이(2) 평행선이 대각선의 교점을 지날 때"
set01,"260711_도형의 닮음.pdf",658788553280c7332e5a6e01e21864bad959ba068ce32be30f776e29a7a2cdfa,051,13,50,"사다리꼴에서 평행선과 두 대각선의 길이(2) 평행선이 대각선의 교점을 지날 때"
set01,"260711_도형의 닮음.pdf",658788553280c7332e5a6e01e21864bad959ba068ce32be30f776e29a7a2cdfa,052,13,79,"평행선 사이의 길이의 비의 응용"
set01,"260711_도형의 닮음.pdf",658788553280c7332e5a6e01e21864bad959ba068ce32be30f776e29a7a2cdfa,053,14,64,"평행선 사이의 길이의 비의 응용"
set01,"260711_도형의 닮음.pdf",658788553280c7332e5a6e01e21864bad959ba068ce32be30f776e29a7a2cdfa,054,14,92,"삼각형의 두 변의 중점을 연결한 선분의 성질(1)"
set01,"260711_도형의 닮음.pdf",658788553280c7332e5a6e01e21864bad959ba068ce32be30f776e29a7a2cdfa,055,14,56,"삼각형의 두 변의 중점을 연결한 선분의 성질(1)"
set01,"260711_도형의 닮음.pdf",658788553280c7332e5a6e01e21864bad959ba068ce32be30f776e29a7a2cdfa,056,14,64,"삼각형의 두 변의 중점을 연결한 선분의 성질(2)"
set01,"260711_도형의 닮음.pdf",658788553280c7332e5a6e01e21864bad959ba068ce32be30f776e29a7a2cdfa,057,15,49,"삼각형의 두 변의 중점을 연결한 선분의 성질(2)"
set01,"260711_도형의 닮음.pdf",658788553280c7332e5a6e01e21864bad959ba068ce32be30f776e29a7a2cdfa,058,15,74,"삼각형의 중점을 연결한 선분 응용(1) 중점"
set01,"260711_도형의 닮음.pdf",658788553280c7332e5a6e01e21864bad959ba068ce32be30f776e29a7a2cdfa,059,15,90,"삼각형의 중점을 연결한 선분 응용(1) 중점"
set01,"260711_도형의 닮음.pdf",658788553280c7332e5a6e01e21864bad959ba068ce32be30f776e29a7a2cdfa,060,15,69,"삼각형의 중점을 연결한 선분 응용(2) 삼등분선"
set01,"260711_도형의 닮음.pdf",658788553280c7332e5a6e01e21864bad959ba068ce32be30f776e29a7a2cdfa,061,16,68,"삼각형의 중점을 연결한 선분 응용(2) 삼등분선"
set01,"260711_도형의 닮음.pdf",658788553280c7332e5a6e01e21864bad959ba068ce32be30f776e29a7a2cdfa,062,16,70,"삼각형의 세 변의 중점을 연결한 삼각형"
set01,"260711_도형의 닮음.pdf",658788553280c7332e5a6e01e21864bad959ba068ce32be30f776e29a7a2cdfa,063,16,71,"삼각형의 세 변의 중점을 연결한 삼각형"
set01,"260711_도형의 닮음.pdf",658788553280c7332e5a6e01e21864bad959ba068ce32be30f776e29a7a2cdfa,064,16,85,"사각형의 각 변의 중점을 연결하여 만든 사각형"
set01,"260711_도형의 닮음.pdf",658788553280c7332e5a6e01e21864bad959ba068ce32be30f776e29a7a2cdfa,065,17,90,"사각형의 각 변의 중점을 연결하여 만든 사각형"
set01,"260711_도형의 닮음.pdf",658788553280c7332e5a6e01e21864bad959ba068ce32be30f776e29a7a2cdfa,066,17,66,"사다리꼴의 두 변의 중점을 연결한 선분의 성질"
set01,"260711_도형의 닮음.pdf",658788553280c7332e5a6e01e21864bad959ba068ce32be30f776e29a7a2cdfa,067,17,77,"사다리꼴의 두 변의 중점을 연결한 선분의 성질"
set01,"260711_도형의 닮음.pdf",658788553280c7332e5a6e01e21864bad959ba068ce32be30f776e29a7a2cdfa,068,17,65,"삼각형의 중선의 성질"
set01,"260711_도형의 닮음.pdf",658788553280c7332e5a6e01e21864bad959ba068ce32be30f776e29a7a2cdfa,069,18,84,"삼각형의 중선의 성질"
set01,"260711_도형의 닮음.pdf",658788553280c7332e5a6e01e21864bad959ba068ce32be30f776e29a7a2cdfa,070,18,45,"삼각형의 무게중심(1) △ABC의 무게중심"
set01,"260711_도형의 닮음.pdf",658788553280c7332e5a6e01e21864bad959ba068ce32be30f776e29a7a2cdfa,071,18,44,"삼각형의 무게중심(1) △ABC의 무게중심"
set01,"260711_도형의 닮음.pdf",658788553280c7332e5a6e01e21864bad959ba068ce32be30f776e29a7a2cdfa,072,18,80,"삼각형의 무게중심(2) △ABC, △GBC의 무게중심"
set01,"260711_도형의 닮음.pdf",658788553280c7332e5a6e01e21864bad959ba068ce32be30f776e29a7a2cdfa,073,19,63,"삼각형의 무게중심(2) △ABC, △GBC의 무게중심"
set01,"260711_도형의 닮음.pdf",658788553280c7332e5a6e01e21864bad959ba068ce32be30f776e29a7a2cdfa,074,19,73,"삼각형의 무게중심의 응용(1)"
set01,"260711_도형의 닮음.pdf",658788553280c7332e5a6e01e21864bad959ba068ce32be30f776e29a7a2cdfa,075,19,83,"삼각형의 무게중심의 응용(1)"
set01,"260711_도형의 닮음.pdf",658788553280c7332e5a6e01e21864bad959ba068ce32be30f776e29a7a2cdfa,076,19,60,"삼각형의 무게중심의 응용(2)"
set01,"260711_도형의 닮음.pdf",658788553280c7332e5a6e01e21864bad959ba068ce32be30f776e29a7a2cdfa,077,20,70,"삼각형의 무게중심의 응용(2)"
set01,"260711_도형의 닮음.pdf",658788553280c7332e5a6e01e21864bad959ba068ce32be30f776e29a7a2cdfa,078,20,77,"삼각형의 무게중심의 응용(3)"
set01,"260711_도형의 닮음.pdf",658788553280c7332e5a6e01e21864bad959ba068ce32be30f776e29a7a2cdfa,079,20,70,"삼각형의 무게중심의 응용(3)"
set01,"260711_도형의 닮음.pdf",658788553280c7332e5a6e01e21864bad959ba068ce32be30f776e29a7a2cdfa,080,20,75,"삼각형의 무게중심과 넓이의 관계(1) △ABC의 무게중심"
set01,"260711_도형의 닮음.pdf",658788553280c7332e5a6e01e21864bad959ba068ce32be30f776e29a7a2cdfa,081,21,65,"삼각형의 무게중심과 넓이의 관계(1) △ABC의 무게중심"
set01,"260711_도형의 닮음.pdf",658788553280c7332e5a6e01e21864bad959ba068ce32be30f776e29a7a2cdfa,082,21,60,"삼각형의 무게중심과 넓이의 관계(2) △ABC, △GBC의 무게중심"
set01,"260711_도형의 닮음.pdf",658788553280c7332e5a6e01e21864bad959ba068ce32be30f776e29a7a2cdfa,083,21,82,"삼각형의 무게중심과 넓이의 관계(2) △ABC, △GBC의 무게중심"
set01,"260711_도형의 닮음.pdf",658788553280c7332e5a6e01e21864bad959ba068ce32be30f776e29a7a2cdfa,084,21,75,"평행사변형에서 삼각형의 무게중심의 응용(1) 길이"
set01,"260711_도형의 닮음.pdf",658788553280c7332e5a6e01e21864bad959ba068ce32be30f776e29a7a2cdfa,085,22,67,"평행사변형에서 삼각형의 무게중심의 응용(1) 길이"
set01,"260711_도형의 닮음.pdf",658788553280c7332e5a6e01e21864bad959ba068ce32be30f776e29a7a2cdfa,086,22,74,"평행사변형에서 삼각형의 무게중심의 응용(2) 넓이"
set01,"260711_도형의 닮음.pdf",658788553280c7332e5a6e01e21864bad959ba068ce32be30f776e29a7a2cdfa,087,22,82,"평행사변형에서 삼각형의 무게중심의 응용(2) 넓이"
set01,"260711_도형의 닮음.pdf",658788553280c7332e5a6e01e21864bad959ba068ce32be30f776e29a7a2cdfa,088,22,64,"닮은 두 평면도형의 넓이의 비"
set01,"260711_도형의 닮음.pdf",658788553280c7332e5a6e01e21864bad959ba068ce32be30f776e29a7a2cdfa,089,23,70,"닮은 두 평면도형의 넓이의 비"
set01,"260711_도형의 닮음.pdf",658788553280c7332e5a6e01e21864bad959ba068ce32be30f776e29a7a2cdfa,090,23,77,"닮은 두 평면도형의 넓이의 비의 활용"
set01,"260711_도형의 닮음.pdf",658788553280c7332e5a6e01e21864bad959ba068ce32be30f776e29a7a2cdfa,091,23,62,"닮은 두 평면도형의 넓이의 비의 활용"
set01,"260711_도형의 닮음.pdf",658788553280c7332e5a6e01e21864bad959ba068ce32be30f776e29a7a2cdfa,092,23,71,"닮은 두 입체도형의 겉넓이의 비"
set01,"260711_도형의 닮음.pdf",658788553280c7332e5a6e01e21864bad959ba068ce32be30f776e29a7a2cdfa,093,24,71,"닮은 두 입체도형의 겉넓이의 비"
set01,"260711_도형의 닮음.pdf",658788553280c7332e5a6e01e21864bad959ba068ce32be30f776e29a7a2cdfa,094,24,75,"닮은 두 입체도형의 겉넓이의 비의 활용"
set01,"260711_도형의 닮음.pdf",658788553280c7332e5a6e01e21864bad959ba068ce32be30f776e29a7a2cdfa,095,24,79,"닮은 두 입체도형의 겉넓이의 비의 활용"
set01,"260711_도형의 닮음.pdf",658788553280c7332e5a6e01e21864bad959ba068ce32be30f776e29a7a2cdfa,096,24,78,"닮은 두 입체도형의 부피의 비"
set01,"260711_도형의 닮음.pdf",658788553280c7332e5a6e01e21864bad959ba068ce32be30f776e29a7a2cdfa,097,25,59,"닮은 두 입체도형의 부피의 비"
set01,"260711_도형의 닮음.pdf",658788553280c7332e5a6e01e21864bad959ba068ce32be30f776e29a7a2cdfa,098,25,70,"닮은 두 입체도형의 부피의 비의 활용"
set01,"260711_도형의 닮음.pdf",658788553280c7332e5a6e01e21864bad959ba068ce32be30f776e29a7a2cdfa,099,25,62,"닮은 두 입체도형의 부피의 비의 활용"
set01,"260711_도형의 닮음.pdf",658788553280c7332e5a6e01e21864bad959ba068ce32be30f776e29a7a2cdfa,100,25,81,"닮음의 활용(1) 높이의 측정"
set01,"260711_도형의 닮음.pdf",658788553280c7332e5a6e01e21864bad959ba068ce32be30f776e29a7a2cdfa,101,26,54,"닮음의 활용(1) 높이의 측정"
set01,"260711_도형의 닮음.pdf",658788553280c7332e5a6e01e21864bad959ba068ce32be30f776e29a7a2cdfa,102,26,81,"닮음의 활용(2) 축도와 축척"
set01,"260711_도형의 닮음.pdf",658788553280c7332e5a6e01e21864bad959ba068ce32be30f776e29a7a2cdfa,103,26,47,"닮음의 활용(2) 축도와 축척"
set01,"260711_도형의 닮음.pdf",658788553280c7332e5a6e01e21864bad959ba068ce32be30f776e29a7a2cdfa,104,26,65,"삼각형의 변의 길이 구하기(1)"
set01,"260711_도형의 닮음.pdf",658788553280c7332e5a6e01e21864bad959ba068ce32be30f776e29a7a2cdfa,105,27,86,"삼각형의 변의 길이 구하기(1)"
set01,"260711_도형의 닮음.pdf",658788553280c7332e5a6e01e21864bad959ba068ce32be30f776e29a7a2cdfa,106,27,83,"삼각형의 변의 길이 구하기(2)"
set01,"260711_도형의 닮음.pdf",658788553280c7332e5a6e01e21864bad959ba068ce32be30f776e29a7a2cdfa,107,27,41,"삼각형의 변의 길이 구하기(2)"
set01,"260711_도형의 닮음.pdf",658788553280c7332e5a6e01e21864bad959ba068ce32be30f776e29a7a2cdfa,108,27,66,"삼각형의 변의 길이 구하기(3)"
set01,"260711_도형의 닮음.pdf",658788553280c7332e5a6e01e21864bad959ba068ce32be30f776e29a7a2cdfa,109,28,53,"삼각형의 변의 길이 구하기(3)"
set01,"260711_도형의 닮음.pdf",658788553280c7332e5a6e01e21864bad959ba068ce32be30f776e29a7a2cdfa,110,28,61,"직각삼각형의 닮음과 피타고라스 정리"
set01,"260711_도형의 닮음.pdf",658788553280c7332e5a6e01e21864bad959ba068ce32be30f776e29a7a2cdfa,111,28,54,"직각삼각형의 닮음과 피타고라스 정리"
set01,"260711_도형의 닮음.pdf",658788553280c7332e5a6e01e21864bad959ba068ce32be30f776e29a7a2cdfa,112,28,75,"사각형에서 피타고라스 정리의 이용(1) 대각선을 그어 푸는 경우"
set01,"260711_도형의 닮음.pdf",658788553280c7332e5a6e01e21864bad959ba068ce32be30f776e29a7a2cdfa,113,29,86,"사각형에서 피타고라스 정리의 이용(2) 수선을 그어 푸는 경우"
set01,"260711_도형의 닮음.pdf",658788553280c7332e5a6e01e21864bad959ba068ce32be30f776e29a7a2cdfa,114,29,67,"사각형에서 피타고라스 정리의 이용(2) 수선을 그어 푸는 경우"
set01,"260711_도형의 닮음.pdf",658788553280c7332e5a6e01e21864bad959ba068ce32be30f776e29a7a2cdfa,115,29,85,"직사각형의 대각선의 길이"
set01,"260711_도형의 닮음.pdf",658788553280c7332e5a6e01e21864bad959ba068ce32be30f776e29a7a2cdfa,116,29,51,"직사각형의 대각선의 길이"
set01,"260711_도형의 닮음.pdf",658788553280c7332e5a6e01e21864bad959ba068ce32be30f776e29a7a2cdfa,117,30,84,"이등변삼각형의 높이와 넓이"
set01,"260711_도형의 닮음.pdf",658788553280c7332e5a6e01e21864bad959ba068ce32be30f776e29a7a2cdfa,118,30,83,"이등변삼각형의 높이와 넓이"
set01,"260711_도형의 닮음.pdf",658788553280c7332e5a6e01e21864bad959ba068ce32be30f776e29a7a2cdfa,119,30,73,"피타고라스 정리의 설명(1) 유클리드의 방법"
set01,"260711_도형의 닮음.pdf",658788553280c7332e5a6e01e21864bad959ba068ce32be30f776e29a7a2cdfa,120,30,66,"피타고라스 정리의 설명(1) 유클리드의 방법"
set01,"260711_도형의 닮음.pdf",658788553280c7332e5a6e01e21864bad959ba068ce32be30f776e29a7a2cdfa,121,31,86,"피타고라스 정리의 설명(2) 피타고라스의 방법"
set01,"260711_도형의 닮음.pdf",658788553280c7332e5a6e01e21864bad959ba068ce32be30f776e29a7a2cdfa,122,31,69,"피타고라스 정리의 설명(2) 피타고라스의 방법"
set01,"260711_도형의 닮음.pdf",658788553280c7332e5a6e01e21864bad959ba068ce32be30f776e29a7a2cdfa,123,31,68,"피타고라스 정리의 설명(3) 가필드의 방법"
set01,"260711_도형의 닮음.pdf",658788553280c7332e5a6e01e21864bad959ba068ce32be30f776e29a7a2cdfa,124,31,79,"피타고라스 정리의 설명(3) 가필드의 방법"
set01,"260711_도형의 닮음.pdf",658788553280c7332e5a6e01e21864bad959ba068ce32be30f776e29a7a2cdfa,125,32,81,"피타고라스 정리의 설명(4) 바스카라의 방법"
set01,"260711_도형의 닮음.pdf",658788553280c7332e5a6e01e21864bad959ba068ce32be30f776e29a7a2cdfa,126,32,87,"피타고라스 정리의 설명(4) 바스카라의 방법"
set01,"260711_도형의 닮음.pdf",658788553280c7332e5a6e01e21864bad959ba068ce32be30f776e29a7a2cdfa,127,32,86,"직각삼각형이 되기 위한 조건"
set01,"260711_도형의 닮음.pdf",658788553280c7332e5a6e01e21864bad959ba068ce32be30f776e29a7a2cdfa,128,32,91,"직각삼각형이 되기 위한 조건"
set01,"260711_도형의 닮음.pdf",658788553280c7332e5a6e01e21864bad959ba068ce32be30f776e29a7a2cdfa,129,33,59,"변의 길이에 따른 삼각형의 종류"
set01,"260711_도형의 닮음.pdf",658788553280c7332e5a6e01e21864bad959ba068ce32be30f776e29a7a2cdfa,130,33,30,"변의 길이에 따른 삼각형의 종류"
set01,"260711_도형의 닮음.pdf",658788553280c7332e5a6e01e21864bad959ba068ce32be30f776e29a7a2cdfa,131,33,57,"각의 크기에 따른 삼각형의 변의 길이"
set01,"260711_도형의 닮음.pdf",658788553280c7332e5a6e01e21864bad959ba068ce32be30f776e29a7a2cdfa,132,33,68,"각의 크기에 따른 삼각형의 변의 길이"
set01,"260711_도형의 닮음.pdf",658788553280c7332e5a6e01e21864bad959ba068ce32be30f776e29a7a2cdfa,133,34,63,"피타고라스 정리의 활용(1) 직각삼각형"
set01,"260711_도형의 닮음.pdf",658788553280c7332e5a6e01e21864bad959ba068ce32be30f776e29a7a2cdfa,134,34,75,"피타고라스 정리의 활용(1) 직각삼각형"
set01,"260711_도형의 닮음.pdf",658788553280c7332e5a6e01e21864bad959ba068ce32be30f776e29a7a2cdfa,135,34,50,"피타고라스 정리의 활용(2) 사각형"
set01,"260711_도형의 닮음.pdf",658788553280c7332e5a6e01e21864bad959ba068ce32be30f776e29a7a2cdfa,136,34,59,"피타고라스 정리의 활용(2) 사각형"
set01,"260711_도형의 닮음.pdf",658788553280c7332e5a6e01e21864bad959ba068ce32be30f776e29a7a2cdfa,137,35,58,"피타고라스 정리의 활용(3) 직사각형 내부의 점"
set01,"260711_도형의 닮음.pdf",658788553280c7332e5a6e01e21864bad959ba068ce32be30f776e29a7a2cdfa,138,35,68,"피타고라스 정리의 활용(3) 직사각형 내부의 점"
set01,"260711_도형의 닮음.pdf",658788553280c7332e5a6e01e21864bad959ba068ce32be30f776e29a7a2cdfa,139,35,51,"피타고라스 정리의 활용(4) 직각삼각형의 세 반원 사이의 관계"
set01,"260711_도형의 닮음.pdf",658788553280c7332e5a6e01e21864bad959ba068ce32be30f776e29a7a2cdfa,140,35,80,"피타고라스 정리의 활용(4) 직각삼각형의 세 반원 사이의 관계"
set01,"260711_도형의 닮음.pdf",658788553280c7332e5a6e01e21864bad959ba068ce32be30f776e29a7a2cdfa,141,36,51,"피타고라스 정리의 활용(5) 히포크라테스의 원의 넓이"
set01,"260711_도형의 닮음.pdf",658788553280c7332e5a6e01e21864bad959ba068ce32be30f776e29a7a2cdfa,142,36,70,"피타고라스 정리의 활용(5) 히포크라테스의 원의 넓이"
set01,"260711_도형의 닮음.pdf",658788553280c7332e5a6e01e21864bad959ba068ce32be30f776e29a7a2cdfa,143,36,61,"피타고라스 나무 문제"
set01,"260711_도형의 닮음.pdf",658788553280c7332e5a6e01e21864bad959ba068ce32be30f776e29a7a2cdfa,144,36,58,"피타고라스 나무 문제"
set01,"260711_도형의 닮음.pdf",658788553280c7332e5a6e01e21864bad959ba068ce32be30f776e29a7a2cdfa,145,37,62,"종이접기와 피타고라스 정리"
set01,"260711_도형의 닮음.pdf",658788553280c7332e5a6e01e21864bad959ba068ce32be30f776e29a7a2cdfa,146,37,48,"종이접기와 피타고라스 정리"
set01,"260711_도형의 닮음.pdf",658788553280c7332e5a6e01e21864bad959ba068ce32be30f776e29a7a2cdfa,147,37,77,"입체도형에서의 피타고라스 정리"
set01,"260711_도형의 닮음.pdf",658788553280c7332e5a6e01e21864bad959ba068ce32be30f776e29a7a2cdfa,148,37,54,"입체도형에서의 피타고라스 정리"
set01,"260711_도형의 닮음.pdf",658788553280c7332e5a6e01e21864bad959ba068ce32be30f776e29a7a2cdfa,149,38,76,"원기둥에서의 최단 거리"
set01,"260711_도형의 닮음.pdf",658788553280c7332e5a6e01e21864bad959ba068ce32be30f776e29a7a2cdfa,150,38,31,"원기둥에서의 최단 거리"
set02,"260711_도형의 닮음(1).pdf",6dca62f28c7a448f72f619e824b9fee76d0e4fcf6dc44cf40795f7acd936c691,001,1,79,"평면도형에서 닮음의 성질"
set02,"260711_도형의 닮음(1).pdf",6dca62f28c7a448f72f619e824b9fee76d0e4fcf6dc44cf40795f7acd936c691,002,1,66,"평면도형에서 닮음비의 응용"
set02,"260711_도형의 닮음(1).pdf",6dca62f28c7a448f72f619e824b9fee76d0e4fcf6dc44cf40795f7acd936c691,003,1,71,"평면도형에서 닮음비의 응용"
set02,"260711_도형의 닮음(1).pdf",6dca62f28c7a448f72f619e824b9fee76d0e4fcf6dc44cf40795f7acd936c691,004,1,82,"평면도형에서 닮음비의 응용"
set02,"260711_도형의 닮음(1).pdf",6dca62f28c7a448f72f619e824b9fee76d0e4fcf6dc44cf40795f7acd936c691,005,2,66,"다면체에서 닮음비의 응용"
set02,"260711_도형의 닮음(1).pdf",6dca62f28c7a448f72f619e824b9fee76d0e4fcf6dc44cf40795f7acd936c691,006,2,68,"회전체에서 닮음비의 응용"
set02,"260711_도형의 닮음(1).pdf",6dca62f28c7a448f72f619e824b9fee76d0e4fcf6dc44cf40795f7acd936c691,007,2,73,"회전체에서 닮음비의 응용"
set02,"260711_도형의 닮음(1).pdf",6dca62f28c7a448f72f619e824b9fee76d0e4fcf6dc44cf40795f7acd936c691,008,2,72,"삼각형의 닮음 조건"
set02,"260711_도형의 닮음(1).pdf",6dca62f28c7a448f72f619e824b9fee76d0e4fcf6dc44cf40795f7acd936c691,009,3,57,"삼각형의 닮음 조건"
set02,"260711_도형의 닮음(1).pdf",6dca62f28c7a448f72f619e824b9fee76d0e4fcf6dc44cf40795f7acd936c691,010,3,78,"두 삼각형이 닮음이기 위하여 필요한 조건"
set02,"260711_도형의 닮음(1).pdf",6dca62f28c7a448f72f619e824b9fee76d0e4fcf6dc44cf40795f7acd936c691,011,3,67,"두 삼각형이 닮음이기 위하여 필요한 조건"
set02,"260711_도형의 닮음(1).pdf",6dca62f28c7a448f72f619e824b9fee76d0e4fcf6dc44cf40795f7acd936c691,012,3,77,"삼각형의 닮음 조건의 응용(1) SAS 닮음"
set02,"260711_도형의 닮음(1).pdf",6dca62f28c7a448f72f619e824b9fee76d0e4fcf6dc44cf40795f7acd936c691,013,4,71,"삼각형의 닮음 조건의 응용(1) SAS 닮음"
set02,"260711_도형의 닮음(1).pdf",6dca62f28c7a448f72f619e824b9fee76d0e4fcf6dc44cf40795f7acd936c691,014,4,83,"삼각형의 닮음 조건의 응용(2) AA 닮음"
set02,"260711_도형의 닮음(1).pdf",6dca62f28c7a448f72f619e824b9fee76d0e4fcf6dc44cf40795f7acd936c691,015,4,78,"삼각형의 닮음 조건의 응용(2) AA 닮음"
set02,"260711_도형의 닮음(1).pdf",6dca62f28c7a448f72f619e824b9fee76d0e4fcf6dc44cf40795f7acd936c691,016,4,87,"평행선에서 삼각형의 닮음 조건의 응용"
set02,"260711_도형의 닮음(1).pdf",6dca62f28c7a448f72f619e824b9fee76d0e4fcf6dc44cf40795f7acd936c691,017,5,70,"평행선에서 삼각형의 닮음 조건의 응용"
set02,"260711_도형의 닮음(1).pdf",6dca62f28c7a448f72f619e824b9fee76d0e4fcf6dc44cf40795f7acd936c691,018,5,62,"직각삼각형의 닮음(1) 공통인 각이 있는 경우"
set02,"260711_도형의 닮음(1).pdf",6dca62f28c7a448f72f619e824b9fee76d0e4fcf6dc44cf40795f7acd936c691,019,5,75,"직각삼각형의 닮음(1) 공통인 각이 있는 경우"
set02,"260711_도형의 닮음(1).pdf",6dca62f28c7a448f72f619e824b9fee76d0e4fcf6dc44cf40795f7acd936c691,020,5,74,"직각삼각형의 닮음(2) 한 예각의 크기가 같은 경우"
set02,"260711_도형의 닮음(1).pdf",6dca62f28c7a448f72f619e824b9fee76d0e4fcf6dc44cf40795f7acd936c691,021,6,58,"직각삼각형의 닮음(2) 한 예각의 크기가 같은 경우"
set02,"260711_도형의 닮음(1).pdf",6dca62f28c7a448f72f619e824b9fee76d0e4fcf6dc44cf40795f7acd936c691,022,6,61,"직각삼각형의 닮음의 응용"
set02,"260711_도형의 닮음(1).pdf",6dca62f28c7a448f72f619e824b9fee76d0e4fcf6dc44cf40795f7acd936c691,023,6,60,"직각삼각형의 닮음의 응용"
set02,"260711_도형의 닮음(1).pdf",6dca62f28c7a448f72f619e824b9fee76d0e4fcf6dc44cf40795f7acd936c691,024,6,63,"종이접기와 삼각형의 닮음"
set02,"260711_도형의 닮음(1).pdf",6dca62f28c7a448f72f619e824b9fee76d0e4fcf6dc44cf40795f7acd936c691,025,7,73,"종이접기와 삼각형의 닮음"
set02,"260711_도형의 닮음(1).pdf",6dca62f28c7a448f72f619e824b9fee76d0e4fcf6dc44cf40795f7acd936c691,026,7,83,"삼각형에서 평행선 사이의 선분의 길이의 비(1) 한 각이 공통각인 두 삼각형"
set02,"260711_도형의 닮음(1).pdf",6dca62f28c7a448f72f619e824b9fee76d0e4fcf6dc44cf40795f7acd936c691,027,7,58,"삼각형에서 평행선 사이의 선분의 길이의 비(1) 한 각이 공통각인 두 삼각형"
set02,"260711_도형의 닮음(1).pdf",6dca62f28c7a448f72f619e824b9fee76d0e4fcf6dc44cf40795f7acd936c691,028,7,82,"삼각형에서 평행선 사이의 선분의 길이의 비(2) 한 각이 맞꼭지각인 두 삼각형"
set02,"260711_도형의 닮음(1).pdf",6dca62f28c7a448f72f619e824b9fee76d0e4fcf6dc44cf40795f7acd936c691,029,8,89,"삼각형에서 평행선 사이의 선분의 길이의 비(2) 한 각이 맞꼭지각인 두 삼각형"
set02,"260711_도형의 닮음(1).pdf",6dca62f28c7a448f72f619e824b9fee76d0e4fcf6dc44cf40795f7acd936c691,030,8,68,"삼각형에서 평행선 사이의 선분의 길이의 비의 응용"
set02,"260711_도형의 닮음(1).pdf",6dca62f28c7a448f72f619e824b9fee76d0e4fcf6dc44cf40795f7acd936c691,031,8,74,"삼각형에서 평행선 사이의 선분의 길이의 비의 응용"
set02,"260711_도형의 닮음(1).pdf",6dca62f28c7a448f72f619e824b9fee76d0e4fcf6dc44cf40795f7acd936c691,032,8,61,"평행선 찾기"
set02,"260711_도형의 닮음(1).pdf",6dca62f28c7a448f72f619e824b9fee76d0e4fcf6dc44cf40795f7acd936c691,033,9,69,"평행선 찾기"
set02,"260711_도형의 닮음(1).pdf",6dca62f28c7a448f72f619e824b9fee76d0e4fcf6dc44cf40795f7acd936c691,034,9,65,"삼각형의 내각의 이등분선과 변의 길이"
set02,"260711_도형의 닮음(1).pdf",6dca62f28c7a448f72f619e824b9fee76d0e4fcf6dc44cf40795f7acd936c691,035,9,63,"삼각형의 내각의 이등분선과 변의 길이"
set02,"260711_도형의 닮음(1).pdf",6dca62f28c7a448f72f619e824b9fee76d0e4fcf6dc44cf40795f7acd936c691,036,9,80,"삼각형의 내각의 이등분선과 삼각형의 넓이"
set02,"260711_도형의 닮음(1).pdf",6dca62f28c7a448f72f619e824b9fee76d0e4fcf6dc44cf40795f7acd936c691,037,10,63,"삼각형의 내각의 이등분선과 삼각형의 넓이"
set02,"260711_도형의 닮음(1).pdf",6dca62f28c7a448f72f619e824b9fee76d0e4fcf6dc44cf40795f7acd936c691,038,10,81,"삼각형의 외각의 이등분선과 변의 길이"
set02,"260711_도형의 닮음(1).pdf",6dca62f28c7a448f72f619e824b9fee76d0e4fcf6dc44cf40795f7acd936c691,039,10,68,"삼각형의 외각의 이등분선과 변의 길이"
set02,"260711_도형의 닮음(1).pdf",6dca62f28c7a448f72f619e824b9fee76d0e4fcf6dc44cf40795f7acd936c691,040,10,68,"삼각형의 외각의 이등분선과 삼각형의 넓이"
set02,"260711_도형의 닮음(1).pdf",6dca62f28c7a448f72f619e824b9fee76d0e4fcf6dc44cf40795f7acd936c691,041,11,67,"삼각형의 외각의 이등분선과 삼각형의 넓이"
set02,"260711_도형의 닮음(1).pdf",6dca62f28c7a448f72f619e824b9fee76d0e4fcf6dc44cf40795f7acd936c691,042,11,67,"평행선 사이의 길이의 비"
set02,"260711_도형의 닮음(1).pdf",6dca62f28c7a448f72f619e824b9fee76d0e4fcf6dc44cf40795f7acd936c691,043,11,75,"평행선 사이의 길이의 비"
set02,"260711_도형의 닮음(1).pdf",6dca62f28c7a448f72f619e824b9fee76d0e4fcf6dc44cf40795f7acd936c691,044,11,80,"사다리꼴에서 평행선 사이의 선분의 길이의 비"
set02,"260711_도형의 닮음(1).pdf",6dca62f28c7a448f72f619e824b9fee76d0e4fcf6dc44cf40795f7acd936c691,045,12,67,"사다리꼴에서 평행선 사이의 선분의 길이의 비"
set02,"260711_도형의 닮음(1).pdf",6dca62f28c7a448f72f619e824b9fee76d0e4fcf6dc44cf40795f7acd936c691,046,12,81,"사다리꼴에서 평행선과 한 대각선의 길이"
set02,"260711_도형의 닮음(1).pdf",6dca62f28c7a448f72f619e824b9fee76d0e4fcf6dc44cf40795f7acd936c691,047,12,70,"사다리꼴에서 평행선과 한 대각선의 길이"
set02,"260711_도형의 닮음(1).pdf",6dca62f28c7a448f72f619e824b9fee76d0e4fcf6dc44cf40795f7acd936c691,048,12,74,"사다리꼴에서 평행선과 두 대각선의 길이(1) 평행선이 대각선의 교점을 지나지 않을 때"
set02,"260711_도형의 닮음(1).pdf",6dca62f28c7a448f72f619e824b9fee76d0e4fcf6dc44cf40795f7acd936c691,049,13,62,"사다리꼴에서 평행선과 두 대각선의 길이(1) 평행선이 대각선의 교점을 지나지 않을 때"
set02,"260711_도형의 닮음(1).pdf",6dca62f28c7a448f72f619e824b9fee76d0e4fcf6dc44cf40795f7acd936c691,050,13,73,"사다리꼴에서 평행선과 두 대각선의 길이(2) 평행선이 대각선의 교점을 지날 때"
set02,"260711_도형의 닮음(1).pdf",6dca62f28c7a448f72f619e824b9fee76d0e4fcf6dc44cf40795f7acd936c691,051,13,66,"사다리꼴에서 평행선과 두 대각선의 길이(2) 평행선이 대각선의 교점을 지날 때"
set02,"260711_도형의 닮음(1).pdf",6dca62f28c7a448f72f619e824b9fee76d0e4fcf6dc44cf40795f7acd936c691,052,13,66,"평행선 사이의 길이의 비의 응용"
set02,"260711_도형의 닮음(1).pdf",6dca62f28c7a448f72f619e824b9fee76d0e4fcf6dc44cf40795f7acd936c691,053,14,75,"평행선 사이의 길이의 비의 응용"
set02,"260711_도형의 닮음(1).pdf",6dca62f28c7a448f72f619e824b9fee76d0e4fcf6dc44cf40795f7acd936c691,054,14,87,"삼각형의 두 변의 중점을 연결한 선분의 성질(1)"
set02,"260711_도형의 닮음(1).pdf",6dca62f28c7a448f72f619e824b9fee76d0e4fcf6dc44cf40795f7acd936c691,055,14,59,"삼각형의 두 변의 중점을 연결한 선분의 성질(1)"
set02,"260711_도형의 닮음(1).pdf",6dca62f28c7a448f72f619e824b9fee76d0e4fcf6dc44cf40795f7acd936c691,056,14,57,"삼각형의 두 변의 중점을 연결한 선분의 성질(2)"
set02,"260711_도형의 닮음(1).pdf",6dca62f28c7a448f72f619e824b9fee76d0e4fcf6dc44cf40795f7acd936c691,057,15,53,"삼각형의 두 변의 중점을 연결한 선분의 성질(2)"
set02,"260711_도형의 닮음(1).pdf",6dca62f28c7a448f72f619e824b9fee76d0e4fcf6dc44cf40795f7acd936c691,058,15,70,"삼각형의 중점을 연결한 선분 응용(1) 중점"
set02,"260711_도형의 닮음(1).pdf",6dca62f28c7a448f72f619e824b9fee76d0e4fcf6dc44cf40795f7acd936c691,059,15,76,"삼각형의 중점을 연결한 선분 응용(1) 중점"
set02,"260711_도형의 닮음(1).pdf",6dca62f28c7a448f72f619e824b9fee76d0e4fcf6dc44cf40795f7acd936c691,060,15,79,"삼각형의 중점을 연결한 선분 응용(2) 삼등분선"
set02,"260711_도형의 닮음(1).pdf",6dca62f28c7a448f72f619e824b9fee76d0e4fcf6dc44cf40795f7acd936c691,061,16,68,"삼각형의 중점을 연결한 선분 응용(2) 삼등분선"
set02,"260711_도형의 닮음(1).pdf",6dca62f28c7a448f72f619e824b9fee76d0e4fcf6dc44cf40795f7acd936c691,062,16,84,"사각형의 각 변의 중점을 연결하여 만든 사각형"
set02,"260711_도형의 닮음(1).pdf",6dca62f28c7a448f72f619e824b9fee76d0e4fcf6dc44cf40795f7acd936c691,063,16,86,"사각형의 각 변의 중점을 연결하여 만든 사각형"
set02,"260711_도형의 닮음(1).pdf",6dca62f28c7a448f72f619e824b9fee76d0e4fcf6dc44cf40795f7acd936c691,064,16,80,"사다리꼴의 두 변의 중점을 연결한 선분의 성질"
set02,"260711_도형의 닮음(1).pdf",6dca62f28c7a448f72f619e824b9fee76d0e4fcf6dc44cf40795f7acd936c691,065,17,72,"사다리꼴의 두 변의 중점을 연결한 선분의 성질"
set02,"260711_도형의 닮음(1).pdf",6dca62f28c7a448f72f619e824b9fee76d0e4fcf6dc44cf40795f7acd936c691,066,17,58,"삼각형의 중선의 성질"
set02,"260711_도형의 닮음(1).pdf",6dca62f28c7a448f72f619e824b9fee76d0e4fcf6dc44cf40795f7acd936c691,067,17,79,"삼각형의 중선의 성질"
set02,"260711_도형의 닮음(1).pdf",6dca62f28c7a448f72f619e824b9fee76d0e4fcf6dc44cf40795f7acd936c691,068,17,70,"삼각형의 중선의 성질"
set02,"260711_도형의 닮음(1).pdf",6dca62f28c7a448f72f619e824b9fee76d0e4fcf6dc44cf40795f7acd936c691,069,18,83,"삼각형의 무게중심(1) △ABC의 무게중심"
set02,"260711_도형의 닮음(1).pdf",6dca62f28c7a448f72f619e824b9fee76d0e4fcf6dc44cf40795f7acd936c691,070,18,30,"삼각형의 무게중심(1) △ABC의 무게중심"
set02,"260711_도형의 닮음(1).pdf",6dca62f28c7a448f72f619e824b9fee76d0e4fcf6dc44cf40795f7acd936c691,071,18,83,"삼각형의 무게중심(2) △ABC, △GBC의 무게중심"
set02,"260711_도형의 닮음(1).pdf",6dca62f28c7a448f72f619e824b9fee76d0e4fcf6dc44cf40795f7acd936c691,072,18,78,"삼각형의 무게중심(2) △ABC, △GBC의 무게중심"
set02,"260711_도형의 닮음(1).pdf",6dca62f28c7a448f72f619e824b9fee76d0e4fcf6dc44cf40795f7acd936c691,073,19,78,"삼각형의 무게중심의 응용(1)"
set02,"260711_도형의 닮음(1).pdf",6dca62f28c7a448f72f619e824b9fee76d0e4fcf6dc44cf40795f7acd936c691,074,19,80,"삼각형의 무게중심의 응용(1)"
set02,"260711_도형의 닮음(1).pdf",6dca62f28c7a448f72f619e824b9fee76d0e4fcf6dc44cf40795f7acd936c691,075,19,75,"삼각형의 무게중심의 응용(2)"
set02,"260711_도형의 닮음(1).pdf",6dca62f28c7a448f72f619e824b9fee76d0e4fcf6dc44cf40795f7acd936c691,076,19,79,"삼각형의 무게중심의 응용(2)"
set02,"260711_도형의 닮음(1).pdf",6dca62f28c7a448f72f619e824b9fee76d0e4fcf6dc44cf40795f7acd936c691,077,20,72,"삼각형의 무게중심의 응용(3)"
set02,"260711_도형의 닮음(1).pdf",6dca62f28c7a448f72f619e824b9fee76d0e4fcf6dc44cf40795f7acd936c691,078,20,69,"삼각형의 무게중심의 응용(3)"
set02,"260711_도형의 닮음(1).pdf",6dca62f28c7a448f72f619e824b9fee76d0e4fcf6dc44cf40795f7acd936c691,079,20,79,"삼각형의 무게중심과 넓이의 관계(1) △ABC의 무게중심"
set02,"260711_도형의 닮음(1).pdf",6dca62f28c7a448f72f619e824b9fee76d0e4fcf6dc44cf40795f7acd936c691,080,20,69,"삼각형의 무게중심과 넓이의 관계(1) △ABC의 무게중심"
set02,"260711_도형의 닮음(1).pdf",6dca62f28c7a448f72f619e824b9fee76d0e4fcf6dc44cf40795f7acd936c691,081,21,75,"삼각형의 무게중심과 넓이의 관계(2) △ABC, △GBC의 무게중심"
set02,"260711_도형의 닮음(1).pdf",6dca62f28c7a448f72f619e824b9fee76d0e4fcf6dc44cf40795f7acd936c691,082,21,78,"삼각형의 무게중심과 넓이의 관계(2) △ABC, △GBC의 무게중심"
set02,"260711_도형의 닮음(1).pdf",6dca62f28c7a448f72f619e824b9fee76d0e4fcf6dc44cf40795f7acd936c691,083,21,76,"평행사변형에서 삼각형의 무게중심의 응용(1) 길이"
set02,"260711_도형의 닮음(1).pdf",6dca62f28c7a448f72f619e824b9fee76d0e4fcf6dc44cf40795f7acd936c691,084,21,79,"평행사변형에서 삼각형의 무게중심의 응용(1) 길이"
set02,"260711_도형의 닮음(1).pdf",6dca62f28c7a448f72f619e824b9fee76d0e4fcf6dc44cf40795f7acd936c691,085,22,67,"평행사변형에서 삼각형의 무게중심의 응용(1) 길이"
set02,"260711_도형의 닮음(1).pdf",6dca62f28c7a448f72f619e824b9fee76d0e4fcf6dc44cf40795f7acd936c691,086,22,78,"평행사변형에서 삼각형의 무게중심의 응용(2) 넓이"
set02,"260711_도형의 닮음(1).pdf",6dca62f28c7a448f72f619e824b9fee76d0e4fcf6dc44cf40795f7acd936c691,087,22,78,"평행사변형에서 삼각형의 무게중심의 응용(2) 넓이"
set02,"260711_도형의 닮음(1).pdf",6dca62f28c7a448f72f619e824b9fee76d0e4fcf6dc44cf40795f7acd936c691,088,22,58,"닮은 두 평면도형의 넓이의 비"
set02,"260711_도형의 닮음(1).pdf",6dca62f28c7a448f72f619e824b9fee76d0e4fcf6dc44cf40795f7acd936c691,089,23,67,"닮은 두 평면도형의 넓이의 비"
set02,"260711_도형의 닮음(1).pdf",6dca62f28c7a448f72f619e824b9fee76d0e4fcf6dc44cf40795f7acd936c691,090,23,69,"닮은 두 평면도형의 넓이의 비의 활용"
set02,"260711_도형의 닮음(1).pdf",6dca62f28c7a448f72f619e824b9fee76d0e4fcf6dc44cf40795f7acd936c691,091,23,65,"닮은 두 평면도형의 넓이의 비의 활용"
set02,"260711_도형의 닮음(1).pdf",6dca62f28c7a448f72f619e824b9fee76d0e4fcf6dc44cf40795f7acd936c691,092,23,73,"닮은 두 입체도형의 겉넓이의 비"
set02,"260711_도형의 닮음(1).pdf",6dca62f28c7a448f72f619e824b9fee76d0e4fcf6dc44cf40795f7acd936c691,093,24,69,"닮은 두 입체도형의 겉넓이의 비의 활용"
set02,"260711_도형의 닮음(1).pdf",6dca62f28c7a448f72f619e824b9fee76d0e4fcf6dc44cf40795f7acd936c691,094,24,76,"닮은 두 입체도형의 겉넓이의 비의 활용"
set02,"260711_도형의 닮음(1).pdf",6dca62f28c7a448f72f619e824b9fee76d0e4fcf6dc44cf40795f7acd936c691,095,24,84,"닮은 두 입체도형의 부피의 비"
set02,"260711_도형의 닮음(1).pdf",6dca62f28c7a448f72f619e824b9fee76d0e4fcf6dc44cf40795f7acd936c691,096,24,65,"닮은 두 입체도형의 부피의 비"
set02,"260711_도형의 닮음(1).pdf",6dca62f28c7a448f72f619e824b9fee76d0e4fcf6dc44cf40795f7acd936c691,097,25,65,"닮은 두 입체도형의 부피의 비의 활용"
set02,"260711_도형의 닮음(1).pdf",6dca62f28c7a448f72f619e824b9fee76d0e4fcf6dc44cf40795f7acd936c691,098,25,71,"닮은 두 입체도형의 부피의 비의 활용"
set02,"260711_도형의 닮음(1).pdf",6dca62f28c7a448f72f619e824b9fee76d0e4fcf6dc44cf40795f7acd936c691,099,25,69,"닮음의 활용(1) 높이의 측정"
set02,"260711_도형의 닮음(1).pdf",6dca62f28c7a448f72f619e824b9fee76d0e4fcf6dc44cf40795f7acd936c691,100,25,67,"닮음의 활용(1) 높이의 측정"
set02,"260711_도형의 닮음(1).pdf",6dca62f28c7a448f72f619e824b9fee76d0e4fcf6dc44cf40795f7acd936c691,101,26,74,"닮음의 활용(2) 축도와 축척"
set02,"260711_도형의 닮음(1).pdf",6dca62f28c7a448f72f619e824b9fee76d0e4fcf6dc44cf40795f7acd936c691,102,26,48,"닮음의 활용(2) 축도와 축척"
set02,"260711_도형의 닮음(1).pdf",6dca62f28c7a448f72f619e824b9fee76d0e4fcf6dc44cf40795f7acd936c691,103,26,75,"삼각형의 변의 길이 구하기(1)"
set02,"260711_도형의 닮음(1).pdf",6dca62f28c7a448f72f619e824b9fee76d0e4fcf6dc44cf40795f7acd936c691,104,26,82,"삼각형의 변의 길이 구하기(1)"
set02,"260711_도형의 닮음(1).pdf",6dca62f28c7a448f72f619e824b9fee76d0e4fcf6dc44cf40795f7acd936c691,105,27,81,"삼각형의 변의 길이 구하기(2)"
set02,"260711_도형의 닮음(1).pdf",6dca62f28c7a448f72f619e824b9fee76d0e4fcf6dc44cf40795f7acd936c691,106,27,85,"삼각형의 변의 길이 구하기(2)"
set02,"260711_도형의 닮음(1).pdf",6dca62f28c7a448f72f619e824b9fee76d0e4fcf6dc44cf40795f7acd936c691,107,27,52,"삼각형의 변의 길이 구하기(3)"
set02,"260711_도형의 닮음(1).pdf",6dca62f28c7a448f72f619e824b9fee76d0e4fcf6dc44cf40795f7acd936c691,108,27,69,"삼각형의 변의 길이 구하기(3)"
set02,"260711_도형의 닮음(1).pdf",6dca62f28c7a448f72f619e824b9fee76d0e4fcf6dc44cf40795f7acd936c691,109,28,62,"직각삼각형의 닮음과 피타고라스 정리"
set02,"260711_도형의 닮음(1).pdf",6dca62f28c7a448f72f619e824b9fee76d0e4fcf6dc44cf40795f7acd936c691,110,28,56,"직각삼각형의 닮음과 피타고라스 정리"
set02,"260711_도형의 닮음(1).pdf",6dca62f28c7a448f72f619e824b9fee76d0e4fcf6dc44cf40795f7acd936c691,111,28,67,"사각형에서 피타고라스 정리의 이용(1) 대각선을 그어 푸는 경우"
set02,"260711_도형의 닮음(1).pdf",6dca62f28c7a448f72f619e824b9fee76d0e4fcf6dc44cf40795f7acd936c691,112,28,71,"사각형에서 피타고라스 정리의 이용(1) 대각선을 그어 푸는 경우"
set02,"260711_도형의 닮음(1).pdf",6dca62f28c7a448f72f619e824b9fee76d0e4fcf6dc44cf40795f7acd936c691,113,29,62,"사각형에서 피타고라스 정리의 이용(2) 수선을 그어 푸는 경우"
set02,"260711_도형의 닮음(1).pdf",6dca62f28c7a448f72f619e824b9fee76d0e4fcf6dc44cf40795f7acd936c691,114,29,82,"사각형에서 피타고라스 정리의 이용(2) 수선을 그어 푸는 경우"
set02,"260711_도형의 닮음(1).pdf",6dca62f28c7a448f72f619e824b9fee76d0e4fcf6dc44cf40795f7acd936c691,115,29,76,"직사각형의 대각선의 길이"
set02,"260711_도형의 닮음(1).pdf",6dca62f28c7a448f72f619e824b9fee76d0e4fcf6dc44cf40795f7acd936c691,116,29,53,"직사각형의 대각선의 길이"
set02,"260711_도형의 닮음(1).pdf",6dca62f28c7a448f72f619e824b9fee76d0e4fcf6dc44cf40795f7acd936c691,117,30,87,"이등변삼각형의 높이와 넓이"
set02,"260711_도형의 닮음(1).pdf",6dca62f28c7a448f72f619e824b9fee76d0e4fcf6dc44cf40795f7acd936c691,118,30,57,"이등변삼각형의 높이와 넓이"
set02,"260711_도형의 닮음(1).pdf",6dca62f28c7a448f72f619e824b9fee76d0e4fcf6dc44cf40795f7acd936c691,119,30,72,"피타고라스 정리의 설명(1) 유클리드의 방법"
set02,"260711_도형의 닮음(1).pdf",6dca62f28c7a448f72f619e824b9fee76d0e4fcf6dc44cf40795f7acd936c691,120,30,80,"피타고라스 정리의 설명(1) 유클리드의 방법"
set02,"260711_도형의 닮음(1).pdf",6dca62f28c7a448f72f619e824b9fee76d0e4fcf6dc44cf40795f7acd936c691,121,31,85,"피타고라스 정리의 설명(2) 피타고라스의 방법"
set02,"260711_도형의 닮음(1).pdf",6dca62f28c7a448f72f619e824b9fee76d0e4fcf6dc44cf40795f7acd936c691,122,31,86,"피타고라스 정리의 설명(2) 피타고라스의 방법"
set02,"260711_도형의 닮음(1).pdf",6dca62f28c7a448f72f619e824b9fee76d0e4fcf6dc44cf40795f7acd936c691,123,31,74,"피타고라스 정리의 설명(3) 가필드의 방법"
set02,"260711_도형의 닮음(1).pdf",6dca62f28c7a448f72f619e824b9fee76d0e4fcf6dc44cf40795f7acd936c691,124,31,82,"피타고라스 정리의 설명(3) 가필드의 방법"
set02,"260711_도형의 닮음(1).pdf",6dca62f28c7a448f72f619e824b9fee76d0e4fcf6dc44cf40795f7acd936c691,125,32,50,"피타고라스 정리의 설명(4) 바스카라의 방법"
set02,"260711_도형의 닮음(1).pdf",6dca62f28c7a448f72f619e824b9fee76d0e4fcf6dc44cf40795f7acd936c691,126,32,53,"피타고라스 정리의 설명(4) 바스카라의 방법"
set02,"260711_도형의 닮음(1).pdf",6dca62f28c7a448f72f619e824b9fee76d0e4fcf6dc44cf40795f7acd936c691,127,32,88,"직각삼각형이 되기 위한 조건"
set02,"260711_도형의 닮음(1).pdf",6dca62f28c7a448f72f619e824b9fee76d0e4fcf6dc44cf40795f7acd936c691,128,32,87,"직각삼각형이 되기 위한 조건"
set02,"260711_도형의 닮음(1).pdf",6dca62f28c7a448f72f619e824b9fee76d0e4fcf6dc44cf40795f7acd936c691,129,33,63,"변의 길이에 따른 삼각형의 종류"
set02,"260711_도형의 닮음(1).pdf",6dca62f28c7a448f72f619e824b9fee76d0e4fcf6dc44cf40795f7acd936c691,130,33,30,"변의 길이에 따른 삼각형의 종류"
set02,"260711_도형의 닮음(1).pdf",6dca62f28c7a448f72f619e824b9fee76d0e4fcf6dc44cf40795f7acd936c691,131,33,63,"각의 크기에 따른 삼각형의 변의 길이"
set02,"260711_도형의 닮음(1).pdf",6dca62f28c7a448f72f619e824b9fee76d0e4fcf6dc44cf40795f7acd936c691,132,33,44,"각의 크기에 따른 삼각형의 변의 길이"
set02,"260711_도형의 닮음(1).pdf",6dca62f28c7a448f72f619e824b9fee76d0e4fcf6dc44cf40795f7acd936c691,133,34,60,"피타고라스 정리의 활용(1) 직각삼각형"
set02,"260711_도형의 닮음(1).pdf",6dca62f28c7a448f72f619e824b9fee76d0e4fcf6dc44cf40795f7acd936c691,134,34,61,"피타고라스 정리의 활용(1) 직각삼각형"
set02,"260711_도형의 닮음(1).pdf",6dca62f28c7a448f72f619e824b9fee76d0e4fcf6dc44cf40795f7acd936c691,135,34,61,"피타고라스 정리의 활용(2) 사각형"
set02,"260711_도형의 닮음(1).pdf",6dca62f28c7a448f72f619e824b9fee76d0e4fcf6dc44cf40795f7acd936c691,136,34,50,"피타고라스 정리의 활용(2) 사각형"
set02,"260711_도형의 닮음(1).pdf",6dca62f28c7a448f72f619e824b9fee76d0e4fcf6dc44cf40795f7acd936c691,137,35,78,"피타고라스 정리의 활용(3) 직사각형 내부의 점"
set02,"260711_도형의 닮음(1).pdf",6dca62f28c7a448f72f619e824b9fee76d0e4fcf6dc44cf40795f7acd936c691,138,35,71,"피타고라스 정리의 활용(3) 직사각형 내부의 점"
set02,"260711_도형의 닮음(1).pdf",6dca62f28c7a448f72f619e824b9fee76d0e4fcf6dc44cf40795f7acd936c691,139,35,52,"피타고라스 정리의 활용(4) 직각삼각형의 세 반원 사이의 관계"
set02,"260711_도형의 닮음(1).pdf",6dca62f28c7a448f72f619e824b9fee76d0e4fcf6dc44cf40795f7acd936c691,140,35,77,"피타고라스 정리의 활용(4) 직각삼각형의 세 반원 사이의 관계"
set02,"260711_도형의 닮음(1).pdf",6dca62f28c7a448f72f619e824b9fee76d0e4fcf6dc44cf40795f7acd936c691,141,36,70,"피타고라스 정리의 활용(5) 히포크라테스의 원의 넓이"
set02,"260711_도형의 닮음(1).pdf",6dca62f28c7a448f72f619e824b9fee76d0e4fcf6dc44cf40795f7acd936c691,142,36,70,"피타고라스 정리의 활용(5) 히포크라테스의 원의 넓이"
set02,"260711_도형의 닮음(1).pdf",6dca62f28c7a448f72f619e824b9fee76d0e4fcf6dc44cf40795f7acd936c691,143,36,79,"피타고라스 나무 문제"
set02,"260711_도형의 닮음(1).pdf",6dca62f28c7a448f72f619e824b9fee76d0e4fcf6dc44cf40795f7acd936c691,144,36,65,"피타고라스 나무 문제"
set02,"260711_도형의 닮음(1).pdf",6dca62f28c7a448f72f619e824b9fee76d0e4fcf6dc44cf40795f7acd936c691,145,37,87,"종이접기와 피타고라스 정리"
set02,"260711_도형의 닮음(1).pdf",6dca62f28c7a448f72f619e824b9fee76d0e4fcf6dc44cf40795f7acd936c691,146,37,47,"종이접기와 피타고라스 정리"
set02,"260711_도형의 닮음(1).pdf",6dca62f28c7a448f72f619e824b9fee76d0e4fcf6dc44cf40795f7acd936c691,147,37,43,"입체도형에서의 피타고라스 정리"
set02,"260711_도형의 닮음(1).pdf",6dca62f28c7a448f72f619e824b9fee76d0e4fcf6dc44cf40795f7acd936c691,148,37,41,"입체도형에서의 피타고라스 정리"
set02,"260711_도형의 닮음(1).pdf",6dca62f28c7a448f72f619e824b9fee76d0e4fcf6dc44cf40795f7acd936c691,149,38,33,"원기둥에서의 최단 거리"
set02,"260711_도형의 닮음(1).pdf",6dca62f28c7a448f72f619e824b9fee76d0e4fcf6dc44cf40795f7acd936c691,150,38,32,"원기둥에서의 최단 거리"
set03,"260711_도형의 닮음(2).pdf",ee4399b3eeb1dc9ad5e8f9688189db0923b282388c51013a794f341d4f158a77,001,1,83,"평면도형에서 닮음비의 응용"
set03,"260711_도형의 닮음(2).pdf",ee4399b3eeb1dc9ad5e8f9688189db0923b282388c51013a794f341d4f158a77,002,1,78,"평면도형에서 닮음비의 응용"
set03,"260711_도형의 닮음(2).pdf",ee4399b3eeb1dc9ad5e8f9688189db0923b282388c51013a794f341d4f158a77,003,1,68,"회전체에서 닮음비의 응용"
set03,"260711_도형의 닮음(2).pdf",ee4399b3eeb1dc9ad5e8f9688189db0923b282388c51013a794f341d4f158a77,004,1,78,"회전체에서 닮음비의 응용"
set03,"260711_도형의 닮음(2).pdf",ee4399b3eeb1dc9ad5e8f9688189db0923b282388c51013a794f341d4f158a77,005,2,82,"삼각형의 닮음 조건"
set03,"260711_도형의 닮음(2).pdf",ee4399b3eeb1dc9ad5e8f9688189db0923b282388c51013a794f341d4f158a77,006,2,71,"삼각형의 닮음 조건"
set03,"260711_도형의 닮음(2).pdf",ee4399b3eeb1dc9ad5e8f9688189db0923b282388c51013a794f341d4f158a77,007,2,75,"두 삼각형이 닮음이기 위하여 필요한 조건"
set03,"260711_도형의 닮음(2).pdf",ee4399b3eeb1dc9ad5e8f9688189db0923b282388c51013a794f341d4f158a77,008,2,30,"삼각형의 닮음 조건의 응용(1) SAS 닮음"
set03,"260711_도형의 닮음(2).pdf",ee4399b3eeb1dc9ad5e8f9688189db0923b282388c51013a794f341d4f158a77,009,3,30,"삼각형의 닮음 조건의 응용(1) SAS 닮음"
set03,"260711_도형의 닮음(2).pdf",ee4399b3eeb1dc9ad5e8f9688189db0923b282388c51013a794f341d4f158a77,010,3,54,"삼각형의 닮음 조건의 응용(1) SAS 닮음"
set03,"260711_도형의 닮음(2).pdf",ee4399b3eeb1dc9ad5e8f9688189db0923b282388c51013a794f341d4f158a77,011,3,79,"삼각형의 닮음 조건의 응용(2) AA 닮음"
set03,"260711_도형의 닮음(2).pdf",ee4399b3eeb1dc9ad5e8f9688189db0923b282388c51013a794f341d4f158a77,012,3,71,"삼각형의 닮음 조건의 응용(2) AA 닮음"
set03,"260711_도형의 닮음(2).pdf",ee4399b3eeb1dc9ad5e8f9688189db0923b282388c51013a794f341d4f158a77,013,4,84,"평행선에서 삼각형의 닮음 조건의 응용"
set03,"260711_도형의 닮음(2).pdf",ee4399b3eeb1dc9ad5e8f9688189db0923b282388c51013a794f341d4f158a77,014,4,71,"평행선에서 삼각형의 닮음 조건의 응용"
set03,"260711_도형의 닮음(2).pdf",ee4399b3eeb1dc9ad5e8f9688189db0923b282388c51013a794f341d4f158a77,015,4,70,"평행선에서 삼각형의 닮음 조건의 응용"
set03,"260711_도형의 닮음(2).pdf",ee4399b3eeb1dc9ad5e8f9688189db0923b282388c51013a794f341d4f158a77,016,4,67,"직각삼각형의 닮음(1) 공통인 각이 있는 경우"
set03,"260711_도형의 닮음(2).pdf",ee4399b3eeb1dc9ad5e8f9688189db0923b282388c51013a794f341d4f158a77,017,5,70,"직각삼각형의 닮음(1) 공통인 각이 있는 경우"
set03,"260711_도형의 닮음(2).pdf",ee4399b3eeb1dc9ad5e8f9688189db0923b282388c51013a794f341d4f158a77,018,5,70,"직각삼각형의 닮음(2) 한 예각의 크기가 같은 경우"
set03,"260711_도형의 닮음(2).pdf",ee4399b3eeb1dc9ad5e8f9688189db0923b282388c51013a794f341d4f158a77,019,5,70,"직각삼각형의 닮음(2) 한 예각의 크기가 같은 경우"
set03,"260711_도형의 닮음(2).pdf",ee4399b3eeb1dc9ad5e8f9688189db0923b282388c51013a794f341d4f158a77,020,5,57,"직각삼각형의 닮음의 응용"
set03,"260711_도형의 닮음(2).pdf",ee4399b3eeb1dc9ad5e8f9688189db0923b282388c51013a794f341d4f158a77,021,6,54,"직각삼각형의 닮음의 응용"
set03,"260711_도형의 닮음(2).pdf",ee4399b3eeb1dc9ad5e8f9688189db0923b282388c51013a794f341d4f158a77,022,6,73,"종이접기와 삼각형의 닮음"
set03,"260711_도형의 닮음(2).pdf",ee4399b3eeb1dc9ad5e8f9688189db0923b282388c51013a794f341d4f158a77,023,6,69,"삼각형에서 평행선 사이의 선분의 길이의 비(1) 한 각이 공통각인 두 삼각형"
set03,"260711_도형의 닮음(2).pdf",ee4399b3eeb1dc9ad5e8f9688189db0923b282388c51013a794f341d4f158a77,024,6,70,"삼각형에서 평행선 사이의 선분의 길이의 비(1) 한 각이 공통각인 두 삼각형"
set03,"260711_도형의 닮음(2).pdf",ee4399b3eeb1dc9ad5e8f9688189db0923b282388c51013a794f341d4f158a77,025,7,64,"삼각형에서 평행선 사이의 선분의 길이의 비(1) 한 각이 공통각인 두 삼각형"
set03,"260711_도형의 닮음(2).pdf",ee4399b3eeb1dc9ad5e8f9688189db0923b282388c51013a794f341d4f158a77,026,7,77,"삼각형에서 평행선 사이의 선분의 길이의 비(2) 한 각이 맞꼭지각인 두 삼각형"
set03,"260711_도형의 닮음(2).pdf",ee4399b3eeb1dc9ad5e8f9688189db0923b282388c51013a794f341d4f158a77,027,7,59,"삼각형에서 평행선 사이의 선분의 길이의 비의 응용"
set03,"260711_도형의 닮음(2).pdf",ee4399b3eeb1dc9ad5e8f9688189db0923b282388c51013a794f341d4f158a77,028,7,72,"삼각형에서 평행선 사이의 선분의 길이의 비의 응용"
set03,"260711_도형의 닮음(2).pdf",ee4399b3eeb1dc9ad5e8f9688189db0923b282388c51013a794f341d4f158a77,029,8,77,"평행선 찾기"
set03,"260711_도형의 닮음(2).pdf",ee4399b3eeb1dc9ad5e8f9688189db0923b282388c51013a794f341d4f158a77,030,8,62,"평행선 찾기"
set03,"260711_도형의 닮음(2).pdf",ee4399b3eeb1dc9ad5e8f9688189db0923b282388c51013a794f341d4f158a77,031,8,72,"삼각형의 내각의 이등분선과 변의 길이"
set03,"260711_도형의 닮음(2).pdf",ee4399b3eeb1dc9ad5e8f9688189db0923b282388c51013a794f341d4f158a77,032,8,71,"삼각형의 내각의 이등분선과 변의 길이"
set03,"260711_도형의 닮음(2).pdf",ee4399b3eeb1dc9ad5e8f9688189db0923b282388c51013a794f341d4f158a77,033,9,84,"삼각형의 내각의 이등분선과 삼각형의 넓이"
set03,"260711_도형의 닮음(2).pdf",ee4399b3eeb1dc9ad5e8f9688189db0923b282388c51013a794f341d4f158a77,034,9,76,"삼각형의 내각의 이등분선과 삼각형의 넓이"
set03,"260711_도형의 닮음(2).pdf",ee4399b3eeb1dc9ad5e8f9688189db0923b282388c51013a794f341d4f158a77,035,9,66,"삼각형의 외각의 이등분선과 변의 길이"
set03,"260711_도형의 닮음(2).pdf",ee4399b3eeb1dc9ad5e8f9688189db0923b282388c51013a794f341d4f158a77,036,9,69,"삼각형의 외각의 이등분선과 변의 길이"
set03,"260711_도형의 닮음(2).pdf",ee4399b3eeb1dc9ad5e8f9688189db0923b282388c51013a794f341d4f158a77,037,10,73,"삼각형의 외각의 이등분선과 삼각형의 넓이"
set03,"260711_도형의 닮음(2).pdf",ee4399b3eeb1dc9ad5e8f9688189db0923b282388c51013a794f341d4f158a77,038,10,66,"삼각형의 외각의 이등분선과 삼각형의 넓이"
set03,"260711_도형의 닮음(2).pdf",ee4399b3eeb1dc9ad5e8f9688189db0923b282388c51013a794f341d4f158a77,039,10,58,"평행선 사이의 길이의 비"
set03,"260711_도형의 닮음(2).pdf",ee4399b3eeb1dc9ad5e8f9688189db0923b282388c51013a794f341d4f158a77,040,10,74,"평행선 사이의 길이의 비"
set03,"260711_도형의 닮음(2).pdf",ee4399b3eeb1dc9ad5e8f9688189db0923b282388c51013a794f341d4f158a77,041,11,66,"사다리꼴에서 평행선 사이의 선분의 길이의 비"
set03,"260711_도형의 닮음(2).pdf",ee4399b3eeb1dc9ad5e8f9688189db0923b282388c51013a794f341d4f158a77,042,11,55,"사다리꼴에서 평행선 사이의 선분의 길이의 비"
set03,"260711_도형의 닮음(2).pdf",ee4399b3eeb1dc9ad5e8f9688189db0923b282388c51013a794f341d4f158a77,043,11,71,"사다리꼴에서 평행선과 한 대각선의 길이"
set03,"260711_도형의 닮음(2).pdf",ee4399b3eeb1dc9ad5e8f9688189db0923b282388c51013a794f341d4f158a77,044,11,73,"사다리꼴에서 평행선과 한 대각선의 길이"
set03,"260711_도형의 닮음(2).pdf",ee4399b3eeb1dc9ad5e8f9688189db0923b282388c51013a794f341d4f158a77,045,12,69,"사다리꼴에서 평행선과 두 대각선의 길이(1) 평행선이 대각선의 교점을 지나지 않을 때"
set03,"260711_도형의 닮음(2).pdf",ee4399b3eeb1dc9ad5e8f9688189db0923b282388c51013a794f341d4f158a77,046,12,72,"사다리꼴에서 평행선과 두 대각선의 길이(1) 평행선이 대각선의 교점을 지나지 않을 때"
set03,"260711_도형의 닮음(2).pdf",ee4399b3eeb1dc9ad5e8f9688189db0923b282388c51013a794f341d4f158a77,047,12,85,"사다리꼴에서 평행선과 두 대각선의 길이(2) 평행선이 대각선의 교점을 지날 때"
set03,"260711_도형의 닮음(2).pdf",ee4399b3eeb1dc9ad5e8f9688189db0923b282388c51013a794f341d4f158a77,048,12,60,"사다리꼴에서 평행선과 두 대각선의 길이(2) 평행선이 대각선의 교점을 지날 때"
set03,"260711_도형의 닮음(2).pdf",ee4399b3eeb1dc9ad5e8f9688189db0923b282388c51013a794f341d4f158a77,049,13,78,"평행선 사이의 길이의 비의 응용"
set03,"260711_도형의 닮음(2).pdf",ee4399b3eeb1dc9ad5e8f9688189db0923b282388c51013a794f341d4f158a77,050,13,62,"평행선 사이의 길이의 비의 응용"
set03,"260711_도형의 닮음(2).pdf",ee4399b3eeb1dc9ad5e8f9688189db0923b282388c51013a794f341d4f158a77,051,13,71,"삼각형의 두 변의 중점을 연결한 선분의 성질(1)"
set03,"260711_도형의 닮음(2).pdf",ee4399b3eeb1dc9ad5e8f9688189db0923b282388c51013a794f341d4f158a77,052,13,71,"삼각형의 두 변의 중점을 연결한 선분의 성질(1)"
set03,"260711_도형의 닮음(2).pdf",ee4399b3eeb1dc9ad5e8f9688189db0923b282388c51013a794f341d4f158a77,053,14,65,"삼각형의 두 변의 중점을 연결한 선분의 성질(2)"
set03,"260711_도형의 닮음(2).pdf",ee4399b3eeb1dc9ad5e8f9688189db0923b282388c51013a794f341d4f158a77,054,14,60,"삼각형의 두 변의 중점을 연결한 선분의 성질(2)"
set03,"260711_도형의 닮음(2).pdf",ee4399b3eeb1dc9ad5e8f9688189db0923b282388c51013a794f341d4f158a77,055,14,50,"삼각형의 두 변의 중점을 연결한 선분의 성질(2)"
set03,"260711_도형의 닮음(2).pdf",ee4399b3eeb1dc9ad5e8f9688189db0923b282388c51013a794f341d4f158a77,056,14,74,"삼각형의 중점을 연결한 선분 응용(1) 중점"
set03,"260711_도형의 닮음(2).pdf",ee4399b3eeb1dc9ad5e8f9688189db0923b282388c51013a794f341d4f158a77,057,15,91,"삼각형의 중점을 연결한 선분 응용(1) 중점"
set03,"260711_도형의 닮음(2).pdf",ee4399b3eeb1dc9ad5e8f9688189db0923b282388c51013a794f341d4f158a77,058,15,78,"삼각형의 중점을 연결한 선분 응용(2) 삼등분선"
set03,"260711_도형의 닮음(2).pdf",ee4399b3eeb1dc9ad5e8f9688189db0923b282388c51013a794f341d4f158a77,059,15,88,"삼각형의 중점을 연결한 선분 응용(2) 삼등분선"
set03,"260711_도형의 닮음(2).pdf",ee4399b3eeb1dc9ad5e8f9688189db0923b282388c51013a794f341d4f158a77,060,15,82,"삼각형의 중점을 연결한 선분 응용(2) 삼등분선"
set03,"260711_도형의 닮음(2).pdf",ee4399b3eeb1dc9ad5e8f9688189db0923b282388c51013a794f341d4f158a77,061,16,50,"사각형의 각 변의 중점을 연결하여 만든 사각형"
set03,"260711_도형의 닮음(2).pdf",ee4399b3eeb1dc9ad5e8f9688189db0923b282388c51013a794f341d4f158a77,062,16,49,"사각형의 각 변의 중점을 연결하여 만든 사각형"
set03,"260711_도형의 닮음(2).pdf",ee4399b3eeb1dc9ad5e8f9688189db0923b282388c51013a794f341d4f158a77,063,16,81,"사각형의 각 변의 중점을 연결하여 만든 사각형"
set03,"260711_도형의 닮음(2).pdf",ee4399b3eeb1dc9ad5e8f9688189db0923b282388c51013a794f341d4f158a77,064,16,72,"사다리꼴의 두 변의 중점을 연결한 선분의 성질"
set03,"260711_도형의 닮음(2).pdf",ee4399b3eeb1dc9ad5e8f9688189db0923b282388c51013a794f341d4f158a77,065,17,67,"사다리꼴의 두 변의 중점을 연결한 선분의 성질"
set03,"260711_도형의 닮음(2).pdf",ee4399b3eeb1dc9ad5e8f9688189db0923b282388c51013a794f341d4f158a77,066,17,52,"삼각형의 중선의 성질"
set03,"260711_도형의 닮음(2).pdf",ee4399b3eeb1dc9ad5e8f9688189db0923b282388c51013a794f341d4f158a77,067,17,46,"삼각형의 중선의 성질"
set03,"260711_도형의 닮음(2).pdf",ee4399b3eeb1dc9ad5e8f9688189db0923b282388c51013a794f341d4f158a77,068,17,73,"삼각형의 중선의 성질"
set03,"260711_도형의 닮음(2).pdf",ee4399b3eeb1dc9ad5e8f9688189db0923b282388c51013a794f341d4f158a77,069,18,30,"삼각형의 무게중심(1) △ABC의 무게중심"
set03,"260711_도형의 닮음(2).pdf",ee4399b3eeb1dc9ad5e8f9688189db0923b282388c51013a794f341d4f158a77,070,18,66,"삼각형의 무게중심(1) △ABC의 무게중심"
set03,"260711_도형의 닮음(2).pdf",ee4399b3eeb1dc9ad5e8f9688189db0923b282388c51013a794f341d4f158a77,071,18,65,"삼각형의 무게중심(1) △ABC의 무게중심"
set03,"260711_도형의 닮음(2).pdf",ee4399b3eeb1dc9ad5e8f9688189db0923b282388c51013a794f341d4f158a77,072,18,75,"삼각형의 무게중심의 응용(1)"
set03,"260711_도형의 닮음(2).pdf",ee4399b3eeb1dc9ad5e8f9688189db0923b282388c51013a794f341d4f158a77,073,19,81,"삼각형의 무게중심의 응용(1)"
set03,"260711_도형의 닮음(2).pdf",ee4399b3eeb1dc9ad5e8f9688189db0923b282388c51013a794f341d4f158a77,074,19,78,"삼각형의 무게중심의 응용(2)"
set03,"260711_도형의 닮음(2).pdf",ee4399b3eeb1dc9ad5e8f9688189db0923b282388c51013a794f341d4f158a77,075,19,81,"삼각형의 무게중심의 응용(2)"
set03,"260711_도형의 닮음(2).pdf",ee4399b3eeb1dc9ad5e8f9688189db0923b282388c51013a794f341d4f158a77,076,19,72,"삼각형의 무게중심의 응용(3)"
set03,"260711_도형의 닮음(2).pdf",ee4399b3eeb1dc9ad5e8f9688189db0923b282388c51013a794f341d4f158a77,077,20,75,"삼각형의 무게중심의 응용(3)"
set03,"260711_도형의 닮음(2).pdf",ee4399b3eeb1dc9ad5e8f9688189db0923b282388c51013a794f341d4f158a77,078,20,54,"삼각형의 무게중심과 넓이의 관계(1) △ABC의 무게중심"
set03,"260711_도형의 닮음(2).pdf",ee4399b3eeb1dc9ad5e8f9688189db0923b282388c51013a794f341d4f158a77,079,20,72,"삼각형의 무게중심과 넓이의 관계(1) △ABC의 무게중심"
set03,"260711_도형의 닮음(2).pdf",ee4399b3eeb1dc9ad5e8f9688189db0923b282388c51013a794f341d4f158a77,080,20,72,"삼각형의 무게중심과 넓이의 관계(2) △ABC, △GBC의 무게중심"
set03,"260711_도형의 닮음(2).pdf",ee4399b3eeb1dc9ad5e8f9688189db0923b282388c51013a794f341d4f158a77,081,21,71,"삼각형의 무게중심과 넓이의 관계(2) △ABC, △GBC의 무게중심"
set03,"260711_도형의 닮음(2).pdf",ee4399b3eeb1dc9ad5e8f9688189db0923b282388c51013a794f341d4f158a77,082,21,83,"평행사변형에서 삼각형의 무게중심의 응용(1) 길이"
set03,"260711_도형의 닮음(2).pdf",ee4399b3eeb1dc9ad5e8f9688189db0923b282388c51013a794f341d4f158a77,083,21,68,"평행사변형에서 삼각형의 무게중심의 응용(1) 길이"
set03,"260711_도형의 닮음(2).pdf",ee4399b3eeb1dc9ad5e8f9688189db0923b282388c51013a794f341d4f158a77,084,21,80,"평행사변형에서 삼각형의 무게중심의 응용(2) 넓이"
set03,"260711_도형의 닮음(2).pdf",ee4399b3eeb1dc9ad5e8f9688189db0923b282388c51013a794f341d4f158a77,085,22,75,"평행사변형에서 삼각형의 무게중심의 응용(2) 넓이"
set03,"260711_도형의 닮음(2).pdf",ee4399b3eeb1dc9ad5e8f9688189db0923b282388c51013a794f341d4f158a77,086,22,67,"닮은 두 평면도형의 넓이의 비"
set03,"260711_도형의 닮음(2).pdf",ee4399b3eeb1dc9ad5e8f9688189db0923b282388c51013a794f341d4f158a77,087,22,69,"닮은 두 평면도형의 넓이의 비"
set03,"260711_도형의 닮음(2).pdf",ee4399b3eeb1dc9ad5e8f9688189db0923b282388c51013a794f341d4f158a77,088,22,64,"닮은 두 평면도형의 넓이의 비"
set03,"260711_도형의 닮음(2).pdf",ee4399b3eeb1dc9ad5e8f9688189db0923b282388c51013a794f341d4f158a77,089,23,63,"닮은 두 평면도형의 넓이의 비의 활용"
set03,"260711_도형의 닮음(2).pdf",ee4399b3eeb1dc9ad5e8f9688189db0923b282388c51013a794f341d4f158a77,090,23,53,"닮은 두 평면도형의 넓이의 비의 활용"
set03,"260711_도형의 닮음(2).pdf",ee4399b3eeb1dc9ad5e8f9688189db0923b282388c51013a794f341d4f158a77,091,23,60,"닮은 두 입체도형의 겉넓이의 비의 활용"
set03,"260711_도형의 닮음(2).pdf",ee4399b3eeb1dc9ad5e8f9688189db0923b282388c51013a794f341d4f158a77,092,23,75,"닮은 두 입체도형의 겉넓이의 비의 활용"
set03,"260711_도형의 닮음(2).pdf",ee4399b3eeb1dc9ad5e8f9688189db0923b282388c51013a794f341d4f158a77,093,24,64,"닮은 두 입체도형의 부피의 비"
set03,"260711_도형의 닮음(2).pdf",ee4399b3eeb1dc9ad5e8f9688189db0923b282388c51013a794f341d4f158a77,094,24,60,"닮은 두 입체도형의 부피의 비"
set03,"260711_도형의 닮음(2).pdf",ee4399b3eeb1dc9ad5e8f9688189db0923b282388c51013a794f341d4f158a77,095,24,61,"닮은 두 입체도형의 부피의 비"
set03,"260711_도형의 닮음(2).pdf",ee4399b3eeb1dc9ad5e8f9688189db0923b282388c51013a794f341d4f158a77,096,24,61,"닮은 두 입체도형의 부피의 비의 활용"
set03,"260711_도형의 닮음(2).pdf",ee4399b3eeb1dc9ad5e8f9688189db0923b282388c51013a794f341d4f158a77,097,25,76,"닮은 두 입체도형의 부피의 비의 활용"
set03,"260711_도형의 닮음(2).pdf",ee4399b3eeb1dc9ad5e8f9688189db0923b282388c51013a794f341d4f158a77,098,25,74,"닮은 두 입체도형의 부피의 비의 활용"
set03,"260711_도형의 닮음(2).pdf",ee4399b3eeb1dc9ad5e8f9688189db0923b282388c51013a794f341d4f158a77,099,25,72,"닮음의 활용(1) 높이의 측정"
set03,"260711_도형의 닮음(2).pdf",ee4399b3eeb1dc9ad5e8f9688189db0923b282388c51013a794f341d4f158a77,100,25,78,"닮음의 활용(1) 높이의 측정"
set03,"260711_도형의 닮음(2).pdf",ee4399b3eeb1dc9ad5e8f9688189db0923b282388c51013a794f341d4f158a77,101,26,47,"닮음의 활용(2) 축도와 축척"
set03,"260711_도형의 닮음(2).pdf",ee4399b3eeb1dc9ad5e8f9688189db0923b282388c51013a794f341d4f158a77,102,26,78,"닮음의 활용(2) 축도와 축척"
set03,"260711_도형의 닮음(2).pdf",ee4399b3eeb1dc9ad5e8f9688189db0923b282388c51013a794f341d4f158a77,103,26,45,"닮음의 활용(2) 축도와 축척"
set03,"260711_도형의 닮음(2).pdf",ee4399b3eeb1dc9ad5e8f9688189db0923b282388c51013a794f341d4f158a77,104,26,86,"삼각형의 변의 길이 구하기(1)"
set03,"260711_도형의 닮음(2).pdf",ee4399b3eeb1dc9ad5e8f9688189db0923b282388c51013a794f341d4f158a77,105,27,60,"삼각형의 변의 길이 구하기(1)"
set03,"260711_도형의 닮음(2).pdf",ee4399b3eeb1dc9ad5e8f9688189db0923b282388c51013a794f341d4f158a77,106,27,92,"삼각형의 변의 길이 구하기(2)"
set03,"260711_도형의 닮음(2).pdf",ee4399b3eeb1dc9ad5e8f9688189db0923b282388c51013a794f341d4f158a77,107,27,85,"삼각형의 변의 길이 구하기(2)"
set03,"260711_도형의 닮음(2).pdf",ee4399b3eeb1dc9ad5e8f9688189db0923b282388c51013a794f341d4f158a77,108,27,43,"삼각형의 변의 길이 구하기(3)"
set03,"260711_도형의 닮음(2).pdf",ee4399b3eeb1dc9ad5e8f9688189db0923b282388c51013a794f341d4f158a77,109,28,68,"삼각형의 변의 길이 구하기(3)"
set03,"260711_도형의 닮음(2).pdf",ee4399b3eeb1dc9ad5e8f9688189db0923b282388c51013a794f341d4f158a77,110,28,64,"직각삼각형의 닮음과 피타고라스 정리"
set03,"260711_도형의 닮음(2).pdf",ee4399b3eeb1dc9ad5e8f9688189db0923b282388c51013a794f341d4f158a77,111,28,62,"사각형에서 피타고라스 정리의 이용(1) 대각선을 그어 푸는 경우"
set03,"260711_도형의 닮음(2).pdf",ee4399b3eeb1dc9ad5e8f9688189db0923b282388c51013a794f341d4f158a77,112,28,68,"사각형에서 피타고라스 정리의 이용(1) 대각선을 그어 푸는 경우"
set03,"260711_도형의 닮음(2).pdf",ee4399b3eeb1dc9ad5e8f9688189db0923b282388c51013a794f341d4f158a77,113,29,70,"사각형에서 피타고라스 정리의 이용(2) 수선을 그어 푸는 경우"
set03,"260711_도형의 닮음(2).pdf",ee4399b3eeb1dc9ad5e8f9688189db0923b282388c51013a794f341d4f158a77,114,29,86,"사각형에서 피타고라스 정리의 이용(2) 수선을 그어 푸는 경우"
set03,"260711_도형의 닮음(2).pdf",ee4399b3eeb1dc9ad5e8f9688189db0923b282388c51013a794f341d4f158a77,115,29,65,"직사각형의 대각선의 길이"
set03,"260711_도형의 닮음(2).pdf",ee4399b3eeb1dc9ad5e8f9688189db0923b282388c51013a794f341d4f158a77,116,29,82,"직사각형의 대각선의 길이"
set03,"260711_도형의 닮음(2).pdf",ee4399b3eeb1dc9ad5e8f9688189db0923b282388c51013a794f341d4f158a77,117,30,84,"이등변삼각형의 높이와 넓이"
set03,"260711_도형의 닮음(2).pdf",ee4399b3eeb1dc9ad5e8f9688189db0923b282388c51013a794f341d4f158a77,118,30,58,"이등변삼각형의 높이와 넓이"
set03,"260711_도형의 닮음(2).pdf",ee4399b3eeb1dc9ad5e8f9688189db0923b282388c51013a794f341d4f158a77,119,30,71,"피타고라스 정리의 설명(1) 유클리드의 방법"
set03,"260711_도형의 닮음(2).pdf",ee4399b3eeb1dc9ad5e8f9688189db0923b282388c51013a794f341d4f158a77,120,30,73,"피타고라스 정리의 설명(1) 유클리드의 방법"
set03,"260711_도형의 닮음(2).pdf",ee4399b3eeb1dc9ad5e8f9688189db0923b282388c51013a794f341d4f158a77,121,31,79,"피타고라스 정리의 설명(2) 피타고라스의 방법"
set03,"260711_도형의 닮음(2).pdf",ee4399b3eeb1dc9ad5e8f9688189db0923b282388c51013a794f341d4f158a77,122,31,90,"피타고라스 정리의 설명(2) 피타고라스의 방법"
set03,"260711_도형의 닮음(2).pdf",ee4399b3eeb1dc9ad5e8f9688189db0923b282388c51013a794f341d4f158a77,123,31,80,"피타고라스 정리의 설명(3) 가필드의 방법"
set03,"260711_도형의 닮음(2).pdf",ee4399b3eeb1dc9ad5e8f9688189db0923b282388c51013a794f341d4f158a77,124,31,76,"피타고라스 정리의 설명(3) 가필드의 방법"
set03,"260711_도형의 닮음(2).pdf",ee4399b3eeb1dc9ad5e8f9688189db0923b282388c51013a794f341d4f158a77,125,32,50,"피타고라스 정리의 설명(4) 바스카라의 방법"
set03,"260711_도형의 닮음(2).pdf",ee4399b3eeb1dc9ad5e8f9688189db0923b282388c51013a794f341d4f158a77,126,32,71,"피타고라스 정리의 설명(4) 바스카라의 방법"
set03,"260711_도형의 닮음(2).pdf",ee4399b3eeb1dc9ad5e8f9688189db0923b282388c51013a794f341d4f158a77,127,32,84,"직각삼각형이 되기 위한 조건"
set03,"260711_도형의 닮음(2).pdf",ee4399b3eeb1dc9ad5e8f9688189db0923b282388c51013a794f341d4f158a77,128,32,91,"직각삼각형이 되기 위한 조건"
set03,"260711_도형의 닮음(2).pdf",ee4399b3eeb1dc9ad5e8f9688189db0923b282388c51013a794f341d4f158a77,129,33,30,"변의 길이에 따른 삼각형의 종류"
set03,"260711_도형의 닮음(2).pdf",ee4399b3eeb1dc9ad5e8f9688189db0923b282388c51013a794f341d4f158a77,130,33,50,"각의 크기에 따른 삼각형의 변의 길이"
set03,"260711_도형의 닮음(2).pdf",ee4399b3eeb1dc9ad5e8f9688189db0923b282388c51013a794f341d4f158a77,131,33,79,"각의 크기에 따른 삼각형의 변의 길이"
set03,"260711_도형의 닮음(2).pdf",ee4399b3eeb1dc9ad5e8f9688189db0923b282388c51013a794f341d4f158a77,132,33,50,"피타고라스 정리의 활용(1) 직각삼각형"
set03,"260711_도형의 닮음(2).pdf",ee4399b3eeb1dc9ad5e8f9688189db0923b282388c51013a794f341d4f158a77,133,34,32,"피타고라스 정리의 활용(1) 직각삼각형"
set03,"260711_도형의 닮음(2).pdf",ee4399b3eeb1dc9ad5e8f9688189db0923b282388c51013a794f341d4f158a77,134,34,64,"피타고라스 정리의 활용(1) 직각삼각형"
set03,"260711_도형의 닮음(2).pdf",ee4399b3eeb1dc9ad5e8f9688189db0923b282388c51013a794f341d4f158a77,135,34,41,"피타고라스 정리의 활용(2) 사각형"
set03,"260711_도형의 닮음(2).pdf",ee4399b3eeb1dc9ad5e8f9688189db0923b282388c51013a794f341d4f158a77,136,34,48,"피타고라스 정리의 활용(2) 사각형"
set03,"260711_도형의 닮음(2).pdf",ee4399b3eeb1dc9ad5e8f9688189db0923b282388c51013a794f341d4f158a77,137,35,71,"피타고라스 정리의 활용(4) 직각삼각형의 세 반원 사이의 관계"
set03,"260711_도형의 닮음(2).pdf",ee4399b3eeb1dc9ad5e8f9688189db0923b282388c51013a794f341d4f158a77,138,35,87,"피타고라스 정리의 활용(4) 직각삼각형의 세 반원 사이의 관계"
set03,"260711_도형의 닮음(2).pdf",ee4399b3eeb1dc9ad5e8f9688189db0923b282388c51013a794f341d4f158a77,139,35,51,"피타고라스 정리의 활용(5) 히포크라테스의 원의 넓이"
set03,"260711_도형의 닮음(2).pdf",ee4399b3eeb1dc9ad5e8f9688189db0923b282388c51013a794f341d4f158a77,140,35,69,"피타고라스 정리의 활용(5) 히포크라테스의 원의 넓이"
set03,"260711_도형의 닮음(2).pdf",ee4399b3eeb1dc9ad5e8f9688189db0923b282388c51013a794f341d4f158a77,141,36,74,"피타고라스 나무 문제"
set03,"260711_도형의 닮음(2).pdf",ee4399b3eeb1dc9ad5e8f9688189db0923b282388c51013a794f341d4f158a77,142,36,79,"피타고라스 나무 문제"
set03,"260711_도형의 닮음(2).pdf",ee4399b3eeb1dc9ad5e8f9688189db0923b282388c51013a794f341d4f158a77,143,36,49,"종이접기와 피타고라스 정리"
set03,"260711_도형의 닮음(2).pdf",ee4399b3eeb1dc9ad5e8f9688189db0923b282388c51013a794f341d4f158a77,144,36,61,"종이접기와 피타고라스 정리"
set03,"260711_도형의 닮음(2).pdf",ee4399b3eeb1dc9ad5e8f9688189db0923b282388c51013a794f341d4f158a77,145,37,49,"종이접기와 피타고라스 정리"
set03,"260711_도형의 닮음(2).pdf",ee4399b3eeb1dc9ad5e8f9688189db0923b282388c51013a794f341d4f158a77,146,37,70,"입체도형에서의 피타고라스 정리"
set03,"260711_도형의 닮음(2).pdf",ee4399b3eeb1dc9ad5e8f9688189db0923b282388c51013a794f341d4f158a77,147,37,71,"입체도형에서의 피타고라스 정리"
set03,"260711_도형의 닮음(2).pdf",ee4399b3eeb1dc9ad5e8f9688189db0923b282388c51013a794f341d4f158a77,148,37,49,"원기둥에서의 최단 거리"
set03,"260711_도형의 닮음(2).pdf",ee4399b3eeb1dc9ad5e8f9688189db0923b282388c51013a794f341d4f158a77,149,38,50,"원기둥에서의 최단 거리"
set03,"260711_도형의 닮음(2).pdf",ee4399b3eeb1dc9ad5e8f9688189db0923b282388c51013a794f341d4f158a77,150,38,79,"원기둥에서의 최단 거리"
set05,"260711_도형의 닮음(4).pdf",7a5343b15d194803ea1a60acf2939ae2365525d78789147b9071ad8d3edd5f2b,001,1,79,"평면도형에서 닮음비의 응용"
set05,"260711_도형의 닮음(4).pdf",7a5343b15d194803ea1a60acf2939ae2365525d78789147b9071ad8d3edd5f2b,002,1,74,"삼각형의 닮음 조건"
set05,"260711_도형의 닮음(4).pdf",7a5343b15d194803ea1a60acf2939ae2365525d78789147b9071ad8d3edd5f2b,003,1,71,"삼각형의 닮음 조건"
set05,"260711_도형의 닮음(4).pdf",7a5343b15d194803ea1a60acf2939ae2365525d78789147b9071ad8d3edd5f2b,004,1,55,"삼각형의 닮음 조건"
set05,"260711_도형의 닮음(4).pdf",7a5343b15d194803ea1a60acf2939ae2365525d78789147b9071ad8d3edd5f2b,005,2,73,"삼각형의 닮음 조건의 응용(1) SAS 닮음"
set05,"260711_도형의 닮음(4).pdf",7a5343b15d194803ea1a60acf2939ae2365525d78789147b9071ad8d3edd5f2b,006,2,51,"삼각형의 닮음 조건의 응용(1) SAS 닮음"
set05,"260711_도형의 닮음(4).pdf",7a5343b15d194803ea1a60acf2939ae2365525d78789147b9071ad8d3edd5f2b,007,2,67,"삼각형의 닮음 조건의 응용(2) AA 닮음"
set05,"260711_도형의 닮음(4).pdf",7a5343b15d194803ea1a60acf2939ae2365525d78789147b9071ad8d3edd5f2b,008,2,71,"삼각형의 닮음 조건의 응용(2) AA 닮음"
set05,"260711_도형의 닮음(4).pdf",7a5343b15d194803ea1a60acf2939ae2365525d78789147b9071ad8d3edd5f2b,009,3,67,"삼각형의 닮음 조건의 응용(2) AA 닮음"
set05,"260711_도형의 닮음(4).pdf",7a5343b15d194803ea1a60acf2939ae2365525d78789147b9071ad8d3edd5f2b,010,3,84,"평행선에서 삼각형의 닮음 조건의 응용"
set05,"260711_도형의 닮음(4).pdf",7a5343b15d194803ea1a60acf2939ae2365525d78789147b9071ad8d3edd5f2b,011,3,76,"평행선에서 삼각형의 닮음 조건의 응용"
set05,"260711_도형의 닮음(4).pdf",7a5343b15d194803ea1a60acf2939ae2365525d78789147b9071ad8d3edd5f2b,012,3,74,"직각삼각형의 닮음(1) 공통인 각이 있는 경우"
set05,"260711_도형의 닮음(4).pdf",7a5343b15d194803ea1a60acf2939ae2365525d78789147b9071ad8d3edd5f2b,013,4,71,"직각삼각형의 닮음(1) 공통인 각이 있는 경우"
set05,"260711_도형의 닮음(4).pdf",7a5343b15d194803ea1a60acf2939ae2365525d78789147b9071ad8d3edd5f2b,014,4,78,"직각삼각형의 닮음(1) 공통인 각이 있는 경우"
set05,"260711_도형의 닮음(4).pdf",7a5343b15d194803ea1a60acf2939ae2365525d78789147b9071ad8d3edd5f2b,015,4,59,"직각삼각형의 닮음(2) 한 예각의 크기가 같은 경우"
set05,"260711_도형의 닮음(4).pdf",7a5343b15d194803ea1a60acf2939ae2365525d78789147b9071ad8d3edd5f2b,016,4,70,"직각삼각형의 닮음(2) 한 예각의 크기가 같은 경우"
set05,"260711_도형의 닮음(4).pdf",7a5343b15d194803ea1a60acf2939ae2365525d78789147b9071ad8d3edd5f2b,017,5,57,"직각삼각형의 닮음(2) 한 예각의 크기가 같은 경우"
set05,"260711_도형의 닮음(4).pdf",7a5343b15d194803ea1a60acf2939ae2365525d78789147b9071ad8d3edd5f2b,018,5,74,"직각삼각형의 닮음의 응용"
set05,"260711_도형의 닮음(4).pdf",7a5343b15d194803ea1a60acf2939ae2365525d78789147b9071ad8d3edd5f2b,019,5,69,"종이접기와 삼각형의 닮음"
set05,"260711_도형의 닮음(4).pdf",7a5343b15d194803ea1a60acf2939ae2365525d78789147b9071ad8d3edd5f2b,020,5,82,"종이접기와 삼각형의 닮음"
set05,"260711_도형의 닮음(4).pdf",7a5343b15d194803ea1a60acf2939ae2365525d78789147b9071ad8d3edd5f2b,021,6,66,"삼각형에서 평행선 사이의 선분의 길이의 비(1) 한 각이 공통각인 두 삼각형"
set05,"260711_도형의 닮음(4).pdf",7a5343b15d194803ea1a60acf2939ae2365525d78789147b9071ad8d3edd5f2b,022,6,64,"삼각형에서 평행선 사이의 선분의 길이의 비(1) 한 각이 공통각인 두 삼각형"
set05,"260711_도형의 닮음(4).pdf",7a5343b15d194803ea1a60acf2939ae2365525d78789147b9071ad8d3edd5f2b,023,6,67,"삼각형에서 평행선 사이의 선분의 길이의 비(1) 한 각이 공통각인 두 삼각형"
set05,"260711_도형의 닮음(4).pdf",7a5343b15d194803ea1a60acf2939ae2365525d78789147b9071ad8d3edd5f2b,024,6,87,"삼각형에서 평행선 사이의 선분의 길이의 비(2) 한 각이 맞꼭지각인 두 삼각형"
set05,"260711_도형의 닮음(4).pdf",7a5343b15d194803ea1a60acf2939ae2365525d78789147b9071ad8d3edd5f2b,025,7,83,"삼각형에서 평행선 사이의 선분의 길이의 비(2) 한 각이 맞꼭지각인 두 삼각형"
set05,"260711_도형의 닮음(4).pdf",7a5343b15d194803ea1a60acf2939ae2365525d78789147b9071ad8d3edd5f2b,026,7,67,"삼각형에서 평행선 사이의 선분의 길이의 비의 응용"
set05,"260711_도형의 닮음(4).pdf",7a5343b15d194803ea1a60acf2939ae2365525d78789147b9071ad8d3edd5f2b,027,7,80,"삼각형에서 평행선 사이의 선분의 길이의 비의 응용"
set05,"260711_도형의 닮음(4).pdf",7a5343b15d194803ea1a60acf2939ae2365525d78789147b9071ad8d3edd5f2b,028,7,68,"삼각형의 내각의 이등분선과 변의 길이"
set05,"260711_도형의 닮음(4).pdf",7a5343b15d194803ea1a60acf2939ae2365525d78789147b9071ad8d3edd5f2b,029,8,57,"삼각형의 내각의 이등분선과 변의 길이"
set05,"260711_도형의 닮음(4).pdf",7a5343b15d194803ea1a60acf2939ae2365525d78789147b9071ad8d3edd5f2b,030,8,56,"삼각형의 내각의 이등분선과 변의 길이"
set05,"260711_도형의 닮음(4).pdf",7a5343b15d194803ea1a60acf2939ae2365525d78789147b9071ad8d3edd5f2b,031,8,58,"삼각형의 내각의 이등분선과 삼각형의 넓이"
set05,"260711_도형의 닮음(4).pdf",7a5343b15d194803ea1a60acf2939ae2365525d78789147b9071ad8d3edd5f2b,032,8,82,"삼각형의 내각의 이등분선과 삼각형의 넓이"
set05,"260711_도형의 닮음(4).pdf",7a5343b15d194803ea1a60acf2939ae2365525d78789147b9071ad8d3edd5f2b,033,9,58,"삼각형의 외각의 이등분선과 변의 길이"
set05,"260711_도형의 닮음(4).pdf",7a5343b15d194803ea1a60acf2939ae2365525d78789147b9071ad8d3edd5f2b,034,9,72,"삼각형의 외각의 이등분선과 변의 길이"
set05,"260711_도형의 닮음(4).pdf",7a5343b15d194803ea1a60acf2939ae2365525d78789147b9071ad8d3edd5f2b,035,9,62,"삼각형의 외각의 이등분선과 변의 길이"
set05,"260711_도형의 닮음(4).pdf",7a5343b15d194803ea1a60acf2939ae2365525d78789147b9071ad8d3edd5f2b,036,9,70,"삼각형의 외각의 이등분선과 삼각형의 넓이"
set05,"260711_도형의 닮음(4).pdf",7a5343b15d194803ea1a60acf2939ae2365525d78789147b9071ad8d3edd5f2b,037,10,63,"삼각형의 외각의 이등분선과 삼각형의 넓이"
set05,"260711_도형의 닮음(4).pdf",7a5343b15d194803ea1a60acf2939ae2365525d78789147b9071ad8d3edd5f2b,038,10,83,"평행선 사이의 길이의 비"
set05,"260711_도형의 닮음(4).pdf",7a5343b15d194803ea1a60acf2939ae2365525d78789147b9071ad8d3edd5f2b,039,10,70,"평행선 사이의 길이의 비"
set05,"260711_도형의 닮음(4).pdf",7a5343b15d194803ea1a60acf2939ae2365525d78789147b9071ad8d3edd5f2b,040,10,86,"사다리꼴에서 평행선 사이의 선분의 길이의 비"
set05,"260711_도형의 닮음(4).pdf",7a5343b15d194803ea1a60acf2939ae2365525d78789147b9071ad8d3edd5f2b,041,11,64,"사다리꼴에서 평행선 사이의 선분의 길이의 비"
set05,"260711_도형의 닮음(4).pdf",7a5343b15d194803ea1a60acf2939ae2365525d78789147b9071ad8d3edd5f2b,042,11,82,"사다리꼴에서 평행선과 한 대각선의 길이"
set05,"260711_도형의 닮음(4).pdf",7a5343b15d194803ea1a60acf2939ae2365525d78789147b9071ad8d3edd5f2b,043,11,71,"사다리꼴에서 평행선과 한 대각선의 길이"
set05,"260711_도형의 닮음(4).pdf",7a5343b15d194803ea1a60acf2939ae2365525d78789147b9071ad8d3edd5f2b,044,11,73,"사다리꼴에서 평행선과 두 대각선의 길이(1) 평행선이 대각선의 교점을 지나지 않을 때"
set05,"260711_도형의 닮음(4).pdf",7a5343b15d194803ea1a60acf2939ae2365525d78789147b9071ad8d3edd5f2b,045,12,62,"사다리꼴에서 평행선과 두 대각선의 길이(1) 평행선이 대각선의 교점을 지나지 않을 때"
set05,"260711_도형의 닮음(4).pdf",7a5343b15d194803ea1a60acf2939ae2365525d78789147b9071ad8d3edd5f2b,046,12,79,"사다리꼴에서 평행선과 두 대각선의 길이(1) 평행선이 대각선의 교점을 지나지 않을 때"
set05,"260711_도형의 닮음(4).pdf",7a5343b15d194803ea1a60acf2939ae2365525d78789147b9071ad8d3edd5f2b,047,12,81,"사다리꼴에서 평행선과 두 대각선의 길이(2) 평행선이 대각선의 교점을 지날 때"
set05,"260711_도형의 닮음(4).pdf",7a5343b15d194803ea1a60acf2939ae2365525d78789147b9071ad8d3edd5f2b,048,12,63,"사다리꼴에서 평행선과 두 대각선의 길이(2) 평행선이 대각선의 교점을 지날 때"
set05,"260711_도형의 닮음(4).pdf",7a5343b15d194803ea1a60acf2939ae2365525d78789147b9071ad8d3edd5f2b,049,13,63,"사다리꼴에서 평행선과 두 대각선의 길이(2) 평행선이 대각선의 교점을 지날 때"
set05,"260711_도형의 닮음(4).pdf",7a5343b15d194803ea1a60acf2939ae2365525d78789147b9071ad8d3edd5f2b,050,13,69,"평행선 사이의 길이의 비의 응용"
set05,"260711_도형의 닮음(4).pdf",7a5343b15d194803ea1a60acf2939ae2365525d78789147b9071ad8d3edd5f2b,051,13,70,"평행선 사이의 길이의 비의 응용"
set05,"260711_도형의 닮음(4).pdf",7a5343b15d194803ea1a60acf2939ae2365525d78789147b9071ad8d3edd5f2b,052,13,91,"삼각형의 두 변의 중점을 연결한 선분의 성질(1)"
set05,"260711_도형의 닮음(4).pdf",7a5343b15d194803ea1a60acf2939ae2365525d78789147b9071ad8d3edd5f2b,053,14,89,"삼각형의 두 변의 중점을 연결한 선분의 성질(1)"
set05,"260711_도형의 닮음(4).pdf",7a5343b15d194803ea1a60acf2939ae2365525d78789147b9071ad8d3edd5f2b,054,14,69,"삼각형의 두 변의 중점을 연결한 선분의 성질(2)"
set05,"260711_도형의 닮음(4).pdf",7a5343b15d194803ea1a60acf2939ae2365525d78789147b9071ad8d3edd5f2b,055,14,51,"삼각형의 두 변의 중점을 연결한 선분의 성질(2)"
set05,"260711_도형의 닮음(4).pdf",7a5343b15d194803ea1a60acf2939ae2365525d78789147b9071ad8d3edd5f2b,056,14,71,"삼각형의 두 변의 중점을 연결한 선분의 성질(2)"
set05,"260711_도형의 닮음(4).pdf",7a5343b15d194803ea1a60acf2939ae2365525d78789147b9071ad8d3edd5f2b,057,15,89,"삼각형의 중점을 연결한 선분 응용(1) 중점"
set05,"260711_도형의 닮음(4).pdf",7a5343b15d194803ea1a60acf2939ae2365525d78789147b9071ad8d3edd5f2b,058,15,63,"삼각형의 중점을 연결한 선분 응용(1) 중점"
set05,"260711_도형의 닮음(4).pdf",7a5343b15d194803ea1a60acf2939ae2365525d78789147b9071ad8d3edd5f2b,059,15,78,"삼각형의 중점을 연결한 선분 응용(1) 중점"
set05,"260711_도형의 닮음(4).pdf",7a5343b15d194803ea1a60acf2939ae2365525d78789147b9071ad8d3edd5f2b,060,15,36,"삼각형의 중점을 연결한 선분 응용(2) 삼등분선"
set05,"260711_도형의 닮음(4).pdf",7a5343b15d194803ea1a60acf2939ae2365525d78789147b9071ad8d3edd5f2b,061,16,80,"삼각형의 중점을 연결한 선분 응용(2) 삼등분선"
set05,"260711_도형의 닮음(4).pdf",7a5343b15d194803ea1a60acf2939ae2365525d78789147b9071ad8d3edd5f2b,062,16,77,"삼각형의 중점을 연결한 선분 응용(2) 삼등분선"
set05,"260711_도형의 닮음(4).pdf",7a5343b15d194803ea1a60acf2939ae2365525d78789147b9071ad8d3edd5f2b,063,16,50,"사각형의 각 변의 중점을 연결하여 만든 사각형"
set05,"260711_도형의 닮음(4).pdf",7a5343b15d194803ea1a60acf2939ae2365525d78789147b9071ad8d3edd5f2b,064,16,45,"사각형의 각 변의 중점을 연결하여 만든 사각형"
set05,"260711_도형의 닮음(4).pdf",7a5343b15d194803ea1a60acf2939ae2365525d78789147b9071ad8d3edd5f2b,065,17,50,"사각형의 각 변의 중점을 연결하여 만든 사각형"
set05,"260711_도형의 닮음(4).pdf",7a5343b15d194803ea1a60acf2939ae2365525d78789147b9071ad8d3edd5f2b,066,17,80,"사다리꼴의 두 변의 중점을 연결한 선분의 성질"
set05,"260711_도형의 닮음(4).pdf",7a5343b15d194803ea1a60acf2939ae2365525d78789147b9071ad8d3edd5f2b,067,17,82,"사다리꼴의 두 변의 중점을 연결한 선분의 성질"
set05,"260711_도형의 닮음(4).pdf",7a5343b15d194803ea1a60acf2939ae2365525d78789147b9071ad8d3edd5f2b,068,17,80,"삼각형의 중선의 성질"
set05,"260711_도형의 닮음(4).pdf",7a5343b15d194803ea1a60acf2939ae2365525d78789147b9071ad8d3edd5f2b,069,18,62,"삼각형의 중선의 성질"
set05,"260711_도형의 닮음(4).pdf",7a5343b15d194803ea1a60acf2939ae2365525d78789147b9071ad8d3edd5f2b,070,18,71,"삼각형의 무게중심(1) △ABC의 무게중심"
set05,"260711_도형의 닮음(4).pdf",7a5343b15d194803ea1a60acf2939ae2365525d78789147b9071ad8d3edd5f2b,071,18,75,"삼각형의 무게중심(1) △ABC의 무게중심"
set05,"260711_도형의 닮음(4).pdf",7a5343b15d194803ea1a60acf2939ae2365525d78789147b9071ad8d3edd5f2b,072,18,50,"삼각형의 무게중심의 응용(1)"
set05,"260711_도형의 닮음(4).pdf",7a5343b15d194803ea1a60acf2939ae2365525d78789147b9071ad8d3edd5f2b,073,19,70,"삼각형의 무게중심의 응용(1)"
set05,"260711_도형의 닮음(4).pdf",7a5343b15d194803ea1a60acf2939ae2365525d78789147b9071ad8d3edd5f2b,074,19,68,"삼각형의 무게중심의 응용(2)"
set05,"260711_도형의 닮음(4).pdf",7a5343b15d194803ea1a60acf2939ae2365525d78789147b9071ad8d3edd5f2b,075,19,70,"삼각형의 무게중심의 응용(2)"
set05,"260711_도형의 닮음(4).pdf",7a5343b15d194803ea1a60acf2939ae2365525d78789147b9071ad8d3edd5f2b,076,19,75,"삼각형의 무게중심의 응용(3)"
set05,"260711_도형의 닮음(4).pdf",7a5343b15d194803ea1a60acf2939ae2365525d78789147b9071ad8d3edd5f2b,077,20,79,"삼각형의 무게중심의 응용(3)"
set05,"260711_도형의 닮음(4).pdf",7a5343b15d194803ea1a60acf2939ae2365525d78789147b9071ad8d3edd5f2b,078,20,67,"삼각형의 무게중심과 넓이의 관계(1) △ABC의 무게중심"
set05,"260711_도형의 닮음(4).pdf",7a5343b15d194803ea1a60acf2939ae2365525d78789147b9071ad8d3edd5f2b,079,20,68,"삼각형의 무게중심과 넓이의 관계(1) △ABC의 무게중심"
set05,"260711_도형의 닮음(4).pdf",7a5343b15d194803ea1a60acf2939ae2365525d78789147b9071ad8d3edd5f2b,080,20,82,"삼각형의 무게중심과 넓이의 관계(2) △ABC, △GBC의 무게중심"
set05,"260711_도형의 닮음(4).pdf",7a5343b15d194803ea1a60acf2939ae2365525d78789147b9071ad8d3edd5f2b,081,21,64,"삼각형의 무게중심과 넓이의 관계(2) △ABC, △GBC의 무게중심"
set05,"260711_도형의 닮음(4).pdf",7a5343b15d194803ea1a60acf2939ae2365525d78789147b9071ad8d3edd5f2b,082,21,65,"삼각형의 무게중심과 넓이의 관계(2) △ABC, △GBC의 무게중심"
set05,"260711_도형의 닮음(4).pdf",7a5343b15d194803ea1a60acf2939ae2365525d78789147b9071ad8d3edd5f2b,083,21,69,"평행사변형에서 삼각형의 무게중심의 응용(1) 길이"
set05,"260711_도형의 닮음(4).pdf",7a5343b15d194803ea1a60acf2939ae2365525d78789147b9071ad8d3edd5f2b,084,21,87,"평행사변형에서 삼각형의 무게중심의 응용(2) 넓이"
set05,"260711_도형의 닮음(4).pdf",7a5343b15d194803ea1a60acf2939ae2365525d78789147b9071ad8d3edd5f2b,085,22,79,"평행사변형에서 삼각형의 무게중심의 응용(2) 넓이"
set05,"260711_도형의 닮음(4).pdf",7a5343b15d194803ea1a60acf2939ae2365525d78789147b9071ad8d3edd5f2b,086,22,72,"평행사변형에서 삼각형의 무게중심의 응용(2) 넓이"
set05,"260711_도형의 닮음(4).pdf",7a5343b15d194803ea1a60acf2939ae2365525d78789147b9071ad8d3edd5f2b,087,22,71,"닮은 두 평면도형의 넓이의 비"
set05,"260711_도형의 닮음(4).pdf",7a5343b15d194803ea1a60acf2939ae2365525d78789147b9071ad8d3edd5f2b,088,22,73,"닮은 두 평면도형의 넓이의 비"
set05,"260711_도형의 닮음(4).pdf",7a5343b15d194803ea1a60acf2939ae2365525d78789147b9071ad8d3edd5f2b,089,23,68,"닮은 두 평면도형의 넓이의 비"
set05,"260711_도형의 닮음(4).pdf",7a5343b15d194803ea1a60acf2939ae2365525d78789147b9071ad8d3edd5f2b,090,23,68,"닮은 두 평면도형의 넓이의 비의 활용"
set05,"260711_도형의 닮음(4).pdf",7a5343b15d194803ea1a60acf2939ae2365525d78789147b9071ad8d3edd5f2b,091,23,70,"닮은 두 입체도형의 겉넓이의 비의 활용"
set05,"260711_도형의 닮음(4).pdf",7a5343b15d194803ea1a60acf2939ae2365525d78789147b9071ad8d3edd5f2b,092,23,67,"닮은 두 입체도형의 겉넓이의 비의 활용"
set05,"260711_도형의 닮음(4).pdf",7a5343b15d194803ea1a60acf2939ae2365525d78789147b9071ad8d3edd5f2b,093,24,64,"닮은 두 입체도형의 부피의 비"
set05,"260711_도형의 닮음(4).pdf",7a5343b15d194803ea1a60acf2939ae2365525d78789147b9071ad8d3edd5f2b,094,24,73,"닮은 두 입체도형의 부피의 비"
set05,"260711_도형의 닮음(4).pdf",7a5343b15d194803ea1a60acf2939ae2365525d78789147b9071ad8d3edd5f2b,095,24,74,"닮은 두 입체도형의 부피의 비"
set05,"260711_도형의 닮음(4).pdf",7a5343b15d194803ea1a60acf2939ae2365525d78789147b9071ad8d3edd5f2b,096,24,84,"닮은 두 입체도형의 부피의 비의 활용"
set05,"260711_도형의 닮음(4).pdf",7a5343b15d194803ea1a60acf2939ae2365525d78789147b9071ad8d3edd5f2b,097,25,59,"닮은 두 입체도형의 부피의 비의 활용"
set05,"260711_도형의 닮음(4).pdf",7a5343b15d194803ea1a60acf2939ae2365525d78789147b9071ad8d3edd5f2b,098,25,75,"닮음의 활용(1) 높이의 측정"
set05,"260711_도형의 닮음(4).pdf",7a5343b15d194803ea1a60acf2939ae2365525d78789147b9071ad8d3edd5f2b,099,25,77,"닮음의 활용(1) 높이의 측정"
set05,"260711_도형의 닮음(4).pdf",7a5343b15d194803ea1a60acf2939ae2365525d78789147b9071ad8d3edd5f2b,100,25,79,"닮음의 활용(2) 축도와 축척"
set05,"260711_도형의 닮음(4).pdf",7a5343b15d194803ea1a60acf2939ae2365525d78789147b9071ad8d3edd5f2b,101,26,72,"닮음의 활용(2) 축도와 축척"
set05,"260711_도형의 닮음(4).pdf",7a5343b15d194803ea1a60acf2939ae2365525d78789147b9071ad8d3edd5f2b,102,26,50,"닮음의 활용(2) 축도와 축척"
set05,"260711_도형의 닮음(4).pdf",7a5343b15d194803ea1a60acf2939ae2365525d78789147b9071ad8d3edd5f2b,103,26,89,"삼각형의 변의 길이 구하기(1)"
set05,"260711_도형의 닮음(4).pdf",7a5343b15d194803ea1a60acf2939ae2365525d78789147b9071ad8d3edd5f2b,104,26,69,"삼각형의 변의 길이 구하기(1)"
set05,"260711_도형의 닮음(4).pdf",7a5343b15d194803ea1a60acf2939ae2365525d78789147b9071ad8d3edd5f2b,105,27,82,"삼각형의 변의 길이 구하기(1)"
set05,"260711_도형의 닮음(4).pdf",7a5343b15d194803ea1a60acf2939ae2365525d78789147b9071ad8d3edd5f2b,106,27,88,"삼각형의 변의 길이 구하기(2)"
set05,"260711_도형의 닮음(4).pdf",7a5343b15d194803ea1a60acf2939ae2365525d78789147b9071ad8d3edd5f2b,107,27,42,"삼각형의 변의 길이 구하기(2)"
set05,"260711_도형의 닮음(4).pdf",7a5343b15d194803ea1a60acf2939ae2365525d78789147b9071ad8d3edd5f2b,108,27,51,"삼각형의 변의 길이 구하기(2)"
set05,"260711_도형의 닮음(4).pdf",7a5343b15d194803ea1a60acf2939ae2365525d78789147b9071ad8d3edd5f2b,109,28,70,"삼각형의 변의 길이 구하기(3)"
set05,"260711_도형의 닮음(4).pdf",7a5343b15d194803ea1a60acf2939ae2365525d78789147b9071ad8d3edd5f2b,110,28,71,"삼각형의 변의 길이 구하기(3)"
set05,"260711_도형의 닮음(4).pdf",7a5343b15d194803ea1a60acf2939ae2365525d78789147b9071ad8d3edd5f2b,111,28,70,"직각삼각형의 닮음과 피타고라스 정리"
set05,"260711_도형의 닮음(4).pdf",7a5343b15d194803ea1a60acf2939ae2365525d78789147b9071ad8d3edd5f2b,112,28,58,"직각삼각형의 닮음과 피타고라스 정리"
set05,"260711_도형의 닮음(4).pdf",7a5343b15d194803ea1a60acf2939ae2365525d78789147b9071ad8d3edd5f2b,113,29,82,"사각형에서 피타고라스 정리의 이용(1) 대각선을 그어 푸는 경우"
set05,"260711_도형의 닮음(4).pdf",7a5343b15d194803ea1a60acf2939ae2365525d78789147b9071ad8d3edd5f2b,114,29,80,"사각형에서 피타고라스 정리의 이용(1) 대각선을 그어 푸는 경우"
set05,"260711_도형의 닮음(4).pdf",7a5343b15d194803ea1a60acf2939ae2365525d78789147b9071ad8d3edd5f2b,115,29,75,"사각형에서 피타고라스 정리의 이용(2) 수선을 그어 푸는 경우"
set05,"260711_도형의 닮음(4).pdf",7a5343b15d194803ea1a60acf2939ae2365525d78789147b9071ad8d3edd5f2b,116,29,77,"사각형에서 피타고라스 정리의 이용(2) 수선을 그어 푸는 경우"
set05,"260711_도형의 닮음(4).pdf",7a5343b15d194803ea1a60acf2939ae2365525d78789147b9071ad8d3edd5f2b,117,30,58,"사각형에서 피타고라스 정리의 이용(2) 수선을 그어 푸는 경우"
set05,"260711_도형의 닮음(4).pdf",7a5343b15d194803ea1a60acf2939ae2365525d78789147b9071ad8d3edd5f2b,118,30,50,"직사각형의 대각선의 길이"
set05,"260711_도형의 닮음(4).pdf",7a5343b15d194803ea1a60acf2939ae2365525d78789147b9071ad8d3edd5f2b,119,30,61,"직사각형의 대각선의 길이"
set05,"260711_도형의 닮음(4).pdf",7a5343b15d194803ea1a60acf2939ae2365525d78789147b9071ad8d3edd5f2b,120,30,55,"직사각형의 대각선의 길이"
set05,"260711_도형의 닮음(4).pdf",7a5343b15d194803ea1a60acf2939ae2365525d78789147b9071ad8d3edd5f2b,121,31,87,"이등변삼각형의 높이와 넓이"
set05,"260711_도형의 닮음(4).pdf",7a5343b15d194803ea1a60acf2939ae2365525d78789147b9071ad8d3edd5f2b,122,31,39,"이등변삼각형의 높이와 넓이"
set05,"260711_도형의 닮음(4).pdf",7a5343b15d194803ea1a60acf2939ae2365525d78789147b9071ad8d3edd5f2b,123,31,77,"피타고라스 정리의 설명(1) 유클리드의 방법"
set05,"260711_도형의 닮음(4).pdf",7a5343b15d194803ea1a60acf2939ae2365525d78789147b9071ad8d3edd5f2b,124,31,73,"피타고라스 정리의 설명(1) 유클리드의 방법"
set05,"260711_도형의 닮음(4).pdf",7a5343b15d194803ea1a60acf2939ae2365525d78789147b9071ad8d3edd5f2b,125,32,88,"피타고라스 정리의 설명(2) 피타고라스의 방법"
set05,"260711_도형의 닮음(4).pdf",7a5343b15d194803ea1a60acf2939ae2365525d78789147b9071ad8d3edd5f2b,126,32,91,"피타고라스 정리의 설명(2) 피타고라스의 방법"
set05,"260711_도형의 닮음(4).pdf",7a5343b15d194803ea1a60acf2939ae2365525d78789147b9071ad8d3edd5f2b,127,32,82,"피타고라스 정리의 설명(3) 가필드의 방법"
set05,"260711_도형의 닮음(4).pdf",7a5343b15d194803ea1a60acf2939ae2365525d78789147b9071ad8d3edd5f2b,128,32,84,"피타고라스 정리의 설명(3) 가필드의 방법"
set05,"260711_도형의 닮음(4).pdf",7a5343b15d194803ea1a60acf2939ae2365525d78789147b9071ad8d3edd5f2b,129,33,86,"피타고라스 정리의 설명(4) 바스카라의 방법"
set05,"260711_도형의 닮음(4).pdf",7a5343b15d194803ea1a60acf2939ae2365525d78789147b9071ad8d3edd5f2b,130,33,88,"피타고라스 정리의 설명(4) 바스카라의 방법"
set05,"260711_도형의 닮음(4).pdf",7a5343b15d194803ea1a60acf2939ae2365525d78789147b9071ad8d3edd5f2b,131,33,93,"직각삼각형이 되기 위한 조건"
set05,"260711_도형의 닮음(4).pdf",7a5343b15d194803ea1a60acf2939ae2365525d78789147b9071ad8d3edd5f2b,132,33,86,"직각삼각형이 되기 위한 조건"
set05,"260711_도형의 닮음(4).pdf",7a5343b15d194803ea1a60acf2939ae2365525d78789147b9071ad8d3edd5f2b,133,34,69,"각의 크기에 따른 삼각형의 변의 길이"
set05,"260711_도형의 닮음(4).pdf",7a5343b15d194803ea1a60acf2939ae2365525d78789147b9071ad8d3edd5f2b,134,34,33,"피타고라스 정리의 활용(1) 직각삼각형"
set05,"260711_도형의 닮음(4).pdf",7a5343b15d194803ea1a60acf2939ae2365525d78789147b9071ad8d3edd5f2b,135,34,53,"피타고라스 정리의 활용(1) 직각삼각형"
set05,"260711_도형의 닮음(4).pdf",7a5343b15d194803ea1a60acf2939ae2365525d78789147b9071ad8d3edd5f2b,136,34,64,"피타고라스 정리의 활용(2) 사각형"
set05,"260711_도형의 닮음(4).pdf",7a5343b15d194803ea1a60acf2939ae2365525d78789147b9071ad8d3edd5f2b,137,35,70,"피타고라스 정리의 활용(2) 사각형"
set05,"260711_도형의 닮음(4).pdf",7a5343b15d194803ea1a60acf2939ae2365525d78789147b9071ad8d3edd5f2b,138,35,50,"피타고라스 정리의 활용(2) 사각형"
set05,"260711_도형의 닮음(4).pdf",7a5343b15d194803ea1a60acf2939ae2365525d78789147b9071ad8d3edd5f2b,139,35,72,"피타고라스 정리의 활용(4) 직각삼각형의 세 반원 사이의 관계"
set05,"260711_도형의 닮음(4).pdf",7a5343b15d194803ea1a60acf2939ae2365525d78789147b9071ad8d3edd5f2b,140,35,74,"피타고라스 정리의 활용(4) 직각삼각형의 세 반원 사이의 관계"
set05,"260711_도형의 닮음(4).pdf",7a5343b15d194803ea1a60acf2939ae2365525d78789147b9071ad8d3edd5f2b,141,36,72,"피타고라스 정리의 활용(4) 직각삼각형의 세 반원 사이의 관계"
set05,"260711_도형의 닮음(4).pdf",7a5343b15d194803ea1a60acf2939ae2365525d78789147b9071ad8d3edd5f2b,142,36,74,"피타고라스 정리의 활용(5) 히포크라테스의 원의 넓이"
set05,"260711_도형의 닮음(4).pdf",7a5343b15d194803ea1a60acf2939ae2365525d78789147b9071ad8d3edd5f2b,143,36,70,"피타고라스 정리의 활용(5) 히포크라테스의 원의 넓이"
set05,"260711_도형의 닮음(4).pdf",7a5343b15d194803ea1a60acf2939ae2365525d78789147b9071ad8d3edd5f2b,144,36,56,"종이접기와 피타고라스 정리"
set05,"260711_도형의 닮음(4).pdf",7a5343b15d194803ea1a60acf2939ae2365525d78789147b9071ad8d3edd5f2b,145,37,49,"종이접기와 피타고라스 정리"
set05,"260711_도형의 닮음(4).pdf",7a5343b15d194803ea1a60acf2939ae2365525d78789147b9071ad8d3edd5f2b,146,37,49,"종이접기와 피타고라스 정리"
set05,"260711_도형의 닮음(4).pdf",7a5343b15d194803ea1a60acf2939ae2365525d78789147b9071ad8d3edd5f2b,147,37,49,"입체도형에서의 피타고라스 정리"
set05,"260711_도형의 닮음(4).pdf",7a5343b15d194803ea1a60acf2939ae2365525d78789147b9071ad8d3edd5f2b,148,37,71,"입체도형에서의 피타고라스 정리"
set05,"260711_도형의 닮음(4).pdf",7a5343b15d194803ea1a60acf2939ae2365525d78789147b9071ad8d3edd5f2b,149,38,50,"입체도형에서의 피타고라스 정리"
set05,"260711_도형의 닮음(4).pdf",7a5343b15d194803ea1a60acf2939ae2365525d78789147b9071ad8d3edd5f2b,150,38,69,"원기둥에서의 최단 거리"
set06,"260711_도형의 닮음(5).pdf",bba107f837c24ff9f869eaf275a503ff689ec1ad7f4bc5fe41641467a43905d3,001,1,32,"평면도형에서 닮음비의 응용"
set06,"260711_도형의 닮음(5).pdf",bba107f837c24ff9f869eaf275a503ff689ec1ad7f4bc5fe41641467a43905d3,002,1,56,"삼각형의 닮음 조건"
set06,"260711_도형의 닮음(5).pdf",bba107f837c24ff9f869eaf275a503ff689ec1ad7f4bc5fe41641467a43905d3,003,1,82,"삼각형의 닮음 조건"
set06,"260711_도형의 닮음(5).pdf",bba107f837c24ff9f869eaf275a503ff689ec1ad7f4bc5fe41641467a43905d3,004,1,70,"삼각형의 닮음 조건의 응용(1) SAS 닮음"
set06,"260711_도형의 닮음(5).pdf",bba107f837c24ff9f869eaf275a503ff689ec1ad7f4bc5fe41641467a43905d3,005,2,53,"삼각형의 닮음 조건의 응용(1) SAS 닮음"
set06,"260711_도형의 닮음(5).pdf",bba107f837c24ff9f869eaf275a503ff689ec1ad7f4bc5fe41641467a43905d3,006,2,73,"삼각형의 닮음 조건의 응용(2) AA 닮음"
set06,"260711_도형의 닮음(5).pdf",bba107f837c24ff9f869eaf275a503ff689ec1ad7f4bc5fe41641467a43905d3,007,2,79,"삼각형의 닮음 조건의 응용(2) AA 닮음"
set06,"260711_도형의 닮음(5).pdf",bba107f837c24ff9f869eaf275a503ff689ec1ad7f4bc5fe41641467a43905d3,008,2,82,"삼각형의 닮음 조건의 응용(2) AA 닮음"
set06,"260711_도형의 닮음(5).pdf",bba107f837c24ff9f869eaf275a503ff689ec1ad7f4bc5fe41641467a43905d3,009,3,50,"평행선에서 삼각형의 닮음 조건의 응용"
set06,"260711_도형의 닮음(5).pdf",bba107f837c24ff9f869eaf275a503ff689ec1ad7f4bc5fe41641467a43905d3,010,3,52,"평행선에서 삼각형의 닮음 조건의 응용"
set06,"260711_도형의 닮음(5).pdf",bba107f837c24ff9f869eaf275a503ff689ec1ad7f4bc5fe41641467a43905d3,011,3,83,"직각삼각형의 닮음(1) 공통인 각이 있는 경우"
set06,"260711_도형의 닮음(5).pdf",bba107f837c24ff9f869eaf275a503ff689ec1ad7f4bc5fe41641467a43905d3,012,3,70,"직각삼각형의 닮음(1) 공통인 각이 있는 경우"
set06,"260711_도형의 닮음(5).pdf",bba107f837c24ff9f869eaf275a503ff689ec1ad7f4bc5fe41641467a43905d3,013,4,68,"직각삼각형의 닮음(1) 공통인 각이 있는 경우"
set06,"260711_도형의 닮음(5).pdf",bba107f837c24ff9f869eaf275a503ff689ec1ad7f4bc5fe41641467a43905d3,014,4,67,"직각삼각형의 닮음(2) 한 예각의 크기가 같은 경우"
set06,"260711_도형의 닮음(5).pdf",bba107f837c24ff9f869eaf275a503ff689ec1ad7f4bc5fe41641467a43905d3,015,4,70,"직각삼각형의 닮음(2) 한 예각의 크기가 같은 경우"
set06,"260711_도형의 닮음(5).pdf",bba107f837c24ff9f869eaf275a503ff689ec1ad7f4bc5fe41641467a43905d3,016,4,52,"직각삼각형의 닮음(2) 한 예각의 크기가 같은 경우"
set06,"260711_도형의 닮음(5).pdf",bba107f837c24ff9f869eaf275a503ff689ec1ad7f4bc5fe41641467a43905d3,017,5,78,"직각삼각형의 닮음의 응용"
set06,"260711_도형의 닮음(5).pdf",bba107f837c24ff9f869eaf275a503ff689ec1ad7f4bc5fe41641467a43905d3,018,5,60,"직각삼각형의 닮음의 응용"
set06,"260711_도형의 닮음(5).pdf",bba107f837c24ff9f869eaf275a503ff689ec1ad7f4bc5fe41641467a43905d3,019,5,77,"종이접기와 삼각형의 닮음"
set06,"260711_도형의 닮음(5).pdf",bba107f837c24ff9f869eaf275a503ff689ec1ad7f4bc5fe41641467a43905d3,020,5,69,"종이접기와 삼각형의 닮음"
set06,"260711_도형의 닮음(5).pdf",bba107f837c24ff9f869eaf275a503ff689ec1ad7f4bc5fe41641467a43905d3,021,6,62,"삼각형에서 평행선 사이의 선분의 길이의 비(1) 한 각이 공통각인 두 삼각형"
set06,"260711_도형의 닮음(5).pdf",bba107f837c24ff9f869eaf275a503ff689ec1ad7f4bc5fe41641467a43905d3,022,6,75,"삼각형에서 평행선 사이의 선분의 길이의 비(1) 한 각이 공통각인 두 삼각형"
set06,"260711_도형의 닮음(5).pdf",bba107f837c24ff9f869eaf275a503ff689ec1ad7f4bc5fe41641467a43905d3,023,6,79,"삼각형에서 평행선 사이의 선분의 길이의 비(1) 한 각이 공통각인 두 삼각형"
set06,"260711_도형의 닮음(5).pdf",bba107f837c24ff9f869eaf275a503ff689ec1ad7f4bc5fe41641467a43905d3,024,6,81,"삼각형에서 평행선 사이의 선분의 길이의 비(2) 한 각이 맞꼭지각인 두 삼각형"
set06,"260711_도형의 닮음(5).pdf",bba107f837c24ff9f869eaf275a503ff689ec1ad7f4bc5fe41641467a43905d3,025,7,78,"삼각형에서 평행선 사이의 선분의 길이의 비(2) 한 각이 맞꼭지각인 두 삼각형"
set06,"260711_도형의 닮음(5).pdf",bba107f837c24ff9f869eaf275a503ff689ec1ad7f4bc5fe41641467a43905d3,026,7,64,"삼각형에서 평행선 사이의 선분의 길이의 비의 응용"
set06,"260711_도형의 닮음(5).pdf",bba107f837c24ff9f869eaf275a503ff689ec1ad7f4bc5fe41641467a43905d3,027,7,71,"삼각형에서 평행선 사이의 선분의 길이의 비의 응용"
set06,"260711_도형의 닮음(5).pdf",bba107f837c24ff9f869eaf275a503ff689ec1ad7f4bc5fe41641467a43905d3,028,7,53,"삼각형의 내각의 이등분선과 변의 길이"
set06,"260711_도형의 닮음(5).pdf",bba107f837c24ff9f869eaf275a503ff689ec1ad7f4bc5fe41641467a43905d3,029,8,69,"삼각형의 내각의 이등분선과 변의 길이"
set06,"260711_도형의 닮음(5).pdf",bba107f837c24ff9f869eaf275a503ff689ec1ad7f4bc5fe41641467a43905d3,030,8,54,"삼각형의 내각의 이등분선과 변의 길이"
set06,"260711_도형의 닮음(5).pdf",bba107f837c24ff9f869eaf275a503ff689ec1ad7f4bc5fe41641467a43905d3,031,8,79,"삼각형의 내각의 이등분선과 삼각형의 넓이"
set06,"260711_도형의 닮음(5).pdf",bba107f837c24ff9f869eaf275a503ff689ec1ad7f4bc5fe41641467a43905d3,032,8,76,"삼각형의 내각의 이등분선과 삼각형의 넓이"
set06,"260711_도형의 닮음(5).pdf",bba107f837c24ff9f869eaf275a503ff689ec1ad7f4bc5fe41641467a43905d3,033,9,72,"삼각형의 외각의 이등분선과 변의 길이"
set06,"260711_도형의 닮음(5).pdf",bba107f837c24ff9f869eaf275a503ff689ec1ad7f4bc5fe41641467a43905d3,034,9,74,"삼각형의 외각의 이등분선과 변의 길이"
set06,"260711_도형의 닮음(5).pdf",bba107f837c24ff9f869eaf275a503ff689ec1ad7f4bc5fe41641467a43905d3,035,9,68,"삼각형의 외각의 이등분선과 삼각형의 넓이"
set06,"260711_도형의 닮음(5).pdf",bba107f837c24ff9f869eaf275a503ff689ec1ad7f4bc5fe41641467a43905d3,036,9,69,"삼각형의 외각의 이등분선과 삼각형의 넓이"
set06,"260711_도형의 닮음(5).pdf",bba107f837c24ff9f869eaf275a503ff689ec1ad7f4bc5fe41641467a43905d3,037,10,68,"평행선 사이의 길이의 비"
set06,"260711_도형의 닮음(5).pdf",bba107f837c24ff9f869eaf275a503ff689ec1ad7f4bc5fe41641467a43905d3,038,10,80,"평행선 사이의 길이의 비"
set06,"260711_도형의 닮음(5).pdf",bba107f837c24ff9f869eaf275a503ff689ec1ad7f4bc5fe41641467a43905d3,039,10,67,"사다리꼴에서 평행선 사이의 선분의 길이의 비"
set06,"260711_도형의 닮음(5).pdf",bba107f837c24ff9f869eaf275a503ff689ec1ad7f4bc5fe41641467a43905d3,040,10,72,"사다리꼴에서 평행선 사이의 선분의 길이의 비"
set06,"260711_도형의 닮음(5).pdf",bba107f837c24ff9f869eaf275a503ff689ec1ad7f4bc5fe41641467a43905d3,041,11,65,"사다리꼴에서 평행선 사이의 선분의 길이의 비"
set06,"260711_도형의 닮음(5).pdf",bba107f837c24ff9f869eaf275a503ff689ec1ad7f4bc5fe41641467a43905d3,042,11,64,"사다리꼴에서 평행선과 한 대각선의 길이"
set06,"260711_도형의 닮음(5).pdf",bba107f837c24ff9f869eaf275a503ff689ec1ad7f4bc5fe41641467a43905d3,043,11,74,"사다리꼴에서 평행선과 한 대각선의 길이"
set06,"260711_도형의 닮음(5).pdf",bba107f837c24ff9f869eaf275a503ff689ec1ad7f4bc5fe41641467a43905d3,044,11,79,"사다리꼴에서 평행선과 한 대각선의 길이"
set06,"260711_도형의 닮음(5).pdf",bba107f837c24ff9f869eaf275a503ff689ec1ad7f4bc5fe41641467a43905d3,045,12,73,"사다리꼴에서 평행선과 두 대각선의 길이(1) 평행선이 대각선의 교점을 지나지 않을 때"
set06,"260711_도형의 닮음(5).pdf",bba107f837c24ff9f869eaf275a503ff689ec1ad7f4bc5fe41641467a43905d3,046,12,80,"사다리꼴에서 평행선과 두 대각선의 길이(1) 평행선이 대각선의 교점을 지나지 않을 때"
set06,"260711_도형의 닮음(5).pdf",bba107f837c24ff9f869eaf275a503ff689ec1ad7f4bc5fe41641467a43905d3,047,12,65,"사다리꼴에서 평행선과 두 대각선의 길이(2) 평행선이 대각선의 교점을 지날 때"
set06,"260711_도형의 닮음(5).pdf",bba107f837c24ff9f869eaf275a503ff689ec1ad7f4bc5fe41641467a43905d3,048,12,80,"사다리꼴에서 평행선과 두 대각선의 길이(2) 평행선이 대각선의 교점을 지날 때"
set06,"260711_도형의 닮음(5).pdf",bba107f837c24ff9f869eaf275a503ff689ec1ad7f4bc5fe41641467a43905d3,049,13,63,"사다리꼴에서 평행선과 두 대각선의 길이(2) 평행선이 대각선의 교점을 지날 때"
set06,"260711_도형의 닮음(5).pdf",bba107f837c24ff9f869eaf275a503ff689ec1ad7f4bc5fe41641467a43905d3,050,13,75,"평행선 사이의 길이의 비의 응용"
set06,"260711_도형의 닮음(5).pdf",bba107f837c24ff9f869eaf275a503ff689ec1ad7f4bc5fe41641467a43905d3,051,13,59,"평행선 사이의 길이의 비의 응용"
set06,"260711_도형의 닮음(5).pdf",bba107f837c24ff9f869eaf275a503ff689ec1ad7f4bc5fe41641467a43905d3,052,13,71,"평행선 사이의 길이의 비의 응용"
set06,"260711_도형의 닮음(5).pdf",bba107f837c24ff9f869eaf275a503ff689ec1ad7f4bc5fe41641467a43905d3,053,14,92,"삼각형의 두 변의 중점을 연결한 선분의 성질(1)"
set06,"260711_도형의 닮음(5).pdf",bba107f837c24ff9f869eaf275a503ff689ec1ad7f4bc5fe41641467a43905d3,054,14,91,"삼각형의 두 변의 중점을 연결한 선분의 성질(1)"
set06,"260711_도형의 닮음(5).pdf",bba107f837c24ff9f869eaf275a503ff689ec1ad7f4bc5fe41641467a43905d3,055,14,71,"삼각형의 두 변의 중점을 연결한 선분의 성질(2)"
set06,"260711_도형의 닮음(5).pdf",bba107f837c24ff9f869eaf275a503ff689ec1ad7f4bc5fe41641467a43905d3,056,14,69,"삼각형의 두 변의 중점을 연결한 선분의 성질(2)"
set06,"260711_도형의 닮음(5).pdf",bba107f837c24ff9f869eaf275a503ff689ec1ad7f4bc5fe41641467a43905d3,057,15,78,"삼각형의 중점을 연결한 선분 응용(1) 중점"
set06,"260711_도형의 닮음(5).pdf",bba107f837c24ff9f869eaf275a503ff689ec1ad7f4bc5fe41641467a43905d3,058,15,79,"삼각형의 중점을 연결한 선분 응용(1) 중점"
set06,"260711_도형의 닮음(5).pdf",bba107f837c24ff9f869eaf275a503ff689ec1ad7f4bc5fe41641467a43905d3,059,15,64,"삼각형의 중점을 연결한 선분 응용(1) 중점"
set06,"260711_도형의 닮음(5).pdf",bba107f837c24ff9f869eaf275a503ff689ec1ad7f4bc5fe41641467a43905d3,060,15,61,"삼각형의 중점을 연결한 선분 응용(2) 삼등분선"
set06,"260711_도형의 닮음(5).pdf",bba107f837c24ff9f869eaf275a503ff689ec1ad7f4bc5fe41641467a43905d3,061,16,56,"삼각형의 중점을 연결한 선분 응용(2) 삼등분선"
set06,"260711_도형의 닮음(5).pdf",bba107f837c24ff9f869eaf275a503ff689ec1ad7f4bc5fe41641467a43905d3,062,16,43,"삼각형의 중점을 연결한 선분 응용(2) 삼등분선"
set06,"260711_도형의 닮음(5).pdf",bba107f837c24ff9f869eaf275a503ff689ec1ad7f4bc5fe41641467a43905d3,063,16,85,"사각형의 각 변의 중점을 연결하여 만든 사각형"
set06,"260711_도형의 닮음(5).pdf",bba107f837c24ff9f869eaf275a503ff689ec1ad7f4bc5fe41641467a43905d3,064,16,85,"사각형의 각 변의 중점을 연결하여 만든 사각형"
set06,"260711_도형의 닮음(5).pdf",bba107f837c24ff9f869eaf275a503ff689ec1ad7f4bc5fe41641467a43905d3,065,17,80,"사다리꼴의 두 변의 중점을 연결한 선분의 성질"
set06,"260711_도형의 닮음(5).pdf",bba107f837c24ff9f869eaf275a503ff689ec1ad7f4bc5fe41641467a43905d3,066,17,80,"사다리꼴의 두 변의 중점을 연결한 선분의 성질"
set06,"260711_도형의 닮음(5).pdf",bba107f837c24ff9f869eaf275a503ff689ec1ad7f4bc5fe41641467a43905d3,067,17,50,"사다리꼴의 두 변의 중점을 연결한 선분의 성질"
set06,"260711_도형의 닮음(5).pdf",bba107f837c24ff9f869eaf275a503ff689ec1ad7f4bc5fe41641467a43905d3,068,17,62,"삼각형의 중선의 성질"
set06,"260711_도형의 닮음(5).pdf",bba107f837c24ff9f869eaf275a503ff689ec1ad7f4bc5fe41641467a43905d3,069,18,70,"삼각형의 중선의 성질"
set06,"260711_도형의 닮음(5).pdf",bba107f837c24ff9f869eaf275a503ff689ec1ad7f4bc5fe41641467a43905d3,070,18,58,"삼각형의 중선의 성질"
set06,"260711_도형의 닮음(5).pdf",bba107f837c24ff9f869eaf275a503ff689ec1ad7f4bc5fe41641467a43905d3,071,18,70,"삼각형의 무게중심(1) △ABC의 무게중심"
set06,"260711_도형의 닮음(5).pdf",bba107f837c24ff9f869eaf275a503ff689ec1ad7f4bc5fe41641467a43905d3,072,18,70,"삼각형의 무게중심(1) △ABC의 무게중심"
set06,"260711_도형의 닮음(5).pdf",bba107f837c24ff9f869eaf275a503ff689ec1ad7f4bc5fe41641467a43905d3,073,19,87,"삼각형의 무게중심(1) △ABC의 무게중심"
set06,"260711_도형의 닮음(5).pdf",bba107f837c24ff9f869eaf275a503ff689ec1ad7f4bc5fe41641467a43905d3,074,19,70,"삼각형의 무게중심의 응용(1)"
set06,"260711_도형의 닮음(5).pdf",bba107f837c24ff9f869eaf275a503ff689ec1ad7f4bc5fe41641467a43905d3,075,19,54,"삼각형의 무게중심의 응용(1)"
set06,"260711_도형의 닮음(5).pdf",bba107f837c24ff9f869eaf275a503ff689ec1ad7f4bc5fe41641467a43905d3,076,19,70,"삼각형의 무게중심의 응용(1)"
set06,"260711_도형의 닮음(5).pdf",bba107f837c24ff9f869eaf275a503ff689ec1ad7f4bc5fe41641467a43905d3,077,20,74,"삼각형의 무게중심의 응용(2)"
set06,"260711_도형의 닮음(5).pdf",bba107f837c24ff9f869eaf275a503ff689ec1ad7f4bc5fe41641467a43905d3,078,20,81,"삼각형의 무게중심의 응용(2)"
set06,"260711_도형의 닮음(5).pdf",bba107f837c24ff9f869eaf275a503ff689ec1ad7f4bc5fe41641467a43905d3,079,20,65,"삼각형의 무게중심의 응용(3)"
set06,"260711_도형의 닮음(5).pdf",bba107f837c24ff9f869eaf275a503ff689ec1ad7f4bc5fe41641467a43905d3,080,20,48,"삼각형의 무게중심의 응용(3)"
set06,"260711_도형의 닮음(5).pdf",bba107f837c24ff9f869eaf275a503ff689ec1ad7f4bc5fe41641467a43905d3,081,21,57,"삼각형의 무게중심과 넓이의 관계(1) △ABC의 무게중심"
set06,"260711_도형의 닮음(5).pdf",bba107f837c24ff9f869eaf275a503ff689ec1ad7f4bc5fe41641467a43905d3,082,21,72,"삼각형의 무게중심과 넓이의 관계(1) △ABC의 무게중심"
set06,"260711_도형의 닮음(5).pdf",bba107f837c24ff9f869eaf275a503ff689ec1ad7f4bc5fe41641467a43905d3,083,21,77,"삼각형의 무게중심과 넓이의 관계(1) △ABC의 무게중심"
set06,"260711_도형의 닮음(5).pdf",bba107f837c24ff9f869eaf275a503ff689ec1ad7f4bc5fe41641467a43905d3,084,21,71,"삼각형의 무게중심과 넓이의 관계(2) △ABC, △GBC의 무게중심"
set06,"260711_도형의 닮음(5).pdf",bba107f837c24ff9f869eaf275a503ff689ec1ad7f4bc5fe41641467a43905d3,085,22,64,"삼각형의 무게중심과 넓이의 관계(2) △ABC, △GBC의 무게중심"
set06,"260711_도형의 닮음(5).pdf",bba107f837c24ff9f869eaf275a503ff689ec1ad7f4bc5fe41641467a43905d3,086,22,66,"삼각형의 무게중심과 넓이의 관계(2) △ABC, △GBC의 무게중심"
set06,"260711_도형의 닮음(5).pdf",bba107f837c24ff9f869eaf275a503ff689ec1ad7f4bc5fe41641467a43905d3,087,22,78,"평행사변형에서 삼각형의 무게중심의 응용(1) 길이"
set06,"260711_도형의 닮음(5).pdf",bba107f837c24ff9f869eaf275a503ff689ec1ad7f4bc5fe41641467a43905d3,088,22,55,"평행사변형에서 삼각형의 무게중심의 응용(1) 길이"
set06,"260711_도형의 닮음(5).pdf",bba107f837c24ff9f869eaf275a503ff689ec1ad7f4bc5fe41641467a43905d3,089,23,62,"평행사변형에서 삼각형의 무게중심의 응용(1) 길이"
set06,"260711_도형의 닮음(5).pdf",bba107f837c24ff9f869eaf275a503ff689ec1ad7f4bc5fe41641467a43905d3,090,23,84,"평행사변형에서 삼각형의 무게중심의 응용(2) 넓이"
set06,"260711_도형의 닮음(5).pdf",bba107f837c24ff9f869eaf275a503ff689ec1ad7f4bc5fe41641467a43905d3,091,23,85,"평행사변형에서 삼각형의 무게중심의 응용(2) 넓이"
set06,"260711_도형의 닮음(5).pdf",bba107f837c24ff9f869eaf275a503ff689ec1ad7f4bc5fe41641467a43905d3,092,23,63,"닮은 두 평면도형의 넓이의 비"
set06,"260711_도형의 닮음(5).pdf",bba107f837c24ff9f869eaf275a503ff689ec1ad7f4bc5fe41641467a43905d3,093,24,59,"닮은 두 평면도형의 넓이의 비"
set06,"260711_도형의 닮음(5).pdf",bba107f837c24ff9f869eaf275a503ff689ec1ad7f4bc5fe41641467a43905d3,094,24,67,"닮은 두 평면도형의 넓이의 비"
set06,"260711_도형의 닮음(5).pdf",bba107f837c24ff9f869eaf275a503ff689ec1ad7f4bc5fe41641467a43905d3,095,24,71,"닮은 두 평면도형의 넓이의 비의 활용"
set06,"260711_도형의 닮음(5).pdf",bba107f837c24ff9f869eaf275a503ff689ec1ad7f4bc5fe41641467a43905d3,096,24,68,"닮은 두 평면도형의 넓이의 비의 활용"
set06,"260711_도형의 닮음(5).pdf",bba107f837c24ff9f869eaf275a503ff689ec1ad7f4bc5fe41641467a43905d3,097,25,79,"닮은 두 입체도형의 겉넓이의 비의 활용"
set06,"260711_도형의 닮음(5).pdf",bba107f837c24ff9f869eaf275a503ff689ec1ad7f4bc5fe41641467a43905d3,098,25,82,"닮은 두 입체도형의 겉넓이의 비의 활용"
set06,"260711_도형의 닮음(5).pdf",bba107f837c24ff9f869eaf275a503ff689ec1ad7f4bc5fe41641467a43905d3,099,25,64,"닮은 두 입체도형의 겉넓이의 비의 활용"
set06,"260711_도형의 닮음(5).pdf",bba107f837c24ff9f869eaf275a503ff689ec1ad7f4bc5fe41641467a43905d3,100,25,82,"닮은 두 입체도형의 부피의 비"
set06,"260711_도형의 닮음(5).pdf",bba107f837c24ff9f869eaf275a503ff689ec1ad7f4bc5fe41641467a43905d3,101,26,56,"닮은 두 입체도형의 부피의 비"
set06,"260711_도형의 닮음(5).pdf",bba107f837c24ff9f869eaf275a503ff689ec1ad7f4bc5fe41641467a43905d3,102,26,64,"닮은 두 입체도형의 부피의 비"
set06,"260711_도형의 닮음(5).pdf",bba107f837c24ff9f869eaf275a503ff689ec1ad7f4bc5fe41641467a43905d3,103,26,61,"닮은 두 입체도형의 부피의 비의 활용"
set06,"260711_도형의 닮음(5).pdf",bba107f837c24ff9f869eaf275a503ff689ec1ad7f4bc5fe41641467a43905d3,104,26,87,"닮은 두 입체도형의 부피의 비의 활용"
set06,"260711_도형의 닮음(5).pdf",bba107f837c24ff9f869eaf275a503ff689ec1ad7f4bc5fe41641467a43905d3,105,27,63,"닮은 두 입체도형의 부피의 비의 활용"
set06,"260711_도형의 닮음(5).pdf",bba107f837c24ff9f869eaf275a503ff689ec1ad7f4bc5fe41641467a43905d3,106,27,66,"닮음의 활용(1) 높이의 측정"
set06,"260711_도형의 닮음(5).pdf",bba107f837c24ff9f869eaf275a503ff689ec1ad7f4bc5fe41641467a43905d3,107,27,79,"닮음의 활용(1) 높이의 측정"
set06,"260711_도형의 닮음(5).pdf",bba107f837c24ff9f869eaf275a503ff689ec1ad7f4bc5fe41641467a43905d3,108,27,78,"닮음의 활용(2) 축도와 축척"
set06,"260711_도형의 닮음(5).pdf",bba107f837c24ff9f869eaf275a503ff689ec1ad7f4bc5fe41641467a43905d3,109,28,67,"닮음의 활용(2) 축도와 축척"
set06,"260711_도형의 닮음(5).pdf",bba107f837c24ff9f869eaf275a503ff689ec1ad7f4bc5fe41641467a43905d3,110,28,54,"닮음의 활용(2) 축도와 축척"
set06,"260711_도형의 닮음(5).pdf",bba107f837c24ff9f869eaf275a503ff689ec1ad7f4bc5fe41641467a43905d3,111,28,57,"삼각형의 변의 길이 구하기(1)"
set06,"260711_도형의 닮음(5).pdf",bba107f837c24ff9f869eaf275a503ff689ec1ad7f4bc5fe41641467a43905d3,112,28,73,"삼각형의 변의 길이 구하기(1)"
set06,"260711_도형의 닮음(5).pdf",bba107f837c24ff9f869eaf275a503ff689ec1ad7f4bc5fe41641467a43905d3,113,29,57,"삼각형의 변의 길이 구하기(2)"
set06,"260711_도형의 닮음(5).pdf",bba107f837c24ff9f869eaf275a503ff689ec1ad7f4bc5fe41641467a43905d3,114,29,50,"삼각형의 변의 길이 구하기(2)"
set06,"260711_도형의 닮음(5).pdf",bba107f837c24ff9f869eaf275a503ff689ec1ad7f4bc5fe41641467a43905d3,115,29,69,"삼각형의 변의 길이 구하기(2)"
set06,"260711_도형의 닮음(5).pdf",bba107f837c24ff9f869eaf275a503ff689ec1ad7f4bc5fe41641467a43905d3,116,29,75,"삼각형의 변의 길이 구하기(3)"
set06,"260711_도형의 닮음(5).pdf",bba107f837c24ff9f869eaf275a503ff689ec1ad7f4bc5fe41641467a43905d3,117,30,58,"삼각형의 변의 길이 구하기(3)"
set06,"260711_도형의 닮음(5).pdf",bba107f837c24ff9f869eaf275a503ff689ec1ad7f4bc5fe41641467a43905d3,118,30,63,"직각삼각형의 닮음과 피타고라스 정리"
set06,"260711_도형의 닮음(5).pdf",bba107f837c24ff9f869eaf275a503ff689ec1ad7f4bc5fe41641467a43905d3,119,30,71,"직각삼각형의 닮음과 피타고라스 정리"
set06,"260711_도형의 닮음(5).pdf",bba107f837c24ff9f869eaf275a503ff689ec1ad7f4bc5fe41641467a43905d3,120,30,49,"사각형에서 피타고라스 정리의 이용(2) 수선을 그어 푸는 경우"
set06,"260711_도형의 닮음(5).pdf",bba107f837c24ff9f869eaf275a503ff689ec1ad7f4bc5fe41641467a43905d3,121,31,74,"사각형에서 피타고라스 정리의 이용(2) 수선을 그어 푸는 경우"
set06,"260711_도형의 닮음(5).pdf",bba107f837c24ff9f869eaf275a503ff689ec1ad7f4bc5fe41641467a43905d3,122,31,57,"사각형에서 피타고라스 정리의 이용(2) 수선을 그어 푸는 경우"
set06,"260711_도형의 닮음(5).pdf",bba107f837c24ff9f869eaf275a503ff689ec1ad7f4bc5fe41641467a43905d3,123,31,60,"직사각형의 대각선의 길이"
set06,"260711_도형의 닮음(5).pdf",bba107f837c24ff9f869eaf275a503ff689ec1ad7f4bc5fe41641467a43905d3,124,31,84,"직사각형의 대각선의 길이"
set06,"260711_도형의 닮음(5).pdf",bba107f837c24ff9f869eaf275a503ff689ec1ad7f4bc5fe41641467a43905d3,125,32,84,"직사각형의 대각선의 길이"
set06,"260711_도형의 닮음(5).pdf",bba107f837c24ff9f869eaf275a503ff689ec1ad7f4bc5fe41641467a43905d3,126,32,87,"이등변삼각형의 높이와 넓이"
set06,"260711_도형의 닮음(5).pdf",bba107f837c24ff9f869eaf275a503ff689ec1ad7f4bc5fe41641467a43905d3,127,32,72,"피타고라스 정리의 설명(1) 유클리드의 방법"
set06,"260711_도형의 닮음(5).pdf",bba107f837c24ff9f869eaf275a503ff689ec1ad7f4bc5fe41641467a43905d3,128,32,74,"피타고라스 정리의 설명(1) 유클리드의 방법"
set06,"260711_도형의 닮음(5).pdf",bba107f837c24ff9f869eaf275a503ff689ec1ad7f4bc5fe41641467a43905d3,129,33,80,"피타고라스 정리의 설명(2) 피타고라스의 방법"
set06,"260711_도형의 닮음(5).pdf",bba107f837c24ff9f869eaf275a503ff689ec1ad7f4bc5fe41641467a43905d3,130,33,86,"피타고라스 정리의 설명(2) 피타고라스의 방법"
set06,"260711_도형의 닮음(5).pdf",bba107f837c24ff9f869eaf275a503ff689ec1ad7f4bc5fe41641467a43905d3,131,33,86,"피타고라스 정리의 설명(4) 바스카라의 방법"
set06,"260711_도형의 닮음(5).pdf",bba107f837c24ff9f869eaf275a503ff689ec1ad7f4bc5fe41641467a43905d3,132,33,87,"직각삼각형이 되기 위한 조건"
set06,"260711_도형의 닮음(5).pdf",bba107f837c24ff9f869eaf275a503ff689ec1ad7f4bc5fe41641467a43905d3,133,34,90,"직각삼각형이 되기 위한 조건"
set06,"260711_도형의 닮음(5).pdf",bba107f837c24ff9f869eaf275a503ff689ec1ad7f4bc5fe41641467a43905d3,134,34,70,"각의 크기에 따른 삼각형의 변의 길이"
set06,"260711_도형의 닮음(5).pdf",bba107f837c24ff9f869eaf275a503ff689ec1ad7f4bc5fe41641467a43905d3,135,34,51,"각의 크기에 따른 삼각형의 변의 길이"
set06,"260711_도형의 닮음(5).pdf",bba107f837c24ff9f869eaf275a503ff689ec1ad7f4bc5fe41641467a43905d3,136,34,68,"각의 크기에 따른 삼각형의 변의 길이"
set06,"260711_도형의 닮음(5).pdf",bba107f837c24ff9f869eaf275a503ff689ec1ad7f4bc5fe41641467a43905d3,137,35,71,"피타고라스 정리의 활용(1) 직각삼각형"
set06,"260711_도형의 닮음(5).pdf",bba107f837c24ff9f869eaf275a503ff689ec1ad7f4bc5fe41641467a43905d3,138,35,51,"피타고라스 정리의 활용(1) 직각삼각형"
set06,"260711_도형의 닮음(5).pdf",bba107f837c24ff9f869eaf275a503ff689ec1ad7f4bc5fe41641467a43905d3,139,35,34,"피타고라스 정리의 활용(2) 사각형"
set06,"260711_도형의 닮음(5).pdf",bba107f837c24ff9f869eaf275a503ff689ec1ad7f4bc5fe41641467a43905d3,140,35,61,"피타고라스 정리의 활용(2) 사각형"
set06,"260711_도형의 닮음(5).pdf",bba107f837c24ff9f869eaf275a503ff689ec1ad7f4bc5fe41641467a43905d3,141,36,70,"피타고라스 정리의 활용(2) 사각형"
set06,"260711_도형의 닮음(5).pdf",bba107f837c24ff9f869eaf275a503ff689ec1ad7f4bc5fe41641467a43905d3,142,36,30,"피타고라스 정리의 활용(4) 직각삼각형의 세 반원 사이의 관계"
set06,"260711_도형의 닮음(5).pdf",bba107f837c24ff9f869eaf275a503ff689ec1ad7f4bc5fe41641467a43905d3,143,36,67,"피타고라스 정리의 활용(4) 직각삼각형의 세 반원 사이의 관계"
set06,"260711_도형의 닮음(5).pdf",bba107f837c24ff9f869eaf275a503ff689ec1ad7f4bc5fe41641467a43905d3,144,36,49,"종이접기와 피타고라스 정리"
set06,"260711_도형의 닮음(5).pdf",bba107f837c24ff9f869eaf275a503ff689ec1ad7f4bc5fe41641467a43905d3,145,37,49,"종이접기와 피타고라스 정리"
set06,"260711_도형의 닮음(5).pdf",bba107f837c24ff9f869eaf275a503ff689ec1ad7f4bc5fe41641467a43905d3,146,37,50,"종이접기와 피타고라스 정리"
set06,"260711_도형의 닮음(5).pdf",bba107f837c24ff9f869eaf275a503ff689ec1ad7f4bc5fe41641467a43905d3,147,37,50,"입체도형에서의 피타고라스 정리"
set06,"260711_도형의 닮음(5).pdf",bba107f837c24ff9f869eaf275a503ff689ec1ad7f4bc5fe41641467a43905d3,148,37,63,"입체도형에서의 피타고라스 정리"
set06,"260711_도형의 닮음(5).pdf",bba107f837c24ff9f869eaf275a503ff689ec1ad7f4bc5fe41641467a43905d3,149,38,49,"입체도형에서의 피타고라스 정리"
set06,"260711_도형의 닮음(5).pdf",bba107f837c24ff9f869eaf275a503ff689ec1ad7f4bc5fe41641467a43905d3,150,38,67,"원기둥에서의 최단 거리"
set07,"260711_도형의 닮음(6).pdf",543c34202da416f3283397163eabe3a7328fa07e51adc116f82ea5e7a4384473,001,1,75,"평면도형에서 닮음비의 응용"
set07,"260711_도형의 닮음(6).pdf",543c34202da416f3283397163eabe3a7328fa07e51adc116f82ea5e7a4384473,002,1,78,"평면도형에서 닮음비의 응용"
set07,"260711_도형의 닮음(6).pdf",543c34202da416f3283397163eabe3a7328fa07e51adc116f82ea5e7a4384473,003,1,82,"평면도형에서 닮음비의 응용"
set07,"260711_도형의 닮음(6).pdf",543c34202da416f3283397163eabe3a7328fa07e51adc116f82ea5e7a4384473,004,2,78,"삼각형의 닮음 조건의 응용(2) AA 닮음"
set07,"260711_도형의 닮음(6).pdf",543c34202da416f3283397163eabe3a7328fa07e51adc116f82ea5e7a4384473,005,2,83,"삼각형의 닮음 조건의 응용(2) AA 닮음"
set07,"260711_도형의 닮음(6).pdf",543c34202da416f3283397163eabe3a7328fa07e51adc116f82ea5e7a4384473,006,2,60,"삼각형의 닮음 조건의 응용(2) AA 닮음"
set07,"260711_도형의 닮음(6).pdf",543c34202da416f3283397163eabe3a7328fa07e51adc116f82ea5e7a4384473,007,2,75,"평행선에서 삼각형의 닮음 조건의 응용"
set07,"260711_도형의 닮음(6).pdf",543c34202da416f3283397163eabe3a7328fa07e51adc116f82ea5e7a4384473,008,3,50,"평행선에서 삼각형의 닮음 조건의 응용"
set07,"260711_도형의 닮음(6).pdf",543c34202da416f3283397163eabe3a7328fa07e51adc116f82ea5e7a4384473,009,3,78,"평행선에서 삼각형의 닮음 조건의 응용"
set07,"260711_도형의 닮음(6).pdf",543c34202da416f3283397163eabe3a7328fa07e51adc116f82ea5e7a4384473,010,3,63,"직각삼각형의 닮음(1) 공통인 각이 있는 경우"
set07,"260711_도형의 닮음(6).pdf",543c34202da416f3283397163eabe3a7328fa07e51adc116f82ea5e7a4384473,011,3,79,"직각삼각형의 닮음(1) 공통인 각이 있는 경우"
set07,"260711_도형의 닮음(6).pdf",543c34202da416f3283397163eabe3a7328fa07e51adc116f82ea5e7a4384473,012,4,65,"직각삼각형의 닮음(1) 공통인 각이 있는 경우"
set07,"260711_도형의 닮음(6).pdf",543c34202da416f3283397163eabe3a7328fa07e51adc116f82ea5e7a4384473,013,4,31,"직각삼각형의 닮음(2) 한 예각의 크기가 같은 경우"
set07,"260711_도형의 닮음(6).pdf",543c34202da416f3283397163eabe3a7328fa07e51adc116f82ea5e7a4384473,014,4,50,"직각삼각형의 닮음(2) 한 예각의 크기가 같은 경우"
set07,"260711_도형의 닮음(6).pdf",543c34202da416f3283397163eabe3a7328fa07e51adc116f82ea5e7a4384473,015,4,50,"직각삼각형의 닮음(2) 한 예각의 크기가 같은 경우"
set07,"260711_도형의 닮음(6).pdf",543c34202da416f3283397163eabe3a7328fa07e51adc116f82ea5e7a4384473,016,5,82,"직각삼각형의 닮음의 응용"
set07,"260711_도형의 닮음(6).pdf",543c34202da416f3283397163eabe3a7328fa07e51adc116f82ea5e7a4384473,017,5,73,"직각삼각형의 닮음의 응용"
set07,"260711_도형의 닮음(6).pdf",543c34202da416f3283397163eabe3a7328fa07e51adc116f82ea5e7a4384473,018,5,53,"직각삼각형의 닮음의 응용"
set07,"260711_도형의 닮음(6).pdf",543c34202da416f3283397163eabe3a7328fa07e51adc116f82ea5e7a4384473,019,5,69,"종이접기와 삼각형의 닮음"
set07,"260711_도형의 닮음(6).pdf",543c34202da416f3283397163eabe3a7328fa07e51adc116f82ea5e7a4384473,020,6,83,"종이접기와 삼각형의 닮음"
set07,"260711_도형의 닮음(6).pdf",543c34202da416f3283397163eabe3a7328fa07e51adc116f82ea5e7a4384473,021,6,75,"삼각형에서 평행선 사이의 선분의 길이의 비(1) 한 각이 공통각인 두 삼각형"
set07,"260711_도형의 닮음(6).pdf",543c34202da416f3283397163eabe3a7328fa07e51adc116f82ea5e7a4384473,022,6,53,"삼각형에서 평행선 사이의 선분의 길이의 비(1) 한 각이 공통각인 두 삼각형"
set07,"260711_도형의 닮음(6).pdf",543c34202da416f3283397163eabe3a7328fa07e51adc116f82ea5e7a4384473,023,6,67,"삼각형에서 평행선 사이의 선분의 길이의 비(1) 한 각이 공통각인 두 삼각형"
set07,"260711_도형의 닮음(6).pdf",543c34202da416f3283397163eabe3a7328fa07e51adc116f82ea5e7a4384473,024,7,78,"삼각형에서 평행선 사이의 선분의 길이의 비(2) 한 각이 맞꼭지각인 두 삼각형"
set07,"260711_도형의 닮음(6).pdf",543c34202da416f3283397163eabe3a7328fa07e51adc116f82ea5e7a4384473,025,7,84,"삼각형에서 평행선 사이의 선분의 길이의 비(2) 한 각이 맞꼭지각인 두 삼각형"
set07,"260711_도형의 닮음(6).pdf",543c34202da416f3283397163eabe3a7328fa07e51adc116f82ea5e7a4384473,026,7,57,"삼각형에서 평행선 사이의 선분의 길이의 비의 응용"
set07,"260711_도형의 닮음(6).pdf",543c34202da416f3283397163eabe3a7328fa07e51adc116f82ea5e7a4384473,027,7,68,"삼각형에서 평행선 사이의 선분의 길이의 비의 응용"
set07,"260711_도형의 닮음(6).pdf",543c34202da416f3283397163eabe3a7328fa07e51adc116f82ea5e7a4384473,028,8,67,"삼각형에서 평행선 사이의 선분의 길이의 비의 응용"
set07,"260711_도형의 닮음(6).pdf",543c34202da416f3283397163eabe3a7328fa07e51adc116f82ea5e7a4384473,029,8,68,"삼각형의 내각의 이등분선과 변의 길이"
set07,"260711_도형의 닮음(6).pdf",543c34202da416f3283397163eabe3a7328fa07e51adc116f82ea5e7a4384473,030,8,66,"삼각형의 내각의 이등분선과 변의 길이"
set07,"260711_도형의 닮음(6).pdf",543c34202da416f3283397163eabe3a7328fa07e51adc116f82ea5e7a4384473,031,8,73,"삼각형의 내각의 이등분선과 변의 길이"
set07,"260711_도형의 닮음(6).pdf",543c34202da416f3283397163eabe3a7328fa07e51adc116f82ea5e7a4384473,032,9,65,"삼각형의 내각의 이등분선과 삼각형의 넓이"
set07,"260711_도형의 닮음(6).pdf",543c34202da416f3283397163eabe3a7328fa07e51adc116f82ea5e7a4384473,033,9,83,"삼각형의 내각의 이등분선과 삼각형의 넓이"
set07,"260711_도형의 닮음(6).pdf",543c34202da416f3283397163eabe3a7328fa07e51adc116f82ea5e7a4384473,034,9,71,"삼각형의 내각의 이등분선과 삼각형의 넓이"
set07,"260711_도형의 닮음(6).pdf",543c34202da416f3283397163eabe3a7328fa07e51adc116f82ea5e7a4384473,035,9,52,"삼각형의 외각의 이등분선과 변의 길이"
set07,"260711_도형의 닮음(6).pdf",543c34202da416f3283397163eabe3a7328fa07e51adc116f82ea5e7a4384473,036,10,78,"삼각형의 외각의 이등분선과 변의 길이"
set07,"260711_도형의 닮음(6).pdf",543c34202da416f3283397163eabe3a7328fa07e51adc116f82ea5e7a4384473,037,10,69,"삼각형의 외각의 이등분선과 변의 길이"
set07,"260711_도형의 닮음(6).pdf",543c34202da416f3283397163eabe3a7328fa07e51adc116f82ea5e7a4384473,038,10,73,"삼각형의 외각의 이등분선과 삼각형의 넓이"
set07,"260711_도형의 닮음(6).pdf",543c34202da416f3283397163eabe3a7328fa07e51adc116f82ea5e7a4384473,039,10,68,"삼각형의 외각의 이등분선과 삼각형의 넓이"
set07,"260711_도형의 닮음(6).pdf",543c34202da416f3283397163eabe3a7328fa07e51adc116f82ea5e7a4384473,040,11,69,"삼각형의 외각의 이등분선과 삼각형의 넓이"
set07,"260711_도형의 닮음(6).pdf",543c34202da416f3283397163eabe3a7328fa07e51adc116f82ea5e7a4384473,041,11,82,"평행선 사이의 길이의 비"
set07,"260711_도형의 닮음(6).pdf",543c34202da416f3283397163eabe3a7328fa07e51adc116f82ea5e7a4384473,042,11,72,"평행선 사이의 길이의 비"
set07,"260711_도형의 닮음(6).pdf",543c34202da416f3283397163eabe3a7328fa07e51adc116f82ea5e7a4384473,043,11,74,"사다리꼴에서 평행선 사이의 선분의 길이의 비"
set07,"260711_도형의 닮음(6).pdf",543c34202da416f3283397163eabe3a7328fa07e51adc116f82ea5e7a4384473,044,12,71,"사다리꼴에서 평행선 사이의 선분의 길이의 비"
set07,"260711_도형의 닮음(6).pdf",543c34202da416f3283397163eabe3a7328fa07e51adc116f82ea5e7a4384473,045,12,84,"사다리꼴에서 평행선 사이의 선분의 길이의 비"
set07,"260711_도형의 닮음(6).pdf",543c34202da416f3283397163eabe3a7328fa07e51adc116f82ea5e7a4384473,046,12,76,"사다리꼴에서 평행선과 한 대각선의 길이"
set07,"260711_도형의 닮음(6).pdf",543c34202da416f3283397163eabe3a7328fa07e51adc116f82ea5e7a4384473,047,12,73,"사다리꼴에서 평행선과 한 대각선의 길이"
set07,"260711_도형의 닮음(6).pdf",543c34202da416f3283397163eabe3a7328fa07e51adc116f82ea5e7a4384473,048,13,80,"사다리꼴에서 평행선과 두 대각선의 길이(1) 평행선이 대각선의 교점을 지나지 않을 때"
set07,"260711_도형의 닮음(6).pdf",543c34202da416f3283397163eabe3a7328fa07e51adc116f82ea5e7a4384473,049,13,77,"사다리꼴에서 평행선과 두 대각선의 길이(1) 평행선이 대각선의 교점을 지나지 않을 때"
set07,"260711_도형의 닮음(6).pdf",543c34202da416f3283397163eabe3a7328fa07e51adc116f82ea5e7a4384473,050,13,85,"사다리꼴에서 평행선과 두 대각선의 길이(2) 평행선이 대각선의 교점을 지날 때"
set07,"260711_도형의 닮음(6).pdf",543c34202da416f3283397163eabe3a7328fa07e51adc116f82ea5e7a4384473,051,13,85,"사다리꼴에서 평행선과 두 대각선의 길이(2) 평행선이 대각선의 교점을 지날 때"
set07,"260711_도형의 닮음(6).pdf",543c34202da416f3283397163eabe3a7328fa07e51adc116f82ea5e7a4384473,052,14,60,"평행선 사이의 길이의 비의 응용"
set07,"260711_도형의 닮음(6).pdf",543c34202da416f3283397163eabe3a7328fa07e51adc116f82ea5e7a4384473,053,14,63,"평행선 사이의 길이의 비의 응용"
set07,"260711_도형의 닮음(6).pdf",543c34202da416f3283397163eabe3a7328fa07e51adc116f82ea5e7a4384473,054,14,73,"평행선 사이의 길이의 비의 응용"
set07,"260711_도형의 닮음(6).pdf",543c34202da416f3283397163eabe3a7328fa07e51adc116f82ea5e7a4384473,055,14,88,"삼각형의 두 변의 중점을 연결한 선분의 성질(1)"
set07,"260711_도형의 닮음(6).pdf",543c34202da416f3283397163eabe3a7328fa07e51adc116f82ea5e7a4384473,056,15,87,"삼각형의 두 변의 중점을 연결한 선분의 성질(1)"
set07,"260711_도형의 닮음(6).pdf",543c34202da416f3283397163eabe3a7328fa07e51adc116f82ea5e7a4384473,057,15,71,"삼각형의 두 변의 중점을 연결한 선분의 성질(2)"
set07,"260711_도형의 닮음(6).pdf",543c34202da416f3283397163eabe3a7328fa07e51adc116f82ea5e7a4384473,058,15,69,"삼각형의 두 변의 중점을 연결한 선분의 성질(2)"
set07,"260711_도형의 닮음(6).pdf",543c34202da416f3283397163eabe3a7328fa07e51adc116f82ea5e7a4384473,059,15,51,"삼각형의 두 변의 중점을 연결한 선분의 성질(2)"
set07,"260711_도형의 닮음(6).pdf",543c34202da416f3283397163eabe3a7328fa07e51adc116f82ea5e7a4384473,060,16,79,"삼각형의 중점을 연결한 선분 응용(1) 중점"
set07,"260711_도형의 닮음(6).pdf",543c34202da416f3283397163eabe3a7328fa07e51adc116f82ea5e7a4384473,061,16,63,"삼각형의 중점을 연결한 선분 응용(1) 중점"
set07,"260711_도형의 닮음(6).pdf",543c34202da416f3283397163eabe3a7328fa07e51adc116f82ea5e7a4384473,062,16,78,"삼각형의 중점을 연결한 선분 응용(1) 중점"
set07,"260711_도형의 닮음(6).pdf",543c34202da416f3283397163eabe3a7328fa07e51adc116f82ea5e7a4384473,063,16,73,"삼각형의 중점을 연결한 선분 응용(2) 삼등분선"
set07,"260711_도형의 닮음(6).pdf",543c34202da416f3283397163eabe3a7328fa07e51adc116f82ea5e7a4384473,064,17,60,"삼각형의 중점을 연결한 선분 응용(2) 삼등분선"
set07,"260711_도형의 닮음(6).pdf",543c34202da416f3283397163eabe3a7328fa07e51adc116f82ea5e7a4384473,065,17,91,"삼각형의 중점을 연결한 선분 응용(2) 삼등분선"
set07,"260711_도형의 닮음(6).pdf",543c34202da416f3283397163eabe3a7328fa07e51adc116f82ea5e7a4384473,066,17,39,"사각형의 각 변의 중점을 연결하여 만든 사각형"
set07,"260711_도형의 닮음(6).pdf",543c34202da416f3283397163eabe3a7328fa07e51adc116f82ea5e7a4384473,067,17,70,"사각형의 각 변의 중점을 연결하여 만든 사각형"
set07,"260711_도형의 닮음(6).pdf",543c34202da416f3283397163eabe3a7328fa07e51adc116f82ea5e7a4384473,068,18,63,"사각형의 각 변의 중점을 연결하여 만든 사각형"
set07,"260711_도형의 닮음(6).pdf",543c34202da416f3283397163eabe3a7328fa07e51adc116f82ea5e7a4384473,069,18,83,"사다리꼴의 두 변의 중점을 연결한 선분의 성질"
set07,"260711_도형의 닮음(6).pdf",543c34202da416f3283397163eabe3a7328fa07e51adc116f82ea5e7a4384473,070,18,65,"사다리꼴의 두 변의 중점을 연결한 선분의 성질"
set07,"260711_도형의 닮음(6).pdf",543c34202da416f3283397163eabe3a7328fa07e51adc116f82ea5e7a4384473,071,18,51,"사다리꼴의 두 변의 중점을 연결한 선분의 성질"
set07,"260711_도형의 닮음(6).pdf",543c34202da416f3283397163eabe3a7328fa07e51adc116f82ea5e7a4384473,072,19,30,"삼각형의 중선의 성질"
set07,"260711_도형의 닮음(6).pdf",543c34202da416f3283397163eabe3a7328fa07e51adc116f82ea5e7a4384473,073,19,65,"삼각형의 중선의 성질"
set07,"260711_도형의 닮음(6).pdf",543c34202da416f3283397163eabe3a7328fa07e51adc116f82ea5e7a4384473,074,19,69,"삼각형의 중선의 성질"
set07,"260711_도형의 닮음(6).pdf",543c34202da416f3283397163eabe3a7328fa07e51adc116f82ea5e7a4384473,075,19,76,"삼각형의 무게중심(1) △ABC의 무게중심"
set07,"260711_도형의 닮음(6).pdf",543c34202da416f3283397163eabe3a7328fa07e51adc116f82ea5e7a4384473,076,20,70,"삼각형의 무게중심(1) △ABC의 무게중심"
set07,"260711_도형의 닮음(6).pdf",543c34202da416f3283397163eabe3a7328fa07e51adc116f82ea5e7a4384473,077,20,70,"삼각형의 무게중심(1) △ABC의 무게중심"
set07,"260711_도형의 닮음(6).pdf",543c34202da416f3283397163eabe3a7328fa07e51adc116f82ea5e7a4384473,078,20,75,"삼각형의 무게중심의 응용(1)"
set07,"260711_도형의 닮음(6).pdf",543c34202da416f3283397163eabe3a7328fa07e51adc116f82ea5e7a4384473,079,20,71,"삼각형의 무게중심의 응용(1)"
set07,"260711_도형의 닮음(6).pdf",543c34202da416f3283397163eabe3a7328fa07e51adc116f82ea5e7a4384473,080,21,70,"삼각형의 무게중심의 응용(1)"
set07,"260711_도형의 닮음(6).pdf",543c34202da416f3283397163eabe3a7328fa07e51adc116f82ea5e7a4384473,081,21,74,"삼각형의 무게중심의 응용(2)"
set07,"260711_도형의 닮음(6).pdf",543c34202da416f3283397163eabe3a7328fa07e51adc116f82ea5e7a4384473,082,21,83,"삼각형의 무게중심의 응용(2)"
set07,"260711_도형의 닮음(6).pdf",543c34202da416f3283397163eabe3a7328fa07e51adc116f82ea5e7a4384473,083,21,50,"삼각형의 무게중심의 응용(3)"
set07,"260711_도형의 닮음(6).pdf",543c34202da416f3283397163eabe3a7328fa07e51adc116f82ea5e7a4384473,084,22,56,"삼각형의 무게중심의 응용(3)"
set07,"260711_도형의 닮음(6).pdf",543c34202da416f3283397163eabe3a7328fa07e51adc116f82ea5e7a4384473,085,22,59,"삼각형의 무게중심과 넓이의 관계(1) △ABC의 무게중심"
set07,"260711_도형의 닮음(6).pdf",543c34202da416f3283397163eabe3a7328fa07e51adc116f82ea5e7a4384473,086,22,78,"삼각형의 무게중심과 넓이의 관계(1) △ABC의 무게중심"
set07,"260711_도형의 닮음(6).pdf",543c34202da416f3283397163eabe3a7328fa07e51adc116f82ea5e7a4384473,087,22,53,"삼각형의 무게중심과 넓이의 관계(1) △ABC의 무게중심"
set07,"260711_도형의 닮음(6).pdf",543c34202da416f3283397163eabe3a7328fa07e51adc116f82ea5e7a4384473,088,23,36,"삼각형의 무게중심과 넓이의 관계(2) △ABC, △GBC의 무게중심"
set07,"260711_도형의 닮음(6).pdf",543c34202da416f3283397163eabe3a7328fa07e51adc116f82ea5e7a4384473,089,23,72,"평행사변형에서 삼각형의 무게중심의 응용(1) 길이"
set07,"260711_도형의 닮음(6).pdf",543c34202da416f3283397163eabe3a7328fa07e51adc116f82ea5e7a4384473,090,23,63,"평행사변형에서 삼각형의 무게중심의 응용(1) 길이"
set07,"260711_도형의 닮음(6).pdf",543c34202da416f3283397163eabe3a7328fa07e51adc116f82ea5e7a4384473,091,23,79,"평행사변형에서 삼각형의 무게중심의 응용(2) 넓이"
set07,"260711_도형의 닮음(6).pdf",543c34202da416f3283397163eabe3a7328fa07e51adc116f82ea5e7a4384473,092,24,82,"평행사변형에서 삼각형의 무게중심의 응용(2) 넓이"
set07,"260711_도형의 닮음(6).pdf",543c34202da416f3283397163eabe3a7328fa07e51adc116f82ea5e7a4384473,093,24,83,"평행사변형에서 삼각형의 무게중심의 응용(2) 넓이"
set07,"260711_도형의 닮음(6).pdf",543c34202da416f3283397163eabe3a7328fa07e51adc116f82ea5e7a4384473,094,24,45,"닮은 두 평면도형의 넓이의 비"
set07,"260711_도형의 닮음(6).pdf",543c34202da416f3283397163eabe3a7328fa07e51adc116f82ea5e7a4384473,095,24,76,"닮은 두 평면도형의 넓이의 비"
set07,"260711_도형의 닮음(6).pdf",543c34202da416f3283397163eabe3a7328fa07e51adc116f82ea5e7a4384473,096,25,80,"닮은 두 평면도형의 넓이의 비"
set07,"260711_도형의 닮음(6).pdf",543c34202da416f3283397163eabe3a7328fa07e51adc116f82ea5e7a4384473,097,25,64,"닮은 두 평면도형의 넓이의 비의 활용"
set07,"260711_도형의 닮음(6).pdf",543c34202da416f3283397163eabe3a7328fa07e51adc116f82ea5e7a4384473,098,25,73,"닮은 두 평면도형의 넓이의 비의 활용"
set07,"260711_도형의 닮음(6).pdf",543c34202da416f3283397163eabe3a7328fa07e51adc116f82ea5e7a4384473,099,25,61,"닮은 두 평면도형의 넓이의 비의 활용"
set07,"260711_도형의 닮음(6).pdf",543c34202da416f3283397163eabe3a7328fa07e51adc116f82ea5e7a4384473,100,26,71,"닮은 두 입체도형의 겉넓이의 비의 활용"
set07,"260711_도형의 닮음(6).pdf",543c34202da416f3283397163eabe3a7328fa07e51adc116f82ea5e7a4384473,101,26,72,"닮은 두 입체도형의 겉넓이의 비의 활용"
set07,"260711_도형의 닮음(6).pdf",543c34202da416f3283397163eabe3a7328fa07e51adc116f82ea5e7a4384473,102,26,85,"닮은 두 입체도형의 부피의 비"
set07,"260711_도형의 닮음(6).pdf",543c34202da416f3283397163eabe3a7328fa07e51adc116f82ea5e7a4384473,103,26,53,"닮은 두 입체도형의 부피의 비"
set07,"260711_도형의 닮음(6).pdf",543c34202da416f3283397163eabe3a7328fa07e51adc116f82ea5e7a4384473,104,27,62,"닮은 두 입체도형의 부피의 비"
set07,"260711_도형의 닮음(6).pdf",543c34202da416f3283397163eabe3a7328fa07e51adc116f82ea5e7a4384473,105,27,66,"닮은 두 입체도형의 부피의 비의 활용"
set07,"260711_도형의 닮음(6).pdf",543c34202da416f3283397163eabe3a7328fa07e51adc116f82ea5e7a4384473,106,27,47,"닮은 두 입체도형의 부피의 비의 활용"
set07,"260711_도형의 닮음(6).pdf",543c34202da416f3283397163eabe3a7328fa07e51adc116f82ea5e7a4384473,107,27,77,"닮은 두 입체도형의 부피의 비의 활용"
set07,"260711_도형의 닮음(6).pdf",543c34202da416f3283397163eabe3a7328fa07e51adc116f82ea5e7a4384473,108,28,83,"닮음의 활용(1) 높이의 측정"
set07,"260711_도형의 닮음(6).pdf",543c34202da416f3283397163eabe3a7328fa07e51adc116f82ea5e7a4384473,109,28,50,"닮음의 활용(2) 축도와 축척"
set07,"260711_도형의 닮음(6).pdf",543c34202da416f3283397163eabe3a7328fa07e51adc116f82ea5e7a4384473,110,28,52,"닮음의 활용(2) 축도와 축척"
set07,"260711_도형의 닮음(6).pdf",543c34202da416f3283397163eabe3a7328fa07e51adc116f82ea5e7a4384473,111,28,58,"닮음의 활용(2) 축도와 축척"
set07,"260711_도형의 닮음(6).pdf",543c34202da416f3283397163eabe3a7328fa07e51adc116f82ea5e7a4384473,112,29,82,"삼각형의 변의 길이 구하기(1)"
set07,"260711_도형의 닮음(6).pdf",543c34202da416f3283397163eabe3a7328fa07e51adc116f82ea5e7a4384473,113,29,76,"삼각형의 변의 길이 구하기(1)"
set07,"260711_도형의 닮음(6).pdf",543c34202da416f3283397163eabe3a7328fa07e51adc116f82ea5e7a4384473,114,29,56,"삼각형의 변의 길이 구하기(1)"
set07,"260711_도형의 닮음(6).pdf",543c34202da416f3283397163eabe3a7328fa07e51adc116f82ea5e7a4384473,115,29,65,"삼각형의 변의 길이 구하기(2)"
set07,"260711_도형의 닮음(6).pdf",543c34202da416f3283397163eabe3a7328fa07e51adc116f82ea5e7a4384473,116,30,45,"삼각형의 변의 길이 구하기(2)"
set07,"260711_도형의 닮음(6).pdf",543c34202da416f3283397163eabe3a7328fa07e51adc116f82ea5e7a4384473,117,30,68,"삼각형의 변의 길이 구하기(2)"
set07,"260711_도형의 닮음(6).pdf",543c34202da416f3283397163eabe3a7328fa07e51adc116f82ea5e7a4384473,118,30,70,"직각삼각형의 닮음과 피타고라스 정리"
set07,"260711_도형의 닮음(6).pdf",543c34202da416f3283397163eabe3a7328fa07e51adc116f82ea5e7a4384473,119,30,61,"직각삼각형의 닮음과 피타고라스 정리"
set07,"260711_도형의 닮음(6).pdf",543c34202da416f3283397163eabe3a7328fa07e51adc116f82ea5e7a4384473,120,31,63,"사각형에서 피타고라스 정리의 이용(2) 수선을 그어 푸는 경우"
set07,"260711_도형의 닮음(6).pdf",543c34202da416f3283397163eabe3a7328fa07e51adc116f82ea5e7a4384473,121,31,72,"사각형에서 피타고라스 정리의 이용(2) 수선을 그어 푸는 경우"
set07,"260711_도형의 닮음(6).pdf",543c34202da416f3283397163eabe3a7328fa07e51adc116f82ea5e7a4384473,122,31,50,"사각형에서 피타고라스 정리의 이용(2) 수선을 그어 푸는 경우"
set07,"260711_도형의 닮음(6).pdf",543c34202da416f3283397163eabe3a7328fa07e51adc116f82ea5e7a4384473,123,31,48,"직사각형의 대각선의 길이"
set07,"260711_도형의 닮음(6).pdf",543c34202da416f3283397163eabe3a7328fa07e51adc116f82ea5e7a4384473,124,32,87,"직사각형의 대각선의 길이"
set07,"260711_도형의 닮음(6).pdf",543c34202da416f3283397163eabe3a7328fa07e51adc116f82ea5e7a4384473,125,32,84,"직사각형의 대각선의 길이"
set07,"260711_도형의 닮음(6).pdf",543c34202da416f3283397163eabe3a7328fa07e51adc116f82ea5e7a4384473,126,32,88,"이등변삼각형의 높이와 넓이"
set07,"260711_도형의 닮음(6).pdf",543c34202da416f3283397163eabe3a7328fa07e51adc116f82ea5e7a4384473,127,32,30,"이등변삼각형의 높이와 넓이"
set07,"260711_도형의 닮음(6).pdf",543c34202da416f3283397163eabe3a7328fa07e51adc116f82ea5e7a4384473,128,33,75,"피타고라스 정리의 설명(1) 유클리드의 방법"
set07,"260711_도형의 닮음(6).pdf",543c34202da416f3283397163eabe3a7328fa07e51adc116f82ea5e7a4384473,129,33,76,"피타고라스 정리의 설명(1) 유클리드의 방법"
set07,"260711_도형의 닮음(6).pdf",543c34202da416f3283397163eabe3a7328fa07e51adc116f82ea5e7a4384473,130,33,86,"피타고라스 정리의 설명(2) 피타고라스의 방법"
set07,"260711_도형의 닮음(6).pdf",543c34202da416f3283397163eabe3a7328fa07e51adc116f82ea5e7a4384473,131,33,78,"피타고라스 정리의 설명(2) 피타고라스의 방법"
set07,"260711_도형의 닮음(6).pdf",543c34202da416f3283397163eabe3a7328fa07e51adc116f82ea5e7a4384473,132,34,73,"직각삼각형이 되기 위한 조건"
set07,"260711_도형의 닮음(6).pdf",543c34202da416f3283397163eabe3a7328fa07e51adc116f82ea5e7a4384473,133,34,83,"직각삼각형이 되기 위한 조건"
set07,"260711_도형의 닮음(6).pdf",543c34202da416f3283397163eabe3a7328fa07e51adc116f82ea5e7a4384473,134,34,67,"각의 크기에 따른 삼각형의 변의 길이"
set07,"260711_도형의 닮음(6).pdf",543c34202da416f3283397163eabe3a7328fa07e51adc116f82ea5e7a4384473,135,34,67,"각의 크기에 따른 삼각형의 변의 길이"
set07,"260711_도형의 닮음(6).pdf",543c34202da416f3283397163eabe3a7328fa07e51adc116f82ea5e7a4384473,136,35,62,"각의 크기에 따른 삼각형의 변의 길이"
set07,"260711_도형의 닮음(6).pdf",543c34202da416f3283397163eabe3a7328fa07e51adc116f82ea5e7a4384473,137,35,42,"피타고라스 정리의 활용(1) 직각삼각형"
set07,"260711_도형의 닮음(6).pdf",543c34202da416f3283397163eabe3a7328fa07e51adc116f82ea5e7a4384473,138,35,50,"피타고라스 정리의 활용(1) 직각삼각형"
set07,"260711_도형의 닮음(6).pdf",543c34202da416f3283397163eabe3a7328fa07e51adc116f82ea5e7a4384473,139,35,50,"피타고라스 정리의 활용(1) 직각삼각형"
set07,"260711_도형의 닮음(6).pdf",543c34202da416f3283397163eabe3a7328fa07e51adc116f82ea5e7a4384473,140,36,85,"피타고라스 정리의 활용(2) 사각형"
set07,"260711_도형의 닮음(6).pdf",543c34202da416f3283397163eabe3a7328fa07e51adc116f82ea5e7a4384473,141,36,80,"피타고라스 정리의 활용(2) 사각형"
set07,"260711_도형의 닮음(6).pdf",543c34202da416f3283397163eabe3a7328fa07e51adc116f82ea5e7a4384473,142,36,79,"피타고라스 정리의 활용(2) 사각형"
set07,"260711_도형의 닮음(6).pdf",543c34202da416f3283397163eabe3a7328fa07e51adc116f82ea5e7a4384473,143,36,85,"피타고라스 정리의 활용(4) 직각삼각형의 세 반원 사이의 관계"
set07,"260711_도형의 닮음(6).pdf",543c34202da416f3283397163eabe3a7328fa07e51adc116f82ea5e7a4384473,144,37,85,"피타고라스 정리의 활용(4) 직각삼각형의 세 반원 사이의 관계"
set07,"260711_도형의 닮음(6).pdf",543c34202da416f3283397163eabe3a7328fa07e51adc116f82ea5e7a4384473,145,37,83,"종이접기와 피타고라스 정리"
set07,"260711_도형의 닮음(6).pdf",543c34202da416f3283397163eabe3a7328fa07e51adc116f82ea5e7a4384473,146,37,76,"종이접기와 피타고라스 정리"
set07,"260711_도형의 닮음(6).pdf",543c34202da416f3283397163eabe3a7328fa07e51adc116f82ea5e7a4384473,147,37,50,"종이접기와 피타고라스 정리"
set07,"260711_도형의 닮음(6).pdf",543c34202da416f3283397163eabe3a7328fa07e51adc116f82ea5e7a4384473,148,38,51,"입체도형에서의 피타고라스 정리"
set07,"260711_도형의 닮음(6).pdf",543c34202da416f3283397163eabe3a7328fa07e51adc116f82ea5e7a4384473,149,38,49,"입체도형에서의 피타고라스 정리"
set07,"260711_도형의 닮음(6).pdf",543c34202da416f3283397163eabe3a7328fa07e51adc116f82ea5e7a4384473,150,38,50,"입체도형에서의 피타고라스 정리"
set08,"260711_도형의 닮음(7).pdf",7ff39d1a7880ac9bde552b20dec1cf9925ed0219371eba509b1bbd5f384f91f9,001,1,53,"평면도형에서 닮음비의 응용"
set08,"260711_도형의 닮음(7).pdf",7ff39d1a7880ac9bde552b20dec1cf9925ed0219371eba509b1bbd5f384f91f9,002,1,63,"평면도형에서 닮음비의 응용"
set08,"260711_도형의 닮음(7).pdf",7ff39d1a7880ac9bde552b20dec1cf9925ed0219371eba509b1bbd5f384f91f9,003,1,33,"평면도형에서 닮음비의 응용"
set08,"260711_도형의 닮음(7).pdf",7ff39d1a7880ac9bde552b20dec1cf9925ed0219371eba509b1bbd5f384f91f9,004,1,63,"삼각형의 닮음 조건의 응용(2) AA 닮음"
set08,"260711_도형의 닮음(7).pdf",7ff39d1a7880ac9bde552b20dec1cf9925ed0219371eba509b1bbd5f384f91f9,005,2,77,"삼각형의 닮음 조건의 응용(2) AA 닮음"
set08,"260711_도형의 닮음(7).pdf",7ff39d1a7880ac9bde552b20dec1cf9925ed0219371eba509b1bbd5f384f91f9,006,2,76,"삼각형의 닮음 조건의 응용(2) AA 닮음"
set08,"260711_도형의 닮음(7).pdf",7ff39d1a7880ac9bde552b20dec1cf9925ed0219371eba509b1bbd5f384f91f9,007,2,86,"평행선에서 삼각형의 닮음 조건의 응용"
set08,"260711_도형의 닮음(7).pdf",7ff39d1a7880ac9bde552b20dec1cf9925ed0219371eba509b1bbd5f384f91f9,008,2,73,"평행선에서 삼각형의 닮음 조건의 응용"
set08,"260711_도형의 닮음(7).pdf",7ff39d1a7880ac9bde552b20dec1cf9925ed0219371eba509b1bbd5f384f91f9,009,3,50,"평행선에서 삼각형의 닮음 조건의 응용"
set08,"260711_도형의 닮음(7).pdf",7ff39d1a7880ac9bde552b20dec1cf9925ed0219371eba509b1bbd5f384f91f9,010,3,81,"직각삼각형의 닮음(1) 공통인 각이 있는 경우"
set08,"260711_도형의 닮음(7).pdf",7ff39d1a7880ac9bde552b20dec1cf9925ed0219371eba509b1bbd5f384f91f9,011,3,82,"직각삼각형의 닮음(1) 공통인 각이 있는 경우"
set08,"260711_도형의 닮음(7).pdf",7ff39d1a7880ac9bde552b20dec1cf9925ed0219371eba509b1bbd5f384f91f9,012,3,64,"직각삼각형의 닮음(1) 공통인 각이 있는 경우"
set08,"260711_도형의 닮음(7).pdf",7ff39d1a7880ac9bde552b20dec1cf9925ed0219371eba509b1bbd5f384f91f9,013,4,49,"직각삼각형의 닮음(2) 한 예각의 크기가 같은 경우"
set08,"260711_도형의 닮음(7).pdf",7ff39d1a7880ac9bde552b20dec1cf9925ed0219371eba509b1bbd5f384f91f9,014,4,70,"직각삼각형의 닮음(2) 한 예각의 크기가 같은 경우"
set08,"260711_도형의 닮음(7).pdf",7ff39d1a7880ac9bde552b20dec1cf9925ed0219371eba509b1bbd5f384f91f9,015,4,60,"직각삼각형의 닮음(2) 한 예각의 크기가 같은 경우"
set08,"260711_도형의 닮음(7).pdf",7ff39d1a7880ac9bde552b20dec1cf9925ed0219371eba509b1bbd5f384f91f9,016,4,77,"직각삼각형의 닮음의 응용"
set08,"260711_도형의 닮음(7).pdf",7ff39d1a7880ac9bde552b20dec1cf9925ed0219371eba509b1bbd5f384f91f9,017,5,54,"직각삼각형의 닮음의 응용"
set08,"260711_도형의 닮음(7).pdf",7ff39d1a7880ac9bde552b20dec1cf9925ed0219371eba509b1bbd5f384f91f9,018,5,72,"직각삼각형의 닮음의 응용"
set08,"260711_도형의 닮음(7).pdf",7ff39d1a7880ac9bde552b20dec1cf9925ed0219371eba509b1bbd5f384f91f9,019,5,67,"종이접기와 삼각형의 닮음"
set08,"260711_도형의 닮음(7).pdf",7ff39d1a7880ac9bde552b20dec1cf9925ed0219371eba509b1bbd5f384f91f9,020,5,78,"종이접기와 삼각형의 닮음"
set08,"260711_도형의 닮음(7).pdf",7ff39d1a7880ac9bde552b20dec1cf9925ed0219371eba509b1bbd5f384f91f9,021,6,73,"종이접기와 삼각형의 닮음"
set08,"260711_도형의 닮음(7).pdf",7ff39d1a7880ac9bde552b20dec1cf9925ed0219371eba509b1bbd5f384f91f9,022,6,74,"삼각형에서 평행선 사이의 선분의 길이의 비(1) 한 각이 공통각인 두 삼각형"
set08,"260711_도형의 닮음(7).pdf",7ff39d1a7880ac9bde552b20dec1cf9925ed0219371eba509b1bbd5f384f91f9,023,6,70,"삼각형에서 평행선 사이의 선분의 길이의 비(1) 한 각이 공통각인 두 삼각형"
set08,"260711_도형의 닮음(7).pdf",7ff39d1a7880ac9bde552b20dec1cf9925ed0219371eba509b1bbd5f384f91f9,024,6,74,"삼각형에서 평행선 사이의 선분의 길이의 비(1) 한 각이 공통각인 두 삼각형"
set08,"260711_도형의 닮음(7).pdf",7ff39d1a7880ac9bde552b20dec1cf9925ed0219371eba509b1bbd5f384f91f9,025,7,69,"삼각형에서 평행선 사이의 선분의 길이의 비(2) 한 각이 맞꼭지각인 두 삼각형"
set08,"260711_도형의 닮음(7).pdf",7ff39d1a7880ac9bde552b20dec1cf9925ed0219371eba509b1bbd5f384f91f9,026,7,78,"삼각형에서 평행선 사이의 선분의 길이의 비(2) 한 각이 맞꼭지각인 두 삼각형"
set08,"260711_도형의 닮음(7).pdf",7ff39d1a7880ac9bde552b20dec1cf9925ed0219371eba509b1bbd5f384f91f9,027,7,82,"삼각형에서 평행선 사이의 선분의 길이의 비(2) 한 각이 맞꼭지각인 두 삼각형"
set08,"260711_도형의 닮음(7).pdf",7ff39d1a7880ac9bde552b20dec1cf9925ed0219371eba509b1bbd5f384f91f9,028,7,64,"삼각형에서 평행선 사이의 선분의 길이의 비의 응용"
set08,"260711_도형의 닮음(7).pdf",7ff39d1a7880ac9bde552b20dec1cf9925ed0219371eba509b1bbd5f384f91f9,029,8,71,"삼각형에서 평행선 사이의 선분의 길이의 비의 응용"
set08,"260711_도형의 닮음(7).pdf",7ff39d1a7880ac9bde552b20dec1cf9925ed0219371eba509b1bbd5f384f91f9,030,8,81,"삼각형에서 평행선 사이의 선분의 길이의 비의 응용"
set08,"260711_도형의 닮음(7).pdf",7ff39d1a7880ac9bde552b20dec1cf9925ed0219371eba509b1bbd5f384f91f9,031,8,71,"삼각형의 내각의 이등분선과 변의 길이"
set08,"260711_도형의 닮음(7).pdf",7ff39d1a7880ac9bde552b20dec1cf9925ed0219371eba509b1bbd5f384f91f9,032,8,66,"삼각형의 내각의 이등분선과 변의 길이"
set08,"260711_도형의 닮음(7).pdf",7ff39d1a7880ac9bde552b20dec1cf9925ed0219371eba509b1bbd5f384f91f9,033,9,52,"삼각형의 내각의 이등분선과 변의 길이"
set08,"260711_도형의 닮음(7).pdf",7ff39d1a7880ac9bde552b20dec1cf9925ed0219371eba509b1bbd5f384f91f9,034,9,48,"삼각형의 내각의 이등분선과 삼각형의 넓이"
set08,"260711_도형의 닮음(7).pdf",7ff39d1a7880ac9bde552b20dec1cf9925ed0219371eba509b1bbd5f384f91f9,035,9,79,"삼각형의 내각의 이등분선과 삼각형의 넓이"
set08,"260711_도형의 닮음(7).pdf",7ff39d1a7880ac9bde552b20dec1cf9925ed0219371eba509b1bbd5f384f91f9,036,9,48,"삼각형의 내각의 이등분선과 삼각형의 넓이"
set08,"260711_도형의 닮음(7).pdf",7ff39d1a7880ac9bde552b20dec1cf9925ed0219371eba509b1bbd5f384f91f9,037,10,50,"삼각형의 외각의 이등분선과 변의 길이"
set08,"260711_도형의 닮음(7).pdf",7ff39d1a7880ac9bde552b20dec1cf9925ed0219371eba509b1bbd5f384f91f9,038,10,70,"삼각형의 외각의 이등분선과 변의 길이"
set08,"260711_도형의 닮음(7).pdf",7ff39d1a7880ac9bde552b20dec1cf9925ed0219371eba509b1bbd5f384f91f9,039,10,77,"삼각형의 외각의 이등분선과 변의 길이"
set08,"260711_도형의 닮음(7).pdf",7ff39d1a7880ac9bde552b20dec1cf9925ed0219371eba509b1bbd5f384f91f9,040,10,57,"삼각형의 외각의 이등분선과 삼각형의 넓이"
set08,"260711_도형의 닮음(7).pdf",7ff39d1a7880ac9bde552b20dec1cf9925ed0219371eba509b1bbd5f384f91f9,041,11,45,"평행선 사이의 길이의 비"
set08,"260711_도형의 닮음(7).pdf",7ff39d1a7880ac9bde552b20dec1cf9925ed0219371eba509b1bbd5f384f91f9,042,11,80,"평행선 사이의 길이의 비"
set08,"260711_도형의 닮음(7).pdf",7ff39d1a7880ac9bde552b20dec1cf9925ed0219371eba509b1bbd5f384f91f9,043,11,73,"사다리꼴에서 평행선 사이의 선분의 길이의 비"
set08,"260711_도형의 닮음(7).pdf",7ff39d1a7880ac9bde552b20dec1cf9925ed0219371eba509b1bbd5f384f91f9,044,11,59,"사다리꼴에서 평행선 사이의 선분의 길이의 비"
set08,"260711_도형의 닮음(7).pdf",7ff39d1a7880ac9bde552b20dec1cf9925ed0219371eba509b1bbd5f384f91f9,045,12,85,"사다리꼴에서 평행선 사이의 선분의 길이의 비"
set08,"260711_도형의 닮음(7).pdf",7ff39d1a7880ac9bde552b20dec1cf9925ed0219371eba509b1bbd5f384f91f9,046,12,71,"사다리꼴에서 평행선과 한 대각선의 길이"
set08,"260711_도형의 닮음(7).pdf",7ff39d1a7880ac9bde552b20dec1cf9925ed0219371eba509b1bbd5f384f91f9,047,12,84,"사다리꼴에서 평행선과 한 대각선의 길이"
set08,"260711_도형의 닮음(7).pdf",7ff39d1a7880ac9bde552b20dec1cf9925ed0219371eba509b1bbd5f384f91f9,048,12,78,"사다리꼴에서 평행선과 한 대각선의 길이"
set08,"260711_도형의 닮음(7).pdf",7ff39d1a7880ac9bde552b20dec1cf9925ed0219371eba509b1bbd5f384f91f9,049,13,72,"사다리꼴에서 평행선과 두 대각선의 길이(1) 평행선이 대각선의 교점을 지나지 않을 때"
set08,"260711_도형의 닮음(7).pdf",7ff39d1a7880ac9bde552b20dec1cf9925ed0219371eba509b1bbd5f384f91f9,050,13,68,"사다리꼴에서 평행선과 두 대각선의 길이(1) 평행선이 대각선의 교점을 지나지 않을 때"
set08,"260711_도형의 닮음(7).pdf",7ff39d1a7880ac9bde552b20dec1cf9925ed0219371eba509b1bbd5f384f91f9,051,13,67,"사다리꼴에서 평행선과 두 대각선의 길이(1) 평행선이 대각선의 교점을 지나지 않을 때"
set08,"260711_도형의 닮음(7).pdf",7ff39d1a7880ac9bde552b20dec1cf9925ed0219371eba509b1bbd5f384f91f9,052,13,70,"사다리꼴에서 평행선과 두 대각선의 길이(2) 평행선이 대각선의 교점을 지날 때"
set08,"260711_도형의 닮음(7).pdf",7ff39d1a7880ac9bde552b20dec1cf9925ed0219371eba509b1bbd5f384f91f9,053,14,86,"사다리꼴에서 평행선과 두 대각선의 길이(2) 평행선이 대각선의 교점을 지날 때"
set08,"260711_도형의 닮음(7).pdf",7ff39d1a7880ac9bde552b20dec1cf9925ed0219371eba509b1bbd5f384f91f9,054,14,73,"평행선 사이의 길이의 비의 응용"
set08,"260711_도형의 닮음(7).pdf",7ff39d1a7880ac9bde552b20dec1cf9925ed0219371eba509b1bbd5f384f91f9,055,14,77,"평행선 사이의 길이의 비의 응용"
set08,"260711_도형의 닮음(7).pdf",7ff39d1a7880ac9bde552b20dec1cf9925ed0219371eba509b1bbd5f384f91f9,056,14,51,"평행선 사이의 길이의 비의 응용"
set08,"260711_도형의 닮음(7).pdf",7ff39d1a7880ac9bde552b20dec1cf9925ed0219371eba509b1bbd5f384f91f9,057,15,90,"삼각형의 두 변의 중점을 연결한 선분의 성질(1)"
set08,"260711_도형의 닮음(7).pdf",7ff39d1a7880ac9bde552b20dec1cf9925ed0219371eba509b1bbd5f384f91f9,058,15,87,"삼각형의 두 변의 중점을 연결한 선분의 성질(1)"
set08,"260711_도형의 닮음(7).pdf",7ff39d1a7880ac9bde552b20dec1cf9925ed0219371eba509b1bbd5f384f91f9,059,15,85,"삼각형의 두 변의 중점을 연결한 선분의 성질(1)"
set08,"260711_도형의 닮음(7).pdf",7ff39d1a7880ac9bde552b20dec1cf9925ed0219371eba509b1bbd5f384f91f9,060,15,59,"삼각형의 두 변의 중점을 연결한 선분의 성질(2)"
set08,"260711_도형의 닮음(7).pdf",7ff39d1a7880ac9bde552b20dec1cf9925ed0219371eba509b1bbd5f384f91f9,061,16,70,"삼각형의 두 변의 중점을 연결한 선분의 성질(2)"
set08,"260711_도형의 닮음(7).pdf",7ff39d1a7880ac9bde552b20dec1cf9925ed0219371eba509b1bbd5f384f91f9,062,16,69,"삼각형의 두 변의 중점을 연결한 선분의 성질(2)"
set08,"260711_도형의 닮음(7).pdf",7ff39d1a7880ac9bde552b20dec1cf9925ed0219371eba509b1bbd5f384f91f9,063,16,54,"삼각형의 중점을 연결한 선분 응용(1) 중점"
set08,"260711_도형의 닮음(7).pdf",7ff39d1a7880ac9bde552b20dec1cf9925ed0219371eba509b1bbd5f384f91f9,064,16,69,"삼각형의 중점을 연결한 선분 응용(1) 중점"
set08,"260711_도형의 닮음(7).pdf",7ff39d1a7880ac9bde552b20dec1cf9925ed0219371eba509b1bbd5f384f91f9,065,17,61,"삼각형의 중점을 연결한 선분 응용(1) 중점"
set08,"260711_도형의 닮음(7).pdf",7ff39d1a7880ac9bde552b20dec1cf9925ed0219371eba509b1bbd5f384f91f9,066,17,67,"삼각형의 중점을 연결한 선분 응용(2) 삼등분선"
set08,"260711_도형의 닮음(7).pdf",7ff39d1a7880ac9bde552b20dec1cf9925ed0219371eba509b1bbd5f384f91f9,067,17,59,"삼각형의 중점을 연결한 선분 응용(2) 삼등분선"
set08,"260711_도형의 닮음(7).pdf",7ff39d1a7880ac9bde552b20dec1cf9925ed0219371eba509b1bbd5f384f91f9,068,17,55,"삼각형의 중점을 연결한 선분 응용(2) 삼등분선"
set08,"260711_도형의 닮음(7).pdf",7ff39d1a7880ac9bde552b20dec1cf9925ed0219371eba509b1bbd5f384f91f9,069,18,70,"사각형의 각 변의 중점을 연결하여 만든 사각형"
set08,"260711_도형의 닮음(7).pdf",7ff39d1a7880ac9bde552b20dec1cf9925ed0219371eba509b1bbd5f384f91f9,070,18,65,"사각형의 각 변의 중점을 연결하여 만든 사각형"
set08,"260711_도형의 닮음(7).pdf",7ff39d1a7880ac9bde552b20dec1cf9925ed0219371eba509b1bbd5f384f91f9,071,18,70,"사각형의 각 변의 중점을 연결하여 만든 사각형"
set08,"260711_도형의 닮음(7).pdf",7ff39d1a7880ac9bde552b20dec1cf9925ed0219371eba509b1bbd5f384f91f9,072,18,74,"사다리꼴의 두 변의 중점을 연결한 선분의 성질"
set08,"260711_도형의 닮음(7).pdf",7ff39d1a7880ac9bde552b20dec1cf9925ed0219371eba509b1bbd5f384f91f9,073,19,69,"사다리꼴의 두 변의 중점을 연결한 선분의 성질"
set08,"260711_도형의 닮음(7).pdf",7ff39d1a7880ac9bde552b20dec1cf9925ed0219371eba509b1bbd5f384f91f9,074,19,71,"사다리꼴의 두 변의 중점을 연결한 선분의 성질"
set08,"260711_도형의 닮음(7).pdf",7ff39d1a7880ac9bde552b20dec1cf9925ed0219371eba509b1bbd5f384f91f9,075,19,30,"삼각형의 중선의 성질"
set08,"260711_도형의 닮음(7).pdf",7ff39d1a7880ac9bde552b20dec1cf9925ed0219371eba509b1bbd5f384f91f9,076,19,71,"삼각형의 무게중심(1) △ABC의 무게중심"
set08,"260711_도형의 닮음(7).pdf",7ff39d1a7880ac9bde552b20dec1cf9925ed0219371eba509b1bbd5f384f91f9,077,20,64,"삼각형의 무게중심(1) △ABC의 무게중심"
set08,"260711_도형의 닮음(7).pdf",7ff39d1a7880ac9bde552b20dec1cf9925ed0219371eba509b1bbd5f384f91f9,078,20,87,"삼각형의 무게중심(1) △ABC의 무게중심"
set08,"260711_도형의 닮음(7).pdf",7ff39d1a7880ac9bde552b20dec1cf9925ed0219371eba509b1bbd5f384f91f9,079,20,68,"삼각형의 무게중심의 응용(1)"
set08,"260711_도형의 닮음(7).pdf",7ff39d1a7880ac9bde552b20dec1cf9925ed0219371eba509b1bbd5f384f91f9,080,20,87,"삼각형의 무게중심의 응용(1)"
set08,"260711_도형의 닮음(7).pdf",7ff39d1a7880ac9bde552b20dec1cf9925ed0219371eba509b1bbd5f384f91f9,081,21,89,"삼각형의 무게중심의 응용(2)"
set08,"260711_도형의 닮음(7).pdf",7ff39d1a7880ac9bde552b20dec1cf9925ed0219371eba509b1bbd5f384f91f9,082,21,79,"삼각형의 무게중심의 응용(2)"
set08,"260711_도형의 닮음(7).pdf",7ff39d1a7880ac9bde552b20dec1cf9925ed0219371eba509b1bbd5f384f91f9,083,21,79,"삼각형의 무게중심의 응용(2)"
set08,"260711_도형의 닮음(7).pdf",7ff39d1a7880ac9bde552b20dec1cf9925ed0219371eba509b1bbd5f384f91f9,084,21,55,"삼각형의 무게중심의 응용(3)"
set08,"260711_도형의 닮음(7).pdf",7ff39d1a7880ac9bde552b20dec1cf9925ed0219371eba509b1bbd5f384f91f9,085,22,55,"삼각형의 무게중심의 응용(3)"
set08,"260711_도형의 닮음(7).pdf",7ff39d1a7880ac9bde552b20dec1cf9925ed0219371eba509b1bbd5f384f91f9,086,22,51,"삼각형의 무게중심의 응용(3)"
set08,"260711_도형의 닮음(7).pdf",7ff39d1a7880ac9bde552b20dec1cf9925ed0219371eba509b1bbd5f384f91f9,087,22,84,"삼각형의 무게중심과 넓이의 관계(1) △ABC의 무게중심"
set08,"260711_도형의 닮음(7).pdf",7ff39d1a7880ac9bde552b20dec1cf9925ed0219371eba509b1bbd5f384f91f9,088,22,71,"삼각형의 무게중심과 넓이의 관계(1) △ABC의 무게중심"
set08,"260711_도형의 닮음(7).pdf",7ff39d1a7880ac9bde552b20dec1cf9925ed0219371eba509b1bbd5f384f91f9,089,23,68,"삼각형의 무게중심과 넓이의 관계(1) △ABC의 무게중심"
set08,"260711_도형의 닮음(7).pdf",7ff39d1a7880ac9bde552b20dec1cf9925ed0219371eba509b1bbd5f384f91f9,090,23,53,"평행사변형에서 삼각형의 무게중심의 응용(1) 길이"
set08,"260711_도형의 닮음(7).pdf",7ff39d1a7880ac9bde552b20dec1cf9925ed0219371eba509b1bbd5f384f91f9,091,23,53,"평행사변형에서 삼각형의 무게중심의 응용(1) 길이"
set08,"260711_도형의 닮음(7).pdf",7ff39d1a7880ac9bde552b20dec1cf9925ed0219371eba509b1bbd5f384f91f9,092,23,71,"평행사변형에서 삼각형의 무게중심의 응용(2) 넓이"
set08,"260711_도형의 닮음(7).pdf",7ff39d1a7880ac9bde552b20dec1cf9925ed0219371eba509b1bbd5f384f91f9,093,24,70,"평행사변형에서 삼각형의 무게중심의 응용(2) 넓이"
set08,"260711_도형의 닮음(7).pdf",7ff39d1a7880ac9bde552b20dec1cf9925ed0219371eba509b1bbd5f384f91f9,094,24,84,"평행사변형에서 삼각형의 무게중심의 응용(2) 넓이"
set08,"260711_도형의 닮음(7).pdf",7ff39d1a7880ac9bde552b20dec1cf9925ed0219371eba509b1bbd5f384f91f9,095,24,61,"닮은 두 평면도형의 넓이의 비"
set08,"260711_도형의 닮음(7).pdf",7ff39d1a7880ac9bde552b20dec1cf9925ed0219371eba509b1bbd5f384f91f9,096,24,73,"닮은 두 평면도형의 넓이의 비"
set08,"260711_도형의 닮음(7).pdf",7ff39d1a7880ac9bde552b20dec1cf9925ed0219371eba509b1bbd5f384f91f9,097,25,64,"닮은 두 평면도형의 넓이의 비"
set08,"260711_도형의 닮음(7).pdf",7ff39d1a7880ac9bde552b20dec1cf9925ed0219371eba509b1bbd5f384f91f9,098,25,63,"닮은 두 평면도형의 넓이의 비의 활용"
set08,"260711_도형의 닮음(7).pdf",7ff39d1a7880ac9bde552b20dec1cf9925ed0219371eba509b1bbd5f384f91f9,099,25,68,"닮은 두 평면도형의 넓이의 비의 활용"
set08,"260711_도형의 닮음(7).pdf",7ff39d1a7880ac9bde552b20dec1cf9925ed0219371eba509b1bbd5f384f91f9,100,25,64,"닮은 두 평면도형의 넓이의 비의 활용"
set08,"260711_도형의 닮음(7).pdf",7ff39d1a7880ac9bde552b20dec1cf9925ed0219371eba509b1bbd5f384f91f9,101,26,56,"닮은 두 입체도형의 겉넓이의 비의 활용"
set08,"260711_도형의 닮음(7).pdf",7ff39d1a7880ac9bde552b20dec1cf9925ed0219371eba509b1bbd5f384f91f9,102,26,69,"닮은 두 입체도형의 겉넓이의 비의 활용"
set08,"260711_도형의 닮음(7).pdf",7ff39d1a7880ac9bde552b20dec1cf9925ed0219371eba509b1bbd5f384f91f9,103,26,64,"닮은 두 입체도형의 부피의 비"
set08,"260711_도형의 닮음(7).pdf",7ff39d1a7880ac9bde552b20dec1cf9925ed0219371eba509b1bbd5f384f91f9,104,26,53,"닮은 두 입체도형의 부피의 비"
set08,"260711_도형의 닮음(7).pdf",7ff39d1a7880ac9bde552b20dec1cf9925ed0219371eba509b1bbd5f384f91f9,105,27,50,"닮은 두 입체도형의 부피의 비"
set08,"260711_도형의 닮음(7).pdf",7ff39d1a7880ac9bde552b20dec1cf9925ed0219371eba509b1bbd5f384f91f9,106,27,72,"닮은 두 입체도형의 부피의 비의 활용"
set08,"260711_도형의 닮음(7).pdf",7ff39d1a7880ac9bde552b20dec1cf9925ed0219371eba509b1bbd5f384f91f9,107,27,56,"닮은 두 입체도형의 부피의 비의 활용"
set08,"260711_도형의 닮음(7).pdf",7ff39d1a7880ac9bde552b20dec1cf9925ed0219371eba509b1bbd5f384f91f9,108,27,74,"닮은 두 입체도형의 부피의 비의 활용"
set08,"260711_도형의 닮음(7).pdf",7ff39d1a7880ac9bde552b20dec1cf9925ed0219371eba509b1bbd5f384f91f9,109,28,73,"닮음의 활용(1) 높이의 측정"
set08,"260711_도형의 닮음(7).pdf",7ff39d1a7880ac9bde552b20dec1cf9925ed0219371eba509b1bbd5f384f91f9,110,28,79,"닮음의 활용(1) 높이의 측정"
set08,"260711_도형의 닮음(7).pdf",7ff39d1a7880ac9bde552b20dec1cf9925ed0219371eba509b1bbd5f384f91f9,111,28,57,"닮음의 활용(1) 높이의 측정"
set08,"260711_도형의 닮음(7).pdf",7ff39d1a7880ac9bde552b20dec1cf9925ed0219371eba509b1bbd5f384f91f9,112,28,77,"닮음의 활용(2) 축도와 축척"
set08,"260711_도형의 닮음(7).pdf",7ff39d1a7880ac9bde552b20dec1cf9925ed0219371eba509b1bbd5f384f91f9,113,29,50,"닮음의 활용(2) 축도와 축척"
set08,"260711_도형의 닮음(7).pdf",7ff39d1a7880ac9bde552b20dec1cf9925ed0219371eba509b1bbd5f384f91f9,114,29,64,"닮음의 활용(2) 축도와 축척"
set08,"260711_도형의 닮음(7).pdf",7ff39d1a7880ac9bde552b20dec1cf9925ed0219371eba509b1bbd5f384f91f9,115,29,70,"삼각형의 변의 길이 구하기(1)"
set08,"260711_도형의 닮음(7).pdf",7ff39d1a7880ac9bde552b20dec1cf9925ed0219371eba509b1bbd5f384f91f9,116,29,82,"삼각형의 변의 길이 구하기(1)"
set08,"260711_도형의 닮음(7).pdf",7ff39d1a7880ac9bde552b20dec1cf9925ed0219371eba509b1bbd5f384f91f9,117,30,81,"삼각형의 변의 길이 구하기(1)"
set08,"260711_도형의 닮음(7).pdf",7ff39d1a7880ac9bde552b20dec1cf9925ed0219371eba509b1bbd5f384f91f9,118,30,78,"삼각형의 변의 길이 구하기(2)"
set08,"260711_도형의 닮음(7).pdf",7ff39d1a7880ac9bde552b20dec1cf9925ed0219371eba509b1bbd5f384f91f9,119,30,61,"삼각형의 변의 길이 구하기(2)"
set08,"260711_도형의 닮음(7).pdf",7ff39d1a7880ac9bde552b20dec1cf9925ed0219371eba509b1bbd5f384f91f9,120,30,68,"직각삼각형의 닮음과 피타고라스 정리"
set08,"260711_도형의 닮음(7).pdf",7ff39d1a7880ac9bde552b20dec1cf9925ed0219371eba509b1bbd5f384f91f9,121,31,71,"직각삼각형의 닮음과 피타고라스 정리"
set08,"260711_도형의 닮음(7).pdf",7ff39d1a7880ac9bde552b20dec1cf9925ed0219371eba509b1bbd5f384f91f9,122,31,49,"직각삼각형의 닮음과 피타고라스 정리"
set08,"260711_도형의 닮음(7).pdf",7ff39d1a7880ac9bde552b20dec1cf9925ed0219371eba509b1bbd5f384f91f9,123,31,85,"사각형에서 피타고라스 정리의 이용(2) 수선을 그어 푸는 경우"
set08,"260711_도형의 닮음(7).pdf",7ff39d1a7880ac9bde552b20dec1cf9925ed0219371eba509b1bbd5f384f91f9,124,31,73,"사각형에서 피타고라스 정리의 이용(2) 수선을 그어 푸는 경우"
set08,"260711_도형의 닮음(7).pdf",7ff39d1a7880ac9bde552b20dec1cf9925ed0219371eba509b1bbd5f384f91f9,125,32,49,"사각형에서 피타고라스 정리의 이용(2) 수선을 그어 푸는 경우"
set08,"260711_도형의 닮음(7).pdf",7ff39d1a7880ac9bde552b20dec1cf9925ed0219371eba509b1bbd5f384f91f9,126,32,65,"직사각형의 대각선의 길이"
set08,"260711_도형의 닮음(7).pdf",7ff39d1a7880ac9bde552b20dec1cf9925ed0219371eba509b1bbd5f384f91f9,127,32,70,"직사각형의 대각선의 길이"
set08,"260711_도형의 닮음(7).pdf",7ff39d1a7880ac9bde552b20dec1cf9925ed0219371eba509b1bbd5f384f91f9,128,32,86,"직사각형의 대각선의 길이"
set08,"260711_도형의 닮음(7).pdf",7ff39d1a7880ac9bde552b20dec1cf9925ed0219371eba509b1bbd5f384f91f9,129,33,78,"이등변삼각형의 높이와 넓이"
set08,"260711_도형의 닮음(7).pdf",7ff39d1a7880ac9bde552b20dec1cf9925ed0219371eba509b1bbd5f384f91f9,130,33,41,"이등변삼각형의 높이와 넓이"
set08,"260711_도형의 닮음(7).pdf",7ff39d1a7880ac9bde552b20dec1cf9925ed0219371eba509b1bbd5f384f91f9,131,33,63,"이등변삼각형의 높이와 넓이"
set08,"260711_도형의 닮음(7).pdf",7ff39d1a7880ac9bde552b20dec1cf9925ed0219371eba509b1bbd5f384f91f9,132,33,78,"피타고라스 정리의 설명(1) 유클리드의 방법"
set08,"260711_도형의 닮음(7).pdf",7ff39d1a7880ac9bde552b20dec1cf9925ed0219371eba509b1bbd5f384f91f9,133,34,68,"피타고라스 정리의 설명(1) 유클리드의 방법"
set08,"260711_도형의 닮음(7).pdf",7ff39d1a7880ac9bde552b20dec1cf9925ed0219371eba509b1bbd5f384f91f9,134,34,31,"피타고라스 정리의 설명(2) 피타고라스의 방법"
set08,"260711_도형의 닮음(7).pdf",7ff39d1a7880ac9bde552b20dec1cf9925ed0219371eba509b1bbd5f384f91f9,135,34,72,"피타고라스 정리의 설명(2) 피타고라스의 방법"
set08,"260711_도형의 닮음(7).pdf",7ff39d1a7880ac9bde552b20dec1cf9925ed0219371eba509b1bbd5f384f91f9,136,34,77,"직각삼각형이 되기 위한 조건"
set08,"260711_도형의 닮음(7).pdf",7ff39d1a7880ac9bde552b20dec1cf9925ed0219371eba509b1bbd5f384f91f9,137,35,93,"직각삼각형이 되기 위한 조건"
set08,"260711_도형의 닮음(7).pdf",7ff39d1a7880ac9bde552b20dec1cf9925ed0219371eba509b1bbd5f384f91f9,138,35,85,"직각삼각형이 되기 위한 조건"
set08,"260711_도형의 닮음(7).pdf",7ff39d1a7880ac9bde552b20dec1cf9925ed0219371eba509b1bbd5f384f91f9,139,35,59,"각의 크기에 따른 삼각형의 변의 길이"
set08,"260711_도형의 닮음(7).pdf",7ff39d1a7880ac9bde552b20dec1cf9925ed0219371eba509b1bbd5f384f91f9,140,35,66,"각의 크기에 따른 삼각형의 변의 길이"
set08,"260711_도형의 닮음(7).pdf",7ff39d1a7880ac9bde552b20dec1cf9925ed0219371eba509b1bbd5f384f91f9,141,36,76,"각의 크기에 따른 삼각형의 변의 길이"
set08,"260711_도형의 닮음(7).pdf",7ff39d1a7880ac9bde552b20dec1cf9925ed0219371eba509b1bbd5f384f91f9,142,36,68,"피타고라스 정리의 활용(1) 직각삼각형"
set08,"260711_도형의 닮음(7).pdf",7ff39d1a7880ac9bde552b20dec1cf9925ed0219371eba509b1bbd5f384f91f9,143,36,70,"피타고라스 정리의 활용(1) 직각삼각형"
set08,"260711_도형의 닮음(7).pdf",7ff39d1a7880ac9bde552b20dec1cf9925ed0219371eba509b1bbd5f384f91f9,144,36,50,"피타고라스 정리의 활용(1) 직각삼각형"
set08,"260711_도형의 닮음(7).pdf",7ff39d1a7880ac9bde552b20dec1cf9925ed0219371eba509b1bbd5f384f91f9,145,37,75,"피타고라스 정리의 활용(2) 사각형"
set08,"260711_도형의 닮음(7).pdf",7ff39d1a7880ac9bde552b20dec1cf9925ed0219371eba509b1bbd5f384f91f9,146,37,71,"피타고라스 정리의 활용(2) 사각형"
set08,"260711_도형의 닮음(7).pdf",7ff39d1a7880ac9bde552b20dec1cf9925ed0219371eba509b1bbd5f384f91f9,147,37,50,"종이접기와 피타고라스 정리"
set08,"260711_도형의 닮음(7).pdf",7ff39d1a7880ac9bde552b20dec1cf9925ed0219371eba509b1bbd5f384f91f9,148,37,51,"종이접기와 피타고라스 정리"
set08,"260711_도형의 닮음(7).pdf",7ff39d1a7880ac9bde552b20dec1cf9925ed0219371eba509b1bbd5f384f91f9,149,38,49,"종이접기와 피타고라스 정리"
set08,"260711_도형의 닮음(7).pdf",7ff39d1a7880ac9bde552b20dec1cf9925ed0219371eba509b1bbd5f384f91f9,150,38,50,"입체도형에서의 피타고라스 정리"
set09,"260711_도형의 닮음(8).pdf",3270f604c0de14547f773cd5fce84ec4815f0b0e691881ac5183305ad075dcee,001,1,89,"평면도형에서 닮음비의 응용"
set09,"260711_도형의 닮음(8).pdf",3270f604c0de14547f773cd5fce84ec4815f0b0e691881ac5183305ad075dcee,002,1,89,"평면도형에서 닮음비의 응용"
set09,"260711_도형의 닮음(8).pdf",3270f604c0de14547f773cd5fce84ec4815f0b0e691881ac5183305ad075dcee,003,1,34,"평면도형에서 닮음비의 응용"
set09,"260711_도형의 닮음(8).pdf",3270f604c0de14547f773cd5fce84ec4815f0b0e691881ac5183305ad075dcee,004,1,85,"삼각형의 닮음 조건의 응용(2) AA 닮음"
set09,"260711_도형의 닮음(8).pdf",3270f604c0de14547f773cd5fce84ec4815f0b0e691881ac5183305ad075dcee,005,2,57,"삼각형의 닮음 조건의 응용(2) AA 닮음"
set09,"260711_도형의 닮음(8).pdf",3270f604c0de14547f773cd5fce84ec4815f0b0e691881ac5183305ad075dcee,006,2,67,"삼각형의 닮음 조건의 응용(2) AA 닮음"
set09,"260711_도형의 닮음(8).pdf",3270f604c0de14547f773cd5fce84ec4815f0b0e691881ac5183305ad075dcee,007,2,82,"평행선에서 삼각형의 닮음 조건의 응용"
set09,"260711_도형의 닮음(8).pdf",3270f604c0de14547f773cd5fce84ec4815f0b0e691881ac5183305ad075dcee,008,2,77,"평행선에서 삼각형의 닮음 조건의 응용"
set09,"260711_도형의 닮음(8).pdf",3270f604c0de14547f773cd5fce84ec4815f0b0e691881ac5183305ad075dcee,009,3,49,"평행선에서 삼각형의 닮음 조건의 응용"
set09,"260711_도형의 닮음(8).pdf",3270f604c0de14547f773cd5fce84ec4815f0b0e691881ac5183305ad075dcee,010,3,74,"직각삼각형의 닮음(1) 공통인 각이 있는 경우"
set09,"260711_도형의 닮음(8).pdf",3270f604c0de14547f773cd5fce84ec4815f0b0e691881ac5183305ad075dcee,011,3,70,"직각삼각형의 닮음(1) 공통인 각이 있는 경우"
set09,"260711_도형의 닮음(8).pdf",3270f604c0de14547f773cd5fce84ec4815f0b0e691881ac5183305ad075dcee,012,3,61,"직각삼각형의 닮음(1) 공통인 각이 있는 경우"
set09,"260711_도형의 닮음(8).pdf",3270f604c0de14547f773cd5fce84ec4815f0b0e691881ac5183305ad075dcee,013,4,49,"직각삼각형의 닮음(2) 한 예각의 크기가 같은 경우"
set09,"260711_도형의 닮음(8).pdf",3270f604c0de14547f773cd5fce84ec4815f0b0e691881ac5183305ad075dcee,014,4,50,"직각삼각형의 닮음(2) 한 예각의 크기가 같은 경우"
set09,"260711_도형의 닮음(8).pdf",3270f604c0de14547f773cd5fce84ec4815f0b0e691881ac5183305ad075dcee,015,4,58,"직각삼각형의 닮음(2) 한 예각의 크기가 같은 경우"
set09,"260711_도형의 닮음(8).pdf",3270f604c0de14547f773cd5fce84ec4815f0b0e691881ac5183305ad075dcee,016,4,64,"직각삼각형의 닮음의 응용"
set09,"260711_도형의 닮음(8).pdf",3270f604c0de14547f773cd5fce84ec4815f0b0e691881ac5183305ad075dcee,017,5,57,"직각삼각형의 닮음의 응용"
set09,"260711_도형의 닮음(8).pdf",3270f604c0de14547f773cd5fce84ec4815f0b0e691881ac5183305ad075dcee,018,5,65,"직각삼각형의 닮음의 응용"
set09,"260711_도형의 닮음(8).pdf",3270f604c0de14547f773cd5fce84ec4815f0b0e691881ac5183305ad075dcee,019,5,57,"종이접기와 삼각형의 닮음"
set09,"260711_도형의 닮음(8).pdf",3270f604c0de14547f773cd5fce84ec4815f0b0e691881ac5183305ad075dcee,020,5,65,"종이접기와 삼각형의 닮음"
set09,"260711_도형의 닮음(8).pdf",3270f604c0de14547f773cd5fce84ec4815f0b0e691881ac5183305ad075dcee,021,6,83,"종이접기와 삼각형의 닮음"
set09,"260711_도형의 닮음(8).pdf",3270f604c0de14547f773cd5fce84ec4815f0b0e691881ac5183305ad075dcee,022,6,84,"삼각형에서 평행선 사이의 선분의 길이의 비(1) 한 각이 공통각인 두 삼각형"
set09,"260711_도형의 닮음(8).pdf",3270f604c0de14547f773cd5fce84ec4815f0b0e691881ac5183305ad075dcee,023,6,77,"삼각형에서 평행선 사이의 선분의 길이의 비(1) 한 각이 공통각인 두 삼각형"
set09,"260711_도형의 닮음(8).pdf",3270f604c0de14547f773cd5fce84ec4815f0b0e691881ac5183305ad075dcee,024,6,85,"삼각형에서 평행선 사이의 선분의 길이의 비(1) 한 각이 공통각인 두 삼각형"
set09,"260711_도형의 닮음(8).pdf",3270f604c0de14547f773cd5fce84ec4815f0b0e691881ac5183305ad075dcee,025,7,83,"삼각형에서 평행선 사이의 선분의 길이의 비(2) 한 각이 맞꼭지각인 두 삼각형"
set09,"260711_도형의 닮음(8).pdf",3270f604c0de14547f773cd5fce84ec4815f0b0e691881ac5183305ad075dcee,026,7,88,"삼각형에서 평행선 사이의 선분의 길이의 비(2) 한 각이 맞꼭지각인 두 삼각형"
set09,"260711_도형의 닮음(8).pdf",3270f604c0de14547f773cd5fce84ec4815f0b0e691881ac5183305ad075dcee,027,7,82,"삼각형에서 평행선 사이의 선분의 길이의 비(2) 한 각이 맞꼭지각인 두 삼각형"
set09,"260711_도형의 닮음(8).pdf",3270f604c0de14547f773cd5fce84ec4815f0b0e691881ac5183305ad075dcee,028,7,65,"삼각형에서 평행선 사이의 선분의 길이의 비의 응용"
set09,"260711_도형의 닮음(8).pdf",3270f604c0de14547f773cd5fce84ec4815f0b0e691881ac5183305ad075dcee,029,8,65,"삼각형에서 평행선 사이의 선분의 길이의 비의 응용"
set09,"260711_도형의 닮음(8).pdf",3270f604c0de14547f773cd5fce84ec4815f0b0e691881ac5183305ad075dcee,030,8,74,"삼각형에서 평행선 사이의 선분의 길이의 비의 응용"
set09,"260711_도형의 닮음(8).pdf",3270f604c0de14547f773cd5fce84ec4815f0b0e691881ac5183305ad075dcee,031,8,68,"삼각형의 내각의 이등분선과 변의 길이"
set09,"260711_도형의 닮음(8).pdf",3270f604c0de14547f773cd5fce84ec4815f0b0e691881ac5183305ad075dcee,032,8,59,"삼각형의 내각의 이등분선과 변의 길이"
set09,"260711_도형의 닮음(8).pdf",3270f604c0de14547f773cd5fce84ec4815f0b0e691881ac5183305ad075dcee,033,9,74,"삼각형의 내각의 이등분선과 변의 길이"
set09,"260711_도형의 닮음(8).pdf",3270f604c0de14547f773cd5fce84ec4815f0b0e691881ac5183305ad075dcee,034,9,78,"삼각형의 내각의 이등분선과 삼각형의 넓이"
set09,"260711_도형의 닮음(8).pdf",3270f604c0de14547f773cd5fce84ec4815f0b0e691881ac5183305ad075dcee,035,9,78,"삼각형의 내각의 이등분선과 삼각형의 넓이"
set09,"260711_도형의 닮음(8).pdf",3270f604c0de14547f773cd5fce84ec4815f0b0e691881ac5183305ad075dcee,036,9,56,"삼각형의 내각의 이등분선과 삼각형의 넓이"
set09,"260711_도형의 닮음(8).pdf",3270f604c0de14547f773cd5fce84ec4815f0b0e691881ac5183305ad075dcee,037,10,64,"삼각형의 외각의 이등분선과 변의 길이"
set09,"260711_도형의 닮음(8).pdf",3270f604c0de14547f773cd5fce84ec4815f0b0e691881ac5183305ad075dcee,038,10,66,"삼각형의 외각의 이등분선과 변의 길이"
set09,"260711_도형의 닮음(8).pdf",3270f604c0de14547f773cd5fce84ec4815f0b0e691881ac5183305ad075dcee,039,10,74,"삼각형의 외각의 이등분선과 변의 길이"
set09,"260711_도형의 닮음(8).pdf",3270f604c0de14547f773cd5fce84ec4815f0b0e691881ac5183305ad075dcee,040,10,49,"평행선 사이의 길이의 비"
set09,"260711_도형의 닮음(8).pdf",3270f604c0de14547f773cd5fce84ec4815f0b0e691881ac5183305ad075dcee,041,11,76,"평행선 사이의 길이의 비"
set09,"260711_도형의 닮음(8).pdf",3270f604c0de14547f773cd5fce84ec4815f0b0e691881ac5183305ad075dcee,042,11,73,"평행선 사이의 길이의 비"
set09,"260711_도형의 닮음(8).pdf",3270f604c0de14547f773cd5fce84ec4815f0b0e691881ac5183305ad075dcee,043,11,80,"사다리꼴에서 평행선 사이의 선분의 길이의 비"
set09,"260711_도형의 닮음(8).pdf",3270f604c0de14547f773cd5fce84ec4815f0b0e691881ac5183305ad075dcee,044,11,85,"사다리꼴에서 평행선 사이의 선분의 길이의 비"
set09,"260711_도형의 닮음(8).pdf",3270f604c0de14547f773cd5fce84ec4815f0b0e691881ac5183305ad075dcee,045,12,71,"사다리꼴에서 평행선 사이의 선분의 길이의 비"
set09,"260711_도형의 닮음(8).pdf",3270f604c0de14547f773cd5fce84ec4815f0b0e691881ac5183305ad075dcee,046,12,74,"사다리꼴에서 평행선과 한 대각선의 길이"
set09,"260711_도형의 닮음(8).pdf",3270f604c0de14547f773cd5fce84ec4815f0b0e691881ac5183305ad075dcee,047,12,78,"사다리꼴에서 평행선과 한 대각선의 길이"
set09,"260711_도형의 닮음(8).pdf",3270f604c0de14547f773cd5fce84ec4815f0b0e691881ac5183305ad075dcee,048,12,83,"사다리꼴에서 평행선과 한 대각선의 길이"
set09,"260711_도형의 닮음(8).pdf",3270f604c0de14547f773cd5fce84ec4815f0b0e691881ac5183305ad075dcee,049,13,78,"사다리꼴에서 평행선과 두 대각선의 길이(1) 평행선이 대각선의 교점을 지나지 않을 때"
set09,"260711_도형의 닮음(8).pdf",3270f604c0de14547f773cd5fce84ec4815f0b0e691881ac5183305ad075dcee,050,13,69,"사다리꼴에서 평행선과 두 대각선의 길이(1) 평행선이 대각선의 교점을 지나지 않을 때"
set09,"260711_도형의 닮음(8).pdf",3270f604c0de14547f773cd5fce84ec4815f0b0e691881ac5183305ad075dcee,051,13,62,"사다리꼴에서 평행선과 두 대각선의 길이(1) 평행선이 대각선의 교점을 지나지 않을 때"
set09,"260711_도형의 닮음(8).pdf",3270f604c0de14547f773cd5fce84ec4815f0b0e691881ac5183305ad075dcee,052,13,74,"사다리꼴에서 평행선과 두 대각선의 길이(2) 평행선이 대각선의 교점을 지날 때"
set09,"260711_도형의 닮음(8).pdf",3270f604c0de14547f773cd5fce84ec4815f0b0e691881ac5183305ad075dcee,053,14,50,"평행선 사이의 길이의 비의 응용"
set09,"260711_도형의 닮음(8).pdf",3270f604c0de14547f773cd5fce84ec4815f0b0e691881ac5183305ad075dcee,054,14,49,"평행선 사이의 길이의 비의 응용"
set09,"260711_도형의 닮음(8).pdf",3270f604c0de14547f773cd5fce84ec4815f0b0e691881ac5183305ad075dcee,055,14,32,"평행선 사이의 길이의 비의 응용"
set09,"260711_도형의 닮음(8).pdf",3270f604c0de14547f773cd5fce84ec4815f0b0e691881ac5183305ad075dcee,056,14,92,"삼각형의 두 변의 중점을 연결한 선분의 성질(1)"
set09,"260711_도형의 닮음(8).pdf",3270f604c0de14547f773cd5fce84ec4815f0b0e691881ac5183305ad075dcee,057,15,77,"삼각형의 두 변의 중점을 연결한 선분의 성질(1)"
set09,"260711_도형의 닮음(8).pdf",3270f604c0de14547f773cd5fce84ec4815f0b0e691881ac5183305ad075dcee,058,15,66,"삼각형의 두 변의 중점을 연결한 선분의 성질(1)"
set09,"260711_도형의 닮음(8).pdf",3270f604c0de14547f773cd5fce84ec4815f0b0e691881ac5183305ad075dcee,059,15,69,"삼각형의 두 변의 중점을 연결한 선분의 성질(2)"
set09,"260711_도형의 닮음(8).pdf",3270f604c0de14547f773cd5fce84ec4815f0b0e691881ac5183305ad075dcee,060,15,69,"삼각형의 두 변의 중점을 연결한 선분의 성질(2)"
set09,"260711_도형의 닮음(8).pdf",3270f604c0de14547f773cd5fce84ec4815f0b0e691881ac5183305ad075dcee,061,16,70,"삼각형의 두 변의 중점을 연결한 선분의 성질(2)"
set09,"260711_도형의 닮음(8).pdf",3270f604c0de14547f773cd5fce84ec4815f0b0e691881ac5183305ad075dcee,062,16,65,"삼각형의 중점을 연결한 선분 응용(1) 중점"
set09,"260711_도형의 닮음(8).pdf",3270f604c0de14547f773cd5fce84ec4815f0b0e691881ac5183305ad075dcee,063,16,79,"삼각형의 중점을 연결한 선분 응용(1) 중점"
set09,"260711_도형의 닮음(8).pdf",3270f604c0de14547f773cd5fce84ec4815f0b0e691881ac5183305ad075dcee,064,16,79,"삼각형의 중점을 연결한 선분 응용(1) 중점"
set09,"260711_도형의 닮음(8).pdf",3270f604c0de14547f773cd5fce84ec4815f0b0e691881ac5183305ad075dcee,065,17,66,"삼각형의 중점을 연결한 선분 응용(2) 삼등분선"
set09,"260711_도형의 닮음(8).pdf",3270f604c0de14547f773cd5fce84ec4815f0b0e691881ac5183305ad075dcee,066,17,88,"삼각형의 중점을 연결한 선분 응용(2) 삼등분선"
set09,"260711_도형의 닮음(8).pdf",3270f604c0de14547f773cd5fce84ec4815f0b0e691881ac5183305ad075dcee,067,17,56,"삼각형의 중점을 연결한 선분 응용(2) 삼등분선"
set09,"260711_도형의 닮음(8).pdf",3270f604c0de14547f773cd5fce84ec4815f0b0e691881ac5183305ad075dcee,068,17,71,"사각형의 각 변의 중점을 연결하여 만든 사각형"
set09,"260711_도형의 닮음(8).pdf",3270f604c0de14547f773cd5fce84ec4815f0b0e691881ac5183305ad075dcee,069,18,50,"사각형의 각 변의 중점을 연결하여 만든 사각형"
set09,"260711_도형의 닮음(8).pdf",3270f604c0de14547f773cd5fce84ec4815f0b0e691881ac5183305ad075dcee,070,18,70,"사각형의 각 변의 중점을 연결하여 만든 사각형"
set09,"260711_도형의 닮음(8).pdf",3270f604c0de14547f773cd5fce84ec4815f0b0e691881ac5183305ad075dcee,071,18,70,"사다리꼴의 두 변의 중점을 연결한 선분의 성질"
set09,"260711_도형의 닮음(8).pdf",3270f604c0de14547f773cd5fce84ec4815f0b0e691881ac5183305ad075dcee,072,18,52,"사다리꼴의 두 변의 중점을 연결한 선분의 성질"
set09,"260711_도형의 닮음(8).pdf",3270f604c0de14547f773cd5fce84ec4815f0b0e691881ac5183305ad075dcee,073,19,73,"사다리꼴의 두 변의 중점을 연결한 선분의 성질"
set09,"260711_도형의 닮음(8).pdf",3270f604c0de14547f773cd5fce84ec4815f0b0e691881ac5183305ad075dcee,074,19,69,"사다리꼴의 두 변의 중점을 연결한 선분의 성질"
set09,"260711_도형의 닮음(8).pdf",3270f604c0de14547f773cd5fce84ec4815f0b0e691881ac5183305ad075dcee,075,19,82,"삼각형의 중선의 성질"
set09,"260711_도형의 닮음(8).pdf",3270f604c0de14547f773cd5fce84ec4815f0b0e691881ac5183305ad075dcee,076,19,59,"삼각형의 중선의 성질"
set09,"260711_도형의 닮음(8).pdf",3270f604c0de14547f773cd5fce84ec4815f0b0e691881ac5183305ad075dcee,077,20,31,"삼각형의 중선의 성질"
set09,"260711_도형의 닮음(8).pdf",3270f604c0de14547f773cd5fce84ec4815f0b0e691881ac5183305ad075dcee,078,20,80,"삼각형의 무게중심(1) △ABC의 무게중심"
set09,"260711_도형의 닮음(8).pdf",3270f604c0de14547f773cd5fce84ec4815f0b0e691881ac5183305ad075dcee,079,20,53,"삼각형의 무게중심(1) △ABC의 무게중심"
set09,"260711_도형의 닮음(8).pdf",3270f604c0de14547f773cd5fce84ec4815f0b0e691881ac5183305ad075dcee,080,20,54,"삼각형의 무게중심의 응용(2)"
set09,"260711_도형의 닮음(8).pdf",3270f604c0de14547f773cd5fce84ec4815f0b0e691881ac5183305ad075dcee,081,21,69,"삼각형의 무게중심의 응용(2)"
set09,"260711_도형의 닮음(8).pdf",3270f604c0de14547f773cd5fce84ec4815f0b0e691881ac5183305ad075dcee,082,21,77,"삼각형의 무게중심의 응용(2)"
set09,"260711_도형의 닮음(8).pdf",3270f604c0de14547f773cd5fce84ec4815f0b0e691881ac5183305ad075dcee,083,21,59,"삼각형의 무게중심의 응용(3)"
set09,"260711_도형의 닮음(8).pdf",3270f604c0de14547f773cd5fce84ec4815f0b0e691881ac5183305ad075dcee,084,21,58,"삼각형의 무게중심의 응용(3)"
set09,"260711_도형의 닮음(8).pdf",3270f604c0de14547f773cd5fce84ec4815f0b0e691881ac5183305ad075dcee,085,22,49,"삼각형의 무게중심의 응용(3)"
set09,"260711_도형의 닮음(8).pdf",3270f604c0de14547f773cd5fce84ec4815f0b0e691881ac5183305ad075dcee,086,22,70,"삼각형의 무게중심과 넓이의 관계(1) △ABC의 무게중심"
set09,"260711_도형의 닮음(8).pdf",3270f604c0de14547f773cd5fce84ec4815f0b0e691881ac5183305ad075dcee,087,22,58,"삼각형의 무게중심과 넓이의 관계(1) △ABC의 무게중심"
set09,"260711_도형의 닮음(8).pdf",3270f604c0de14547f773cd5fce84ec4815f0b0e691881ac5183305ad075dcee,088,22,72,"삼각형의 무게중심과 넓이의 관계(1) △ABC의 무게중심"
set09,"260711_도형의 닮음(8).pdf",3270f604c0de14547f773cd5fce84ec4815f0b0e691881ac5183305ad075dcee,089,23,78,"평행사변형에서 삼각형의 무게중심의 응용(1) 길이"
set09,"260711_도형의 닮음(8).pdf",3270f604c0de14547f773cd5fce84ec4815f0b0e691881ac5183305ad075dcee,090,23,45,"평행사변형에서 삼각형의 무게중심의 응용(1) 길이"
set09,"260711_도형의 닮음(8).pdf",3270f604c0de14547f773cd5fce84ec4815f0b0e691881ac5183305ad075dcee,091,23,54,"평행사변형에서 삼각형의 무게중심의 응용(1) 길이"
set09,"260711_도형의 닮음(8).pdf",3270f604c0de14547f773cd5fce84ec4815f0b0e691881ac5183305ad075dcee,092,23,78,"평행사변형에서 삼각형의 무게중심의 응용(2) 넓이"
set09,"260711_도형의 닮음(8).pdf",3270f604c0de14547f773cd5fce84ec4815f0b0e691881ac5183305ad075dcee,093,24,76,"평행사변형에서 삼각형의 무게중심의 응용(2) 넓이"
set09,"260711_도형의 닮음(8).pdf",3270f604c0de14547f773cd5fce84ec4815f0b0e691881ac5183305ad075dcee,094,24,76,"평행사변형에서 삼각형의 무게중심의 응용(2) 넓이"
set09,"260711_도형의 닮음(8).pdf",3270f604c0de14547f773cd5fce84ec4815f0b0e691881ac5183305ad075dcee,095,24,67,"닮은 두 평면도형의 넓이의 비"
set09,"260711_도형의 닮음(8).pdf",3270f604c0de14547f773cd5fce84ec4815f0b0e691881ac5183305ad075dcee,096,24,63,"닮은 두 평면도형의 넓이의 비"
set09,"260711_도형의 닮음(8).pdf",3270f604c0de14547f773cd5fce84ec4815f0b0e691881ac5183305ad075dcee,097,25,72,"닮은 두 평면도형의 넓이의 비"
set09,"260711_도형의 닮음(8).pdf",3270f604c0de14547f773cd5fce84ec4815f0b0e691881ac5183305ad075dcee,098,25,52,"닮은 두 평면도형의 넓이의 비의 활용"
set09,"260711_도형의 닮음(8).pdf",3270f604c0de14547f773cd5fce84ec4815f0b0e691881ac5183305ad075dcee,099,25,82,"닮은 두 평면도형의 넓이의 비의 활용"
set09,"260711_도형의 닮음(8).pdf",3270f604c0de14547f773cd5fce84ec4815f0b0e691881ac5183305ad075dcee,100,25,68,"닮은 두 평면도형의 넓이의 비의 활용"
set09,"260711_도형의 닮음(8).pdf",3270f604c0de14547f773cd5fce84ec4815f0b0e691881ac5183305ad075dcee,101,26,52,"닮은 두 평면도형의 넓이의 비의 활용"
set09,"260711_도형의 닮음(8).pdf",3270f604c0de14547f773cd5fce84ec4815f0b0e691881ac5183305ad075dcee,102,26,51,"닮은 두 입체도형의 부피의 비"
set09,"260711_도형의 닮음(8).pdf",3270f604c0de14547f773cd5fce84ec4815f0b0e691881ac5183305ad075dcee,103,26,44,"닮은 두 입체도형의 부피의 비"
set09,"260711_도형의 닮음(8).pdf",3270f604c0de14547f773cd5fce84ec4815f0b0e691881ac5183305ad075dcee,104,27,60,"닮은 두 입체도형의 부피의 비"
set09,"260711_도형의 닮음(8).pdf",3270f604c0de14547f773cd5fce84ec4815f0b0e691881ac5183305ad075dcee,105,27,69,"닮은 두 입체도형의 부피의 비의 활용"
set09,"260711_도형의 닮음(8).pdf",3270f604c0de14547f773cd5fce84ec4815f0b0e691881ac5183305ad075dcee,106,27,54,"닮은 두 입체도형의 부피의 비의 활용"
set09,"260711_도형의 닮음(8).pdf",3270f604c0de14547f773cd5fce84ec4815f0b0e691881ac5183305ad075dcee,107,27,78,"닮은 두 입체도형의 부피의 비의 활용"
set09,"260711_도형의 닮음(8).pdf",3270f604c0de14547f773cd5fce84ec4815f0b0e691881ac5183305ad075dcee,108,28,74,"닮음의 활용(1) 높이의 측정"
set09,"260711_도형의 닮음(8).pdf",3270f604c0de14547f773cd5fce84ec4815f0b0e691881ac5183305ad075dcee,109,28,83,"닮음의 활용(1) 높이의 측정"
set09,"260711_도형의 닮음(8).pdf",3270f604c0de14547f773cd5fce84ec4815f0b0e691881ac5183305ad075dcee,110,28,59,"닮음의 활용(1) 높이의 측정"
set09,"260711_도형의 닮음(8).pdf",3270f604c0de14547f773cd5fce84ec4815f0b0e691881ac5183305ad075dcee,111,28,89,"닮음의 활용(2) 축도와 축척"
set09,"260711_도형의 닮음(8).pdf",3270f604c0de14547f773cd5fce84ec4815f0b0e691881ac5183305ad075dcee,112,29,49,"닮음의 활용(2) 축도와 축척"
set09,"260711_도형의 닮음(8).pdf",3270f604c0de14547f773cd5fce84ec4815f0b0e691881ac5183305ad075dcee,113,29,89,"닮음의 활용(2) 축도와 축척"
set09,"260711_도형의 닮음(8).pdf",3270f604c0de14547f773cd5fce84ec4815f0b0e691881ac5183305ad075dcee,114,29,78,"삼각형의 변의 길이 구하기(1)"
set09,"260711_도형의 닮음(8).pdf",3270f604c0de14547f773cd5fce84ec4815f0b0e691881ac5183305ad075dcee,115,29,84,"삼각형의 변의 길이 구하기(1)"
set09,"260711_도형의 닮음(8).pdf",3270f604c0de14547f773cd5fce84ec4815f0b0e691881ac5183305ad075dcee,116,30,57,"삼각형의 변의 길이 구하기(1)"
set09,"260711_도형의 닮음(8).pdf",3270f604c0de14547f773cd5fce84ec4815f0b0e691881ac5183305ad075dcee,117,30,63,"삼각형의 변의 길이 구하기(2)"
set09,"260711_도형의 닮음(8).pdf",3270f604c0de14547f773cd5fce84ec4815f0b0e691881ac5183305ad075dcee,118,30,49,"삼각형의 변의 길이 구하기(2)"
set09,"260711_도형의 닮음(8).pdf",3270f604c0de14547f773cd5fce84ec4815f0b0e691881ac5183305ad075dcee,119,30,89,"삼각형의 변의 길이 구하기(2)"
set09,"260711_도형의 닮음(8).pdf",3270f604c0de14547f773cd5fce84ec4815f0b0e691881ac5183305ad075dcee,120,31,63,"직각삼각형의 닮음과 피타고라스 정리"
set09,"260711_도형의 닮음(8).pdf",3270f604c0de14547f773cd5fce84ec4815f0b0e691881ac5183305ad075dcee,121,31,64,"직각삼각형의 닮음과 피타고라스 정리"
set09,"260711_도형의 닮음(8).pdf",3270f604c0de14547f773cd5fce84ec4815f0b0e691881ac5183305ad075dcee,122,31,69,"직각삼각형의 닮음과 피타고라스 정리"
set09,"260711_도형의 닮음(8).pdf",3270f604c0de14547f773cd5fce84ec4815f0b0e691881ac5183305ad075dcee,123,31,70,"사각형에서 피타고라스 정리의 이용(2) 수선을 그어 푸는 경우"
set09,"260711_도형의 닮음(8).pdf",3270f604c0de14547f773cd5fce84ec4815f0b0e691881ac5183305ad075dcee,124,32,74,"사각형에서 피타고라스 정리의 이용(2) 수선을 그어 푸는 경우"
set09,"260711_도형의 닮음(8).pdf",3270f604c0de14547f773cd5fce84ec4815f0b0e691881ac5183305ad075dcee,125,32,64,"사각형에서 피타고라스 정리의 이용(2) 수선을 그어 푸는 경우"
set09,"260711_도형의 닮음(8).pdf",3270f604c0de14547f773cd5fce84ec4815f0b0e691881ac5183305ad075dcee,126,32,84,"직사각형의 대각선의 길이"
set09,"260711_도형의 닮음(8).pdf",3270f604c0de14547f773cd5fce84ec4815f0b0e691881ac5183305ad075dcee,127,32,66,"직사각형의 대각선의 길이"
set09,"260711_도형의 닮음(8).pdf",3270f604c0de14547f773cd5fce84ec4815f0b0e691881ac5183305ad075dcee,128,33,49,"직사각형의 대각선의 길이"
set09,"260711_도형의 닮음(8).pdf",3270f604c0de14547f773cd5fce84ec4815f0b0e691881ac5183305ad075dcee,129,33,75,"이등변삼각형의 높이와 넓이"
set09,"260711_도형의 닮음(8).pdf",3270f604c0de14547f773cd5fce84ec4815f0b0e691881ac5183305ad075dcee,130,33,57,"이등변삼각형의 높이와 넓이"
set09,"260711_도형의 닮음(8).pdf",3270f604c0de14547f773cd5fce84ec4815f0b0e691881ac5183305ad075dcee,131,33,63,"이등변삼각형의 높이와 넓이"
set09,"260711_도형의 닮음(8).pdf",3270f604c0de14547f773cd5fce84ec4815f0b0e691881ac5183305ad075dcee,132,34,78,"피타고라스 정리의 설명(1) 유클리드의 방법"
set09,"260711_도형의 닮음(8).pdf",3270f604c0de14547f773cd5fce84ec4815f0b0e691881ac5183305ad075dcee,133,34,59,"피타고라스 정리의 설명(1) 유클리드의 방법"
set09,"260711_도형의 닮음(8).pdf",3270f604c0de14547f773cd5fce84ec4815f0b0e691881ac5183305ad075dcee,134,34,61,"피타고라스 정리의 설명(1) 유클리드의 방법"
set09,"260711_도형의 닮음(8).pdf",3270f604c0de14547f773cd5fce84ec4815f0b0e691881ac5183305ad075dcee,135,34,30,"피타고라스 정리의 설명(2) 피타고라스의 방법"
set09,"260711_도형의 닮음(8).pdf",3270f604c0de14547f773cd5fce84ec4815f0b0e691881ac5183305ad075dcee,136,35,70,"피타고라스 정리의 설명(2) 피타고라스의 방법"
set09,"260711_도형의 닮음(8).pdf",3270f604c0de14547f773cd5fce84ec4815f0b0e691881ac5183305ad075dcee,137,35,30,"피타고라스 정리의 설명(2) 피타고라스의 방법"
set09,"260711_도형의 닮음(8).pdf",3270f604c0de14547f773cd5fce84ec4815f0b0e691881ac5183305ad075dcee,138,35,79,"직각삼각형이 되기 위한 조건"
set09,"260711_도형의 닮음(8).pdf",3270f604c0de14547f773cd5fce84ec4815f0b0e691881ac5183305ad075dcee,139,35,60,"각의 크기에 따른 삼각형의 변의 길이"
set09,"260711_도형의 닮음(8).pdf",3270f604c0de14547f773cd5fce84ec4815f0b0e691881ac5183305ad075dcee,140,36,64,"각의 크기에 따른 삼각형의 변의 길이"
set09,"260711_도형의 닮음(8).pdf",3270f604c0de14547f773cd5fce84ec4815f0b0e691881ac5183305ad075dcee,141,36,53,"각의 크기에 따른 삼각형의 변의 길이"
set09,"260711_도형의 닮음(8).pdf",3270f604c0de14547f773cd5fce84ec4815f0b0e691881ac5183305ad075dcee,142,36,44,"피타고라스 정리의 활용(1) 직각삼각형"
set09,"260711_도형의 닮음(8).pdf",3270f604c0de14547f773cd5fce84ec4815f0b0e691881ac5183305ad075dcee,143,36,42,"피타고라스 정리의 활용(1) 직각삼각형"
set09,"260711_도형의 닮음(8).pdf",3270f604c0de14547f773cd5fce84ec4815f0b0e691881ac5183305ad075dcee,144,37,48,"피타고라스 정리의 활용(1) 직각삼각형"
set09,"260711_도형의 닮음(8).pdf",3270f604c0de14547f773cd5fce84ec4815f0b0e691881ac5183305ad075dcee,145,37,50,"종이접기와 피타고라스 정리"
set09,"260711_도형의 닮음(8).pdf",3270f604c0de14547f773cd5fce84ec4815f0b0e691881ac5183305ad075dcee,146,37,75,"종이접기와 피타고라스 정리"
set09,"260711_도형의 닮음(8).pdf",3270f604c0de14547f773cd5fce84ec4815f0b0e691881ac5183305ad075dcee,147,37,79,"종이접기와 피타고라스 정리"
set09,"260711_도형의 닮음(8).pdf",3270f604c0de14547f773cd5fce84ec4815f0b0e691881ac5183305ad075dcee,148,38,43,"입체도형에서의 피타고라스 정리"
set09,"260711_도형의 닮음(8).pdf",3270f604c0de14547f773cd5fce84ec4815f0b0e691881ac5183305ad075dcee,149,38,46,"입체도형에서의 피타고라스 정리"
set09,"260711_도형의 닮음(8).pdf",3270f604c0de14547f773cd5fce84ec4815f0b0e691881ac5183305ad075dcee,150,38,46,"입체도형에서의 피타고라스 정리"
set04,"260711_도형의 닮음(3).pdf",9516aaf028a44a69ba5612851d8de5f6ccb8ee20c6506c7c88e4fe1f397028bc,001,1,63,"평면도형에서 닮음비의 응용"
set04,"260711_도형의 닮음(3).pdf",9516aaf028a44a69ba5612851d8de5f6ccb8ee20c6506c7c88e4fe1f397028bc,002,1,88,"평면도형에서 닮음비의 응용"
set04,"260711_도형의 닮음(3).pdf",9516aaf028a44a69ba5612851d8de5f6ccb8ee20c6506c7c88e4fe1f397028bc,003,1,60,"회전체에서 닮음비의 응용"
set04,"260711_도형의 닮음(3).pdf",9516aaf028a44a69ba5612851d8de5f6ccb8ee20c6506c7c88e4fe1f397028bc,004,1,79,"삼각형의 닮음 조건"
set04,"260711_도형의 닮음(3).pdf",9516aaf028a44a69ba5612851d8de5f6ccb8ee20c6506c7c88e4fe1f397028bc,005,2,76,"삼각형의 닮음 조건"
set04,"260711_도형의 닮음(3).pdf",9516aaf028a44a69ba5612851d8de5f6ccb8ee20c6506c7c88e4fe1f397028bc,006,2,53,"삼각형의 닮음 조건"
set04,"260711_도형의 닮음(3).pdf",9516aaf028a44a69ba5612851d8de5f6ccb8ee20c6506c7c88e4fe1f397028bc,007,2,78,"삼각형의 닮음 조건의 응용(1) SAS 닮음"
set04,"260711_도형의 닮음(3).pdf",9516aaf028a44a69ba5612851d8de5f6ccb8ee20c6506c7c88e4fe1f397028bc,008,2,87,"삼각형의 닮음 조건의 응용(1) SAS 닮음"
set04,"260711_도형의 닮음(3).pdf",9516aaf028a44a69ba5612851d8de5f6ccb8ee20c6506c7c88e4fe1f397028bc,009,3,30,"삼각형의 닮음 조건의 응용(1) SAS 닮음"
set04,"260711_도형의 닮음(3).pdf",9516aaf028a44a69ba5612851d8de5f6ccb8ee20c6506c7c88e4fe1f397028bc,010,3,93,"삼각형의 닮음 조건의 응용(2) AA 닮음"
set04,"260711_도형의 닮음(3).pdf",9516aaf028a44a69ba5612851d8de5f6ccb8ee20c6506c7c88e4fe1f397028bc,011,3,70,"삼각형의 닮음 조건의 응용(2) AA 닮음"
set04,"260711_도형의 닮음(3).pdf",9516aaf028a44a69ba5612851d8de5f6ccb8ee20c6506c7c88e4fe1f397028bc,012,3,60,"삼각형의 닮음 조건의 응용(2) AA 닮음"
set04,"260711_도형의 닮음(3).pdf",9516aaf028a44a69ba5612851d8de5f6ccb8ee20c6506c7c88e4fe1f397028bc,013,4,71,"평행선에서 삼각형의 닮음 조건의 응용"
set04,"260711_도형의 닮음(3).pdf",9516aaf028a44a69ba5612851d8de5f6ccb8ee20c6506c7c88e4fe1f397028bc,014,4,65,"평행선에서 삼각형의 닮음 조건의 응용"
set04,"260711_도형의 닮음(3).pdf",9516aaf028a44a69ba5612851d8de5f6ccb8ee20c6506c7c88e4fe1f397028bc,015,4,67,"평행선에서 삼각형의 닮음 조건의 응용"
set04,"260711_도형의 닮음(3).pdf",9516aaf028a44a69ba5612851d8de5f6ccb8ee20c6506c7c88e4fe1f397028bc,016,4,76,"직각삼각형의 닮음(1) 공통인 각이 있는 경우"
set04,"260711_도형의 닮음(3).pdf",9516aaf028a44a69ba5612851d8de5f6ccb8ee20c6506c7c88e4fe1f397028bc,017,5,79,"직각삼각형의 닮음(1) 공통인 각이 있는 경우"
set04,"260711_도형의 닮음(3).pdf",9516aaf028a44a69ba5612851d8de5f6ccb8ee20c6506c7c88e4fe1f397028bc,018,5,75,"직각삼각형의 닮음(1) 공통인 각이 있는 경우"
set04,"260711_도형의 닮음(3).pdf",9516aaf028a44a69ba5612851d8de5f6ccb8ee20c6506c7c88e4fe1f397028bc,019,5,66,"직각삼각형의 닮음(2) 한 예각의 크기가 같은 경우"
set04,"260711_도형의 닮음(3).pdf",9516aaf028a44a69ba5612851d8de5f6ccb8ee20c6506c7c88e4fe1f397028bc,020,5,56,"직각삼각형의 닮음(2) 한 예각의 크기가 같은 경우"
set04,"260711_도형의 닮음(3).pdf",9516aaf028a44a69ba5612851d8de5f6ccb8ee20c6506c7c88e4fe1f397028bc,021,6,53,"직각삼각형의 닮음의 응용"
set04,"260711_도형의 닮음(3).pdf",9516aaf028a44a69ba5612851d8de5f6ccb8ee20c6506c7c88e4fe1f397028bc,022,6,60,"직각삼각형의 닮음의 응용"
set04,"260711_도형의 닮음(3).pdf",9516aaf028a44a69ba5612851d8de5f6ccb8ee20c6506c7c88e4fe1f397028bc,023,6,61,"직각삼각형의 닮음의 응용"
set04,"260711_도형의 닮음(3).pdf",9516aaf028a44a69ba5612851d8de5f6ccb8ee20c6506c7c88e4fe1f397028bc,024,6,68,"종이접기와 삼각형의 닮음"
set04,"260711_도형의 닮음(3).pdf",9516aaf028a44a69ba5612851d8de5f6ccb8ee20c6506c7c88e4fe1f397028bc,025,7,68,"종이접기와 삼각형의 닮음"
set04,"260711_도형의 닮음(3).pdf",9516aaf028a44a69ba5612851d8de5f6ccb8ee20c6506c7c88e4fe1f397028bc,026,7,77,"삼각형에서 평행선 사이의 선분의 길이의 비(1) 한 각이 공통각인 두 삼각형"
set04,"260711_도형의 닮음(3).pdf",9516aaf028a44a69ba5612851d8de5f6ccb8ee20c6506c7c88e4fe1f397028bc,027,7,59,"삼각형에서 평행선 사이의 선분의 길이의 비(1) 한 각이 공통각인 두 삼각형"
set04,"260711_도형의 닮음(3).pdf",9516aaf028a44a69ba5612851d8de5f6ccb8ee20c6506c7c88e4fe1f397028bc,028,7,81,"삼각형에서 평행선 사이의 선분의 길이의 비(2) 한 각이 맞꼭지각인 두 삼각형"
set04,"260711_도형의 닮음(3).pdf",9516aaf028a44a69ba5612851d8de5f6ccb8ee20c6506c7c88e4fe1f397028bc,029,8,84,"삼각형에서 평행선 사이의 선분의 길이의 비(2) 한 각이 맞꼭지각인 두 삼각형"
set04,"260711_도형의 닮음(3).pdf",9516aaf028a44a69ba5612851d8de5f6ccb8ee20c6506c7c88e4fe1f397028bc,030,8,64,"삼각형에서 평행선 사이의 선분의 길이의 비의 응용"
set04,"260711_도형의 닮음(3).pdf",9516aaf028a44a69ba5612851d8de5f6ccb8ee20c6506c7c88e4fe1f397028bc,031,8,63,"삼각형에서 평행선 사이의 선분의 길이의 비의 응용"
set04,"260711_도형의 닮음(3).pdf",9516aaf028a44a69ba5612851d8de5f6ccb8ee20c6506c7c88e4fe1f397028bc,032,8,71,"평행선 찾기"
set04,"260711_도형의 닮음(3).pdf",9516aaf028a44a69ba5612851d8de5f6ccb8ee20c6506c7c88e4fe1f397028bc,033,9,55,"평행선 찾기"
set04,"260711_도형의 닮음(3).pdf",9516aaf028a44a69ba5612851d8de5f6ccb8ee20c6506c7c88e4fe1f397028bc,034,9,64,"삼각형의 내각의 이등분선과 변의 길이"
set04,"260711_도형의 닮음(3).pdf",9516aaf028a44a69ba5612851d8de5f6ccb8ee20c6506c7c88e4fe1f397028bc,035,9,77,"삼각형의 내각의 이등분선과 변의 길이"
set04,"260711_도형의 닮음(3).pdf",9516aaf028a44a69ba5612851d8de5f6ccb8ee20c6506c7c88e4fe1f397028bc,036,9,49,"삼각형의 내각의 이등분선과 변의 길이"
set04,"260711_도형의 닮음(3).pdf",9516aaf028a44a69ba5612851d8de5f6ccb8ee20c6506c7c88e4fe1f397028bc,037,10,71,"삼각형의 내각의 이등분선과 삼각형의 넓이"
set04,"260711_도형의 닮음(3).pdf",9516aaf028a44a69ba5612851d8de5f6ccb8ee20c6506c7c88e4fe1f397028bc,038,10,57,"삼각형의 내각의 이등분선과 삼각형의 넓이"
set04,"260711_도형의 닮음(3).pdf",9516aaf028a44a69ba5612851d8de5f6ccb8ee20c6506c7c88e4fe1f397028bc,039,10,67,"삼각형의 외각의 이등분선과 변의 길이"
set04,"260711_도형의 닮음(3).pdf",9516aaf028a44a69ba5612851d8de5f6ccb8ee20c6506c7c88e4fe1f397028bc,040,10,69,"삼각형의 외각의 이등분선과 변의 길이"
set04,"260711_도형의 닮음(3).pdf",9516aaf028a44a69ba5612851d8de5f6ccb8ee20c6506c7c88e4fe1f397028bc,041,11,70,"삼각형의 외각의 이등분선과 삼각형의 넓이"
set04,"260711_도형의 닮음(3).pdf",9516aaf028a44a69ba5612851d8de5f6ccb8ee20c6506c7c88e4fe1f397028bc,042,11,67,"삼각형의 외각의 이등분선과 삼각형의 넓이"
set04,"260711_도형의 닮음(3).pdf",9516aaf028a44a69ba5612851d8de5f6ccb8ee20c6506c7c88e4fe1f397028bc,043,11,62,"평행선 사이의 길이의 비"
set04,"260711_도형의 닮음(3).pdf",9516aaf028a44a69ba5612851d8de5f6ccb8ee20c6506c7c88e4fe1f397028bc,044,11,84,"사다리꼴에서 평행선 사이의 선분의 길이의 비"
set04,"260711_도형의 닮음(3).pdf",9516aaf028a44a69ba5612851d8de5f6ccb8ee20c6506c7c88e4fe1f397028bc,045,12,86,"사다리꼴에서 평행선 사이의 선분의 길이의 비"
set04,"260711_도형의 닮음(3).pdf",9516aaf028a44a69ba5612851d8de5f6ccb8ee20c6506c7c88e4fe1f397028bc,046,12,78,"사다리꼴에서 평행선과 한 대각선의 길이"
set04,"260711_도형의 닮음(3).pdf",9516aaf028a44a69ba5612851d8de5f6ccb8ee20c6506c7c88e4fe1f397028bc,047,12,83,"사다리꼴에서 평행선과 한 대각선의 길이"
set04,"260711_도형의 닮음(3).pdf",9516aaf028a44a69ba5612851d8de5f6ccb8ee20c6506c7c88e4fe1f397028bc,048,12,79,"사다리꼴에서 평행선과 두 대각선의 길이(1) 평행선이 대각선의 교점을 지나지 않을 때"
set04,"260711_도형의 닮음(3).pdf",9516aaf028a44a69ba5612851d8de5f6ccb8ee20c6506c7c88e4fe1f397028bc,049,13,70,"사다리꼴에서 평행선과 두 대각선의 길이(1) 평행선이 대각선의 교점을 지나지 않을 때"
set04,"260711_도형의 닮음(3).pdf",9516aaf028a44a69ba5612851d8de5f6ccb8ee20c6506c7c88e4fe1f397028bc,050,13,72,"사다리꼴에서 평행선과 두 대각선의 길이(1) 평행선이 대각선의 교점을 지나지 않을 때"
set04,"260711_도형의 닮음(3).pdf",9516aaf028a44a69ba5612851d8de5f6ccb8ee20c6506c7c88e4fe1f397028bc,051,13,72,"사다리꼴에서 평행선과 두 대각선의 길이(2) 평행선이 대각선의 교점을 지날 때"
set04,"260711_도형의 닮음(3).pdf",9516aaf028a44a69ba5612851d8de5f6ccb8ee20c6506c7c88e4fe1f397028bc,052,13,65,"사다리꼴에서 평행선과 두 대각선의 길이(2) 평행선이 대각선의 교점을 지날 때"
set04,"260711_도형의 닮음(3).pdf",9516aaf028a44a69ba5612851d8de5f6ccb8ee20c6506c7c88e4fe1f397028bc,053,14,83,"평행선 사이의 길이의 비의 응용"
set04,"260711_도형의 닮음(3).pdf",9516aaf028a44a69ba5612851d8de5f6ccb8ee20c6506c7c88e4fe1f397028bc,054,14,70,"평행선 사이의 길이의 비의 응용"
set04,"260711_도형의 닮음(3).pdf",9516aaf028a44a69ba5612851d8de5f6ccb8ee20c6506c7c88e4fe1f397028bc,055,14,81,"삼각형의 두 변의 중점을 연결한 선분의 성질(1)"
set04,"260711_도형의 닮음(3).pdf",9516aaf028a44a69ba5612851d8de5f6ccb8ee20c6506c7c88e4fe1f397028bc,056,14,84,"삼각형의 두 변의 중점을 연결한 선분의 성질(1)"
set04,"260711_도형의 닮음(3).pdf",9516aaf028a44a69ba5612851d8de5f6ccb8ee20c6506c7c88e4fe1f397028bc,057,15,70,"삼각형의 두 변의 중점을 연결한 선분의 성질(2)"
set04,"260711_도형의 닮음(3).pdf",9516aaf028a44a69ba5612851d8de5f6ccb8ee20c6506c7c88e4fe1f397028bc,058,15,61,"삼각형의 중점을 연결한 선분 응용(1) 중점"
set04,"260711_도형의 닮음(3).pdf",9516aaf028a44a69ba5612851d8de5f6ccb8ee20c6506c7c88e4fe1f397028bc,059,15,80,"삼각형의 중점을 연결한 선분 응용(1) 중점"
set04,"260711_도형의 닮음(3).pdf",9516aaf028a44a69ba5612851d8de5f6ccb8ee20c6506c7c88e4fe1f397028bc,060,15,34,"삼각형의 중점을 연결한 선분 응용(2) 삼등분선"
set04,"260711_도형의 닮음(3).pdf",9516aaf028a44a69ba5612851d8de5f6ccb8ee20c6506c7c88e4fe1f397028bc,061,16,75,"삼각형의 중점을 연결한 선분 응용(2) 삼등분선"
set04,"260711_도형의 닮음(3).pdf",9516aaf028a44a69ba5612851d8de5f6ccb8ee20c6506c7c88e4fe1f397028bc,062,16,69,"삼각형의 중점을 연결한 선분 응용(2) 삼등분선"
set04,"260711_도형의 닮음(3).pdf",9516aaf028a44a69ba5612851d8de5f6ccb8ee20c6506c7c88e4fe1f397028bc,063,16,40,"사각형의 각 변의 중점을 연결하여 만든 사각형"
set04,"260711_도형의 닮음(3).pdf",9516aaf028a44a69ba5612851d8de5f6ccb8ee20c6506c7c88e4fe1f397028bc,064,17,51,"사각형의 각 변의 중점을 연결하여 만든 사각형"
set04,"260711_도형의 닮음(3).pdf",9516aaf028a44a69ba5612851d8de5f6ccb8ee20c6506c7c88e4fe1f397028bc,065,17,52,"사각형의 각 변의 중점을 연결하여 만든 사각형"
set04,"260711_도형의 닮음(3).pdf",9516aaf028a44a69ba5612851d8de5f6ccb8ee20c6506c7c88e4fe1f397028bc,066,17,67,"사다리꼴의 두 변의 중점을 연결한 선분의 성질"
set04,"260711_도형의 닮음(3).pdf",9516aaf028a44a69ba5612851d8de5f6ccb8ee20c6506c7c88e4fe1f397028bc,067,17,77,"삼각형의 중선의 성질"
set04,"260711_도형의 닮음(3).pdf",9516aaf028a44a69ba5612851d8de5f6ccb8ee20c6506c7c88e4fe1f397028bc,068,18,74,"삼각형의 중선의 성질"
set04,"260711_도형의 닮음(3).pdf",9516aaf028a44a69ba5612851d8de5f6ccb8ee20c6506c7c88e4fe1f397028bc,069,18,75,"삼각형의 중선의 성질"
set04,"260711_도형의 닮음(3).pdf",9516aaf028a44a69ba5612851d8de5f6ccb8ee20c6506c7c88e4fe1f397028bc,070,18,78,"삼각형의 무게중심(1) △ABC의 무게중심"
set04,"260711_도형의 닮음(3).pdf",9516aaf028a44a69ba5612851d8de5f6ccb8ee20c6506c7c88e4fe1f397028bc,071,18,42,"삼각형의 무게중심(1) △ABC의 무게중심"
set04,"260711_도형의 닮음(3).pdf",9516aaf028a44a69ba5612851d8de5f6ccb8ee20c6506c7c88e4fe1f397028bc,072,19,74,"삼각형의 무게중심의 응용(1)"
set04,"260711_도형의 닮음(3).pdf",9516aaf028a44a69ba5612851d8de5f6ccb8ee20c6506c7c88e4fe1f397028bc,073,19,53,"삼각형의 무게중심의 응용(1)"
set04,"260711_도형의 닮음(3).pdf",9516aaf028a44a69ba5612851d8de5f6ccb8ee20c6506c7c88e4fe1f397028bc,074,19,69,"삼각형의 무게중심의 응용(1)"
set04,"260711_도형의 닮음(3).pdf",9516aaf028a44a69ba5612851d8de5f6ccb8ee20c6506c7c88e4fe1f397028bc,075,19,61,"삼각형의 무게중심의 응용(2)"
set04,"260711_도형의 닮음(3).pdf",9516aaf028a44a69ba5612851d8de5f6ccb8ee20c6506c7c88e4fe1f397028bc,076,20,78,"삼각형의 무게중심의 응용(2)"
set04,"260711_도형의 닮음(3).pdf",9516aaf028a44a69ba5612851d8de5f6ccb8ee20c6506c7c88e4fe1f397028bc,077,20,78,"삼각형의 무게중심의 응용(2)"
set04,"260711_도형의 닮음(3).pdf",9516aaf028a44a69ba5612851d8de5f6ccb8ee20c6506c7c88e4fe1f397028bc,078,20,66,"삼각형의 무게중심의 응용(3)"
set04,"260711_도형의 닮음(3).pdf",9516aaf028a44a69ba5612851d8de5f6ccb8ee20c6506c7c88e4fe1f397028bc,079,20,81,"삼각형의 무게중심의 응용(3)"
set04,"260711_도형의 닮음(3).pdf",9516aaf028a44a69ba5612851d8de5f6ccb8ee20c6506c7c88e4fe1f397028bc,080,21,52,"삼각형의 무게중심과 넓이의 관계(1) △ABC의 무게중심"
set04,"260711_도형의 닮음(3).pdf",9516aaf028a44a69ba5612851d8de5f6ccb8ee20c6506c7c88e4fe1f397028bc,081,21,53,"삼각형의 무게중심과 넓이의 관계(1) △ABC의 무게중심"
set04,"260711_도형의 닮음(3).pdf",9516aaf028a44a69ba5612851d8de5f6ccb8ee20c6506c7c88e4fe1f397028bc,082,21,57,"삼각형의 무게중심과 넓이의 관계(1) △ABC의 무게중심"
set04,"260711_도형의 닮음(3).pdf",9516aaf028a44a69ba5612851d8de5f6ccb8ee20c6506c7c88e4fe1f397028bc,083,21,88,"삼각형의 무게중심과 넓이의 관계(2) △ABC, △GBC의 무게중심"
set04,"260711_도형의 닮음(3).pdf",9516aaf028a44a69ba5612851d8de5f6ccb8ee20c6506c7c88e4fe1f397028bc,084,22,82,"삼각형의 무게중심과 넓이의 관계(2) △ABC, △GBC의 무게중심"
set04,"260711_도형의 닮음(3).pdf",9516aaf028a44a69ba5612851d8de5f6ccb8ee20c6506c7c88e4fe1f397028bc,085,22,66,"평행사변형에서 삼각형의 무게중심의 응용(1) 길이"
set04,"260711_도형의 닮음(3).pdf",9516aaf028a44a69ba5612851d8de5f6ccb8ee20c6506c7c88e4fe1f397028bc,086,22,56,"평행사변형에서 삼각형의 무게중심의 응용(1) 길이"
set04,"260711_도형의 닮음(3).pdf",9516aaf028a44a69ba5612851d8de5f6ccb8ee20c6506c7c88e4fe1f397028bc,087,22,76,"평행사변형에서 삼각형의 무게중심의 응용(2) 넓이"
set04,"260711_도형의 닮음(3).pdf",9516aaf028a44a69ba5612851d8de5f6ccb8ee20c6506c7c88e4fe1f397028bc,088,23,60,"평행사변형에서 삼각형의 무게중심의 응용(2) 넓이"
set04,"260711_도형의 닮음(3).pdf",9516aaf028a44a69ba5612851d8de5f6ccb8ee20c6506c7c88e4fe1f397028bc,089,23,68,"평행사변형에서 삼각형의 무게중심의 응용(2) 넓이"
set04,"260711_도형의 닮음(3).pdf",9516aaf028a44a69ba5612851d8de5f6ccb8ee20c6506c7c88e4fe1f397028bc,090,23,60,"닮은 두 평면도형의 넓이의 비"
set04,"260711_도형의 닮음(3).pdf",9516aaf028a44a69ba5612851d8de5f6ccb8ee20c6506c7c88e4fe1f397028bc,091,23,65,"닮은 두 평면도형의 넓이의 비"
set04,"260711_도형의 닮음(3).pdf",9516aaf028a44a69ba5612851d8de5f6ccb8ee20c6506c7c88e4fe1f397028bc,092,24,87,"닮은 두 평면도형의 넓이의 비의 활용"
set04,"260711_도형의 닮음(3).pdf",9516aaf028a44a69ba5612851d8de5f6ccb8ee20c6506c7c88e4fe1f397028bc,093,24,54,"닮은 두 평면도형의 넓이의 비의 활용"
set04,"260711_도형의 닮음(3).pdf",9516aaf028a44a69ba5612851d8de5f6ccb8ee20c6506c7c88e4fe1f397028bc,094,24,66,"닮은 두 입체도형의 겉넓이의 비의 활용"
set04,"260711_도형의 닮음(3).pdf",9516aaf028a44a69ba5612851d8de5f6ccb8ee20c6506c7c88e4fe1f397028bc,095,24,65,"닮은 두 입체도형의 겉넓이의 비의 활용"
set04,"260711_도형의 닮음(3).pdf",9516aaf028a44a69ba5612851d8de5f6ccb8ee20c6506c7c88e4fe1f397028bc,096,25,62,"닮은 두 입체도형의 부피의 비"
set04,"260711_도형의 닮음(3).pdf",9516aaf028a44a69ba5612851d8de5f6ccb8ee20c6506c7c88e4fe1f397028bc,097,25,54,"닮은 두 입체도형의 부피의 비"
set04,"260711_도형의 닮음(3).pdf",9516aaf028a44a69ba5612851d8de5f6ccb8ee20c6506c7c88e4fe1f397028bc,098,25,61,"닮은 두 입체도형의 부피의 비"
set04,"260711_도형의 닮음(3).pdf",9516aaf028a44a69ba5612851d8de5f6ccb8ee20c6506c7c88e4fe1f397028bc,099,25,69,"닮은 두 입체도형의 부피의 비의 활용"
set04,"260711_도형의 닮음(3).pdf",9516aaf028a44a69ba5612851d8de5f6ccb8ee20c6506c7c88e4fe1f397028bc,100,26,61,"닮은 두 입체도형의 부피의 비의 활용"
set04,"260711_도형의 닮음(3).pdf",9516aaf028a44a69ba5612851d8de5f6ccb8ee20c6506c7c88e4fe1f397028bc,101,26,80,"닮음의 활용(1) 높이의 측정"
set04,"260711_도형의 닮음(3).pdf",9516aaf028a44a69ba5612851d8de5f6ccb8ee20c6506c7c88e4fe1f397028bc,102,26,77,"닮음의 활용(1) 높이의 측정"
set04,"260711_도형의 닮음(3).pdf",9516aaf028a44a69ba5612851d8de5f6ccb8ee20c6506c7c88e4fe1f397028bc,103,26,63,"닮음의 활용(2) 축도와 축척"
set04,"260711_도형의 닮음(3).pdf",9516aaf028a44a69ba5612851d8de5f6ccb8ee20c6506c7c88e4fe1f397028bc,104,27,73,"닮음의 활용(2) 축도와 축척"
set04,"260711_도형의 닮음(3).pdf",9516aaf028a44a69ba5612851d8de5f6ccb8ee20c6506c7c88e4fe1f397028bc,105,27,68,"삼각형의 변의 길이 구하기(1)"
set04,"260711_도형의 닮음(3).pdf",9516aaf028a44a69ba5612851d8de5f6ccb8ee20c6506c7c88e4fe1f397028bc,106,27,83,"삼각형의 변의 길이 구하기(1)"
set04,"260711_도형의 닮음(3).pdf",9516aaf028a44a69ba5612851d8de5f6ccb8ee20c6506c7c88e4fe1f397028bc,107,27,90,"삼각형의 변의 길이 구하기(2)"
set04,"260711_도형의 닮음(3).pdf",9516aaf028a44a69ba5612851d8de5f6ccb8ee20c6506c7c88e4fe1f397028bc,108,28,50,"삼각형의 변의 길이 구하기(2)"
set04,"260711_도형의 닮음(3).pdf",9516aaf028a44a69ba5612851d8de5f6ccb8ee20c6506c7c88e4fe1f397028bc,109,28,70,"삼각형의 변의 길이 구하기(3)"
set04,"260711_도형의 닮음(3).pdf",9516aaf028a44a69ba5612851d8de5f6ccb8ee20c6506c7c88e4fe1f397028bc,110,28,52,"삼각형의 변의 길이 구하기(3)"
set04,"260711_도형의 닮음(3).pdf",9516aaf028a44a69ba5612851d8de5f6ccb8ee20c6506c7c88e4fe1f397028bc,111,28,56,"직각삼각형의 닮음과 피타고라스 정리"
set04,"260711_도형의 닮음(3).pdf",9516aaf028a44a69ba5612851d8de5f6ccb8ee20c6506c7c88e4fe1f397028bc,112,29,69,"직각삼각형의 닮음과 피타고라스 정리"
set04,"260711_도형의 닮음(3).pdf",9516aaf028a44a69ba5612851d8de5f6ccb8ee20c6506c7c88e4fe1f397028bc,113,29,58,"직각삼각형의 닮음과 피타고라스 정리"
set04,"260711_도형의 닮음(3).pdf",9516aaf028a44a69ba5612851d8de5f6ccb8ee20c6506c7c88e4fe1f397028bc,114,29,70,"사각형에서 피타고라스 정리의 이용(1) 대각선을 그어 푸는 경우"
set04,"260711_도형의 닮음(3).pdf",9516aaf028a44a69ba5612851d8de5f6ccb8ee20c6506c7c88e4fe1f397028bc,115,29,73,"사각형에서 피타고라스 정리의 이용(1) 대각선을 그어 푸는 경우"
set04,"260711_도형의 닮음(3).pdf",9516aaf028a44a69ba5612851d8de5f6ccb8ee20c6506c7c88e4fe1f397028bc,116,30,68,"사각형에서 피타고라스 정리의 이용(2) 수선을 그어 푸는 경우"
set04,"260711_도형의 닮음(3).pdf",9516aaf028a44a69ba5612851d8de5f6ccb8ee20c6506c7c88e4fe1f397028bc,117,30,83,"사각형에서 피타고라스 정리의 이용(2) 수선을 그어 푸는 경우"
set04,"260711_도형의 닮음(3).pdf",9516aaf028a44a69ba5612851d8de5f6ccb8ee20c6506c7c88e4fe1f397028bc,118,30,77,"사각형에서 피타고라스 정리의 이용(2) 수선을 그어 푸는 경우"
set04,"260711_도형의 닮음(3).pdf",9516aaf028a44a69ba5612851d8de5f6ccb8ee20c6506c7c88e4fe1f397028bc,119,30,62,"직사각형의 대각선의 길이"
set04,"260711_도형의 닮음(3).pdf",9516aaf028a44a69ba5612851d8de5f6ccb8ee20c6506c7c88e4fe1f397028bc,120,31,60,"직사각형의 대각선의 길이"
set04,"260711_도형의 닮음(3).pdf",9516aaf028a44a69ba5612851d8de5f6ccb8ee20c6506c7c88e4fe1f397028bc,121,31,52,"직사각형의 대각선의 길이"
set04,"260711_도형의 닮음(3).pdf",9516aaf028a44a69ba5612851d8de5f6ccb8ee20c6506c7c88e4fe1f397028bc,122,31,78,"이등변삼각형의 높이와 넓이"
set04,"260711_도형의 닮음(3).pdf",9516aaf028a44a69ba5612851d8de5f6ccb8ee20c6506c7c88e4fe1f397028bc,123,31,39,"이등변삼각형의 높이와 넓이"
set04,"260711_도형의 닮음(3).pdf",9516aaf028a44a69ba5612851d8de5f6ccb8ee20c6506c7c88e4fe1f397028bc,124,32,74,"피타고라스 정리의 설명(1) 유클리드의 방법"
set04,"260711_도형의 닮음(3).pdf",9516aaf028a44a69ba5612851d8de5f6ccb8ee20c6506c7c88e4fe1f397028bc,125,32,78,"피타고라스 정리의 설명(2) 피타고라스의 방법"
set04,"260711_도형의 닮음(3).pdf",9516aaf028a44a69ba5612851d8de5f6ccb8ee20c6506c7c88e4fe1f397028bc,126,32,75,"피타고라스 정리의 설명(3) 가필드의 방법"
set04,"260711_도형의 닮음(3).pdf",9516aaf028a44a69ba5612851d8de5f6ccb8ee20c6506c7c88e4fe1f397028bc,127,32,70,"피타고라스 정리의 설명(4) 바스카라의 방법"
set04,"260711_도형의 닮음(3).pdf",9516aaf028a44a69ba5612851d8de5f6ccb8ee20c6506c7c88e4fe1f397028bc,128,33,71,"피타고라스 정리의 설명(4) 바스카라의 방법"
set04,"260711_도형의 닮음(3).pdf",9516aaf028a44a69ba5612851d8de5f6ccb8ee20c6506c7c88e4fe1f397028bc,129,33,90,"직각삼각형이 되기 위한 조건"
set04,"260711_도형의 닮음(3).pdf",9516aaf028a44a69ba5612851d8de5f6ccb8ee20c6506c7c88e4fe1f397028bc,130,33,90,"직각삼각형이 되기 위한 조건"
set04,"260711_도형의 닮음(3).pdf",9516aaf028a44a69ba5612851d8de5f6ccb8ee20c6506c7c88e4fe1f397028bc,131,33,75,"각의 크기에 따른 삼각형의 변의 길이"
set04,"260711_도형의 닮음(3).pdf",9516aaf028a44a69ba5612851d8de5f6ccb8ee20c6506c7c88e4fe1f397028bc,132,34,72,"각의 크기에 따른 삼각형의 변의 길이"
set04,"260711_도형의 닮음(3).pdf",9516aaf028a44a69ba5612851d8de5f6ccb8ee20c6506c7c88e4fe1f397028bc,133,34,50,"피타고라스 정리의 활용(1) 직각삼각형"
set04,"260711_도형의 닮음(3).pdf",9516aaf028a44a69ba5612851d8de5f6ccb8ee20c6506c7c88e4fe1f397028bc,134,34,51,"피타고라스 정리의 활용(1) 직각삼각형"
set04,"260711_도형의 닮음(3).pdf",9516aaf028a44a69ba5612851d8de5f6ccb8ee20c6506c7c88e4fe1f397028bc,135,34,56,"피타고라스 정리의 활용(1) 직각삼각형"
set04,"260711_도형의 닮음(3).pdf",9516aaf028a44a69ba5612851d8de5f6ccb8ee20c6506c7c88e4fe1f397028bc,136,35,50,"피타고라스 정리의 활용(2) 사각형"
set04,"260711_도형의 닮음(3).pdf",9516aaf028a44a69ba5612851d8de5f6ccb8ee20c6506c7c88e4fe1f397028bc,137,35,70,"피타고라스 정리의 활용(2) 사각형"
set04,"260711_도형의 닮음(3).pdf",9516aaf028a44a69ba5612851d8de5f6ccb8ee20c6506c7c88e4fe1f397028bc,138,35,50,"피타고라스 정리의 활용(2) 사각형"
set04,"260711_도형의 닮음(3).pdf",9516aaf028a44a69ba5612851d8de5f6ccb8ee20c6506c7c88e4fe1f397028bc,139,35,52,"피타고라스 정리의 활용(4) 직각삼각형의 세 반원 사이의 관계"
set04,"260711_도형의 닮음(3).pdf",9516aaf028a44a69ba5612851d8de5f6ccb8ee20c6506c7c88e4fe1f397028bc,140,36,88,"피타고라스 정리의 활용(4) 직각삼각형의 세 반원 사이의 관계"
set04,"260711_도형의 닮음(3).pdf",9516aaf028a44a69ba5612851d8de5f6ccb8ee20c6506c7c88e4fe1f397028bc,141,36,80,"피타고라스 정리의 활용(5) 히포크라테스의 원의 넓이"
set04,"260711_도형의 닮음(3).pdf",9516aaf028a44a69ba5612851d8de5f6ccb8ee20c6506c7c88e4fe1f397028bc,142,36,69,"피타고라스 정리의 활용(5) 히포크라테스의 원의 넓이"
set04,"260711_도형의 닮음(3).pdf",9516aaf028a44a69ba5612851d8de5f6ccb8ee20c6506c7c88e4fe1f397028bc,143,36,51,"피타고라스 정리의 활용(5) 히포크라테스의 원의 넓이"
set04,"260711_도형의 닮음(3).pdf",9516aaf028a44a69ba5612851d8de5f6ccb8ee20c6506c7c88e4fe1f397028bc,144,37,77,"종이접기와 피타고라스 정리"
set04,"260711_도형의 닮음(3).pdf",9516aaf028a44a69ba5612851d8de5f6ccb8ee20c6506c7c88e4fe1f397028bc,145,37,84,"종이접기와 피타고라스 정리"
set04,"260711_도형의 닮음(3).pdf",9516aaf028a44a69ba5612851d8de5f6ccb8ee20c6506c7c88e4fe1f397028bc,146,37,54,"입체도형에서의 피타고라스 정리"
set04,"260711_도형의 닮음(3).pdf",9516aaf028a44a69ba5612851d8de5f6ccb8ee20c6506c7c88e4fe1f397028bc,147,37,76,"입체도형에서의 피타고라스 정리"
set04,"260711_도형의 닮음(3).pdf",9516aaf028a44a69ba5612851d8de5f6ccb8ee20c6506c7c88e4fe1f397028bc,148,38,49,"입체도형에서의 피타고라스 정리"
set04,"260711_도형의 닮음(3).pdf",9516aaf028a44a69ba5612851d8de5f6ccb8ee20c6506c7c88e4fe1f397028bc,149,38,68,"원기둥에서의 최단 거리"
set04,"260711_도형의 닮음(3).pdf",9516aaf028a44a69ba5612851d8de5f6ccb8ee20c6506c7c88e4fe1f397028bc,150,38,73,"원기둥에서의 최단 거리"
