"source_file","pdf_sha256","question_no","page","accuracy_percent","source_type_label"
"260711_삼각비(1).pdf","ba4eec6da4c27a7e24b1e3771a0b075c8bad2d6a8a851460fdafb16e5a051b57","001","1","93","삼각비의 값"
"260711_삼각비(1).pdf","ba4eec6da4c27a7e24b1e3771a0b075c8bad2d6a8a851460fdafb16e5a051b57","002","1","87","삼각비의 값"
"260711_삼각비(1).pdf","ba4eec6da4c27a7e24b1e3771a0b075c8bad2d6a8a851460fdafb16e5a051b57","003","1","83","삼각비의 값"
"260711_삼각비(1).pdf","ba4eec6da4c27a7e24b1e3771a0b075c8bad2d6a8a851460fdafb16e5a051b57","004","1","76","삼각비의 값"
"260711_삼각비(1).pdf","ba4eec6da4c27a7e24b1e3771a0b075c8bad2d6a8a851460fdafb16e5a051b57","005","2","79","삼각비의 값"
"260711_삼각비(1).pdf","ba4eec6da4c27a7e24b1e3771a0b075c8bad2d6a8a851460fdafb16e5a051b57","006","2","80","삼각비가 주어진 경우의 삼각형의 변의 길이"
"260711_삼각비(1).pdf","ba4eec6da4c27a7e24b1e3771a0b075c8bad2d6a8a851460fdafb16e5a051b57","007","2","94","삼각비가 주어진 경우의 삼각형의 변의 길이"
"260711_삼각비(1).pdf","ba4eec6da4c27a7e24b1e3771a0b075c8bad2d6a8a851460fdafb16e5a051b57","008","2","80","삼각비가 주어진 경우의 삼각형의 변의 길이"
"260711_삼각비(1).pdf","ba4eec6da4c27a7e24b1e3771a0b075c8bad2d6a8a851460fdafb16e5a051b57","009","3","90","삼각비가 주어진 경우의 삼각형의 변의 길이"
"260711_삼각비(1).pdf","ba4eec6da4c27a7e24b1e3771a0b075c8bad2d6a8a851460fdafb16e5a051b57","010","3","79","한 삼각비가 주어진 경우의 다른 삼각비의 값"
"260711_삼각비(1).pdf","ba4eec6da4c27a7e24b1e3771a0b075c8bad2d6a8a851460fdafb16e5a051b57","011","3","78","한 삼각비가 주어진 경우의 다른 삼각비의 값"
"260711_삼각비(1).pdf","ba4eec6da4c27a7e24b1e3771a0b075c8bad2d6a8a851460fdafb16e5a051b57","012","3","88","한 삼각비가 주어진 경우의 다른 삼각비의 값"
"260711_삼각비(1).pdf","ba4eec6da4c27a7e24b1e3771a0b075c8bad2d6a8a851460fdafb16e5a051b57","013","4","59","한 삼각비가 주어진 경우의 다른 삼각비의 값"
"260711_삼각비(1).pdf","ba4eec6da4c27a7e24b1e3771a0b075c8bad2d6a8a851460fdafb16e5a051b57","014","4","80","한 삼각비가 주어진 경우의 다른 삼각비의 값"
"260711_삼각비(1).pdf","ba4eec6da4c27a7e24b1e3771a0b075c8bad2d6a8a851460fdafb16e5a051b57","015","4","87","직각삼각형의 닮음과 삼각비(1)"
"260711_삼각비(1).pdf","ba4eec6da4c27a7e24b1e3771a0b075c8bad2d6a8a851460fdafb16e5a051b57","016","4","81","직각삼각형의 닮음과 삼각비(1)"
"260711_삼각비(1).pdf","ba4eec6da4c27a7e24b1e3771a0b075c8bad2d6a8a851460fdafb16e5a051b57","017","5","83","직각삼각형의 닮음과 삼각비(1)"
"260711_삼각비(1).pdf","ba4eec6da4c27a7e24b1e3771a0b075c8bad2d6a8a851460fdafb16e5a051b57","018","5","60","직각삼각형의 닮음과 삼각비(1)"
"260711_삼각비(1).pdf","ba4eec6da4c27a7e24b1e3771a0b075c8bad2d6a8a851460fdafb16e5a051b57","019","5","76","직각삼각형의 닮음과 삼각비(1)"
"260711_삼각비(1).pdf","ba4eec6da4c27a7e24b1e3771a0b075c8bad2d6a8a851460fdafb16e5a051b57","020","5","77","직각삼각형의 닮음과 삼각비(2)"
"260711_삼각비(1).pdf","ba4eec6da4c27a7e24b1e3771a0b075c8bad2d6a8a851460fdafb16e5a051b57","021","6","84","직각삼각형의 닮음과 삼각비(2)"
"260711_삼각비(1).pdf","ba4eec6da4c27a7e24b1e3771a0b075c8bad2d6a8a851460fdafb16e5a051b57","022","6","83","직각삼각형의 닮음과 삼각비(2)"
"260711_삼각비(1).pdf","ba4eec6da4c27a7e24b1e3771a0b075c8bad2d6a8a851460fdafb16e5a051b57","023","6","89","직각삼각형의 닮음과 삼각비(2)"
"260711_삼각비(1).pdf","ba4eec6da4c27a7e24b1e3771a0b075c8bad2d6a8a851460fdafb16e5a051b57","024","6","73","직각삼각형의 닮음과 삼각비(2)"
"260711_삼각비(1).pdf","ba4eec6da4c27a7e24b1e3771a0b075c8bad2d6a8a851460fdafb16e5a051b57","025","7","64","직선의 방정식과 삼각비의 값"
"260711_삼각비(1).pdf","ba4eec6da4c27a7e24b1e3771a0b075c8bad2d6a8a851460fdafb16e5a051b57","026","7","85","직선의 방정식과 삼각비의 값"
"260711_삼각비(1).pdf","ba4eec6da4c27a7e24b1e3771a0b075c8bad2d6a8a851460fdafb16e5a051b57","027","7","60","직선의 방정식과 삼각비의 값"
"260711_삼각비(1).pdf","ba4eec6da4c27a7e24b1e3771a0b075c8bad2d6a8a851460fdafb16e5a051b57","028","7","52","직선의 방정식과 삼각비의 값"
"260711_삼각비(1).pdf","ba4eec6da4c27a7e24b1e3771a0b075c8bad2d6a8a851460fdafb16e5a051b57","029","8","90","평면도형에서의 삼각비의 값"
"260711_삼각비(1).pdf","ba4eec6da4c27a7e24b1e3771a0b075c8bad2d6a8a851460fdafb16e5a051b57","030","8","84","평면도형에서의 삼각비의 값"
"260711_삼각비(1).pdf","ba4eec6da4c27a7e24b1e3771a0b075c8bad2d6a8a851460fdafb16e5a051b57","031","8","60","평면도형에서의 삼각비의 값"
"260711_삼각비(1).pdf","ba4eec6da4c27a7e24b1e3771a0b075c8bad2d6a8a851460fdafb16e5a051b57","032","8","73","평면도형에서의 삼각비의 값"
"260711_삼각비(1).pdf","ba4eec6da4c27a7e24b1e3771a0b075c8bad2d6a8a851460fdafb16e5a051b57","033","9","87","입체도형에서의 삼각비의 값"
"260711_삼각비(1).pdf","ba4eec6da4c27a7e24b1e3771a0b075c8bad2d6a8a851460fdafb16e5a051b57","034","9","86","입체도형에서의 삼각비의 값"
"260711_삼각비(1).pdf","ba4eec6da4c27a7e24b1e3771a0b075c8bad2d6a8a851460fdafb16e5a051b57","035","9","77","입체도형에서의 삼각비의 값"
"260711_삼각비(1).pdf","ba4eec6da4c27a7e24b1e3771a0b075c8bad2d6a8a851460fdafb16e5a051b57","036","9","78","입체도형에서의 삼각비의 값"
"260711_삼각비(1).pdf","ba4eec6da4c27a7e24b1e3771a0b075c8bad2d6a8a851460fdafb16e5a051b57","037","10","68","원에서의 삼각비의 값"
"260711_삼각비(1).pdf","ba4eec6da4c27a7e24b1e3771a0b075c8bad2d6a8a851460fdafb16e5a051b57","038","10","72","원에서의 삼각비의 값"
"260711_삼각비(1).pdf","ba4eec6da4c27a7e24b1e3771a0b075c8bad2d6a8a851460fdafb16e5a051b57","039","10","75","특수한 각(30˚, 45˚, 60˚)의 삼각비의 값"
"260711_삼각비(1).pdf","ba4eec6da4c27a7e24b1e3771a0b075c8bad2d6a8a851460fdafb16e5a051b57","040","10","84","특수한 각(30˚, 45˚, 60˚)의 삼각비의 값"
"260711_삼각비(1).pdf","ba4eec6da4c27a7e24b1e3771a0b075c8bad2d6a8a851460fdafb16e5a051b57","041","11","80","특수한 각(30˚, 45˚, 60˚)의 삼각비의 값"
"260711_삼각비(1).pdf","ba4eec6da4c27a7e24b1e3771a0b075c8bad2d6a8a851460fdafb16e5a051b57","042","11","91","특수한 각의 삼각비를 이용하여 각의 크기 구하기"
"260711_삼각비(1).pdf","ba4eec6da4c27a7e24b1e3771a0b075c8bad2d6a8a851460fdafb16e5a051b57","043","11","71","특수한 각의 삼각비를 이용하여 각의 크기 구하기"
"260711_삼각비(1).pdf","ba4eec6da4c27a7e24b1e3771a0b075c8bad2d6a8a851460fdafb16e5a051b57","044","11","88","특수한 각의 삼각비를 이용하여 각의 크기 구하기"
"260711_삼각비(1).pdf","ba4eec6da4c27a7e24b1e3771a0b075c8bad2d6a8a851460fdafb16e5a051b57","045","12","85","특수한 각의 삼각비를 이용하여 각의 크기 구하기"
"260711_삼각비(1).pdf","ba4eec6da4c27a7e24b1e3771a0b075c8bad2d6a8a851460fdafb16e5a051b57","046","12","90","특수한 각의 삼각비를 이용하여 각의 크기 구하기"
"260711_삼각비(1).pdf","ba4eec6da4c27a7e24b1e3771a0b075c8bad2d6a8a851460fdafb16e5a051b57","047","12","87","특수한 각의 삼각비를 이용하여 변의 길이 구하기"
"260711_삼각비(1).pdf","ba4eec6da4c27a7e24b1e3771a0b075c8bad2d6a8a851460fdafb16e5a051b57","048","12","88","특수한 각의 삼각비를 이용하여 변의 길이 구하기"
"260711_삼각비(1).pdf","ba4eec6da4c27a7e24b1e3771a0b075c8bad2d6a8a851460fdafb16e5a051b57","049","13","88","특수한 각의 삼각비를 이용하여 변의 길이 구하기"
"260711_삼각비(1).pdf","ba4eec6da4c27a7e24b1e3771a0b075c8bad2d6a8a851460fdafb16e5a051b57","050","13","76","특수한 각의 삼각비를 이용하여 변의 길이 구하기"
"260711_삼각비(1).pdf","ba4eec6da4c27a7e24b1e3771a0b075c8bad2d6a8a851460fdafb16e5a051b57","051","13","81","특수한 각의 삼각비를 이용하여 입체도형에서의 삼각비의 값 구하기"
"260711_삼각비(1).pdf","ba4eec6da4c27a7e24b1e3771a0b075c8bad2d6a8a851460fdafb16e5a051b57","052","13","64","특수한 각의 삼각비를 이용하여 입체도형에서의 삼각비의 값 구하기"
"260711_삼각비(1).pdf","ba4eec6da4c27a7e24b1e3771a0b075c8bad2d6a8a851460fdafb16e5a051b57","053","14","59","특수한 각의 삼각비를 이용하여 입체도형에서의 삼각비의 값 구하기"
"260711_삼각비(1).pdf","ba4eec6da4c27a7e24b1e3771a0b075c8bad2d6a8a851460fdafb16e5a051b57","054","14","63","특수한 각의 삼각비를 이용하여 입체도형에서의 삼각비의 값 구하기"
"260711_삼각비(1).pdf","ba4eec6da4c27a7e24b1e3771a0b075c8bad2d6a8a851460fdafb16e5a051b57","055","14","89","특수한 각의 삼각비를 이용하여 다른 삼각비의 값 구하기"
"260711_삼각비(1).pdf","ba4eec6da4c27a7e24b1e3771a0b075c8bad2d6a8a851460fdafb16e5a051b57","056","14","90","특수한 각의 삼각비를 이용하여 다른 삼각비의 값 구하기"
"260711_삼각비(1).pdf","ba4eec6da4c27a7e24b1e3771a0b075c8bad2d6a8a851460fdafb16e5a051b57","057","15","87","특수한 각의 삼각비를 이용하여 다른 삼각비의 값 구하기"
"260711_삼각비(1).pdf","ba4eec6da4c27a7e24b1e3771a0b075c8bad2d6a8a851460fdafb16e5a051b57","058","15","70","특수한 각의 삼각비를 이용하여 다른 삼각비의 값 구하기"
"260711_삼각비(1).pdf","ba4eec6da4c27a7e24b1e3771a0b075c8bad2d6a8a851460fdafb16e5a051b57","059","15","82","특수한 각의 삼각비를 이용하여 다른 삼각비의 값 구하기"
"260711_삼각비(1).pdf","ba4eec6da4c27a7e24b1e3771a0b075c8bad2d6a8a851460fdafb16e5a051b57","060","15","75","직선의 기울기와 삼각비의 값"
"260711_삼각비(1).pdf","ba4eec6da4c27a7e24b1e3771a0b075c8bad2d6a8a851460fdafb16e5a051b57","061","16","72","직선의 기울기와 삼각비의 값"
"260711_삼각비(1).pdf","ba4eec6da4c27a7e24b1e3771a0b075c8bad2d6a8a851460fdafb16e5a051b57","062","16","86","직선의 기울기와 삼각비의 값"
"260711_삼각비(1).pdf","ba4eec6da4c27a7e24b1e3771a0b075c8bad2d6a8a851460fdafb16e5a051b57","063","16","76","직선의 기울기와 삼각비의 값"
"260711_삼각비(1).pdf","ba4eec6da4c27a7e24b1e3771a0b075c8bad2d6a8a851460fdafb16e5a051b57","064","16","56","직선의 기울기와 삼각비의 값"
"260711_삼각비(1).pdf","ba4eec6da4c27a7e24b1e3771a0b075c8bad2d6a8a851460fdafb16e5a051b57","065","17","83","특수한 각의 삼각비의 도형에의 활용"
"260711_삼각비(1).pdf","ba4eec6da4c27a7e24b1e3771a0b075c8bad2d6a8a851460fdafb16e5a051b57","066","17","79","특수한 각의 삼각비의 도형에의 활용"
"260711_삼각비(1).pdf","ba4eec6da4c27a7e24b1e3771a0b075c8bad2d6a8a851460fdafb16e5a051b57","067","17","65","특수한 각의 삼각비의 도형에의 활용"
"260711_삼각비(1).pdf","ba4eec6da4c27a7e24b1e3771a0b075c8bad2d6a8a851460fdafb16e5a051b57","068","17","70","사분원을 이용한 삼각비의 값"
"260711_삼각비(1).pdf","ba4eec6da4c27a7e24b1e3771a0b075c8bad2d6a8a851460fdafb16e5a051b57","069","18","75","사분원을 이용한 삼각비의 값"
"260711_삼각비(1).pdf","ba4eec6da4c27a7e24b1e3771a0b075c8bad2d6a8a851460fdafb16e5a051b57","070","18","77","사분원을 이용한 삼각비의 값"
"260711_삼각비(1).pdf","ba4eec6da4c27a7e24b1e3771a0b075c8bad2d6a8a851460fdafb16e5a051b57","071","18","73","사분원을 이용한 삼각비의 값"
"260711_삼각비(1).pdf","ba4eec6da4c27a7e24b1e3771a0b075c8bad2d6a8a851460fdafb16e5a051b57","072","18","74","사분원을 이용한 삼각비의 값"
"260711_삼각비(1).pdf","ba4eec6da4c27a7e24b1e3771a0b075c8bad2d6a8a851460fdafb16e5a051b57","073","19","67","특수한 각(0˚, 90˚)의 삼각비의 값"
"260711_삼각비(1).pdf","ba4eec6da4c27a7e24b1e3771a0b075c8bad2d6a8a851460fdafb16e5a051b57","074","19","76","특수한 각(0˚, 90˚)의 삼각비의 값"
"260711_삼각비(1).pdf","ba4eec6da4c27a7e24b1e3771a0b075c8bad2d6a8a851460fdafb16e5a051b57","075","19","83","특수한 각(0˚, 90˚)의 삼각비의 값"
"260711_삼각비(1).pdf","ba4eec6da4c27a7e24b1e3771a0b075c8bad2d6a8a851460fdafb16e5a051b57","076","19","74","삼각비의 값의 대소 관계"
"260711_삼각비(1).pdf","ba4eec6da4c27a7e24b1e3771a0b075c8bad2d6a8a851460fdafb16e5a051b57","077","20","82","삼각비의 값의 대소 관계"
"260711_삼각비(1).pdf","ba4eec6da4c27a7e24b1e3771a0b075c8bad2d6a8a851460fdafb16e5a051b57","078","20","84","삼각비의 값의 대소 관계"
"260711_삼각비(1).pdf","ba4eec6da4c27a7e24b1e3771a0b075c8bad2d6a8a851460fdafb16e5a051b57","079","20","75","삼각비의 값의 대소 관계를 이용한 식의 계산"
"260711_삼각비(1).pdf","ba4eec6da4c27a7e24b1e3771a0b075c8bad2d6a8a851460fdafb16e5a051b57","080","20","75","삼각비의 값의 대소 관계를 이용한 식의 계산"
"260711_삼각비(1).pdf","ba4eec6da4c27a7e24b1e3771a0b075c8bad2d6a8a851460fdafb16e5a051b57","081","21","83","삼각비의 값의 대소 관계를 이용한 식의 계산"
"260711_삼각비(1).pdf","ba4eec6da4c27a7e24b1e3771a0b075c8bad2d6a8a851460fdafb16e5a051b57","082","21","69","삼각비의 값의 대소 관계를 이용한 식의 계산"
"260711_삼각비(1).pdf","ba4eec6da4c27a7e24b1e3771a0b075c8bad2d6a8a851460fdafb16e5a051b57","083","21","80","삼각비의 값의 대소 관계를 이용한 식의 계산"
"260711_삼각비(1).pdf","ba4eec6da4c27a7e24b1e3771a0b075c8bad2d6a8a851460fdafb16e5a051b57","084","21","51","삼각비의 표(1); 삼각비의 값"
"260711_삼각비(1).pdf","ba4eec6da4c27a7e24b1e3771a0b075c8bad2d6a8a851460fdafb16e5a051b57","085","22","52","삼각비의 표(1); 삼각비의 값"
"260711_삼각비(1).pdf","ba4eec6da4c27a7e24b1e3771a0b075c8bad2d6a8a851460fdafb16e5a051b57","086","22","93","삼각비의 표(1); 삼각비의 값"
"260711_삼각비(1).pdf","ba4eec6da4c27a7e24b1e3771a0b075c8bad2d6a8a851460fdafb16e5a051b57","087","22","80","삼각비의 표(1); 삼각비의 값"
"260711_삼각비(1).pdf","ba4eec6da4c27a7e24b1e3771a0b075c8bad2d6a8a851460fdafb16e5a051b57","088","22","96","삼각비의 표(1); 삼각비의 값"
"260711_삼각비(1).pdf","ba4eec6da4c27a7e24b1e3771a0b075c8bad2d6a8a851460fdafb16e5a051b57","089","23","95","삼각비의 표(2); 각의 크기"
"260711_삼각비(1).pdf","ba4eec6da4c27a7e24b1e3771a0b075c8bad2d6a8a851460fdafb16e5a051b57","090","23","87","삼각비의 표(2); 각의 크기"
"260711_삼각비(1).pdf","ba4eec6da4c27a7e24b1e3771a0b075c8bad2d6a8a851460fdafb16e5a051b57","091","23","36","삼각비의 표(2); 각의 크기"
"260711_삼각비(1).pdf","ba4eec6da4c27a7e24b1e3771a0b075c8bad2d6a8a851460fdafb16e5a051b57","092","23","90","삼각비의 표(2); 각의 크기"
"260711_삼각비(1).pdf","ba4eec6da4c27a7e24b1e3771a0b075c8bad2d6a8a851460fdafb16e5a051b57","093","24","48","삼각비의 표(3); 변의 길이"
"260711_삼각비(1).pdf","ba4eec6da4c27a7e24b1e3771a0b075c8bad2d6a8a851460fdafb16e5a051b57","094","24","33","삼각비의 표(3); 변의 길이"
"260711_삼각비(1).pdf","ba4eec6da4c27a7e24b1e3771a0b075c8bad2d6a8a851460fdafb16e5a051b57","095","24","85","삼각비의 표(3); 변의 길이"
"260711_삼각비(1).pdf","ba4eec6da4c27a7e24b1e3771a0b075c8bad2d6a8a851460fdafb16e5a051b57","096","24","87","직각삼각형의 변의 길이"
"260711_삼각비(1).pdf","ba4eec6da4c27a7e24b1e3771a0b075c8bad2d6a8a851460fdafb16e5a051b57","097","25","71","직각삼각형의 변의 길이"
"260711_삼각비(1).pdf","ba4eec6da4c27a7e24b1e3771a0b075c8bad2d6a8a851460fdafb16e5a051b57","098","25","61","직각삼각형의 변의 길이"
"260711_삼각비(1).pdf","ba4eec6da4c27a7e24b1e3771a0b075c8bad2d6a8a851460fdafb16e5a051b57","099","25","52","직각삼각형의 변의 길이"
"260711_삼각비(1).pdf","ba4eec6da4c27a7e24b1e3771a0b075c8bad2d6a8a851460fdafb16e5a051b57","100","25","88","입체도형에서 직각삼각형의 변의 길이의 활용"
"260711_삼각비(1).pdf","ba4eec6da4c27a7e24b1e3771a0b075c8bad2d6a8a851460fdafb16e5a051b57","101","26","79","입체도형에서 직각삼각형의 변의 길이의 활용"
"260711_삼각비(1).pdf","ba4eec6da4c27a7e24b1e3771a0b075c8bad2d6a8a851460fdafb16e5a051b57","102","26","86","입체도형에서 직각삼각형의 변의 길이의 활용"
"260711_삼각비(1).pdf","ba4eec6da4c27a7e24b1e3771a0b075c8bad2d6a8a851460fdafb16e5a051b57","103","26","78","입체도형에서 직각삼각형의 변의 길이의 활용"
"260711_삼각비(1).pdf","ba4eec6da4c27a7e24b1e3771a0b075c8bad2d6a8a851460fdafb16e5a051b57","104","26","90","실생활에서 직각삼각형의 변의 길이"
"260711_삼각비(1).pdf","ba4eec6da4c27a7e24b1e3771a0b075c8bad2d6a8a851460fdafb16e5a051b57","105","27","77","실생활에서 직각삼각형의 변의 길이"
"260711_삼각비(1).pdf","ba4eec6da4c27a7e24b1e3771a0b075c8bad2d6a8a851460fdafb16e5a051b57","106","27","72","실생활에서 직각삼각형의 변의 길이"
"260711_삼각비(1).pdf","ba4eec6da4c27a7e24b1e3771a0b075c8bad2d6a8a851460fdafb16e5a051b57","107","27","83","실생활에서 직각삼각형의 변의 길이의 활용"
"260711_삼각비(1).pdf","ba4eec6da4c27a7e24b1e3771a0b075c8bad2d6a8a851460fdafb16e5a051b57","108","27","79","실생활에서 직각삼각형의 변의 길이의 활용"
"260711_삼각비(1).pdf","ba4eec6da4c27a7e24b1e3771a0b075c8bad2d6a8a851460fdafb16e5a051b57","109","28","78","실생활에서 직각삼각형의 변의 길이의 활용"
"260711_삼각비(1).pdf","ba4eec6da4c27a7e24b1e3771a0b075c8bad2d6a8a851460fdafb16e5a051b57","110","28","81","실생활에서 직각삼각형의 변의 길이의 활용"
"260711_삼각비(1).pdf","ba4eec6da4c27a7e24b1e3771a0b075c8bad2d6a8a851460fdafb16e5a051b57","111","28","75","실생활에서 직각삼각형의 변의 길이의 활용"
"260711_삼각비(1).pdf","ba4eec6da4c27a7e24b1e3771a0b075c8bad2d6a8a851460fdafb16e5a051b57","112","28","69","일반 삼각형의 변의 길이(1); 두 변의 길이와 그 끼인각의 크기를 알 때"
"260711_삼각비(1).pdf","ba4eec6da4c27a7e24b1e3771a0b075c8bad2d6a8a851460fdafb16e5a051b57","113","29","81","일반 삼각형의 변의 길이(1); 두 변의 길이와 그 끼인각의 크기를 알 때"
"260711_삼각비(1).pdf","ba4eec6da4c27a7e24b1e3771a0b075c8bad2d6a8a851460fdafb16e5a051b57","114","29","81","일반 삼각형의 변의 길이(1); 두 변의 길이와 그 끼인각의 크기를 알 때"
"260711_삼각비(1).pdf","ba4eec6da4c27a7e24b1e3771a0b075c8bad2d6a8a851460fdafb16e5a051b57","115","29","82","일반 삼각형의 변의 길이(1); 두 변의 길이와 그 끼인각의 크기를 알 때"
"260711_삼각비(1).pdf","ba4eec6da4c27a7e24b1e3771a0b075c8bad2d6a8a851460fdafb16e5a051b57","116","29","85","일반 삼각형의 변의 길이(2); 한 변의 길이와 그 양 끝 각의 크기를 알 때"
"260711_삼각비(1).pdf","ba4eec6da4c27a7e24b1e3771a0b075c8bad2d6a8a851460fdafb16e5a051b57","117","30","57","일반 삼각형의 변의 길이(2); 한 변의 길이와 그 양 끝 각의 크기를 알 때"
"260711_삼각비(1).pdf","ba4eec6da4c27a7e24b1e3771a0b075c8bad2d6a8a851460fdafb16e5a051b57","118","30","52","일반 삼각형의 변의 길이(2); 한 변의 길이와 그 양 끝 각의 크기를 알 때"
"260711_삼각비(1).pdf","ba4eec6da4c27a7e24b1e3771a0b075c8bad2d6a8a851460fdafb16e5a051b57","119","30","71","일반 삼각형의 변의 길이(2); 한 변의 길이와 그 양 끝 각의 크기를 알 때"
"260711_삼각비(1).pdf","ba4eec6da4c27a7e24b1e3771a0b075c8bad2d6a8a851460fdafb16e5a051b57","120","30","80","예각삼각형의 높이"
"260711_삼각비(1).pdf","ba4eec6da4c27a7e24b1e3771a0b075c8bad2d6a8a851460fdafb16e5a051b57","121","31","87","예각삼각형의 높이"
"260711_삼각비(1).pdf","ba4eec6da4c27a7e24b1e3771a0b075c8bad2d6a8a851460fdafb16e5a051b57","122","31","72","예각삼각형의 높이"
"260711_삼각비(1).pdf","ba4eec6da4c27a7e24b1e3771a0b075c8bad2d6a8a851460fdafb16e5a051b57","123","31","79","예각삼각형의 높이"
"260711_삼각비(1).pdf","ba4eec6da4c27a7e24b1e3771a0b075c8bad2d6a8a851460fdafb16e5a051b57","124","31","77","둔각삼각형의 높이"
"260711_삼각비(1).pdf","ba4eec6da4c27a7e24b1e3771a0b075c8bad2d6a8a851460fdafb16e5a051b57","125","32","80","둔각삼각형의 높이"
"260711_삼각비(1).pdf","ba4eec6da4c27a7e24b1e3771a0b075c8bad2d6a8a851460fdafb16e5a051b57","126","32","76","둔각삼각형의 높이"
"260711_삼각비(1).pdf","ba4eec6da4c27a7e24b1e3771a0b075c8bad2d6a8a851460fdafb16e5a051b57","127","32","88","둔각삼각형의 높이"
"260711_삼각비(1).pdf","ba4eec6da4c27a7e24b1e3771a0b075c8bad2d6a8a851460fdafb16e5a051b57","128","32","83","예각삼각형의 넓이"
"260711_삼각비(1).pdf","ba4eec6da4c27a7e24b1e3771a0b075c8bad2d6a8a851460fdafb16e5a051b57","129","33","71","예각삼각형의 넓이"
"260711_삼각비(1).pdf","ba4eec6da4c27a7e24b1e3771a0b075c8bad2d6a8a851460fdafb16e5a051b57","130","33","66","예각삼각형의 넓이"
"260711_삼각비(1).pdf","ba4eec6da4c27a7e24b1e3771a0b075c8bad2d6a8a851460fdafb16e5a051b57","131","33","84","둔각삼각형의 넓이"
"260711_삼각비(1).pdf","ba4eec6da4c27a7e24b1e3771a0b075c8bad2d6a8a851460fdafb16e5a051b57","132","33","68","둔각삼각형의 넓이"
"260711_삼각비(1).pdf","ba4eec6da4c27a7e24b1e3771a0b075c8bad2d6a8a851460fdafb16e5a051b57","133","34","85","둔각삼각형의 넓이"
"260711_삼각비(1).pdf","ba4eec6da4c27a7e24b1e3771a0b075c8bad2d6a8a851460fdafb16e5a051b57","134","34","70","다각형의 넓이"
"260711_삼각비(1).pdf","ba4eec6da4c27a7e24b1e3771a0b075c8bad2d6a8a851460fdafb16e5a051b57","135","34","78","다각형의 넓이"
"260711_삼각비(1).pdf","ba4eec6da4c27a7e24b1e3771a0b075c8bad2d6a8a851460fdafb16e5a051b57","136","34","81","다각형의 넓이"
"260711_삼각비(1).pdf","ba4eec6da4c27a7e24b1e3771a0b075c8bad2d6a8a851460fdafb16e5a051b57","137","35","81","다각형의 넓이"
"260711_삼각비(1).pdf","ba4eec6da4c27a7e24b1e3771a0b075c8bad2d6a8a851460fdafb16e5a051b57","138","35","66","정다각형의 넓이"
"260711_삼각비(1).pdf","ba4eec6da4c27a7e24b1e3771a0b075c8bad2d6a8a851460fdafb16e5a051b57","139","35","71","정다각형의 넓이"
"260711_삼각비(1).pdf","ba4eec6da4c27a7e24b1e3771a0b075c8bad2d6a8a851460fdafb16e5a051b57","140","35","84","정다각형의 넓이"
"260711_삼각비(1).pdf","ba4eec6da4c27a7e24b1e3771a0b075c8bad2d6a8a851460fdafb16e5a051b57","141","36","83","정다각형의 넓이"
"260711_삼각비(1).pdf","ba4eec6da4c27a7e24b1e3771a0b075c8bad2d6a8a851460fdafb16e5a051b57","142","36","67","평행사변형의 넓이"
"260711_삼각비(1).pdf","ba4eec6da4c27a7e24b1e3771a0b075c8bad2d6a8a851460fdafb16e5a051b57","143","36","80","평행사변형의 넓이"
"260711_삼각비(1).pdf","ba4eec6da4c27a7e24b1e3771a0b075c8bad2d6a8a851460fdafb16e5a051b57","144","36","90","평행사변형의 넓이"
"260711_삼각비(1).pdf","ba4eec6da4c27a7e24b1e3771a0b075c8bad2d6a8a851460fdafb16e5a051b57","145","37","69","평행사변형의 넓이"
"260711_삼각비(1).pdf","ba4eec6da4c27a7e24b1e3771a0b075c8bad2d6a8a851460fdafb16e5a051b57","146","37","70","평행사변형의 넓이"
"260711_삼각비(1).pdf","ba4eec6da4c27a7e24b1e3771a0b075c8bad2d6a8a851460fdafb16e5a051b57","147","37","84","사각형의 넓이"
"260711_삼각비(1).pdf","ba4eec6da4c27a7e24b1e3771a0b075c8bad2d6a8a851460fdafb16e5a051b57","148","37","73","사각형의 넓이"
"260711_삼각비(1).pdf","ba4eec6da4c27a7e24b1e3771a0b075c8bad2d6a8a851460fdafb16e5a051b57","149","38","89","사각형의 넓이"
"260711_삼각비(1).pdf","ba4eec6da4c27a7e24b1e3771a0b075c8bad2d6a8a851460fdafb16e5a051b57","150","38","86","사각형의 넓이"
"260711_삼각비(10).pdf","c34469bcc966e969a38772463e68f276eb25a8f582504fe597e5a62135095379","001","1","79","직선의 방정식과 삼각비의 값"
"260711_삼각비(10).pdf","c34469bcc966e969a38772463e68f276eb25a8f582504fe597e5a62135095379","002","1","31","사분원을 이용한 삼각비의 값"
"260711_삼각비(10).pdf","c34469bcc966e969a38772463e68f276eb25a8f582504fe597e5a62135095379","003","1","80","사분원을 이용한 삼각비의 값"
"260711_삼각비(10).pdf","c34469bcc966e969a38772463e68f276eb25a8f582504fe597e5a62135095379","004","2","63","사분원을 이용한 삼각비의 값"
"260711_삼각비(10).pdf","c34469bcc966e969a38772463e68f276eb25a8f582504fe597e5a62135095379","005","2","76","사분원을 이용한 삼각비의 값"
"260711_삼각비(10).pdf","c34469bcc966e969a38772463e68f276eb25a8f582504fe597e5a62135095379","006","2","76","사분원을 이용한 삼각비의 값"
"260711_삼각비(10).pdf","c34469bcc966e969a38772463e68f276eb25a8f582504fe597e5a62135095379","007","2","60","사분원을 이용한 삼각비의 값"
"260711_삼각비(10).pdf","c34469bcc966e969a38772463e68f276eb25a8f582504fe597e5a62135095379","008","3","77","사분원을 이용한 삼각비의 값"
"260711_삼각비(10).pdf","c34469bcc966e969a38772463e68f276eb25a8f582504fe597e5a62135095379","009","3","80","사분원을 이용한 삼각비의 값"
"260711_삼각비(10).pdf","c34469bcc966e969a38772463e68f276eb25a8f582504fe597e5a62135095379","010","3","87","사분원을 이용한 삼각비의 값"
"260711_삼각비(10).pdf","c34469bcc966e969a38772463e68f276eb25a8f582504fe597e5a62135095379","011","3","81","사분원을 이용한 삼각비의 값"
"260711_삼각비(10).pdf","c34469bcc966e969a38772463e68f276eb25a8f582504fe597e5a62135095379","012","4","55","직각삼각형의 변의 길이"
"260711_삼각비(10).pdf","c34469bcc966e969a38772463e68f276eb25a8f582504fe597e5a62135095379","013","4","49","직각삼각형의 변의 길이"
"260711_삼각비(10).pdf","c34469bcc966e969a38772463e68f276eb25a8f582504fe597e5a62135095379","014","5","61","직각삼각형의 변의 길이"
"260711_삼각비(10).pdf","c34469bcc966e969a38772463e68f276eb25a8f582504fe597e5a62135095379","015","5","51","직각삼각형의 변의 길이"
"260711_삼각비(10).pdf","c34469bcc966e969a38772463e68f276eb25a8f582504fe597e5a62135095379","016","5","66","직각삼각형의 변의 길이"
"260711_삼각비(10).pdf","c34469bcc966e969a38772463e68f276eb25a8f582504fe597e5a62135095379","017","5","85","직각삼각형의 변의 길이"
"260711_삼각비(10).pdf","c34469bcc966e969a38772463e68f276eb25a8f582504fe597e5a62135095379","018","6","62","직각삼각형의 변의 길이"
"260711_삼각비(10).pdf","c34469bcc966e969a38772463e68f276eb25a8f582504fe597e5a62135095379","019","6","40","직각삼각형의 변의 길이"
"260711_삼각비(10).pdf","c34469bcc966e969a38772463e68f276eb25a8f582504fe597e5a62135095379","020","6","55","직각삼각형의 변의 길이"
"260711_삼각비(10).pdf","c34469bcc966e969a38772463e68f276eb25a8f582504fe597e5a62135095379","021","6","49","실생활에서 직각삼각형의 변의 길이"
"260711_삼각비(10).pdf","c34469bcc966e969a38772463e68f276eb25a8f582504fe597e5a62135095379","022","7","75","실생활에서 직각삼각형의 변의 길이"
"260711_삼각비(10).pdf","c34469bcc966e969a38772463e68f276eb25a8f582504fe597e5a62135095379","023","7","77","실생활에서 직각삼각형의 변의 길이"
"260711_삼각비(10).pdf","c34469bcc966e969a38772463e68f276eb25a8f582504fe597e5a62135095379","024","7","72","실생활에서 직각삼각형의 변의 길이"
"260711_삼각비(10).pdf","c34469bcc966e969a38772463e68f276eb25a8f582504fe597e5a62135095379","025","7","31","실생활에서 직각삼각형의 변의 길이"
"260711_삼각비(10).pdf","c34469bcc966e969a38772463e68f276eb25a8f582504fe597e5a62135095379","026","8","32","실생활에서 직각삼각형의 변의 길이"
"260711_삼각비(10).pdf","c34469bcc966e969a38772463e68f276eb25a8f582504fe597e5a62135095379","027","8","55","실생활에서 직각삼각형의 변의 길이"
"260711_삼각비(10).pdf","c34469bcc966e969a38772463e68f276eb25a8f582504fe597e5a62135095379","028","8","51","실생활에서 직각삼각형의 변의 길이"
"260711_삼각비(10).pdf","c34469bcc966e969a38772463e68f276eb25a8f582504fe597e5a62135095379","029","8","52","실생활에서 직각삼각형의 변의 길이"
"260711_삼각비(10).pdf","c34469bcc966e969a38772463e68f276eb25a8f582504fe597e5a62135095379","030","9","47","실생활에서 직각삼각형의 변의 길이"
"260711_삼각비(10).pdf","c34469bcc966e969a38772463e68f276eb25a8f582504fe597e5a62135095379","031","9","62","실생활에서 직각삼각형의 변의 길이"
"260711_삼각비(10).pdf","c34469bcc966e969a38772463e68f276eb25a8f582504fe597e5a62135095379","032","9","73","실생활에서 직각삼각형의 변의 길이"
"260711_삼각비(10).pdf","c34469bcc966e969a38772463e68f276eb25a8f582504fe597e5a62135095379","033","9","65","실생활에서 직각삼각형의 변의 길이"
"260711_삼각비(10).pdf","c34469bcc966e969a38772463e68f276eb25a8f582504fe597e5a62135095379","034","10","55","실생활에서 직각삼각형의 변의 길이"
"260711_삼각비(10).pdf","c34469bcc966e969a38772463e68f276eb25a8f582504fe597e5a62135095379","035","10","83","실생활에서 직각삼각형의 변의 길이"
"260711_삼각비(10).pdf","c34469bcc966e969a38772463e68f276eb25a8f582504fe597e5a62135095379","036","10","49","실생활에서 직각삼각형의 변의 길이"
"260711_삼각비(10).pdf","c34469bcc966e969a38772463e68f276eb25a8f582504fe597e5a62135095379","037","10","42","실생활에서 직각삼각형의 변의 길이"
"260711_삼각비(10).pdf","c34469bcc966e969a38772463e68f276eb25a8f582504fe597e5a62135095379","038","11","71","실생활에서 직각삼각형의 변의 길이"
"260711_삼각비(10).pdf","c34469bcc966e969a38772463e68f276eb25a8f582504fe597e5a62135095379","039","11","47","실생활에서 직각삼각형의 변의 길이"
"260711_삼각비(10).pdf","c34469bcc966e969a38772463e68f276eb25a8f582504fe597e5a62135095379","040","11","77","실생활에서 직각삼각형의 변의 길이"
"260711_삼각비(10).pdf","c34469bcc966e969a38772463e68f276eb25a8f582504fe597e5a62135095379","041","11","79","실생활에서 직각삼각형의 변의 길이"
"260711_삼각비(10).pdf","c34469bcc966e969a38772463e68f276eb25a8f582504fe597e5a62135095379","042","12","54","실생활에서 직각삼각형의 변의 길이"
"260711_삼각비(10).pdf","c34469bcc966e969a38772463e68f276eb25a8f582504fe597e5a62135095379","043","12","66","실생활에서 직각삼각형의 변의 길이"
"260711_삼각비(10).pdf","c34469bcc966e969a38772463e68f276eb25a8f582504fe597e5a62135095379","044","12","51","실생활에서 직각삼각형의 변의 길이"
"260711_삼각비(10).pdf","c34469bcc966e969a38772463e68f276eb25a8f582504fe597e5a62135095379","045","12","47","예각삼각형의 넓이"
"260711_삼각비(10).pdf","c34469bcc966e969a38772463e68f276eb25a8f582504fe597e5a62135095379","046","13","60","예각삼각형의 넓이"
"260711_삼각비(10).pdf","c34469bcc966e969a38772463e68f276eb25a8f582504fe597e5a62135095379","047","13","79","예각삼각형의 넓이"
"260711_삼각비(10).pdf","c34469bcc966e969a38772463e68f276eb25a8f582504fe597e5a62135095379","048","13","76","예각삼각형의 넓이"
"260711_삼각비(10).pdf","c34469bcc966e969a38772463e68f276eb25a8f582504fe597e5a62135095379","049","13","55","예각삼각형의 넓이"
"260711_삼각비(10).pdf","c34469bcc966e969a38772463e68f276eb25a8f582504fe597e5a62135095379","050","14","50","예각삼각형의 넓이"
"260711_삼각비(10).pdf","c34469bcc966e969a38772463e68f276eb25a8f582504fe597e5a62135095379","051","14","54","예각삼각형의 넓이"
"260711_삼각비(10).pdf","c34469bcc966e969a38772463e68f276eb25a8f582504fe597e5a62135095379","052","14","55","예각삼각형의 넓이"
"260711_삼각비(10).pdf","c34469bcc966e969a38772463e68f276eb25a8f582504fe597e5a62135095379","053","14","53","예각삼각형의 넓이"
"260711_삼각비(10).pdf","c34469bcc966e969a38772463e68f276eb25a8f582504fe597e5a62135095379","054","15","73","예각삼각형의 넓이"
"260711_삼각비(10).pdf","c34469bcc966e969a38772463e68f276eb25a8f582504fe597e5a62135095379","055","15","74","예각삼각형의 넓이"
"260711_삼각비(10).pdf","c34469bcc966e969a38772463e68f276eb25a8f582504fe597e5a62135095379","056","15","80","예각삼각형의 넓이"
"260711_삼각비(10).pdf","c34469bcc966e969a38772463e68f276eb25a8f582504fe597e5a62135095379","057","15","72","예각삼각형의 넓이"
"260711_삼각비(10).pdf","c34469bcc966e969a38772463e68f276eb25a8f582504fe597e5a62135095379","058","16","48","예각삼각형의 넓이"
"260711_삼각비(10).pdf","c34469bcc966e969a38772463e68f276eb25a8f582504fe597e5a62135095379","059","16","85","예각삼각형의 넓이"
"260711_삼각비(10).pdf","c34469bcc966e969a38772463e68f276eb25a8f582504fe597e5a62135095379","060","16","56","예각삼각형의 넓이"
"260711_삼각비(10).pdf","c34469bcc966e969a38772463e68f276eb25a8f582504fe597e5a62135095379","061","16","44","예각삼각형의 넓이"
"260711_삼각비(10).pdf","c34469bcc966e969a38772463e68f276eb25a8f582504fe597e5a62135095379","062","17","63","예각삼각형의 넓이"
"260711_삼각비(10).pdf","c34469bcc966e969a38772463e68f276eb25a8f582504fe597e5a62135095379","063","17","50","예각삼각형의 넓이"
"260711_삼각비(10).pdf","c34469bcc966e969a38772463e68f276eb25a8f582504fe597e5a62135095379","064","17","87","예각삼각형의 넓이"
"260711_삼각비(10).pdf","c34469bcc966e969a38772463e68f276eb25a8f582504fe597e5a62135095379","065","18","45","예각삼각형의 넓이"
"260711_삼각비(10).pdf","c34469bcc966e969a38772463e68f276eb25a8f582504fe597e5a62135095379","066","18","51","예각삼각형의 넓이"
"260711_삼각비(10).pdf","c34469bcc966e969a38772463e68f276eb25a8f582504fe597e5a62135095379","067","18","51","예각삼각형의 넓이"
"260711_삼각비(10).pdf","c34469bcc966e969a38772463e68f276eb25a8f582504fe597e5a62135095379","068","19","50","예각삼각형의 넓이"
"260711_삼각비(10).pdf","c34469bcc966e969a38772463e68f276eb25a8f582504fe597e5a62135095379","069","19","48","예각삼각형의 넓이"
"260711_삼각비(10).pdf","c34469bcc966e969a38772463e68f276eb25a8f582504fe597e5a62135095379","070","19","42","예각삼각형의 넓이"
"260711_삼각비(10).pdf","c34469bcc966e969a38772463e68f276eb25a8f582504fe597e5a62135095379","071","19","48","예각삼각형의 넓이"
"260711_삼각비(10).pdf","c34469bcc966e969a38772463e68f276eb25a8f582504fe597e5a62135095379","072","20","59","예각삼각형의 넓이"
"260711_삼각비(2).pdf","80b17e3fbb01de33cfa3fbbd3c7e934cc2ddf037b7d38e39abe95bd0a7284772","001","1","74","삼각비의 값"
"260711_삼각비(2).pdf","80b17e3fbb01de33cfa3fbbd3c7e934cc2ddf037b7d38e39abe95bd0a7284772","002","1","72","삼각비의 값"
"260711_삼각비(2).pdf","80b17e3fbb01de33cfa3fbbd3c7e934cc2ddf037b7d38e39abe95bd0a7284772","003","1","77","삼각비의 값"
"260711_삼각비(2).pdf","80b17e3fbb01de33cfa3fbbd3c7e934cc2ddf037b7d38e39abe95bd0a7284772","004","1","91","삼각비의 값"
"260711_삼각비(2).pdf","80b17e3fbb01de33cfa3fbbd3c7e934cc2ddf037b7d38e39abe95bd0a7284772","005","2","68","삼각비가 주어진 경우의 삼각형의 변의 길이"
"260711_삼각비(2).pdf","80b17e3fbb01de33cfa3fbbd3c7e934cc2ddf037b7d38e39abe95bd0a7284772","006","2","82","삼각비가 주어진 경우의 삼각형의 변의 길이"
"260711_삼각비(2).pdf","80b17e3fbb01de33cfa3fbbd3c7e934cc2ddf037b7d38e39abe95bd0a7284772","007","2","78","삼각비가 주어진 경우의 삼각형의 변의 길이"
"260711_삼각비(2).pdf","80b17e3fbb01de33cfa3fbbd3c7e934cc2ddf037b7d38e39abe95bd0a7284772","008","2","85","한 삼각비가 주어진 경우의 다른 삼각비의 값"
"260711_삼각비(2).pdf","80b17e3fbb01de33cfa3fbbd3c7e934cc2ddf037b7d38e39abe95bd0a7284772","009","3","76","한 삼각비가 주어진 경우의 다른 삼각비의 값"
"260711_삼각비(2).pdf","80b17e3fbb01de33cfa3fbbd3c7e934cc2ddf037b7d38e39abe95bd0a7284772","010","3","78","한 삼각비가 주어진 경우의 다른 삼각비의 값"
"260711_삼각비(2).pdf","80b17e3fbb01de33cfa3fbbd3c7e934cc2ddf037b7d38e39abe95bd0a7284772","011","3","81","직각삼각형의 닮음과 삼각비(1)"
"260711_삼각비(2).pdf","80b17e3fbb01de33cfa3fbbd3c7e934cc2ddf037b7d38e39abe95bd0a7284772","012","3","80","직각삼각형의 닮음과 삼각비(1)"
"260711_삼각비(2).pdf","80b17e3fbb01de33cfa3fbbd3c7e934cc2ddf037b7d38e39abe95bd0a7284772","013","4","75","직각삼각형의 닮음과 삼각비(1)"
"260711_삼각비(2).pdf","80b17e3fbb01de33cfa3fbbd3c7e934cc2ddf037b7d38e39abe95bd0a7284772","014","4","87","직각삼각형의 닮음과 삼각비(1)"
"260711_삼각비(2).pdf","80b17e3fbb01de33cfa3fbbd3c7e934cc2ddf037b7d38e39abe95bd0a7284772","015","4","89","직각삼각형의 닮음과 삼각비(1)"
"260711_삼각비(2).pdf","80b17e3fbb01de33cfa3fbbd3c7e934cc2ddf037b7d38e39abe95bd0a7284772","016","4","86","직각삼각형의 닮음과 삼각비(2)"
"260711_삼각비(2).pdf","80b17e3fbb01de33cfa3fbbd3c7e934cc2ddf037b7d38e39abe95bd0a7284772","017","5","73","직각삼각형의 닮음과 삼각비(2)"
"260711_삼각비(2).pdf","80b17e3fbb01de33cfa3fbbd3c7e934cc2ddf037b7d38e39abe95bd0a7284772","018","5","73","직각삼각형의 닮음과 삼각비(2)"
"260711_삼각비(2).pdf","80b17e3fbb01de33cfa3fbbd3c7e934cc2ddf037b7d38e39abe95bd0a7284772","019","5","86","직각삼각형의 닮음과 삼각비(2)"
"260711_삼각비(2).pdf","80b17e3fbb01de33cfa3fbbd3c7e934cc2ddf037b7d38e39abe95bd0a7284772","020","5","85","직선의 방정식과 삼각비의 값"
"260711_삼각비(2).pdf","80b17e3fbb01de33cfa3fbbd3c7e934cc2ddf037b7d38e39abe95bd0a7284772","021","6","71","직선의 방정식과 삼각비의 값"
"260711_삼각비(2).pdf","80b17e3fbb01de33cfa3fbbd3c7e934cc2ddf037b7d38e39abe95bd0a7284772","022","6","42","직선의 방정식과 삼각비의 값"
"260711_삼각비(2).pdf","80b17e3fbb01de33cfa3fbbd3c7e934cc2ddf037b7d38e39abe95bd0a7284772","023","6","75","직선의 방정식과 삼각비의 값"
"260711_삼각비(2).pdf","80b17e3fbb01de33cfa3fbbd3c7e934cc2ddf037b7d38e39abe95bd0a7284772","024","6","55","평면도형에서의 삼각비의 값"
"260711_삼각비(2).pdf","80b17e3fbb01de33cfa3fbbd3c7e934cc2ddf037b7d38e39abe95bd0a7284772","025","7","67","평면도형에서의 삼각비의 값"
"260711_삼각비(2).pdf","80b17e3fbb01de33cfa3fbbd3c7e934cc2ddf037b7d38e39abe95bd0a7284772","026","7","74","평면도형에서의 삼각비의 값"
"260711_삼각비(2).pdf","80b17e3fbb01de33cfa3fbbd3c7e934cc2ddf037b7d38e39abe95bd0a7284772","027","7","81","입체도형에서의 삼각비의 값"
"260711_삼각비(2).pdf","80b17e3fbb01de33cfa3fbbd3c7e934cc2ddf037b7d38e39abe95bd0a7284772","028","7","66","입체도형에서의 삼각비의 값"
"260711_삼각비(2).pdf","80b17e3fbb01de33cfa3fbbd3c7e934cc2ddf037b7d38e39abe95bd0a7284772","029","8","79","입체도형에서의 삼각비의 값"
"260711_삼각비(2).pdf","80b17e3fbb01de33cfa3fbbd3c7e934cc2ddf037b7d38e39abe95bd0a7284772","030","8","77","입체도형에서의 삼각비의 값"
"260711_삼각비(2).pdf","80b17e3fbb01de33cfa3fbbd3c7e934cc2ddf037b7d38e39abe95bd0a7284772","031","8","82","특수한 각(30˚, 45˚, 60˚)의 삼각비의 값"
"260711_삼각비(2).pdf","80b17e3fbb01de33cfa3fbbd3c7e934cc2ddf037b7d38e39abe95bd0a7284772","032","8","89","특수한 각(30˚, 45˚, 60˚)의 삼각비의 값"
"260711_삼각비(2).pdf","80b17e3fbb01de33cfa3fbbd3c7e934cc2ddf037b7d38e39abe95bd0a7284772","033","9","69","특수한 각(30˚, 45˚, 60˚)의 삼각비의 값"
"260711_삼각비(2).pdf","80b17e3fbb01de33cfa3fbbd3c7e934cc2ddf037b7d38e39abe95bd0a7284772","034","9","86","특수한 각(30˚, 45˚, 60˚)의 삼각비의 값"
"260711_삼각비(2).pdf","80b17e3fbb01de33cfa3fbbd3c7e934cc2ddf037b7d38e39abe95bd0a7284772","035","9","67","특수한 각(30˚, 45˚, 60˚)의 삼각비의 값"
"260711_삼각비(2).pdf","80b17e3fbb01de33cfa3fbbd3c7e934cc2ddf037b7d38e39abe95bd0a7284772","036","9","68","특수한 각의 삼각비를 이용하여 각의 크기 구하기"
"260711_삼각비(2).pdf","80b17e3fbb01de33cfa3fbbd3c7e934cc2ddf037b7d38e39abe95bd0a7284772","037","10","72","특수한 각의 삼각비를 이용하여 각의 크기 구하기"
"260711_삼각비(2).pdf","80b17e3fbb01de33cfa3fbbd3c7e934cc2ddf037b7d38e39abe95bd0a7284772","038","10","71","특수한 각의 삼각비를 이용하여 각의 크기 구하기"
"260711_삼각비(2).pdf","80b17e3fbb01de33cfa3fbbd3c7e934cc2ddf037b7d38e39abe95bd0a7284772","039","10","69","특수한 각의 삼각비를 이용하여 각의 크기 구하기"
"260711_삼각비(2).pdf","80b17e3fbb01de33cfa3fbbd3c7e934cc2ddf037b7d38e39abe95bd0a7284772","040","10","68","특수한 각의 삼각비를 이용하여 각의 크기 구하기"
"260711_삼각비(2).pdf","80b17e3fbb01de33cfa3fbbd3c7e934cc2ddf037b7d38e39abe95bd0a7284772","041","11","85","특수한 각의 삼각비를 이용하여 변의 길이 구하기"
"260711_삼각비(2).pdf","80b17e3fbb01de33cfa3fbbd3c7e934cc2ddf037b7d38e39abe95bd0a7284772","042","11","89","특수한 각의 삼각비를 이용하여 변의 길이 구하기"
"260711_삼각비(2).pdf","80b17e3fbb01de33cfa3fbbd3c7e934cc2ddf037b7d38e39abe95bd0a7284772","043","11","88","특수한 각의 삼각비를 이용하여 변의 길이 구하기"
"260711_삼각비(2).pdf","80b17e3fbb01de33cfa3fbbd3c7e934cc2ddf037b7d38e39abe95bd0a7284772","044","11","88","특수한 각의 삼각비를 이용하여 변의 길이 구하기"
"260711_삼각비(2).pdf","80b17e3fbb01de33cfa3fbbd3c7e934cc2ddf037b7d38e39abe95bd0a7284772","045","12","83","특수한 각의 삼각비를 이용하여 변의 길이 구하기"
"260711_삼각비(2).pdf","80b17e3fbb01de33cfa3fbbd3c7e934cc2ddf037b7d38e39abe95bd0a7284772","046","12","84","특수한 각의 삼각비를 이용하여 입체도형에서의 삼각비의 값 구하기"
"260711_삼각비(2).pdf","80b17e3fbb01de33cfa3fbbd3c7e934cc2ddf037b7d38e39abe95bd0a7284772","047","12","50","특수한 각의 삼각비를 이용하여 입체도형에서의 삼각비의 값 구하기"
"260711_삼각비(2).pdf","80b17e3fbb01de33cfa3fbbd3c7e934cc2ddf037b7d38e39abe95bd0a7284772","048","12","59","특수한 각의 삼각비를 이용하여 입체도형에서의 삼각비의 값 구하기"
"260711_삼각비(2).pdf","80b17e3fbb01de33cfa3fbbd3c7e934cc2ddf037b7d38e39abe95bd0a7284772","049","13","66","특수한 각의 삼각비를 이용하여 입체도형에서의 삼각비의 값 구하기"
"260711_삼각비(2).pdf","80b17e3fbb01de33cfa3fbbd3c7e934cc2ddf037b7d38e39abe95bd0a7284772","050","13","78","특수한 각의 삼각비를 이용하여 다른 삼각비의 값 구하기"
"260711_삼각비(2).pdf","80b17e3fbb01de33cfa3fbbd3c7e934cc2ddf037b7d38e39abe95bd0a7284772","051","13","78","특수한 각의 삼각비를 이용하여 다른 삼각비의 값 구하기"
"260711_삼각비(2).pdf","80b17e3fbb01de33cfa3fbbd3c7e934cc2ddf037b7d38e39abe95bd0a7284772","052","13","60","특수한 각의 삼각비를 이용하여 다른 삼각비의 값 구하기"
"260711_삼각비(2).pdf","80b17e3fbb01de33cfa3fbbd3c7e934cc2ddf037b7d38e39abe95bd0a7284772","053","14","89","특수한 각의 삼각비를 이용하여 다른 삼각비의 값 구하기"
"260711_삼각비(2).pdf","80b17e3fbb01de33cfa3fbbd3c7e934cc2ddf037b7d38e39abe95bd0a7284772","054","14","69","직선의 기울기와 삼각비의 값"
"260711_삼각비(2).pdf","80b17e3fbb01de33cfa3fbbd3c7e934cc2ddf037b7d38e39abe95bd0a7284772","055","14","77","직선의 기울기와 삼각비의 값"
"260711_삼각비(2).pdf","80b17e3fbb01de33cfa3fbbd3c7e934cc2ddf037b7d38e39abe95bd0a7284772","056","14","70","직선의 기울기와 삼각비의 값"
"260711_삼각비(2).pdf","80b17e3fbb01de33cfa3fbbd3c7e934cc2ddf037b7d38e39abe95bd0a7284772","057","15","77","직선의 기울기와 삼각비의 값"
"260711_삼각비(2).pdf","80b17e3fbb01de33cfa3fbbd3c7e934cc2ddf037b7d38e39abe95bd0a7284772","058","15","56","직선의 기울기와 삼각비의 값"
"260711_삼각비(2).pdf","80b17e3fbb01de33cfa3fbbd3c7e934cc2ddf037b7d38e39abe95bd0a7284772","059","15","89","특수한 각의 삼각비의 도형에의 활용"
"260711_삼각비(2).pdf","80b17e3fbb01de33cfa3fbbd3c7e934cc2ddf037b7d38e39abe95bd0a7284772","060","15","81","특수한 각의 삼각비의 도형에의 활용"
"260711_삼각비(2).pdf","80b17e3fbb01de33cfa3fbbd3c7e934cc2ddf037b7d38e39abe95bd0a7284772","061","16","64","특수한 각의 삼각비의 도형에의 활용"
"260711_삼각비(2).pdf","80b17e3fbb01de33cfa3fbbd3c7e934cc2ddf037b7d38e39abe95bd0a7284772","062","16","86","특수한 각의 삼각비의 도형에의 활용"
"260711_삼각비(2).pdf","80b17e3fbb01de33cfa3fbbd3c7e934cc2ddf037b7d38e39abe95bd0a7284772","063","16","82","특수한 각의 삼각비의 도형에의 활용"
"260711_삼각비(2).pdf","80b17e3fbb01de33cfa3fbbd3c7e934cc2ddf037b7d38e39abe95bd0a7284772","064","16","68","사분원을 이용한 삼각비의 값"
"260711_삼각비(2).pdf","80b17e3fbb01de33cfa3fbbd3c7e934cc2ddf037b7d38e39abe95bd0a7284772","065","17","83","사분원을 이용한 삼각비의 값"
"260711_삼각비(2).pdf","80b17e3fbb01de33cfa3fbbd3c7e934cc2ddf037b7d38e39abe95bd0a7284772","066","17","88","사분원을 이용한 삼각비의 값"
"260711_삼각비(2).pdf","80b17e3fbb01de33cfa3fbbd3c7e934cc2ddf037b7d38e39abe95bd0a7284772","067","17","83","삼각비의 값의 대소 관계"
"260711_삼각비(2).pdf","80b17e3fbb01de33cfa3fbbd3c7e934cc2ddf037b7d38e39abe95bd0a7284772","068","17","72","삼각비의 값의 대소 관계"
"260711_삼각비(2).pdf","80b17e3fbb01de33cfa3fbbd3c7e934cc2ddf037b7d38e39abe95bd0a7284772","069","18","31","삼각비의 값의 대소 관계"
"260711_삼각비(2).pdf","80b17e3fbb01de33cfa3fbbd3c7e934cc2ddf037b7d38e39abe95bd0a7284772","070","18","84","삼각비의 값의 대소 관계"
"260711_삼각비(2).pdf","80b17e3fbb01de33cfa3fbbd3c7e934cc2ddf037b7d38e39abe95bd0a7284772","071","18","84","삼각비의 값의 대소 관계를 이용한 식의 계산"
"260711_삼각비(2).pdf","80b17e3fbb01de33cfa3fbbd3c7e934cc2ddf037b7d38e39abe95bd0a7284772","072","18","77","삼각비의 값의 대소 관계를 이용한 식의 계산"
"260711_삼각비(2).pdf","80b17e3fbb01de33cfa3fbbd3c7e934cc2ddf037b7d38e39abe95bd0a7284772","073","19","77","삼각비의 값의 대소 관계를 이용한 식의 계산"
"260711_삼각비(2).pdf","80b17e3fbb01de33cfa3fbbd3c7e934cc2ddf037b7d38e39abe95bd0a7284772","074","19","82","삼각비의 값의 대소 관계를 이용한 식의 계산"
"260711_삼각비(2).pdf","80b17e3fbb01de33cfa3fbbd3c7e934cc2ddf037b7d38e39abe95bd0a7284772","075","19","74","삼각비의 값의 대소 관계를 이용한 식의 계산"
"260711_삼각비(2).pdf","80b17e3fbb01de33cfa3fbbd3c7e934cc2ddf037b7d38e39abe95bd0a7284772","076","19","87","삼각비의 표(1); 삼각비의 값"
"260711_삼각비(2).pdf","80b17e3fbb01de33cfa3fbbd3c7e934cc2ddf037b7d38e39abe95bd0a7284772","077","20","66","삼각비의 표(1); 삼각비의 값"
"260711_삼각비(2).pdf","80b17e3fbb01de33cfa3fbbd3c7e934cc2ddf037b7d38e39abe95bd0a7284772","078","20","93","삼각비의 표(1); 삼각비의 값"
"260711_삼각비(2).pdf","80b17e3fbb01de33cfa3fbbd3c7e934cc2ddf037b7d38e39abe95bd0a7284772","079","20","94","삼각비의 표(1); 삼각비의 값"
"260711_삼각비(2).pdf","80b17e3fbb01de33cfa3fbbd3c7e934cc2ddf037b7d38e39abe95bd0a7284772","080","21","94","삼각비의 표(1); 삼각비의 값"
"260711_삼각비(2).pdf","80b17e3fbb01de33cfa3fbbd3c7e934cc2ddf037b7d38e39abe95bd0a7284772","081","21","93","삼각비의 표(2); 각의 크기"
"260711_삼각비(2).pdf","80b17e3fbb01de33cfa3fbbd3c7e934cc2ddf037b7d38e39abe95bd0a7284772","082","21","91","삼각비의 표(2); 각의 크기"
"260711_삼각비(2).pdf","80b17e3fbb01de33cfa3fbbd3c7e934cc2ddf037b7d38e39abe95bd0a7284772","083","21","35","삼각비의 표(2); 각의 크기"
"260711_삼각비(2).pdf","80b17e3fbb01de33cfa3fbbd3c7e934cc2ddf037b7d38e39abe95bd0a7284772","084","22","52","삼각비의 표(2); 각의 크기"
"260711_삼각비(2).pdf","80b17e3fbb01de33cfa3fbbd3c7e934cc2ddf037b7d38e39abe95bd0a7284772","085","22","77","삼각비의 표(2); 각의 크기"
"260711_삼각비(2).pdf","80b17e3fbb01de33cfa3fbbd3c7e934cc2ddf037b7d38e39abe95bd0a7284772","086","22","79","삼각비의 표(3); 변의 길이"
"260711_삼각비(2).pdf","80b17e3fbb01de33cfa3fbbd3c7e934cc2ddf037b7d38e39abe95bd0a7284772","087","22","79","삼각비의 표(3); 변의 길이"
"260711_삼각비(2).pdf","80b17e3fbb01de33cfa3fbbd3c7e934cc2ddf037b7d38e39abe95bd0a7284772","088","23","81","삼각비의 표(3); 변의 길이"
"260711_삼각비(2).pdf","80b17e3fbb01de33cfa3fbbd3c7e934cc2ddf037b7d38e39abe95bd0a7284772","089","23","83","삼각비의 표(3); 변의 길이"
"260711_삼각비(2).pdf","80b17e3fbb01de33cfa3fbbd3c7e934cc2ddf037b7d38e39abe95bd0a7284772","090","23","82","직각삼각형의 변의 길이"
"260711_삼각비(2).pdf","80b17e3fbb01de33cfa3fbbd3c7e934cc2ddf037b7d38e39abe95bd0a7284772","091","23","60","직각삼각형의 변의 길이"
"260711_삼각비(2).pdf","80b17e3fbb01de33cfa3fbbd3c7e934cc2ddf037b7d38e39abe95bd0a7284772","092","24","48","직각삼각형의 변의 길이"
"260711_삼각비(2).pdf","80b17e3fbb01de33cfa3fbbd3c7e934cc2ddf037b7d38e39abe95bd0a7284772","093","24","51","직각삼각형의 변의 길이"
"260711_삼각비(2).pdf","80b17e3fbb01de33cfa3fbbd3c7e934cc2ddf037b7d38e39abe95bd0a7284772","094","24","65","입체도형에서 직각삼각형의 변의 길이의 활용"
"260711_삼각비(2).pdf","80b17e3fbb01de33cfa3fbbd3c7e934cc2ddf037b7d38e39abe95bd0a7284772","095","24","43","입체도형에서 직각삼각형의 변의 길이의 활용"
"260711_삼각비(2).pdf","80b17e3fbb01de33cfa3fbbd3c7e934cc2ddf037b7d38e39abe95bd0a7284772","096","25","71","입체도형에서 직각삼각형의 변의 길이의 활용"
"260711_삼각비(2).pdf","80b17e3fbb01de33cfa3fbbd3c7e934cc2ddf037b7d38e39abe95bd0a7284772","097","25","84","입체도형에서 직각삼각형의 변의 길이의 활용"
"260711_삼각비(2).pdf","80b17e3fbb01de33cfa3fbbd3c7e934cc2ddf037b7d38e39abe95bd0a7284772","098","25","47","실생활에서 직각삼각형의 변의 길이"
"260711_삼각비(2).pdf","80b17e3fbb01de33cfa3fbbd3c7e934cc2ddf037b7d38e39abe95bd0a7284772","099","25","83","실생활에서 직각삼각형의 변의 길이"
"260711_삼각비(2).pdf","80b17e3fbb01de33cfa3fbbd3c7e934cc2ddf037b7d38e39abe95bd0a7284772","100","26","69","실생활에서 직각삼각형의 변의 길이"
"260711_삼각비(2).pdf","80b17e3fbb01de33cfa3fbbd3c7e934cc2ddf037b7d38e39abe95bd0a7284772","101","26","90","실생활에서 직각삼각형의 변의 길이"
"260711_삼각비(2).pdf","80b17e3fbb01de33cfa3fbbd3c7e934cc2ddf037b7d38e39abe95bd0a7284772","102","26","83","실생활에서 직각삼각형의 변의 길이"
"260711_삼각비(2).pdf","80b17e3fbb01de33cfa3fbbd3c7e934cc2ddf037b7d38e39abe95bd0a7284772","103","26","60","실생활에서 직각삼각형의 변의 길이의 활용"
"260711_삼각비(2).pdf","80b17e3fbb01de33cfa3fbbd3c7e934cc2ddf037b7d38e39abe95bd0a7284772","104","27","58","실생활에서 직각삼각형의 변의 길이의 활용"
"260711_삼각비(2).pdf","80b17e3fbb01de33cfa3fbbd3c7e934cc2ddf037b7d38e39abe95bd0a7284772","105","27","79","실생활에서 직각삼각형의 변의 길이의 활용"
"260711_삼각비(2).pdf","80b17e3fbb01de33cfa3fbbd3c7e934cc2ddf037b7d38e39abe95bd0a7284772","106","27","74","실생활에서 직각삼각형의 변의 길이의 활용"
"260711_삼각비(2).pdf","80b17e3fbb01de33cfa3fbbd3c7e934cc2ddf037b7d38e39abe95bd0a7284772","107","27","60","일반 삼각형의 변의 길이(1); 두 변의 길이와 그 끼인각의 크기를 알 때"
"260711_삼각비(2).pdf","80b17e3fbb01de33cfa3fbbd3c7e934cc2ddf037b7d38e39abe95bd0a7284772","108","28","82","일반 삼각형의 변의 길이(1); 두 변의 길이와 그 끼인각의 크기를 알 때"
"260711_삼각비(2).pdf","80b17e3fbb01de33cfa3fbbd3c7e934cc2ddf037b7d38e39abe95bd0a7284772","109","28","73","일반 삼각형의 변의 길이(1); 두 변의 길이와 그 끼인각의 크기를 알 때"
"260711_삼각비(2).pdf","80b17e3fbb01de33cfa3fbbd3c7e934cc2ddf037b7d38e39abe95bd0a7284772","110","28","83","일반 삼각형의 변의 길이(1); 두 변의 길이와 그 끼인각의 크기를 알 때"
"260711_삼각비(2).pdf","80b17e3fbb01de33cfa3fbbd3c7e934cc2ddf037b7d38e39abe95bd0a7284772","111","28","49","일반 삼각형의 변의 길이(2); 한 변의 길이와 그 양 끝 각의 크기를 알 때"
"260711_삼각비(2).pdf","80b17e3fbb01de33cfa3fbbd3c7e934cc2ddf037b7d38e39abe95bd0a7284772","112","29","68","일반 삼각형의 변의 길이(2); 한 변의 길이와 그 양 끝 각의 크기를 알 때"
"260711_삼각비(2).pdf","80b17e3fbb01de33cfa3fbbd3c7e934cc2ddf037b7d38e39abe95bd0a7284772","113","29","74","일반 삼각형의 변의 길이(2); 한 변의 길이와 그 양 끝 각의 크기를 알 때"
"260711_삼각비(2).pdf","80b17e3fbb01de33cfa3fbbd3c7e934cc2ddf037b7d38e39abe95bd0a7284772","114","29","67","예각삼각형의 높이"
"260711_삼각비(2).pdf","80b17e3fbb01de33cfa3fbbd3c7e934cc2ddf037b7d38e39abe95bd0a7284772","115","29","88","예각삼각형의 높이"
"260711_삼각비(2).pdf","80b17e3fbb01de33cfa3fbbd3c7e934cc2ddf037b7d38e39abe95bd0a7284772","116","30","84","예각삼각형의 높이"
"260711_삼각비(2).pdf","80b17e3fbb01de33cfa3fbbd3c7e934cc2ddf037b7d38e39abe95bd0a7284772","117","30","79","예각삼각형의 높이"
"260711_삼각비(2).pdf","80b17e3fbb01de33cfa3fbbd3c7e934cc2ddf037b7d38e39abe95bd0a7284772","118","30","67","예각삼각형의 높이"
"260711_삼각비(2).pdf","80b17e3fbb01de33cfa3fbbd3c7e934cc2ddf037b7d38e39abe95bd0a7284772","119","30","70","둔각삼각형의 높이"
"260711_삼각비(2).pdf","80b17e3fbb01de33cfa3fbbd3c7e934cc2ddf037b7d38e39abe95bd0a7284772","120","31","82","둔각삼각형의 높이"
"260711_삼각비(2).pdf","80b17e3fbb01de33cfa3fbbd3c7e934cc2ddf037b7d38e39abe95bd0a7284772","121","31","53","둔각삼각형의 높이"
"260711_삼각비(2).pdf","80b17e3fbb01de33cfa3fbbd3c7e934cc2ddf037b7d38e39abe95bd0a7284772","122","31","87","둔각삼각형의 높이"
"260711_삼각비(2).pdf","80b17e3fbb01de33cfa3fbbd3c7e934cc2ddf037b7d38e39abe95bd0a7284772","123","31","81","둔각삼각형의 높이"
"260711_삼각비(2).pdf","80b17e3fbb01de33cfa3fbbd3c7e934cc2ddf037b7d38e39abe95bd0a7284772","124","32","61","예각삼각형의 넓이"
"260711_삼각비(2).pdf","80b17e3fbb01de33cfa3fbbd3c7e934cc2ddf037b7d38e39abe95bd0a7284772","125","32","82","예각삼각형의 넓이"
"260711_삼각비(2).pdf","80b17e3fbb01de33cfa3fbbd3c7e934cc2ddf037b7d38e39abe95bd0a7284772","126","32","71","예각삼각형의 넓이"
"260711_삼각비(2).pdf","80b17e3fbb01de33cfa3fbbd3c7e934cc2ddf037b7d38e39abe95bd0a7284772","127","32","76","예각삼각형의 넓이"
"260711_삼각비(2).pdf","80b17e3fbb01de33cfa3fbbd3c7e934cc2ddf037b7d38e39abe95bd0a7284772","128","33","62","예각삼각형의 넓이"
"260711_삼각비(2).pdf","80b17e3fbb01de33cfa3fbbd3c7e934cc2ddf037b7d38e39abe95bd0a7284772","129","33","57","둔각삼각형의 넓이"
"260711_삼각비(2).pdf","80b17e3fbb01de33cfa3fbbd3c7e934cc2ddf037b7d38e39abe95bd0a7284772","130","33","54","둔각삼각형의 넓이"
"260711_삼각비(2).pdf","80b17e3fbb01de33cfa3fbbd3c7e934cc2ddf037b7d38e39abe95bd0a7284772","131","33","69","둔각삼각형의 넓이"
"260711_삼각비(2).pdf","80b17e3fbb01de33cfa3fbbd3c7e934cc2ddf037b7d38e39abe95bd0a7284772","132","34","77","둔각삼각형의 넓이"
"260711_삼각비(2).pdf","80b17e3fbb01de33cfa3fbbd3c7e934cc2ddf037b7d38e39abe95bd0a7284772","133","34","82","다각형의 넓이"
"260711_삼각비(2).pdf","80b17e3fbb01de33cfa3fbbd3c7e934cc2ddf037b7d38e39abe95bd0a7284772","134","34","73","다각형의 넓이"
"260711_삼각비(2).pdf","80b17e3fbb01de33cfa3fbbd3c7e934cc2ddf037b7d38e39abe95bd0a7284772","135","34","85","다각형의 넓이"
"260711_삼각비(2).pdf","80b17e3fbb01de33cfa3fbbd3c7e934cc2ddf037b7d38e39abe95bd0a7284772","136","35","84","다각형의 넓이"
"260711_삼각비(2).pdf","80b17e3fbb01de33cfa3fbbd3c7e934cc2ddf037b7d38e39abe95bd0a7284772","137","35","81","다각형의 넓이"
"260711_삼각비(2).pdf","80b17e3fbb01de33cfa3fbbd3c7e934cc2ddf037b7d38e39abe95bd0a7284772","138","35","88","정다각형의 넓이"
"260711_삼각비(2).pdf","80b17e3fbb01de33cfa3fbbd3c7e934cc2ddf037b7d38e39abe95bd0a7284772","139","35","85","정다각형의 넓이"
"260711_삼각비(2).pdf","80b17e3fbb01de33cfa3fbbd3c7e934cc2ddf037b7d38e39abe95bd0a7284772","140","36","78","정다각형의 넓이"
"260711_삼각비(2).pdf","80b17e3fbb01de33cfa3fbbd3c7e934cc2ddf037b7d38e39abe95bd0a7284772","141","36","91","정다각형의 넓이"
"260711_삼각비(2).pdf","80b17e3fbb01de33cfa3fbbd3c7e934cc2ddf037b7d38e39abe95bd0a7284772","142","36","60","정다각형의 넓이"
"260711_삼각비(2).pdf","80b17e3fbb01de33cfa3fbbd3c7e934cc2ddf037b7d38e39abe95bd0a7284772","143","36","87","평행사변형의 넓이"
"260711_삼각비(2).pdf","80b17e3fbb01de33cfa3fbbd3c7e934cc2ddf037b7d38e39abe95bd0a7284772","144","37","80","평행사변형의 넓이"
"260711_삼각비(2).pdf","80b17e3fbb01de33cfa3fbbd3c7e934cc2ddf037b7d38e39abe95bd0a7284772","145","37","83","평행사변형의 넓이"
"260711_삼각비(2).pdf","80b17e3fbb01de33cfa3fbbd3c7e934cc2ddf037b7d38e39abe95bd0a7284772","146","37","77","사각형의 넓이"
"260711_삼각비(2).pdf","80b17e3fbb01de33cfa3fbbd3c7e934cc2ddf037b7d38e39abe95bd0a7284772","147","37","75","사각형의 넓이"
"260711_삼각비(2).pdf","80b17e3fbb01de33cfa3fbbd3c7e934cc2ddf037b7d38e39abe95bd0a7284772","148","38","73","사각형의 넓이"
"260711_삼각비(2).pdf","80b17e3fbb01de33cfa3fbbd3c7e934cc2ddf037b7d38e39abe95bd0a7284772","149","38","88","사각형의 넓이"
"260711_삼각비(2).pdf","80b17e3fbb01de33cfa3fbbd3c7e934cc2ddf037b7d38e39abe95bd0a7284772","150","38","88","사각형의 넓이"
"260711_삼각비(3).pdf","7a43d35dd1256b18bf8efc9444a93e2c02b85a69eeca1c9059b737ec1814386c","001","1","76","삼각비의 값"
"260711_삼각비(3).pdf","7a43d35dd1256b18bf8efc9444a93e2c02b85a69eeca1c9059b737ec1814386c","002","1","92","삼각비의 값"
"260711_삼각비(3).pdf","7a43d35dd1256b18bf8efc9444a93e2c02b85a69eeca1c9059b737ec1814386c","003","1","89","삼각비의 값"
"260711_삼각비(3).pdf","7a43d35dd1256b18bf8efc9444a93e2c02b85a69eeca1c9059b737ec1814386c","004","1","32","삼각비의 값"
"260711_삼각비(3).pdf","7a43d35dd1256b18bf8efc9444a93e2c02b85a69eeca1c9059b737ec1814386c","005","2","75","한 삼각비가 주어진 경우의 다른 삼각비의 값"
"260711_삼각비(3).pdf","7a43d35dd1256b18bf8efc9444a93e2c02b85a69eeca1c9059b737ec1814386c","006","2","89","한 삼각비가 주어진 경우의 다른 삼각비의 값"
"260711_삼각비(3).pdf","7a43d35dd1256b18bf8efc9444a93e2c02b85a69eeca1c9059b737ec1814386c","007","2","71","한 삼각비가 주어진 경우의 다른 삼각비의 값"
"260711_삼각비(3).pdf","7a43d35dd1256b18bf8efc9444a93e2c02b85a69eeca1c9059b737ec1814386c","008","2","77","한 삼각비가 주어진 경우의 다른 삼각비의 값"
"260711_삼각비(3).pdf","7a43d35dd1256b18bf8efc9444a93e2c02b85a69eeca1c9059b737ec1814386c","009","3","59","한 삼각비가 주어진 경우의 다른 삼각비의 값"
"260711_삼각비(3).pdf","7a43d35dd1256b18bf8efc9444a93e2c02b85a69eeca1c9059b737ec1814386c","010","3","78","직각삼각형의 닮음과 삼각비(1)"
"260711_삼각비(3).pdf","7a43d35dd1256b18bf8efc9444a93e2c02b85a69eeca1c9059b737ec1814386c","011","3","85","직각삼각형의 닮음과 삼각비(1)"
"260711_삼각비(3).pdf","7a43d35dd1256b18bf8efc9444a93e2c02b85a69eeca1c9059b737ec1814386c","012","3","75","직각삼각형의 닮음과 삼각비(1)"
"260711_삼각비(3).pdf","7a43d35dd1256b18bf8efc9444a93e2c02b85a69eeca1c9059b737ec1814386c","013","4","82","직각삼각형의 닮음과 삼각비(1)"
"260711_삼각비(3).pdf","7a43d35dd1256b18bf8efc9444a93e2c02b85a69eeca1c9059b737ec1814386c","014","4","80","직각삼각형의 닮음과 삼각비(1)"
"260711_삼각비(3).pdf","7a43d35dd1256b18bf8efc9444a93e2c02b85a69eeca1c9059b737ec1814386c","015","4","88","직각삼각형의 닮음과 삼각비(2)"
"260711_삼각비(3).pdf","7a43d35dd1256b18bf8efc9444a93e2c02b85a69eeca1c9059b737ec1814386c","016","4","81","직각삼각형의 닮음과 삼각비(2)"
"260711_삼각비(3).pdf","7a43d35dd1256b18bf8efc9444a93e2c02b85a69eeca1c9059b737ec1814386c","017","5","79","직각삼각형의 닮음과 삼각비(2)"
"260711_삼각비(3).pdf","7a43d35dd1256b18bf8efc9444a93e2c02b85a69eeca1c9059b737ec1814386c","018","5","74","직각삼각형의 닮음과 삼각비(2)"
"260711_삼각비(3).pdf","7a43d35dd1256b18bf8efc9444a93e2c02b85a69eeca1c9059b737ec1814386c","019","5","78","직선의 방정식과 삼각비의 값"
"260711_삼각비(3).pdf","7a43d35dd1256b18bf8efc9444a93e2c02b85a69eeca1c9059b737ec1814386c","020","5","81","직선의 방정식과 삼각비의 값"
"260711_삼각비(3).pdf","7a43d35dd1256b18bf8efc9444a93e2c02b85a69eeca1c9059b737ec1814386c","021","6","75","직선의 방정식과 삼각비의 값"
"260711_삼각비(3).pdf","7a43d35dd1256b18bf8efc9444a93e2c02b85a69eeca1c9059b737ec1814386c","022","6","53","직선의 방정식과 삼각비의 값"
"260711_삼각비(3).pdf","7a43d35dd1256b18bf8efc9444a93e2c02b85a69eeca1c9059b737ec1814386c","023","6","76","직선의 방정식과 삼각비의 값"
"260711_삼각비(3).pdf","7a43d35dd1256b18bf8efc9444a93e2c02b85a69eeca1c9059b737ec1814386c","024","6","85","평면도형에서의 삼각비의 값"
"260711_삼각비(3).pdf","7a43d35dd1256b18bf8efc9444a93e2c02b85a69eeca1c9059b737ec1814386c","025","7","65","평면도형에서의 삼각비의 값"
"260711_삼각비(3).pdf","7a43d35dd1256b18bf8efc9444a93e2c02b85a69eeca1c9059b737ec1814386c","026","7","80","평면도형에서의 삼각비의 값"
"260711_삼각비(3).pdf","7a43d35dd1256b18bf8efc9444a93e2c02b85a69eeca1c9059b737ec1814386c","027","7","73","입체도형에서의 삼각비의 값"
"260711_삼각비(3).pdf","7a43d35dd1256b18bf8efc9444a93e2c02b85a69eeca1c9059b737ec1814386c","028","7","65","입체도형에서의 삼각비의 값"
"260711_삼각비(3).pdf","7a43d35dd1256b18bf8efc9444a93e2c02b85a69eeca1c9059b737ec1814386c","029","8","67","입체도형에서의 삼각비의 값"
"260711_삼각비(3).pdf","7a43d35dd1256b18bf8efc9444a93e2c02b85a69eeca1c9059b737ec1814386c","030","8","74","입체도형에서의 삼각비의 값"
"260711_삼각비(3).pdf","7a43d35dd1256b18bf8efc9444a93e2c02b85a69eeca1c9059b737ec1814386c","031","8","72","입체도형에서의 삼각비의 값"
"260711_삼각비(3).pdf","7a43d35dd1256b18bf8efc9444a93e2c02b85a69eeca1c9059b737ec1814386c","032","8","82","특수한 각(30˚, 45˚, 60˚)의 삼각비의 값"
"260711_삼각비(3).pdf","7a43d35dd1256b18bf8efc9444a93e2c02b85a69eeca1c9059b737ec1814386c","033","9","80","특수한 각(30˚, 45˚, 60˚)의 삼각비의 값"
"260711_삼각비(3).pdf","7a43d35dd1256b18bf8efc9444a93e2c02b85a69eeca1c9059b737ec1814386c","034","9","73","특수한 각(30˚, 45˚, 60˚)의 삼각비의 값"
"260711_삼각비(3).pdf","7a43d35dd1256b18bf8efc9444a93e2c02b85a69eeca1c9059b737ec1814386c","035","9","79","특수한 각(30˚, 45˚, 60˚)의 삼각비의 값"
"260711_삼각비(3).pdf","7a43d35dd1256b18bf8efc9444a93e2c02b85a69eeca1c9059b737ec1814386c","036","9","72","특수한 각(30˚, 45˚, 60˚)의 삼각비의 값"
"260711_삼각비(3).pdf","7a43d35dd1256b18bf8efc9444a93e2c02b85a69eeca1c9059b737ec1814386c","037","10","80","특수한 각의 삼각비를 이용하여 각의 크기 구하기"
"260711_삼각비(3).pdf","7a43d35dd1256b18bf8efc9444a93e2c02b85a69eeca1c9059b737ec1814386c","038","10","89","특수한 각의 삼각비를 이용하여 각의 크기 구하기"
"260711_삼각비(3).pdf","7a43d35dd1256b18bf8efc9444a93e2c02b85a69eeca1c9059b737ec1814386c","039","10","73","특수한 각의 삼각비를 이용하여 각의 크기 구하기"
"260711_삼각비(3).pdf","7a43d35dd1256b18bf8efc9444a93e2c02b85a69eeca1c9059b737ec1814386c","040","10","71","특수한 각의 삼각비를 이용하여 각의 크기 구하기"
"260711_삼각비(3).pdf","7a43d35dd1256b18bf8efc9444a93e2c02b85a69eeca1c9059b737ec1814386c","041","11","89","특수한 각의 삼각비를 이용하여 변의 길이 구하기"
"260711_삼각비(3).pdf","7a43d35dd1256b18bf8efc9444a93e2c02b85a69eeca1c9059b737ec1814386c","042","11","89","특수한 각의 삼각비를 이용하여 변의 길이 구하기"
"260711_삼각비(3).pdf","7a43d35dd1256b18bf8efc9444a93e2c02b85a69eeca1c9059b737ec1814386c","043","11","86","특수한 각의 삼각비를 이용하여 변의 길이 구하기"
"260711_삼각비(3).pdf","7a43d35dd1256b18bf8efc9444a93e2c02b85a69eeca1c9059b737ec1814386c","044","11","78","특수한 각의 삼각비를 이용하여 변의 길이 구하기"
"260711_삼각비(3).pdf","7a43d35dd1256b18bf8efc9444a93e2c02b85a69eeca1c9059b737ec1814386c","045","12","75","특수한 각의 삼각비를 이용하여 변의 길이 구하기"
"260711_삼각비(3).pdf","7a43d35dd1256b18bf8efc9444a93e2c02b85a69eeca1c9059b737ec1814386c","046","12","62","특수한 각의 삼각비를 이용하여 입체도형에서의 삼각비의 값 구하기"
"260711_삼각비(3).pdf","7a43d35dd1256b18bf8efc9444a93e2c02b85a69eeca1c9059b737ec1814386c","047","12","77","특수한 각의 삼각비를 이용하여 입체도형에서의 삼각비의 값 구하기"
"260711_삼각비(3).pdf","7a43d35dd1256b18bf8efc9444a93e2c02b85a69eeca1c9059b737ec1814386c","048","12","56","특수한 각의 삼각비를 이용하여 입체도형에서의 삼각비의 값 구하기"
"260711_삼각비(3).pdf","7a43d35dd1256b18bf8efc9444a93e2c02b85a69eeca1c9059b737ec1814386c","049","13","80","특수한 각의 삼각비를 이용하여 다른 삼각비의 값 구하기"
"260711_삼각비(3).pdf","7a43d35dd1256b18bf8efc9444a93e2c02b85a69eeca1c9059b737ec1814386c","050","13","84","특수한 각의 삼각비를 이용하여 다른 삼각비의 값 구하기"
"260711_삼각비(3).pdf","7a43d35dd1256b18bf8efc9444a93e2c02b85a69eeca1c9059b737ec1814386c","051","13","63","특수한 각의 삼각비를 이용하여 다른 삼각비의 값 구하기"
"260711_삼각비(3).pdf","7a43d35dd1256b18bf8efc9444a93e2c02b85a69eeca1c9059b737ec1814386c","052","13","85","특수한 각의 삼각비를 이용하여 다른 삼각비의 값 구하기"
"260711_삼각비(3).pdf","7a43d35dd1256b18bf8efc9444a93e2c02b85a69eeca1c9059b737ec1814386c","053","14","85","특수한 각의 삼각비를 이용하여 다른 삼각비의 값 구하기"
"260711_삼각비(3).pdf","7a43d35dd1256b18bf8efc9444a93e2c02b85a69eeca1c9059b737ec1814386c","054","14","78","직선의 기울기와 삼각비의 값"
"260711_삼각비(3).pdf","7a43d35dd1256b18bf8efc9444a93e2c02b85a69eeca1c9059b737ec1814386c","055","14","87","직선의 기울기와 삼각비의 값"
"260711_삼각비(3).pdf","7a43d35dd1256b18bf8efc9444a93e2c02b85a69eeca1c9059b737ec1814386c","056","14","83","직선의 기울기와 삼각비의 값"
"260711_삼각비(3).pdf","7a43d35dd1256b18bf8efc9444a93e2c02b85a69eeca1c9059b737ec1814386c","057","15","83","직선의 기울기와 삼각비의 값"
"260711_삼각비(3).pdf","7a43d35dd1256b18bf8efc9444a93e2c02b85a69eeca1c9059b737ec1814386c","058","15","70","직선의 기울기와 삼각비의 값"
"260711_삼각비(3).pdf","7a43d35dd1256b18bf8efc9444a93e2c02b85a69eeca1c9059b737ec1814386c","059","15","88","특수한 각의 삼각비의 도형에의 활용"
"260711_삼각비(3).pdf","7a43d35dd1256b18bf8efc9444a93e2c02b85a69eeca1c9059b737ec1814386c","060","15","54","특수한 각의 삼각비의 도형에의 활용"
"260711_삼각비(3).pdf","7a43d35dd1256b18bf8efc9444a93e2c02b85a69eeca1c9059b737ec1814386c","061","16","64","특수한 각의 삼각비의 도형에의 활용"
"260711_삼각비(3).pdf","7a43d35dd1256b18bf8efc9444a93e2c02b85a69eeca1c9059b737ec1814386c","062","16","77","사분원을 이용한 삼각비의 값"
"260711_삼각비(3).pdf","7a43d35dd1256b18bf8efc9444a93e2c02b85a69eeca1c9059b737ec1814386c","063","16","70","사분원을 이용한 삼각비의 값"
"260711_삼각비(3).pdf","7a43d35dd1256b18bf8efc9444a93e2c02b85a69eeca1c9059b737ec1814386c","064","16","87","사분원을 이용한 삼각비의 값"
"260711_삼각비(3).pdf","7a43d35dd1256b18bf8efc9444a93e2c02b85a69eeca1c9059b737ec1814386c","065","17","87","사분원을 이용한 삼각비의 값"
"260711_삼각비(3).pdf","7a43d35dd1256b18bf8efc9444a93e2c02b85a69eeca1c9059b737ec1814386c","066","17","83","사분원을 이용한 삼각비의 값"
"260711_삼각비(3).pdf","7a43d35dd1256b18bf8efc9444a93e2c02b85a69eeca1c9059b737ec1814386c","067","17","90","삼각비의 값의 대소 관계"
"260711_삼각비(3).pdf","7a43d35dd1256b18bf8efc9444a93e2c02b85a69eeca1c9059b737ec1814386c","068","17","87","삼각비의 값의 대소 관계"
"260711_삼각비(3).pdf","7a43d35dd1256b18bf8efc9444a93e2c02b85a69eeca1c9059b737ec1814386c","069","18","81","삼각비의 값의 대소 관계"
"260711_삼각비(3).pdf","7a43d35dd1256b18bf8efc9444a93e2c02b85a69eeca1c9059b737ec1814386c","070","18","90","삼각비의 값의 대소 관계"
"260711_삼각비(3).pdf","7a43d35dd1256b18bf8efc9444a93e2c02b85a69eeca1c9059b737ec1814386c","071","18","76","삼각비의 값의 대소 관계를 이용한 식의 계산"
"260711_삼각비(3).pdf","7a43d35dd1256b18bf8efc9444a93e2c02b85a69eeca1c9059b737ec1814386c","072","18","87","삼각비의 값의 대소 관계를 이용한 식의 계산"
"260711_삼각비(3).pdf","7a43d35dd1256b18bf8efc9444a93e2c02b85a69eeca1c9059b737ec1814386c","073","19","79","삼각비의 값의 대소 관계를 이용한 식의 계산"
"260711_삼각비(3).pdf","7a43d35dd1256b18bf8efc9444a93e2c02b85a69eeca1c9059b737ec1814386c","074","19","84","삼각비의 값의 대소 관계를 이용한 식의 계산"
"260711_삼각비(3).pdf","7a43d35dd1256b18bf8efc9444a93e2c02b85a69eeca1c9059b737ec1814386c","075","19","92","삼각비의 표(1); 삼각비의 값"
"260711_삼각비(3).pdf","7a43d35dd1256b18bf8efc9444a93e2c02b85a69eeca1c9059b737ec1814386c","076","19","92","삼각비의 표(1); 삼각비의 값"
"260711_삼각비(3).pdf","7a43d35dd1256b18bf8efc9444a93e2c02b85a69eeca1c9059b737ec1814386c","077","20","84","삼각비의 표(1); 삼각비의 값"
"260711_삼각비(3).pdf","7a43d35dd1256b18bf8efc9444a93e2c02b85a69eeca1c9059b737ec1814386c","078","20","78","삼각비의 표(1); 삼각비의 값"
"260711_삼각비(3).pdf","7a43d35dd1256b18bf8efc9444a93e2c02b85a69eeca1c9059b737ec1814386c","079","20","82","삼각비의 표(1); 삼각비의 값"
"260711_삼각비(3).pdf","7a43d35dd1256b18bf8efc9444a93e2c02b85a69eeca1c9059b737ec1814386c","080","20","89","삼각비의 표(2); 각의 크기"
"260711_삼각비(3).pdf","7a43d35dd1256b18bf8efc9444a93e2c02b85a69eeca1c9059b737ec1814386c","081","21","93","삼각비의 표(2); 각의 크기"
"260711_삼각비(3).pdf","7a43d35dd1256b18bf8efc9444a93e2c02b85a69eeca1c9059b737ec1814386c","082","21","89","삼각비의 표(2); 각의 크기"
"260711_삼각비(3).pdf","7a43d35dd1256b18bf8efc9444a93e2c02b85a69eeca1c9059b737ec1814386c","083","21","85","삼각비의 표(2); 각의 크기"
"260711_삼각비(3).pdf","7a43d35dd1256b18bf8efc9444a93e2c02b85a69eeca1c9059b737ec1814386c","084","21","50","삼각비의 표(3); 변의 길이"
"260711_삼각비(3).pdf","7a43d35dd1256b18bf8efc9444a93e2c02b85a69eeca1c9059b737ec1814386c","085","22","89","삼각비의 표(3); 변의 길이"
"260711_삼각비(3).pdf","7a43d35dd1256b18bf8efc9444a93e2c02b85a69eeca1c9059b737ec1814386c","086","22","82","삼각비의 표(3); 변의 길이"
"260711_삼각비(3).pdf","7a43d35dd1256b18bf8efc9444a93e2c02b85a69eeca1c9059b737ec1814386c","087","22","78","삼각비의 표(3); 변의 길이"
"260711_삼각비(3).pdf","7a43d35dd1256b18bf8efc9444a93e2c02b85a69eeca1c9059b737ec1814386c","088","23","77","삼각비의 표(3); 변의 길이"
"260711_삼각비(3).pdf","7a43d35dd1256b18bf8efc9444a93e2c02b85a69eeca1c9059b737ec1814386c","089","23","77","직각삼각형의 변의 길이"
"260711_삼각비(3).pdf","7a43d35dd1256b18bf8efc9444a93e2c02b85a69eeca1c9059b737ec1814386c","090","23","76","직각삼각형의 변의 길이"
"260711_삼각비(3).pdf","7a43d35dd1256b18bf8efc9444a93e2c02b85a69eeca1c9059b737ec1814386c","091","23","55","직각삼각형의 변의 길이"
"260711_삼각비(3).pdf","7a43d35dd1256b18bf8efc9444a93e2c02b85a69eeca1c9059b737ec1814386c","092","24","82","직각삼각형의 변의 길이"
"260711_삼각비(3).pdf","7a43d35dd1256b18bf8efc9444a93e2c02b85a69eeca1c9059b737ec1814386c","093","24","87","직각삼각형의 변의 길이"
"260711_삼각비(3).pdf","7a43d35dd1256b18bf8efc9444a93e2c02b85a69eeca1c9059b737ec1814386c","094","24","86","입체도형에서 직각삼각형의 변의 길이의 활용"
"260711_삼각비(3).pdf","7a43d35dd1256b18bf8efc9444a93e2c02b85a69eeca1c9059b737ec1814386c","095","24","92","입체도형에서 직각삼각형의 변의 길이의 활용"
"260711_삼각비(3).pdf","7a43d35dd1256b18bf8efc9444a93e2c02b85a69eeca1c9059b737ec1814386c","096","25","84","입체도형에서 직각삼각형의 변의 길이의 활용"
"260711_삼각비(3).pdf","7a43d35dd1256b18bf8efc9444a93e2c02b85a69eeca1c9059b737ec1814386c","097","25","83","입체도형에서 직각삼각형의 변의 길이의 활용"
"260711_삼각비(3).pdf","7a43d35dd1256b18bf8efc9444a93e2c02b85a69eeca1c9059b737ec1814386c","098","25","73","실생활에서 직각삼각형의 변의 길이"
"260711_삼각비(3).pdf","7a43d35dd1256b18bf8efc9444a93e2c02b85a69eeca1c9059b737ec1814386c","099","25","79","실생활에서 직각삼각형의 변의 길이"
"260711_삼각비(3).pdf","7a43d35dd1256b18bf8efc9444a93e2c02b85a69eeca1c9059b737ec1814386c","100","26","77","실생활에서 직각삼각형의 변의 길이"
"260711_삼각비(3).pdf","7a43d35dd1256b18bf8efc9444a93e2c02b85a69eeca1c9059b737ec1814386c","101","26","53","실생활에서 직각삼각형의 변의 길이"
"260711_삼각비(3).pdf","7a43d35dd1256b18bf8efc9444a93e2c02b85a69eeca1c9059b737ec1814386c","102","26","81","실생활에서 직각삼각형의 변의 길이의 활용"
"260711_삼각비(3).pdf","7a43d35dd1256b18bf8efc9444a93e2c02b85a69eeca1c9059b737ec1814386c","103","26","59","실생활에서 직각삼각형의 변의 길이의 활용"
"260711_삼각비(3).pdf","7a43d35dd1256b18bf8efc9444a93e2c02b85a69eeca1c9059b737ec1814386c","104","27","73","실생활에서 직각삼각형의 변의 길이의 활용"
"260711_삼각비(3).pdf","7a43d35dd1256b18bf8efc9444a93e2c02b85a69eeca1c9059b737ec1814386c","105","27","59","실생활에서 직각삼각형의 변의 길이의 활용"
"260711_삼각비(3).pdf","7a43d35dd1256b18bf8efc9444a93e2c02b85a69eeca1c9059b737ec1814386c","106","27","72","일반 삼각형의 변의 길이(1); 두 변의 길이와 그 끼인각의 크기를 알 때"
"260711_삼각비(3).pdf","7a43d35dd1256b18bf8efc9444a93e2c02b85a69eeca1c9059b737ec1814386c","107","27","86","일반 삼각형의 변의 길이(1); 두 변의 길이와 그 끼인각의 크기를 알 때"
"260711_삼각비(3).pdf","7a43d35dd1256b18bf8efc9444a93e2c02b85a69eeca1c9059b737ec1814386c","108","28","73","일반 삼각형의 변의 길이(1); 두 변의 길이와 그 끼인각의 크기를 알 때"
"260711_삼각비(3).pdf","7a43d35dd1256b18bf8efc9444a93e2c02b85a69eeca1c9059b737ec1814386c","109","28","68","일반 삼각형의 변의 길이(2); 한 변의 길이와 그 양 끝 각의 크기를 알 때"
"260711_삼각비(3).pdf","7a43d35dd1256b18bf8efc9444a93e2c02b85a69eeca1c9059b737ec1814386c","110","28","85","일반 삼각형의 변의 길이(2); 한 변의 길이와 그 양 끝 각의 크기를 알 때"
"260711_삼각비(3).pdf","7a43d35dd1256b18bf8efc9444a93e2c02b85a69eeca1c9059b737ec1814386c","111","28","75","일반 삼각형의 변의 길이(2); 한 변의 길이와 그 양 끝 각의 크기를 알 때"
"260711_삼각비(3).pdf","7a43d35dd1256b18bf8efc9444a93e2c02b85a69eeca1c9059b737ec1814386c","112","29","76","일반 삼각형의 변의 길이(2); 한 변의 길이와 그 양 끝 각의 크기를 알 때"
"260711_삼각비(3).pdf","7a43d35dd1256b18bf8efc9444a93e2c02b85a69eeca1c9059b737ec1814386c","113","29","69","일반 삼각형의 변의 길이(2); 한 변의 길이와 그 양 끝 각의 크기를 알 때"
"260711_삼각비(3).pdf","7a43d35dd1256b18bf8efc9444a93e2c02b85a69eeca1c9059b737ec1814386c","114","29","70","예각삼각형의 높이"
"260711_삼각비(3).pdf","7a43d35dd1256b18bf8efc9444a93e2c02b85a69eeca1c9059b737ec1814386c","115","29","84","예각삼각형의 높이"
"260711_삼각비(3).pdf","7a43d35dd1256b18bf8efc9444a93e2c02b85a69eeca1c9059b737ec1814386c","116","30","74","예각삼각형의 높이"
"260711_삼각비(3).pdf","7a43d35dd1256b18bf8efc9444a93e2c02b85a69eeca1c9059b737ec1814386c","117","30","54","예각삼각형의 높이"
"260711_삼각비(3).pdf","7a43d35dd1256b18bf8efc9444a93e2c02b85a69eeca1c9059b737ec1814386c","118","30","84","예각삼각형의 높이"
"260711_삼각비(3).pdf","7a43d35dd1256b18bf8efc9444a93e2c02b85a69eeca1c9059b737ec1814386c","119","30","80","둔각삼각형의 높이"
"260711_삼각비(3).pdf","7a43d35dd1256b18bf8efc9444a93e2c02b85a69eeca1c9059b737ec1814386c","120","31","74","둔각삼각형의 높이"
"260711_삼각비(3).pdf","7a43d35dd1256b18bf8efc9444a93e2c02b85a69eeca1c9059b737ec1814386c","121","31","74","둔각삼각형의 높이"
"260711_삼각비(3).pdf","7a43d35dd1256b18bf8efc9444a93e2c02b85a69eeca1c9059b737ec1814386c","122","31","81","둔각삼각형의 높이"
"260711_삼각비(3).pdf","7a43d35dd1256b18bf8efc9444a93e2c02b85a69eeca1c9059b737ec1814386c","123","31","71","둔각삼각형의 높이"
"260711_삼각비(3).pdf","7a43d35dd1256b18bf8efc9444a93e2c02b85a69eeca1c9059b737ec1814386c","124","32","50","예각삼각형의 넓이"
"260711_삼각비(3).pdf","7a43d35dd1256b18bf8efc9444a93e2c02b85a69eeca1c9059b737ec1814386c","125","32","63","예각삼각형의 넓이"
"260711_삼각비(3).pdf","7a43d35dd1256b18bf8efc9444a93e2c02b85a69eeca1c9059b737ec1814386c","126","32","90","예각삼각형의 넓이"
"260711_삼각비(3).pdf","7a43d35dd1256b18bf8efc9444a93e2c02b85a69eeca1c9059b737ec1814386c","127","32","49","예각삼각형의 넓이"
"260711_삼각비(3).pdf","7a43d35dd1256b18bf8efc9444a93e2c02b85a69eeca1c9059b737ec1814386c","128","33","67","둔각삼각형의 넓이"
"260711_삼각비(3).pdf","7a43d35dd1256b18bf8efc9444a93e2c02b85a69eeca1c9059b737ec1814386c","129","33","59","둔각삼각형의 넓이"
"260711_삼각비(3).pdf","7a43d35dd1256b18bf8efc9444a93e2c02b85a69eeca1c9059b737ec1814386c","130","33","58","둔각삼각형의 넓이"
"260711_삼각비(3).pdf","7a43d35dd1256b18bf8efc9444a93e2c02b85a69eeca1c9059b737ec1814386c","131","33","76","둔각삼각형의 넓이"
"260711_삼각비(3).pdf","7a43d35dd1256b18bf8efc9444a93e2c02b85a69eeca1c9059b737ec1814386c","132","34","75","다각형의 넓이"
"260711_삼각비(3).pdf","7a43d35dd1256b18bf8efc9444a93e2c02b85a69eeca1c9059b737ec1814386c","133","34","56","다각형의 넓이"
"260711_삼각비(3).pdf","7a43d35dd1256b18bf8efc9444a93e2c02b85a69eeca1c9059b737ec1814386c","134","34","91","다각형의 넓이"
"260711_삼각비(3).pdf","7a43d35dd1256b18bf8efc9444a93e2c02b85a69eeca1c9059b737ec1814386c","135","34","89","다각형의 넓이"
"260711_삼각비(3).pdf","7a43d35dd1256b18bf8efc9444a93e2c02b85a69eeca1c9059b737ec1814386c","136","35","78","정다각형의 넓이"
"260711_삼각비(3).pdf","7a43d35dd1256b18bf8efc9444a93e2c02b85a69eeca1c9059b737ec1814386c","137","35","89","정다각형의 넓이"
"260711_삼각비(3).pdf","7a43d35dd1256b18bf8efc9444a93e2c02b85a69eeca1c9059b737ec1814386c","138","35","40","정다각형의 넓이"
"260711_삼각비(3).pdf","7a43d35dd1256b18bf8efc9444a93e2c02b85a69eeca1c9059b737ec1814386c","139","35","68","정다각형의 넓이"
"260711_삼각비(3).pdf","7a43d35dd1256b18bf8efc9444a93e2c02b85a69eeca1c9059b737ec1814386c","140","36","68","정다각형의 넓이"
"260711_삼각비(3).pdf","7a43d35dd1256b18bf8efc9444a93e2c02b85a69eeca1c9059b737ec1814386c","141","36","64","평행사변형의 넓이"
"260711_삼각비(3).pdf","7a43d35dd1256b18bf8efc9444a93e2c02b85a69eeca1c9059b737ec1814386c","142","36","69","평행사변형의 넓이"
"260711_삼각비(3).pdf","7a43d35dd1256b18bf8efc9444a93e2c02b85a69eeca1c9059b737ec1814386c","143","36","77","평행사변형의 넓이"
"260711_삼각비(3).pdf","7a43d35dd1256b18bf8efc9444a93e2c02b85a69eeca1c9059b737ec1814386c","144","37","84","평행사변형의 넓이"
"260711_삼각비(3).pdf","7a43d35dd1256b18bf8efc9444a93e2c02b85a69eeca1c9059b737ec1814386c","145","37","76","평행사변형의 넓이"
"260711_삼각비(3).pdf","7a43d35dd1256b18bf8efc9444a93e2c02b85a69eeca1c9059b737ec1814386c","146","37","73","사각형의 넓이"
"260711_삼각비(3).pdf","7a43d35dd1256b18bf8efc9444a93e2c02b85a69eeca1c9059b737ec1814386c","147","37","87","사각형의 넓이"
"260711_삼각비(3).pdf","7a43d35dd1256b18bf8efc9444a93e2c02b85a69eeca1c9059b737ec1814386c","148","38","80","사각형의 넓이"
"260711_삼각비(3).pdf","7a43d35dd1256b18bf8efc9444a93e2c02b85a69eeca1c9059b737ec1814386c","149","38","68","사각형의 넓이"
"260711_삼각비(3).pdf","7a43d35dd1256b18bf8efc9444a93e2c02b85a69eeca1c9059b737ec1814386c","150","38","77","사각형의 넓이"
"260711_삼각비(4).pdf","018c8468f006827c5032a0c7b43afe81c349bfc41d5317f3c8a3d47df896b8d9","001","1","30","삼각비의 값"
"260711_삼각비(4).pdf","018c8468f006827c5032a0c7b43afe81c349bfc41d5317f3c8a3d47df896b8d9","002","1","31","삼각비의 값"
"260711_삼각비(4).pdf","018c8468f006827c5032a0c7b43afe81c349bfc41d5317f3c8a3d47df896b8d9","003","1","66","한 삼각비가 주어진 경우의 다른 삼각비의 값"
"260711_삼각비(4).pdf","018c8468f006827c5032a0c7b43afe81c349bfc41d5317f3c8a3d47df896b8d9","004","1","85","한 삼각비가 주어진 경우의 다른 삼각비의 값"
"260711_삼각비(4).pdf","018c8468f006827c5032a0c7b43afe81c349bfc41d5317f3c8a3d47df896b8d9","005","2","85","한 삼각비가 주어진 경우의 다른 삼각비의 값"
"260711_삼각비(4).pdf","018c8468f006827c5032a0c7b43afe81c349bfc41d5317f3c8a3d47df896b8d9","006","2","73","한 삼각비가 주어진 경우의 다른 삼각비의 값"
"260711_삼각비(4).pdf","018c8468f006827c5032a0c7b43afe81c349bfc41d5317f3c8a3d47df896b8d9","007","2","68","한 삼각비가 주어진 경우의 다른 삼각비의 값"
"260711_삼각비(4).pdf","018c8468f006827c5032a0c7b43afe81c349bfc41d5317f3c8a3d47df896b8d9","008","2","87","직각삼각형의 닮음과 삼각비(1)"
"260711_삼각비(4).pdf","018c8468f006827c5032a0c7b43afe81c349bfc41d5317f3c8a3d47df896b8d9","009","3","81","직각삼각형의 닮음과 삼각비(1)"
"260711_삼각비(4).pdf","018c8468f006827c5032a0c7b43afe81c349bfc41d5317f3c8a3d47df896b8d9","010","3","77","직각삼각형의 닮음과 삼각비(1)"
"260711_삼각비(4).pdf","018c8468f006827c5032a0c7b43afe81c349bfc41d5317f3c8a3d47df896b8d9","011","3","80","직각삼각형의 닮음과 삼각비(1)"
"260711_삼각비(4).pdf","018c8468f006827c5032a0c7b43afe81c349bfc41d5317f3c8a3d47df896b8d9","012","3","76","직각삼각형의 닮음과 삼각비(1)"
"260711_삼각비(4).pdf","018c8468f006827c5032a0c7b43afe81c349bfc41d5317f3c8a3d47df896b8d9","013","4","88","직각삼각형의 닮음과 삼각비(2)"
"260711_삼각비(4).pdf","018c8468f006827c5032a0c7b43afe81c349bfc41d5317f3c8a3d47df896b8d9","014","4","86","직각삼각형의 닮음과 삼각비(2)"
"260711_삼각비(4).pdf","018c8468f006827c5032a0c7b43afe81c349bfc41d5317f3c8a3d47df896b8d9","015","4","80","직각삼각형의 닮음과 삼각비(2)"
"260711_삼각비(4).pdf","018c8468f006827c5032a0c7b43afe81c349bfc41d5317f3c8a3d47df896b8d9","016","4","81","직각삼각형의 닮음과 삼각비(2)"
"260711_삼각비(4).pdf","018c8468f006827c5032a0c7b43afe81c349bfc41d5317f3c8a3d47df896b8d9","017","5","78","직각삼각형의 닮음과 삼각비(2)"
"260711_삼각비(4).pdf","018c8468f006827c5032a0c7b43afe81c349bfc41d5317f3c8a3d47df896b8d9","018","5","52","직선의 방정식과 삼각비의 값"
"260711_삼각비(4).pdf","018c8468f006827c5032a0c7b43afe81c349bfc41d5317f3c8a3d47df896b8d9","019","5","82","직선의 방정식과 삼각비의 값"
"260711_삼각비(4).pdf","018c8468f006827c5032a0c7b43afe81c349bfc41d5317f3c8a3d47df896b8d9","020","5","89","직선의 방정식과 삼각비의 값"
"260711_삼각비(4).pdf","018c8468f006827c5032a0c7b43afe81c349bfc41d5317f3c8a3d47df896b8d9","021","6","84","직선의 방정식과 삼각비의 값"
"260711_삼각비(4).pdf","018c8468f006827c5032a0c7b43afe81c349bfc41d5317f3c8a3d47df896b8d9","022","6","65","직선의 방정식과 삼각비의 값"
"260711_삼각비(4).pdf","018c8468f006827c5032a0c7b43afe81c349bfc41d5317f3c8a3d47df896b8d9","023","6","91","평면도형에서의 삼각비의 값"
"260711_삼각비(4).pdf","018c8468f006827c5032a0c7b43afe81c349bfc41d5317f3c8a3d47df896b8d9","024","6","86","평면도형에서의 삼각비의 값"
"260711_삼각비(4).pdf","018c8468f006827c5032a0c7b43afe81c349bfc41d5317f3c8a3d47df896b8d9","025","7","76","평면도형에서의 삼각비의 값"
"260711_삼각비(4).pdf","018c8468f006827c5032a0c7b43afe81c349bfc41d5317f3c8a3d47df896b8d9","026","7","71","평면도형에서의 삼각비의 값"
"260711_삼각비(4).pdf","018c8468f006827c5032a0c7b43afe81c349bfc41d5317f3c8a3d47df896b8d9","027","7","61","평면도형에서의 삼각비의 값"
"260711_삼각비(4).pdf","018c8468f006827c5032a0c7b43afe81c349bfc41d5317f3c8a3d47df896b8d9","028","7","72","입체도형에서의 삼각비의 값"
"260711_삼각비(4).pdf","018c8468f006827c5032a0c7b43afe81c349bfc41d5317f3c8a3d47df896b8d9","029","8","85","입체도형에서의 삼각비의 값"
"260711_삼각비(4).pdf","018c8468f006827c5032a0c7b43afe81c349bfc41d5317f3c8a3d47df896b8d9","030","8","76","입체도형에서의 삼각비의 값"
"260711_삼각비(4).pdf","018c8468f006827c5032a0c7b43afe81c349bfc41d5317f3c8a3d47df896b8d9","031","8","73","입체도형에서의 삼각비의 값"
"260711_삼각비(4).pdf","018c8468f006827c5032a0c7b43afe81c349bfc41d5317f3c8a3d47df896b8d9","032","8","70","입체도형에서의 삼각비의 값"
"260711_삼각비(4).pdf","018c8468f006827c5032a0c7b43afe81c349bfc41d5317f3c8a3d47df896b8d9","033","9","80","특수한 각(30˚, 45˚, 60˚)의 삼각비의 값"
"260711_삼각비(4).pdf","018c8468f006827c5032a0c7b43afe81c349bfc41d5317f3c8a3d47df896b8d9","034","9","81","특수한 각(30˚, 45˚, 60˚)의 삼각비의 값"
"260711_삼각비(4).pdf","018c8468f006827c5032a0c7b43afe81c349bfc41d5317f3c8a3d47df896b8d9","035","9","56","특수한 각(30˚, 45˚, 60˚)의 삼각비의 값"
"260711_삼각비(4).pdf","018c8468f006827c5032a0c7b43afe81c349bfc41d5317f3c8a3d47df896b8d9","036","9","53","특수한 각(30˚, 45˚, 60˚)의 삼각비의 값"
"260711_삼각비(4).pdf","018c8468f006827c5032a0c7b43afe81c349bfc41d5317f3c8a3d47df896b8d9","037","10","76","특수한 각(30˚, 45˚, 60˚)의 삼각비의 값"
"260711_삼각비(4).pdf","018c8468f006827c5032a0c7b43afe81c349bfc41d5317f3c8a3d47df896b8d9","038","10","85","특수한 각의 삼각비를 이용하여 변의 길이 구하기"
"260711_삼각비(4).pdf","018c8468f006827c5032a0c7b43afe81c349bfc41d5317f3c8a3d47df896b8d9","039","10","86","특수한 각의 삼각비를 이용하여 변의 길이 구하기"
"260711_삼각비(4).pdf","018c8468f006827c5032a0c7b43afe81c349bfc41d5317f3c8a3d47df896b8d9","040","10","90","특수한 각의 삼각비를 이용하여 변의 길이 구하기"
"260711_삼각비(4).pdf","018c8468f006827c5032a0c7b43afe81c349bfc41d5317f3c8a3d47df896b8d9","041","11","88","특수한 각의 삼각비를 이용하여 변의 길이 구하기"
"260711_삼각비(4).pdf","018c8468f006827c5032a0c7b43afe81c349bfc41d5317f3c8a3d47df896b8d9","042","11","77","특수한 각의 삼각비를 이용하여 변의 길이 구하기"
"260711_삼각비(4).pdf","018c8468f006827c5032a0c7b43afe81c349bfc41d5317f3c8a3d47df896b8d9","043","11","55","특수한 각의 삼각비를 이용하여 입체도형에서의 삼각비의 값 구하기"
"260711_삼각비(4).pdf","018c8468f006827c5032a0c7b43afe81c349bfc41d5317f3c8a3d47df896b8d9","044","11","62","특수한 각의 삼각비를 이용하여 입체도형에서의 삼각비의 값 구하기"
"260711_삼각비(4).pdf","018c8468f006827c5032a0c7b43afe81c349bfc41d5317f3c8a3d47df896b8d9","045","12","66","특수한 각의 삼각비를 이용하여 입체도형에서의 삼각비의 값 구하기"
"260711_삼각비(4).pdf","018c8468f006827c5032a0c7b43afe81c349bfc41d5317f3c8a3d47df896b8d9","046","12","83","특수한 각의 삼각비를 이용하여 다른 삼각비의 값 구하기"
"260711_삼각비(4).pdf","018c8468f006827c5032a0c7b43afe81c349bfc41d5317f3c8a3d47df896b8d9","047","12","81","특수한 각의 삼각비를 이용하여 다른 삼각비의 값 구하기"
"260711_삼각비(4).pdf","018c8468f006827c5032a0c7b43afe81c349bfc41d5317f3c8a3d47df896b8d9","048","12","71","특수한 각의 삼각비를 이용하여 다른 삼각비의 값 구하기"
"260711_삼각비(4).pdf","018c8468f006827c5032a0c7b43afe81c349bfc41d5317f3c8a3d47df896b8d9","049","13","64","특수한 각의 삼각비를 이용하여 다른 삼각비의 값 구하기"
"260711_삼각비(4).pdf","018c8468f006827c5032a0c7b43afe81c349bfc41d5317f3c8a3d47df896b8d9","050","13","89","특수한 각의 삼각비를 이용하여 다른 삼각비의 값 구하기"
"260711_삼각비(4).pdf","018c8468f006827c5032a0c7b43afe81c349bfc41d5317f3c8a3d47df896b8d9","051","13","85","직선의 기울기와 삼각비의 값"
"260711_삼각비(4).pdf","018c8468f006827c5032a0c7b43afe81c349bfc41d5317f3c8a3d47df896b8d9","052","13","85","직선의 기울기와 삼각비의 값"
"260711_삼각비(4).pdf","018c8468f006827c5032a0c7b43afe81c349bfc41d5317f3c8a3d47df896b8d9","053","14","66","직선의 기울기와 삼각비의 값"
"260711_삼각비(4).pdf","018c8468f006827c5032a0c7b43afe81c349bfc41d5317f3c8a3d47df896b8d9","054","14","55","직선의 기울기와 삼각비의 값"
"260711_삼각비(4).pdf","018c8468f006827c5032a0c7b43afe81c349bfc41d5317f3c8a3d47df896b8d9","055","14","63","직선의 기울기와 삼각비의 값"
"260711_삼각비(4).pdf","018c8468f006827c5032a0c7b43afe81c349bfc41d5317f3c8a3d47df896b8d9","056","14","88","특수한 각의 삼각비의 도형에의 활용"
"260711_삼각비(4).pdf","018c8468f006827c5032a0c7b43afe81c349bfc41d5317f3c8a3d47df896b8d9","057","15","76","특수한 각의 삼각비의 도형에의 활용"
"260711_삼각비(4).pdf","018c8468f006827c5032a0c7b43afe81c349bfc41d5317f3c8a3d47df896b8d9","058","15","86","특수한 각의 삼각비의 도형에의 활용"
"260711_삼각비(4).pdf","018c8468f006827c5032a0c7b43afe81c349bfc41d5317f3c8a3d47df896b8d9","059","15","91","특수한 각의 삼각비의 도형에의 활용"
"260711_삼각비(4).pdf","018c8468f006827c5032a0c7b43afe81c349bfc41d5317f3c8a3d47df896b8d9","060","15","52","특수한 각의 삼각비의 도형에의 활용"
"260711_삼각비(4).pdf","018c8468f006827c5032a0c7b43afe81c349bfc41d5317f3c8a3d47df896b8d9","061","16","74","사분원을 이용한 삼각비의 값"
"260711_삼각비(4).pdf","018c8468f006827c5032a0c7b43afe81c349bfc41d5317f3c8a3d47df896b8d9","062","16","85","사분원을 이용한 삼각비의 값"
"260711_삼각비(4).pdf","018c8468f006827c5032a0c7b43afe81c349bfc41d5317f3c8a3d47df896b8d9","063","16","61","사분원을 이용한 삼각비의 값"
"260711_삼각비(4).pdf","018c8468f006827c5032a0c7b43afe81c349bfc41d5317f3c8a3d47df896b8d9","064","16","82","사분원을 이용한 삼각비의 값"
"260711_삼각비(4).pdf","018c8468f006827c5032a0c7b43afe81c349bfc41d5317f3c8a3d47df896b8d9","065","17","82","사분원을 이용한 삼각비의 값"
"260711_삼각비(4).pdf","018c8468f006827c5032a0c7b43afe81c349bfc41d5317f3c8a3d47df896b8d9","066","17","79","삼각비의 값의 대소 관계"
"260711_삼각비(4).pdf","018c8468f006827c5032a0c7b43afe81c349bfc41d5317f3c8a3d47df896b8d9","067","17","88","삼각비의 값의 대소 관계"
"260711_삼각비(4).pdf","018c8468f006827c5032a0c7b43afe81c349bfc41d5317f3c8a3d47df896b8d9","068","17","84","삼각비의 값의 대소 관계"
"260711_삼각비(4).pdf","018c8468f006827c5032a0c7b43afe81c349bfc41d5317f3c8a3d47df896b8d9","069","18","89","삼각비의 값의 대소 관계"
"260711_삼각비(4).pdf","018c8468f006827c5032a0c7b43afe81c349bfc41d5317f3c8a3d47df896b8d9","070","18","82","삼각비의 값의 대소 관계"
"260711_삼각비(4).pdf","018c8468f006827c5032a0c7b43afe81c349bfc41d5317f3c8a3d47df896b8d9","071","18","79","삼각비의 값의 대소 관계를 이용한 식의 계산"
"260711_삼각비(4).pdf","018c8468f006827c5032a0c7b43afe81c349bfc41d5317f3c8a3d47df896b8d9","072","18","82","삼각비의 값의 대소 관계를 이용한 식의 계산"
"260711_삼각비(4).pdf","018c8468f006827c5032a0c7b43afe81c349bfc41d5317f3c8a3d47df896b8d9","073","19","78","삼각비의 값의 대소 관계를 이용한 식의 계산"
"260711_삼각비(4).pdf","018c8468f006827c5032a0c7b43afe81c349bfc41d5317f3c8a3d47df896b8d9","074","19","73","삼각비의 값의 대소 관계를 이용한 식의 계산"
"260711_삼각비(4).pdf","018c8468f006827c5032a0c7b43afe81c349bfc41d5317f3c8a3d47df896b8d9","075","19","76","삼각비의 값의 대소 관계를 이용한 식의 계산"
"260711_삼각비(4).pdf","018c8468f006827c5032a0c7b43afe81c349bfc41d5317f3c8a3d47df896b8d9","076","19","92","삼각비의 표(1); 삼각비의 값"
"260711_삼각비(4).pdf","018c8468f006827c5032a0c7b43afe81c349bfc41d5317f3c8a3d47df896b8d9","077","20","78","삼각비의 표(1); 삼각비의 값"
"260711_삼각비(4).pdf","018c8468f006827c5032a0c7b43afe81c349bfc41d5317f3c8a3d47df896b8d9","078","20","83","삼각비의 표(2); 각의 크기"
"260711_삼각비(4).pdf","018c8468f006827c5032a0c7b43afe81c349bfc41d5317f3c8a3d47df896b8d9","079","20","78","삼각비의 표(2); 각의 크기"
"260711_삼각비(4).pdf","018c8468f006827c5032a0c7b43afe81c349bfc41d5317f3c8a3d47df896b8d9","080","20","33","삼각비의 표(2); 각의 크기"
"260711_삼각비(4).pdf","018c8468f006827c5032a0c7b43afe81c349bfc41d5317f3c8a3d47df896b8d9","081","21","74","삼각비의 표(2); 각의 크기"
"260711_삼각비(4).pdf","018c8468f006827c5032a0c7b43afe81c349bfc41d5317f3c8a3d47df896b8d9","082","21","81","삼각비의 표(2); 각의 크기"
"260711_삼각비(4).pdf","018c8468f006827c5032a0c7b43afe81c349bfc41d5317f3c8a3d47df896b8d9","083","21","53","삼각비의 표(2); 각의 크기"
"260711_삼각비(4).pdf","018c8468f006827c5032a0c7b43afe81c349bfc41d5317f3c8a3d47df896b8d9","084","21","81","삼각비의 표(3); 변의 길이"
"260711_삼각비(4).pdf","018c8468f006827c5032a0c7b43afe81c349bfc41d5317f3c8a3d47df896b8d9","085","22","86","삼각비의 표(3); 변의 길이"
"260711_삼각비(4).pdf","018c8468f006827c5032a0c7b43afe81c349bfc41d5317f3c8a3d47df896b8d9","086","22","80","삼각비의 표(3); 변의 길이"
"260711_삼각비(4).pdf","018c8468f006827c5032a0c7b43afe81c349bfc41d5317f3c8a3d47df896b8d9","087","22","90","삼각비의 표(3); 변의 길이"
"260711_삼각비(4).pdf","018c8468f006827c5032a0c7b43afe81c349bfc41d5317f3c8a3d47df896b8d9","088","22","33","삼각비의 표(3); 변의 길이"
"260711_삼각비(4).pdf","018c8468f006827c5032a0c7b43afe81c349bfc41d5317f3c8a3d47df896b8d9","089","23","84","직각삼각형의 변의 길이"
"260711_삼각비(4).pdf","018c8468f006827c5032a0c7b43afe81c349bfc41d5317f3c8a3d47df896b8d9","090","23","62","직각삼각형의 변의 길이"
"260711_삼각비(4).pdf","018c8468f006827c5032a0c7b43afe81c349bfc41d5317f3c8a3d47df896b8d9","091","23","62","직각삼각형의 변의 길이"
"260711_삼각비(4).pdf","018c8468f006827c5032a0c7b43afe81c349bfc41d5317f3c8a3d47df896b8d9","092","23","78","직각삼각형의 변의 길이"
"260711_삼각비(4).pdf","018c8468f006827c5032a0c7b43afe81c349bfc41d5317f3c8a3d47df896b8d9","093","24","51","직각삼각형의 변의 길이"
"260711_삼각비(4).pdf","018c8468f006827c5032a0c7b43afe81c349bfc41d5317f3c8a3d47df896b8d9","094","24","43","입체도형에서 직각삼각형의 변의 길이의 활용"
"260711_삼각비(4).pdf","018c8468f006827c5032a0c7b43afe81c349bfc41d5317f3c8a3d47df896b8d9","095","24","83","입체도형에서 직각삼각형의 변의 길이의 활용"
"260711_삼각비(4).pdf","018c8468f006827c5032a0c7b43afe81c349bfc41d5317f3c8a3d47df896b8d9","096","24","66","입체도형에서 직각삼각형의 변의 길이의 활용"
"260711_삼각비(4).pdf","018c8468f006827c5032a0c7b43afe81c349bfc41d5317f3c8a3d47df896b8d9","097","25","64","입체도형에서 직각삼각형의 변의 길이의 활용"
"260711_삼각비(4).pdf","018c8468f006827c5032a0c7b43afe81c349bfc41d5317f3c8a3d47df896b8d9","098","25","85","입체도형에서 직각삼각형의 변의 길이의 활용"
"260711_삼각비(4).pdf","018c8468f006827c5032a0c7b43afe81c349bfc41d5317f3c8a3d47df896b8d9","099","25","31","실생활에서 직각삼각형의 변의 길이"
"260711_삼각비(4).pdf","018c8468f006827c5032a0c7b43afe81c349bfc41d5317f3c8a3d47df896b8d9","100","25","90","실생활에서 직각삼각형의 변의 길이"
"260711_삼각비(4).pdf","018c8468f006827c5032a0c7b43afe81c349bfc41d5317f3c8a3d47df896b8d9","101","26","79","실생활에서 직각삼각형의 변의 길이"
"260711_삼각비(4).pdf","018c8468f006827c5032a0c7b43afe81c349bfc41d5317f3c8a3d47df896b8d9","102","26","85","실생활에서 직각삼각형의 변의 길이"
"260711_삼각비(4).pdf","018c8468f006827c5032a0c7b43afe81c349bfc41d5317f3c8a3d47df896b8d9","103","26","76","실생활에서 직각삼각형의 변의 길이"
"260711_삼각비(4).pdf","018c8468f006827c5032a0c7b43afe81c349bfc41d5317f3c8a3d47df896b8d9","104","26","68","일반 삼각형의 변의 길이(1); 두 변의 길이와 그 끼인각의 크기를 알 때"
"260711_삼각비(4).pdf","018c8468f006827c5032a0c7b43afe81c349bfc41d5317f3c8a3d47df896b8d9","105","27","66","일반 삼각형의 변의 길이(1); 두 변의 길이와 그 끼인각의 크기를 알 때"
"260711_삼각비(4).pdf","018c8468f006827c5032a0c7b43afe81c349bfc41d5317f3c8a3d47df896b8d9","106","27","84","일반 삼각형의 변의 길이(2); 한 변의 길이와 그 양 끝 각의 크기를 알 때"
"260711_삼각비(4).pdf","018c8468f006827c5032a0c7b43afe81c349bfc41d5317f3c8a3d47df896b8d9","107","27","66","일반 삼각형의 변의 길이(2); 한 변의 길이와 그 양 끝 각의 크기를 알 때"
"260711_삼각비(4).pdf","018c8468f006827c5032a0c7b43afe81c349bfc41d5317f3c8a3d47df896b8d9","108","27","73","일반 삼각형의 변의 길이(2); 한 변의 길이와 그 양 끝 각의 크기를 알 때"
"260711_삼각비(4).pdf","018c8468f006827c5032a0c7b43afe81c349bfc41d5317f3c8a3d47df896b8d9","109","28","59","일반 삼각형의 변의 길이(2); 한 변의 길이와 그 양 끝 각의 크기를 알 때"
"260711_삼각비(4).pdf","018c8468f006827c5032a0c7b43afe81c349bfc41d5317f3c8a3d47df896b8d9","110","28","69","일반 삼각형의 변의 길이(2); 한 변의 길이와 그 양 끝 각의 크기를 알 때"
"260711_삼각비(4).pdf","018c8468f006827c5032a0c7b43afe81c349bfc41d5317f3c8a3d47df896b8d9","111","28","86","예각삼각형의 높이"
"260711_삼각비(4).pdf","018c8468f006827c5032a0c7b43afe81c349bfc41d5317f3c8a3d47df896b8d9","112","28","76","예각삼각형의 높이"
"260711_삼각비(4).pdf","018c8468f006827c5032a0c7b43afe81c349bfc41d5317f3c8a3d47df896b8d9","113","29","63","예각삼각형의 높이"
"260711_삼각비(4).pdf","018c8468f006827c5032a0c7b43afe81c349bfc41d5317f3c8a3d47df896b8d9","114","29","85","예각삼각형의 높이"
"260711_삼각비(4).pdf","018c8468f006827c5032a0c7b43afe81c349bfc41d5317f3c8a3d47df896b8d9","115","29","73","예각삼각형의 높이"
"260711_삼각비(4).pdf","018c8468f006827c5032a0c7b43afe81c349bfc41d5317f3c8a3d47df896b8d9","116","29","82","둔각삼각형의 높이"
"260711_삼각비(4).pdf","018c8468f006827c5032a0c7b43afe81c349bfc41d5317f3c8a3d47df896b8d9","117","30","77","둔각삼각형의 높이"
"260711_삼각비(4).pdf","018c8468f006827c5032a0c7b43afe81c349bfc41d5317f3c8a3d47df896b8d9","118","30","78","둔각삼각형의 높이"
"260711_삼각비(4).pdf","018c8468f006827c5032a0c7b43afe81c349bfc41d5317f3c8a3d47df896b8d9","119","30","64","둔각삼각형의 높이"
"260711_삼각비(4).pdf","018c8468f006827c5032a0c7b43afe81c349bfc41d5317f3c8a3d47df896b8d9","120","30","78","둔각삼각형의 높이"
"260711_삼각비(4).pdf","018c8468f006827c5032a0c7b43afe81c349bfc41d5317f3c8a3d47df896b8d9","121","31","82","예각삼각형의 넓이"
"260711_삼각비(4).pdf","018c8468f006827c5032a0c7b43afe81c349bfc41d5317f3c8a3d47df896b8d9","122","31","83","예각삼각형의 넓이"
"260711_삼각비(4).pdf","018c8468f006827c5032a0c7b43afe81c349bfc41d5317f3c8a3d47df896b8d9","123","31","67","예각삼각형의 넓이"
"260711_삼각비(4).pdf","018c8468f006827c5032a0c7b43afe81c349bfc41d5317f3c8a3d47df896b8d9","124","31","66","예각삼각형의 넓이"
"260711_삼각비(4).pdf","018c8468f006827c5032a0c7b43afe81c349bfc41d5317f3c8a3d47df896b8d9","125","32","84","예각삼각형의 넓이"
"260711_삼각비(4).pdf","018c8468f006827c5032a0c7b43afe81c349bfc41d5317f3c8a3d47df896b8d9","126","32","66","둔각삼각형의 넓이"
"260711_삼각비(4).pdf","018c8468f006827c5032a0c7b43afe81c349bfc41d5317f3c8a3d47df896b8d9","127","32","63","둔각삼각형의 넓이"
"260711_삼각비(4).pdf","018c8468f006827c5032a0c7b43afe81c349bfc41d5317f3c8a3d47df896b8d9","128","32","79","둔각삼각형의 넓이"
"260711_삼각비(4).pdf","018c8468f006827c5032a0c7b43afe81c349bfc41d5317f3c8a3d47df896b8d9","129","33","74","둔각삼각형의 넓이"
"260711_삼각비(4).pdf","018c8468f006827c5032a0c7b43afe81c349bfc41d5317f3c8a3d47df896b8d9","130","33","65","둔각삼각형의 넓이"
"260711_삼각비(4).pdf","018c8468f006827c5032a0c7b43afe81c349bfc41d5317f3c8a3d47df896b8d9","131","33","79","다각형의 넓이"
"260711_삼각비(4).pdf","018c8468f006827c5032a0c7b43afe81c349bfc41d5317f3c8a3d47df896b8d9","132","33","80","다각형의 넓이"
"260711_삼각비(4).pdf","018c8468f006827c5032a0c7b43afe81c349bfc41d5317f3c8a3d47df896b8d9","133","34","84","다각형의 넓이"
"260711_삼각비(4).pdf","018c8468f006827c5032a0c7b43afe81c349bfc41d5317f3c8a3d47df896b8d9","134","34","82","다각형의 넓이"
"260711_삼각비(4).pdf","018c8468f006827c5032a0c7b43afe81c349bfc41d5317f3c8a3d47df896b8d9","135","34","69","다각형의 넓이"
"260711_삼각비(4).pdf","018c8468f006827c5032a0c7b43afe81c349bfc41d5317f3c8a3d47df896b8d9","136","34","69","정다각형의 넓이"
"260711_삼각비(4).pdf","018c8468f006827c5032a0c7b43afe81c349bfc41d5317f3c8a3d47df896b8d9","137","35","85","정다각형의 넓이"
"260711_삼각비(4).pdf","018c8468f006827c5032a0c7b43afe81c349bfc41d5317f3c8a3d47df896b8d9","138","35","59","정다각형의 넓이"
"260711_삼각비(4).pdf","018c8468f006827c5032a0c7b43afe81c349bfc41d5317f3c8a3d47df896b8d9","139","35","58","정다각형의 넓이"
"260711_삼각비(4).pdf","018c8468f006827c5032a0c7b43afe81c349bfc41d5317f3c8a3d47df896b8d9","140","35","55","정다각형의 넓이"
"260711_삼각비(4).pdf","018c8468f006827c5032a0c7b43afe81c349bfc41d5317f3c8a3d47df896b8d9","141","36","85","평행사변형의 넓이"
"260711_삼각비(4).pdf","018c8468f006827c5032a0c7b43afe81c349bfc41d5317f3c8a3d47df896b8d9","142","36","80","평행사변형의 넓이"
"260711_삼각비(4).pdf","018c8468f006827c5032a0c7b43afe81c349bfc41d5317f3c8a3d47df896b8d9","143","36","83","평행사변형의 넓이"
"260711_삼각비(4).pdf","018c8468f006827c5032a0c7b43afe81c349bfc41d5317f3c8a3d47df896b8d9","144","36","82","평행사변형의 넓이"
"260711_삼각비(4).pdf","018c8468f006827c5032a0c7b43afe81c349bfc41d5317f3c8a3d47df896b8d9","145","37","70","평행사변형의 넓이"
"260711_삼각비(4).pdf","018c8468f006827c5032a0c7b43afe81c349bfc41d5317f3c8a3d47df896b8d9","146","37","77","사각형의 넓이"
"260711_삼각비(4).pdf","018c8468f006827c5032a0c7b43afe81c349bfc41d5317f3c8a3d47df896b8d9","147","37","88","사각형의 넓이"
"260711_삼각비(4).pdf","018c8468f006827c5032a0c7b43afe81c349bfc41d5317f3c8a3d47df896b8d9","148","37","71","사각형의 넓이"
"260711_삼각비(4).pdf","018c8468f006827c5032a0c7b43afe81c349bfc41d5317f3c8a3d47df896b8d9","149","38","90","사각형의 넓이"
"260711_삼각비(4).pdf","018c8468f006827c5032a0c7b43afe81c349bfc41d5317f3c8a3d47df896b8d9","150","38","68","사각형의 넓이"
"260711_삼각비(5).pdf","822bb7fc363b27f3819db3cc87244ebd2f0f21c8d09de03aba3efd43d6c04e86","001","1","83","한 삼각비가 주어진 경우의 다른 삼각비의 값"
"260711_삼각비(5).pdf","822bb7fc363b27f3819db3cc87244ebd2f0f21c8d09de03aba3efd43d6c04e86","002","1","79","한 삼각비가 주어진 경우의 다른 삼각비의 값"
"260711_삼각비(5).pdf","822bb7fc363b27f3819db3cc87244ebd2f0f21c8d09de03aba3efd43d6c04e86","003","1","87","한 삼각비가 주어진 경우의 다른 삼각비의 값"
"260711_삼각비(5).pdf","822bb7fc363b27f3819db3cc87244ebd2f0f21c8d09de03aba3efd43d6c04e86","004","1","67","한 삼각비가 주어진 경우의 다른 삼각비의 값"
"260711_삼각비(5).pdf","822bb7fc363b27f3819db3cc87244ebd2f0f21c8d09de03aba3efd43d6c04e86","005","2","66","직각삼각형의 닮음과 삼각비(1)"
"260711_삼각비(5).pdf","822bb7fc363b27f3819db3cc87244ebd2f0f21c8d09de03aba3efd43d6c04e86","006","2","82","직각삼각형의 닮음과 삼각비(1)"
"260711_삼각비(5).pdf","822bb7fc363b27f3819db3cc87244ebd2f0f21c8d09de03aba3efd43d6c04e86","007","2","82","직각삼각형의 닮음과 삼각비(1)"
"260711_삼각비(5).pdf","822bb7fc363b27f3819db3cc87244ebd2f0f21c8d09de03aba3efd43d6c04e86","008","2","81","직각삼각형의 닮음과 삼각비(1)"
"260711_삼각비(5).pdf","822bb7fc363b27f3819db3cc87244ebd2f0f21c8d09de03aba3efd43d6c04e86","009","3","63","직각삼각형의 닮음과 삼각비(1)"
"260711_삼각비(5).pdf","822bb7fc363b27f3819db3cc87244ebd2f0f21c8d09de03aba3efd43d6c04e86","010","3","72","직각삼각형의 닮음과 삼각비(1)"
"260711_삼각비(5).pdf","822bb7fc363b27f3819db3cc87244ebd2f0f21c8d09de03aba3efd43d6c04e86","011","3","63","직각삼각형의 닮음과 삼각비(2)"
"260711_삼각비(5).pdf","822bb7fc363b27f3819db3cc87244ebd2f0f21c8d09de03aba3efd43d6c04e86","012","4","74","직각삼각형의 닮음과 삼각비(2)"
"260711_삼각비(5).pdf","822bb7fc363b27f3819db3cc87244ebd2f0f21c8d09de03aba3efd43d6c04e86","013","4","68","직각삼각형의 닮음과 삼각비(2)"
"260711_삼각비(5).pdf","822bb7fc363b27f3819db3cc87244ebd2f0f21c8d09de03aba3efd43d6c04e86","014","4","92","직각삼각형의 닮음과 삼각비(2)"
"260711_삼각비(5).pdf","822bb7fc363b27f3819db3cc87244ebd2f0f21c8d09de03aba3efd43d6c04e86","015","4","85","직각삼각형의 닮음과 삼각비(2)"
"260711_삼각비(5).pdf","822bb7fc363b27f3819db3cc87244ebd2f0f21c8d09de03aba3efd43d6c04e86","016","5","32","직각삼각형의 닮음과 삼각비(2)"
"260711_삼각비(5).pdf","822bb7fc363b27f3819db3cc87244ebd2f0f21c8d09de03aba3efd43d6c04e86","017","5","86","직선의 방정식과 삼각비의 값"
"260711_삼각비(5).pdf","822bb7fc363b27f3819db3cc87244ebd2f0f21c8d09de03aba3efd43d6c04e86","018","5","53","직선의 방정식과 삼각비의 값"
"260711_삼각비(5).pdf","822bb7fc363b27f3819db3cc87244ebd2f0f21c8d09de03aba3efd43d6c04e86","019","5","83","직선의 방정식과 삼각비의 값"
"260711_삼각비(5).pdf","822bb7fc363b27f3819db3cc87244ebd2f0f21c8d09de03aba3efd43d6c04e86","020","6","88","직선의 방정식과 삼각비의 값"
"260711_삼각비(5).pdf","822bb7fc363b27f3819db3cc87244ebd2f0f21c8d09de03aba3efd43d6c04e86","021","6","72","직선의 방정식과 삼각비의 값"
"260711_삼각비(5).pdf","822bb7fc363b27f3819db3cc87244ebd2f0f21c8d09de03aba3efd43d6c04e86","022","6","76","직선의 방정식과 삼각비의 값"
"260711_삼각비(5).pdf","822bb7fc363b27f3819db3cc87244ebd2f0f21c8d09de03aba3efd43d6c04e86","023","6","90","평면도형에서의 삼각비의 값"
"260711_삼각비(5).pdf","822bb7fc363b27f3819db3cc87244ebd2f0f21c8d09de03aba3efd43d6c04e86","024","7","90","평면도형에서의 삼각비의 값"
"260711_삼각비(5).pdf","822bb7fc363b27f3819db3cc87244ebd2f0f21c8d09de03aba3efd43d6c04e86","025","7","61","평면도형에서의 삼각비의 값"
"260711_삼각비(5).pdf","822bb7fc363b27f3819db3cc87244ebd2f0f21c8d09de03aba3efd43d6c04e86","026","7","82","평면도형에서의 삼각비의 값"
"260711_삼각비(5).pdf","822bb7fc363b27f3819db3cc87244ebd2f0f21c8d09de03aba3efd43d6c04e86","027","7","90","평면도형에서의 삼각비의 값"
"260711_삼각비(5).pdf","822bb7fc363b27f3819db3cc87244ebd2f0f21c8d09de03aba3efd43d6c04e86","028","8","89","입체도형에서의 삼각비의 값"
"260711_삼각비(5).pdf","822bb7fc363b27f3819db3cc87244ebd2f0f21c8d09de03aba3efd43d6c04e86","029","8","80","입체도형에서의 삼각비의 값"
"260711_삼각비(5).pdf","822bb7fc363b27f3819db3cc87244ebd2f0f21c8d09de03aba3efd43d6c04e86","030","8","85","입체도형에서의 삼각비의 값"
"260711_삼각비(5).pdf","822bb7fc363b27f3819db3cc87244ebd2f0f21c8d09de03aba3efd43d6c04e86","031","8","70","입체도형에서의 삼각비의 값"
"260711_삼각비(5).pdf","822bb7fc363b27f3819db3cc87244ebd2f0f21c8d09de03aba3efd43d6c04e86","032","9","88","입체도형에서의 삼각비의 값"
"260711_삼각비(5).pdf","822bb7fc363b27f3819db3cc87244ebd2f0f21c8d09de03aba3efd43d6c04e86","033","9","85","특수한 각(30˚, 45˚, 60˚)의 삼각비의 값"
"260711_삼각비(5).pdf","822bb7fc363b27f3819db3cc87244ebd2f0f21c8d09de03aba3efd43d6c04e86","034","9","76","특수한 각(30˚, 45˚, 60˚)의 삼각비의 값"
"260711_삼각비(5).pdf","822bb7fc363b27f3819db3cc87244ebd2f0f21c8d09de03aba3efd43d6c04e86","035","9","81","특수한 각(30˚, 45˚, 60˚)의 삼각비의 값"
"260711_삼각비(5).pdf","822bb7fc363b27f3819db3cc87244ebd2f0f21c8d09de03aba3efd43d6c04e86","036","10","84","특수한 각(30˚, 45˚, 60˚)의 삼각비의 값"
"260711_삼각비(5).pdf","822bb7fc363b27f3819db3cc87244ebd2f0f21c8d09de03aba3efd43d6c04e86","037","10","82","특수한 각(30˚, 45˚, 60˚)의 삼각비의 값"
"260711_삼각비(5).pdf","822bb7fc363b27f3819db3cc87244ebd2f0f21c8d09de03aba3efd43d6c04e86","038","10","81","특수한 각(30˚, 45˚, 60˚)의 삼각비의 값"
"260711_삼각비(5).pdf","822bb7fc363b27f3819db3cc87244ebd2f0f21c8d09de03aba3efd43d6c04e86","039","10","62","특수한 각의 삼각비를 이용하여 변의 길이 구하기"
"260711_삼각비(5).pdf","822bb7fc363b27f3819db3cc87244ebd2f0f21c8d09de03aba3efd43d6c04e86","040","11","87","특수한 각의 삼각비를 이용하여 변의 길이 구하기"
"260711_삼각비(5).pdf","822bb7fc363b27f3819db3cc87244ebd2f0f21c8d09de03aba3efd43d6c04e86","041","11","88","특수한 각의 삼각비를 이용하여 변의 길이 구하기"
"260711_삼각비(5).pdf","822bb7fc363b27f3819db3cc87244ebd2f0f21c8d09de03aba3efd43d6c04e86","042","11","86","특수한 각의 삼각비를 이용하여 변의 길이 구하기"
"260711_삼각비(5).pdf","822bb7fc363b27f3819db3cc87244ebd2f0f21c8d09de03aba3efd43d6c04e86","043","11","90","특수한 각의 삼각비를 이용하여 변의 길이 구하기"
"260711_삼각비(5).pdf","822bb7fc363b27f3819db3cc87244ebd2f0f21c8d09de03aba3efd43d6c04e86","044","12","91","특수한 각의 삼각비를 이용하여 변의 길이 구하기"
"260711_삼각비(5).pdf","822bb7fc363b27f3819db3cc87244ebd2f0f21c8d09de03aba3efd43d6c04e86","045","12","71","특수한 각의 삼각비를 이용하여 다른 삼각비의 값 구하기"
"260711_삼각비(5).pdf","822bb7fc363b27f3819db3cc87244ebd2f0f21c8d09de03aba3efd43d6c04e86","046","12","88","특수한 각의 삼각비를 이용하여 다른 삼각비의 값 구하기"
"260711_삼각비(5).pdf","822bb7fc363b27f3819db3cc87244ebd2f0f21c8d09de03aba3efd43d6c04e86","047","12","91","특수한 각의 삼각비를 이용하여 다른 삼각비의 값 구하기"
"260711_삼각비(5).pdf","822bb7fc363b27f3819db3cc87244ebd2f0f21c8d09de03aba3efd43d6c04e86","048","13","87","특수한 각의 삼각비를 이용하여 다른 삼각비의 값 구하기"
"260711_삼각비(5).pdf","822bb7fc363b27f3819db3cc87244ebd2f0f21c8d09de03aba3efd43d6c04e86","049","13","74","특수한 각의 삼각비를 이용하여 다른 삼각비의 값 구하기"
"260711_삼각비(5).pdf","822bb7fc363b27f3819db3cc87244ebd2f0f21c8d09de03aba3efd43d6c04e86","050","13","68","특수한 각의 삼각비를 이용하여 다른 삼각비의 값 구하기"
"260711_삼각비(5).pdf","822bb7fc363b27f3819db3cc87244ebd2f0f21c8d09de03aba3efd43d6c04e86","051","13","74","직선의 기울기와 삼각비의 값"
"260711_삼각비(5).pdf","822bb7fc363b27f3819db3cc87244ebd2f0f21c8d09de03aba3efd43d6c04e86","052","14","90","직선의 기울기와 삼각비의 값"
"260711_삼각비(5).pdf","822bb7fc363b27f3819db3cc87244ebd2f0f21c8d09de03aba3efd43d6c04e86","053","14","75","특수한 각의 삼각비의 도형에의 활용"
"260711_삼각비(5).pdf","822bb7fc363b27f3819db3cc87244ebd2f0f21c8d09de03aba3efd43d6c04e86","054","14","87","특수한 각의 삼각비의 도형에의 활용"
"260711_삼각비(5).pdf","822bb7fc363b27f3819db3cc87244ebd2f0f21c8d09de03aba3efd43d6c04e86","055","14","87","특수한 각의 삼각비의 도형에의 활용"
"260711_삼각비(5).pdf","822bb7fc363b27f3819db3cc87244ebd2f0f21c8d09de03aba3efd43d6c04e86","056","15","57","특수한 각의 삼각비의 도형에의 활용"
"260711_삼각비(5).pdf","822bb7fc363b27f3819db3cc87244ebd2f0f21c8d09de03aba3efd43d6c04e86","057","15","75","특수한 각의 삼각비의 도형에의 활용"
"260711_삼각비(5).pdf","822bb7fc363b27f3819db3cc87244ebd2f0f21c8d09de03aba3efd43d6c04e86","058","15","83","사분원을 이용한 삼각비의 값"
"260711_삼각비(5).pdf","822bb7fc363b27f3819db3cc87244ebd2f0f21c8d09de03aba3efd43d6c04e86","059","15","85","사분원을 이용한 삼각비의 값"
"260711_삼각비(5).pdf","822bb7fc363b27f3819db3cc87244ebd2f0f21c8d09de03aba3efd43d6c04e86","060","16","89","사분원을 이용한 삼각비의 값"
"260711_삼각비(5).pdf","822bb7fc363b27f3819db3cc87244ebd2f0f21c8d09de03aba3efd43d6c04e86","061","16","64","사분원을 이용한 삼각비의 값"
"260711_삼각비(5).pdf","822bb7fc363b27f3819db3cc87244ebd2f0f21c8d09de03aba3efd43d6c04e86","062","16","78","사분원을 이용한 삼각비의 값"
"260711_삼각비(5).pdf","822bb7fc363b27f3819db3cc87244ebd2f0f21c8d09de03aba3efd43d6c04e86","063","16","82","사분원을 이용한 삼각비의 값"
"260711_삼각비(5).pdf","822bb7fc363b27f3819db3cc87244ebd2f0f21c8d09de03aba3efd43d6c04e86","064","17","86","삼각비의 값의 대소 관계"
"260711_삼각비(5).pdf","822bb7fc363b27f3819db3cc87244ebd2f0f21c8d09de03aba3efd43d6c04e86","065","17","87","삼각비의 값의 대소 관계"
"260711_삼각비(5).pdf","822bb7fc363b27f3819db3cc87244ebd2f0f21c8d09de03aba3efd43d6c04e86","066","17","84","삼각비의 값의 대소 관계"
"260711_삼각비(5).pdf","822bb7fc363b27f3819db3cc87244ebd2f0f21c8d09de03aba3efd43d6c04e86","067","17","85","삼각비의 값의 대소 관계"
"260711_삼각비(5).pdf","822bb7fc363b27f3819db3cc87244ebd2f0f21c8d09de03aba3efd43d6c04e86","068","18","33","삼각비의 값의 대소 관계"
"260711_삼각비(5).pdf","822bb7fc363b27f3819db3cc87244ebd2f0f21c8d09de03aba3efd43d6c04e86","069","18","81","삼각비의 값의 대소 관계"
"260711_삼각비(5).pdf","822bb7fc363b27f3819db3cc87244ebd2f0f21c8d09de03aba3efd43d6c04e86","070","18","79","삼각비의 값의 대소 관계를 이용한 식의 계산"
"260711_삼각비(5).pdf","822bb7fc363b27f3819db3cc87244ebd2f0f21c8d09de03aba3efd43d6c04e86","071","18","73","삼각비의 값의 대소 관계를 이용한 식의 계산"
"260711_삼각비(5).pdf","822bb7fc363b27f3819db3cc87244ebd2f0f21c8d09de03aba3efd43d6c04e86","072","19","80","삼각비의 값의 대소 관계를 이용한 식의 계산"
"260711_삼각비(5).pdf","822bb7fc363b27f3819db3cc87244ebd2f0f21c8d09de03aba3efd43d6c04e86","073","19","70","삼각비의 값의 대소 관계를 이용한 식의 계산"
"260711_삼각비(5).pdf","822bb7fc363b27f3819db3cc87244ebd2f0f21c8d09de03aba3efd43d6c04e86","074","19","83","삼각비의 값의 대소 관계를 이용한 식의 계산"
"260711_삼각비(5).pdf","822bb7fc363b27f3819db3cc87244ebd2f0f21c8d09de03aba3efd43d6c04e86","075","19","70","삼각비의 값의 대소 관계를 이용한 식의 계산"
"260711_삼각비(5).pdf","822bb7fc363b27f3819db3cc87244ebd2f0f21c8d09de03aba3efd43d6c04e86","076","20","79","삼각비의 표(3); 변의 길이"
"260711_삼각비(5).pdf","822bb7fc363b27f3819db3cc87244ebd2f0f21c8d09de03aba3efd43d6c04e86","077","20","87","삼각비의 표(3); 변의 길이"
"260711_삼각비(5).pdf","822bb7fc363b27f3819db3cc87244ebd2f0f21c8d09de03aba3efd43d6c04e86","078","20","34","삼각비의 표(3); 변의 길이"
"260711_삼각비(5).pdf","822bb7fc363b27f3819db3cc87244ebd2f0f21c8d09de03aba3efd43d6c04e86","079","20","52","삼각비의 표(3); 변의 길이"
"260711_삼각비(5).pdf","822bb7fc363b27f3819db3cc87244ebd2f0f21c8d09de03aba3efd43d6c04e86","080","21","75","삼각비의 표(3); 변의 길이"
"260711_삼각비(5).pdf","822bb7fc363b27f3819db3cc87244ebd2f0f21c8d09de03aba3efd43d6c04e86","081","21","53","직각삼각형의 변의 길이"
"260711_삼각비(5).pdf","822bb7fc363b27f3819db3cc87244ebd2f0f21c8d09de03aba3efd43d6c04e86","082","21","71","직각삼각형의 변의 길이"
"260711_삼각비(5).pdf","822bb7fc363b27f3819db3cc87244ebd2f0f21c8d09de03aba3efd43d6c04e86","083","21","80","직각삼각형의 변의 길이"
"260711_삼각비(5).pdf","822bb7fc363b27f3819db3cc87244ebd2f0f21c8d09de03aba3efd43d6c04e86","084","22","52","직각삼각형의 변의 길이"
"260711_삼각비(5).pdf","822bb7fc363b27f3819db3cc87244ebd2f0f21c8d09de03aba3efd43d6c04e86","085","22","52","직각삼각형의 변의 길이"
"260711_삼각비(5).pdf","822bb7fc363b27f3819db3cc87244ebd2f0f21c8d09de03aba3efd43d6c04e86","086","22","79","직각삼각형의 변의 길이"
"260711_삼각비(5).pdf","822bb7fc363b27f3819db3cc87244ebd2f0f21c8d09de03aba3efd43d6c04e86","087","22","74","입체도형에서 직각삼각형의 변의 길이의 활용"
"260711_삼각비(5).pdf","822bb7fc363b27f3819db3cc87244ebd2f0f21c8d09de03aba3efd43d6c04e86","088","23","76","입체도형에서 직각삼각형의 변의 길이의 활용"
"260711_삼각비(5).pdf","822bb7fc363b27f3819db3cc87244ebd2f0f21c8d09de03aba3efd43d6c04e86","089","23","82","입체도형에서 직각삼각형의 변의 길이의 활용"
"260711_삼각비(5).pdf","822bb7fc363b27f3819db3cc87244ebd2f0f21c8d09de03aba3efd43d6c04e86","090","23","83","입체도형에서 직각삼각형의 변의 길이의 활용"
"260711_삼각비(5).pdf","822bb7fc363b27f3819db3cc87244ebd2f0f21c8d09de03aba3efd43d6c04e86","091","23","60","입체도형에서 직각삼각형의 변의 길이의 활용"
"260711_삼각비(5).pdf","822bb7fc363b27f3819db3cc87244ebd2f0f21c8d09de03aba3efd43d6c04e86","092","24","80","입체도형에서 직각삼각형의 변의 길이의 활용"
"260711_삼각비(5).pdf","822bb7fc363b27f3819db3cc87244ebd2f0f21c8d09de03aba3efd43d6c04e86","093","24","46","실생활에서 직각삼각형의 변의 길이"
"260711_삼각비(5).pdf","822bb7fc363b27f3819db3cc87244ebd2f0f21c8d09de03aba3efd43d6c04e86","094","24","86","실생활에서 직각삼각형의 변의 길이"
"260711_삼각비(5).pdf","822bb7fc363b27f3819db3cc87244ebd2f0f21c8d09de03aba3efd43d6c04e86","095","24","85","실생활에서 직각삼각형의 변의 길이"
"260711_삼각비(5).pdf","822bb7fc363b27f3819db3cc87244ebd2f0f21c8d09de03aba3efd43d6c04e86","096","25","90","실생활에서 직각삼각형의 변의 길이"
"260711_삼각비(5).pdf","822bb7fc363b27f3819db3cc87244ebd2f0f21c8d09de03aba3efd43d6c04e86","097","25","87","실생활에서 직각삼각형의 변의 길이"
"260711_삼각비(5).pdf","822bb7fc363b27f3819db3cc87244ebd2f0f21c8d09de03aba3efd43d6c04e86","098","25","83","실생활에서 직각삼각형의 변의 길이"
"260711_삼각비(5).pdf","822bb7fc363b27f3819db3cc87244ebd2f0f21c8d09de03aba3efd43d6c04e86","099","25","65","일반 삼각형의 변의 길이(2); 한 변의 길이와 그 양 끝 각의 크기를 알 때"
"260711_삼각비(5).pdf","822bb7fc363b27f3819db3cc87244ebd2f0f21c8d09de03aba3efd43d6c04e86","100","26","65","일반 삼각형의 변의 길이(2); 한 변의 길이와 그 양 끝 각의 크기를 알 때"
"260711_삼각비(5).pdf","822bb7fc363b27f3819db3cc87244ebd2f0f21c8d09de03aba3efd43d6c04e86","101","26","77","일반 삼각형의 변의 길이(2); 한 변의 길이와 그 양 끝 각의 크기를 알 때"
"260711_삼각비(5).pdf","822bb7fc363b27f3819db3cc87244ebd2f0f21c8d09de03aba3efd43d6c04e86","102","26","81","일반 삼각형의 변의 길이(2); 한 변의 길이와 그 양 끝 각의 크기를 알 때"
"260711_삼각비(5).pdf","822bb7fc363b27f3819db3cc87244ebd2f0f21c8d09de03aba3efd43d6c04e86","103","26","61","일반 삼각형의 변의 길이(2); 한 변의 길이와 그 양 끝 각의 크기를 알 때"
"260711_삼각비(5).pdf","822bb7fc363b27f3819db3cc87244ebd2f0f21c8d09de03aba3efd43d6c04e86","104","27","60","일반 삼각형의 변의 길이(2); 한 변의 길이와 그 양 끝 각의 크기를 알 때"
"260711_삼각비(5).pdf","822bb7fc363b27f3819db3cc87244ebd2f0f21c8d09de03aba3efd43d6c04e86","105","27","76","예각삼각형의 높이"
"260711_삼각비(5).pdf","822bb7fc363b27f3819db3cc87244ebd2f0f21c8d09de03aba3efd43d6c04e86","106","27","69","예각삼각형의 높이"
"260711_삼각비(5).pdf","822bb7fc363b27f3819db3cc87244ebd2f0f21c8d09de03aba3efd43d6c04e86","107","27","83","예각삼각형의 높이"
"260711_삼각비(5).pdf","822bb7fc363b27f3819db3cc87244ebd2f0f21c8d09de03aba3efd43d6c04e86","108","28","86","예각삼각형의 높이"
"260711_삼각비(5).pdf","822bb7fc363b27f3819db3cc87244ebd2f0f21c8d09de03aba3efd43d6c04e86","109","28","89","예각삼각형의 높이"
"260711_삼각비(5).pdf","822bb7fc363b27f3819db3cc87244ebd2f0f21c8d09de03aba3efd43d6c04e86","110","28","68","예각삼각형의 높이"
"260711_삼각비(5).pdf","822bb7fc363b27f3819db3cc87244ebd2f0f21c8d09de03aba3efd43d6c04e86","111","28","78","둔각삼각형의 높이"
"260711_삼각비(5).pdf","822bb7fc363b27f3819db3cc87244ebd2f0f21c8d09de03aba3efd43d6c04e86","112","29","76","둔각삼각형의 높이"
"260711_삼각비(5).pdf","822bb7fc363b27f3819db3cc87244ebd2f0f21c8d09de03aba3efd43d6c04e86","113","29","74","둔각삼각형의 높이"
"260711_삼각비(5).pdf","822bb7fc363b27f3819db3cc87244ebd2f0f21c8d09de03aba3efd43d6c04e86","114","29","74","둔각삼각형의 높이"
"260711_삼각비(5).pdf","822bb7fc363b27f3819db3cc87244ebd2f0f21c8d09de03aba3efd43d6c04e86","115","30","77","둔각삼각형의 높이"
"260711_삼각비(5).pdf","822bb7fc363b27f3819db3cc87244ebd2f0f21c8d09de03aba3efd43d6c04e86","116","30","71","둔각삼각형의 높이"
"260711_삼각비(5).pdf","822bb7fc363b27f3819db3cc87244ebd2f0f21c8d09de03aba3efd43d6c04e86","117","30","55","예각삼각형의 넓이"
"260711_삼각비(5).pdf","822bb7fc363b27f3819db3cc87244ebd2f0f21c8d09de03aba3efd43d6c04e86","118","30","81","예각삼각형의 넓이"
"260711_삼각비(5).pdf","822bb7fc363b27f3819db3cc87244ebd2f0f21c8d09de03aba3efd43d6c04e86","119","31","77","예각삼각형의 넓이"
"260711_삼각비(5).pdf","822bb7fc363b27f3819db3cc87244ebd2f0f21c8d09de03aba3efd43d6c04e86","120","31","64","예각삼각형의 넓이"
"260711_삼각비(5).pdf","822bb7fc363b27f3819db3cc87244ebd2f0f21c8d09de03aba3efd43d6c04e86","121","31","69","둔각삼각형의 넓이"
"260711_삼각비(5).pdf","822bb7fc363b27f3819db3cc87244ebd2f0f21c8d09de03aba3efd43d6c04e86","122","31","91","둔각삼각형의 넓이"
"260711_삼각비(5).pdf","822bb7fc363b27f3819db3cc87244ebd2f0f21c8d09de03aba3efd43d6c04e86","123","32","68","둔각삼각형의 넓이"
"260711_삼각비(5).pdf","822bb7fc363b27f3819db3cc87244ebd2f0f21c8d09de03aba3efd43d6c04e86","124","32","77","둔각삼각형의 넓이"
"260711_삼각비(5).pdf","822bb7fc363b27f3819db3cc87244ebd2f0f21c8d09de03aba3efd43d6c04e86","125","32","69","둔각삼각형의 넓이"
"260711_삼각비(5).pdf","822bb7fc363b27f3819db3cc87244ebd2f0f21c8d09de03aba3efd43d6c04e86","126","32","65","둔각삼각형의 넓이"
"260711_삼각비(5).pdf","822bb7fc363b27f3819db3cc87244ebd2f0f21c8d09de03aba3efd43d6c04e86","127","33","88","다각형의 넓이"
"260711_삼각비(5).pdf","822bb7fc363b27f3819db3cc87244ebd2f0f21c8d09de03aba3efd43d6c04e86","128","33","75","다각형의 넓이"
"260711_삼각비(5).pdf","822bb7fc363b27f3819db3cc87244ebd2f0f21c8d09de03aba3efd43d6c04e86","129","33","87","다각형의 넓이"
"260711_삼각비(5).pdf","822bb7fc363b27f3819db3cc87244ebd2f0f21c8d09de03aba3efd43d6c04e86","130","33","84","다각형의 넓이"
"260711_삼각비(5).pdf","822bb7fc363b27f3819db3cc87244ebd2f0f21c8d09de03aba3efd43d6c04e86","131","34","66","다각형의 넓이"
"260711_삼각비(5).pdf","822bb7fc363b27f3819db3cc87244ebd2f0f21c8d09de03aba3efd43d6c04e86","132","34","86","다각형의 넓이"
"260711_삼각비(5).pdf","822bb7fc363b27f3819db3cc87244ebd2f0f21c8d09de03aba3efd43d6c04e86","133","34","77","정다각형의 넓이"
"260711_삼각비(5).pdf","822bb7fc363b27f3819db3cc87244ebd2f0f21c8d09de03aba3efd43d6c04e86","134","34","57","정다각형의 넓이"
"260711_삼각비(5).pdf","822bb7fc363b27f3819db3cc87244ebd2f0f21c8d09de03aba3efd43d6c04e86","135","35","89","정다각형의 넓이"
"260711_삼각비(5).pdf","822bb7fc363b27f3819db3cc87244ebd2f0f21c8d09de03aba3efd43d6c04e86","136","35","89","정다각형의 넓이"
"260711_삼각비(5).pdf","822bb7fc363b27f3819db3cc87244ebd2f0f21c8d09de03aba3efd43d6c04e86","137","35","63","정다각형의 넓이"
"260711_삼각비(5).pdf","822bb7fc363b27f3819db3cc87244ebd2f0f21c8d09de03aba3efd43d6c04e86","138","35","32","정다각형의 넓이"
"260711_삼각비(5).pdf","822bb7fc363b27f3819db3cc87244ebd2f0f21c8d09de03aba3efd43d6c04e86","139","36","72","평행사변형의 넓이"
"260711_삼각비(5).pdf","822bb7fc363b27f3819db3cc87244ebd2f0f21c8d09de03aba3efd43d6c04e86","140","36","61","평행사변형의 넓이"
"260711_삼각비(5).pdf","822bb7fc363b27f3819db3cc87244ebd2f0f21c8d09de03aba3efd43d6c04e86","141","36","85","평행사변형의 넓이"
"260711_삼각비(5).pdf","822bb7fc363b27f3819db3cc87244ebd2f0f21c8d09de03aba3efd43d6c04e86","142","36","82","평행사변형의 넓이"
"260711_삼각비(5).pdf","822bb7fc363b27f3819db3cc87244ebd2f0f21c8d09de03aba3efd43d6c04e86","143","37","79","평행사변형의 넓이"
"260711_삼각비(5).pdf","822bb7fc363b27f3819db3cc87244ebd2f0f21c8d09de03aba3efd43d6c04e86","144","37","70","평행사변형의 넓이"
"260711_삼각비(5).pdf","822bb7fc363b27f3819db3cc87244ebd2f0f21c8d09de03aba3efd43d6c04e86","145","37","81","사각형의 넓이"
"260711_삼각비(5).pdf","822bb7fc363b27f3819db3cc87244ebd2f0f21c8d09de03aba3efd43d6c04e86","146","37","70","사각형의 넓이"
"260711_삼각비(5).pdf","822bb7fc363b27f3819db3cc87244ebd2f0f21c8d09de03aba3efd43d6c04e86","147","38","73","사각형의 넓이"
"260711_삼각비(5).pdf","822bb7fc363b27f3819db3cc87244ebd2f0f21c8d09de03aba3efd43d6c04e86","148","38","79","사각형의 넓이"
"260711_삼각비(5).pdf","822bb7fc363b27f3819db3cc87244ebd2f0f21c8d09de03aba3efd43d6c04e86","149","38","89","사각형의 넓이"
"260711_삼각비(5).pdf","822bb7fc363b27f3819db3cc87244ebd2f0f21c8d09de03aba3efd43d6c04e86","150","38","79","사각형의 넓이"
"260711_삼각비(6).pdf","a77d105d839812f1ac5d2b26e0af8771c85ceaa29995997a781aef5b4fbe3f6d","001","1","72","한 삼각비가 주어진 경우의 다른 삼각비의 값"
"260711_삼각비(6).pdf","a77d105d839812f1ac5d2b26e0af8771c85ceaa29995997a781aef5b4fbe3f6d","002","1","52","한 삼각비가 주어진 경우의 다른 삼각비의 값"
"260711_삼각비(6).pdf","a77d105d839812f1ac5d2b26e0af8771c85ceaa29995997a781aef5b4fbe3f6d","003","1","71","한 삼각비가 주어진 경우의 다른 삼각비의 값"
"260711_삼각비(6).pdf","a77d105d839812f1ac5d2b26e0af8771c85ceaa29995997a781aef5b4fbe3f6d","004","1","87","한 삼각비가 주어진 경우의 다른 삼각비의 값"
"260711_삼각비(6).pdf","a77d105d839812f1ac5d2b26e0af8771c85ceaa29995997a781aef5b4fbe3f6d","005","2","71","한 삼각비가 주어진 경우의 다른 삼각비의 값"
"260711_삼각비(6).pdf","a77d105d839812f1ac5d2b26e0af8771c85ceaa29995997a781aef5b4fbe3f6d","006","2","83","한 삼각비가 주어진 경우의 다른 삼각비의 값"
"260711_삼각비(6).pdf","a77d105d839812f1ac5d2b26e0af8771c85ceaa29995997a781aef5b4fbe3f6d","007","2","52","직각삼각형의 닮음과 삼각비(1)"
"260711_삼각비(6).pdf","a77d105d839812f1ac5d2b26e0af8771c85ceaa29995997a781aef5b4fbe3f6d","008","2","50","직각삼각형의 닮음과 삼각비(1)"
"260711_삼각비(6).pdf","a77d105d839812f1ac5d2b26e0af8771c85ceaa29995997a781aef5b4fbe3f6d","009","3","79","직각삼각형의 닮음과 삼각비(1)"
"260711_삼각비(6).pdf","a77d105d839812f1ac5d2b26e0af8771c85ceaa29995997a781aef5b4fbe3f6d","010","3","84","직각삼각형의 닮음과 삼각비(1)"
"260711_삼각비(6).pdf","a77d105d839812f1ac5d2b26e0af8771c85ceaa29995997a781aef5b4fbe3f6d","011","3","81","직각삼각형의 닮음과 삼각비(1)"
"260711_삼각비(6).pdf","a77d105d839812f1ac5d2b26e0af8771c85ceaa29995997a781aef5b4fbe3f6d","012","3","78","직각삼각형의 닮음과 삼각비(1)"
"260711_삼각비(6).pdf","a77d105d839812f1ac5d2b26e0af8771c85ceaa29995997a781aef5b4fbe3f6d","013","4","52","직각삼각형의 닮음과 삼각비(1)"
"260711_삼각비(6).pdf","a77d105d839812f1ac5d2b26e0af8771c85ceaa29995997a781aef5b4fbe3f6d","014","4","80","직각삼각형의 닮음과 삼각비(2)"
"260711_삼각비(6).pdf","a77d105d839812f1ac5d2b26e0af8771c85ceaa29995997a781aef5b4fbe3f6d","015","4","83","직각삼각형의 닮음과 삼각비(2)"
"260711_삼각비(6).pdf","a77d105d839812f1ac5d2b26e0af8771c85ceaa29995997a781aef5b4fbe3f6d","016","4","79","직각삼각형의 닮음과 삼각비(2)"
"260711_삼각비(6).pdf","a77d105d839812f1ac5d2b26e0af8771c85ceaa29995997a781aef5b4fbe3f6d","017","5","82","직각삼각형의 닮음과 삼각비(2)"
"260711_삼각비(6).pdf","a77d105d839812f1ac5d2b26e0af8771c85ceaa29995997a781aef5b4fbe3f6d","018","5","68","직각삼각형의 닮음과 삼각비(2)"
"260711_삼각비(6).pdf","a77d105d839812f1ac5d2b26e0af8771c85ceaa29995997a781aef5b4fbe3f6d","019","5","67","직각삼각형의 닮음과 삼각비(2)"
"260711_삼각비(6).pdf","a77d105d839812f1ac5d2b26e0af8771c85ceaa29995997a781aef5b4fbe3f6d","020","5","67","직선의 방정식과 삼각비의 값"
"260711_삼각비(6).pdf","a77d105d839812f1ac5d2b26e0af8771c85ceaa29995997a781aef5b4fbe3f6d","021","6","80","직선의 방정식과 삼각비의 값"
"260711_삼각비(6).pdf","a77d105d839812f1ac5d2b26e0af8771c85ceaa29995997a781aef5b4fbe3f6d","022","6","54","직선의 방정식과 삼각비의 값"
"260711_삼각비(6).pdf","a77d105d839812f1ac5d2b26e0af8771c85ceaa29995997a781aef5b4fbe3f6d","023","6","80","직선의 방정식과 삼각비의 값"
"260711_삼각비(6).pdf","a77d105d839812f1ac5d2b26e0af8771c85ceaa29995997a781aef5b4fbe3f6d","024","6","67","직선의 방정식과 삼각비의 값"
"260711_삼각비(6).pdf","a77d105d839812f1ac5d2b26e0af8771c85ceaa29995997a781aef5b4fbe3f6d","025","7","54","직선의 방정식과 삼각비의 값"
"260711_삼각비(6).pdf","a77d105d839812f1ac5d2b26e0af8771c85ceaa29995997a781aef5b4fbe3f6d","026","7","58","평면도형에서의 삼각비의 값"
"260711_삼각비(6).pdf","a77d105d839812f1ac5d2b26e0af8771c85ceaa29995997a781aef5b4fbe3f6d","027","7","78","평면도형에서의 삼각비의 값"
"260711_삼각비(6).pdf","a77d105d839812f1ac5d2b26e0af8771c85ceaa29995997a781aef5b4fbe3f6d","028","7","78","평면도형에서의 삼각비의 값"
"260711_삼각비(6).pdf","a77d105d839812f1ac5d2b26e0af8771c85ceaa29995997a781aef5b4fbe3f6d","029","8","88","평면도형에서의 삼각비의 값"
"260711_삼각비(6).pdf","a77d105d839812f1ac5d2b26e0af8771c85ceaa29995997a781aef5b4fbe3f6d","030","8","80","평면도형에서의 삼각비의 값"
"260711_삼각비(6).pdf","a77d105d839812f1ac5d2b26e0af8771c85ceaa29995997a781aef5b4fbe3f6d","031","8","72","평면도형에서의 삼각비의 값"
"260711_삼각비(6).pdf","a77d105d839812f1ac5d2b26e0af8771c85ceaa29995997a781aef5b4fbe3f6d","032","8","53","입체도형에서의 삼각비의 값"
"260711_삼각비(6).pdf","a77d105d839812f1ac5d2b26e0af8771c85ceaa29995997a781aef5b4fbe3f6d","033","9","80","입체도형에서의 삼각비의 값"
"260711_삼각비(6).pdf","a77d105d839812f1ac5d2b26e0af8771c85ceaa29995997a781aef5b4fbe3f6d","034","9","91","입체도형에서의 삼각비의 값"
"260711_삼각비(6).pdf","a77d105d839812f1ac5d2b26e0af8771c85ceaa29995997a781aef5b4fbe3f6d","035","9","57","입체도형에서의 삼각비의 값"
"260711_삼각비(6).pdf","a77d105d839812f1ac5d2b26e0af8771c85ceaa29995997a781aef5b4fbe3f6d","036","9","69","입체도형에서의 삼각비의 값"
"260711_삼각비(6).pdf","a77d105d839812f1ac5d2b26e0af8771c85ceaa29995997a781aef5b4fbe3f6d","037","10","30","입체도형에서의 삼각비의 값"
"260711_삼각비(6).pdf","a77d105d839812f1ac5d2b26e0af8771c85ceaa29995997a781aef5b4fbe3f6d","038","10","82","특수한 각(30˚, 45˚, 60˚)의 삼각비의 값"
"260711_삼각비(6).pdf","a77d105d839812f1ac5d2b26e0af8771c85ceaa29995997a781aef5b4fbe3f6d","039","10","81","특수한 각(30˚, 45˚, 60˚)의 삼각비의 값"
"260711_삼각비(6).pdf","a77d105d839812f1ac5d2b26e0af8771c85ceaa29995997a781aef5b4fbe3f6d","040","10","80","특수한 각(30˚, 45˚, 60˚)의 삼각비의 값"
"260711_삼각비(6).pdf","a77d105d839812f1ac5d2b26e0af8771c85ceaa29995997a781aef5b4fbe3f6d","041","11","82","특수한 각(30˚, 45˚, 60˚)의 삼각비의 값"
"260711_삼각비(6).pdf","a77d105d839812f1ac5d2b26e0af8771c85ceaa29995997a781aef5b4fbe3f6d","042","11","54","특수한 각(30˚, 45˚, 60˚)의 삼각비의 값"
"260711_삼각비(6).pdf","a77d105d839812f1ac5d2b26e0af8771c85ceaa29995997a781aef5b4fbe3f6d","043","11","78","특수한 각(30˚, 45˚, 60˚)의 삼각비의 값"
"260711_삼각비(6).pdf","a77d105d839812f1ac5d2b26e0af8771c85ceaa29995997a781aef5b4fbe3f6d","044","11","89","특수한 각의 삼각비를 이용하여 변의 길이 구하기"
"260711_삼각비(6).pdf","a77d105d839812f1ac5d2b26e0af8771c85ceaa29995997a781aef5b4fbe3f6d","045","12","79","특수한 각의 삼각비를 이용하여 변의 길이 구하기"
"260711_삼각비(6).pdf","a77d105d839812f1ac5d2b26e0af8771c85ceaa29995997a781aef5b4fbe3f6d","046","12","89","특수한 각의 삼각비를 이용하여 변의 길이 구하기"
"260711_삼각비(6).pdf","a77d105d839812f1ac5d2b26e0af8771c85ceaa29995997a781aef5b4fbe3f6d","047","12","83","특수한 각의 삼각비를 이용하여 변의 길이 구하기"
"260711_삼각비(6).pdf","a77d105d839812f1ac5d2b26e0af8771c85ceaa29995997a781aef5b4fbe3f6d","048","12","89","특수한 각의 삼각비를 이용하여 변의 길이 구하기"
"260711_삼각비(6).pdf","a77d105d839812f1ac5d2b26e0af8771c85ceaa29995997a781aef5b4fbe3f6d","049","13","87","특수한 각의 삼각비를 이용하여 변의 길이 구하기"
"260711_삼각비(6).pdf","a77d105d839812f1ac5d2b26e0af8771c85ceaa29995997a781aef5b4fbe3f6d","050","13","81","특수한 각의 삼각비를 이용하여 변의 길이 구하기"
"260711_삼각비(6).pdf","a77d105d839812f1ac5d2b26e0af8771c85ceaa29995997a781aef5b4fbe3f6d","051","13","57","특수한 각의 삼각비를 이용하여 다른 삼각비의 값 구하기"
"260711_삼각비(6).pdf","a77d105d839812f1ac5d2b26e0af8771c85ceaa29995997a781aef5b4fbe3f6d","052","13","66","특수한 각의 삼각비를 이용하여 다른 삼각비의 값 구하기"
"260711_삼각비(6).pdf","a77d105d839812f1ac5d2b26e0af8771c85ceaa29995997a781aef5b4fbe3f6d","053","14","86","특수한 각의 삼각비를 이용하여 다른 삼각비의 값 구하기"
"260711_삼각비(6).pdf","a77d105d839812f1ac5d2b26e0af8771c85ceaa29995997a781aef5b4fbe3f6d","054","14","82","특수한 각의 삼각비를 이용하여 다른 삼각비의 값 구하기"
"260711_삼각비(6).pdf","a77d105d839812f1ac5d2b26e0af8771c85ceaa29995997a781aef5b4fbe3f6d","055","14","84","특수한 각의 삼각비를 이용하여 다른 삼각비의 값 구하기"
"260711_삼각비(6).pdf","a77d105d839812f1ac5d2b26e0af8771c85ceaa29995997a781aef5b4fbe3f6d","056","14","82","특수한 각의 삼각비를 이용하여 다른 삼각비의 값 구하기"
"260711_삼각비(6).pdf","a77d105d839812f1ac5d2b26e0af8771c85ceaa29995997a781aef5b4fbe3f6d","057","15","56","특수한 각의 삼각비의 도형에의 활용"
"260711_삼각비(6).pdf","a77d105d839812f1ac5d2b26e0af8771c85ceaa29995997a781aef5b4fbe3f6d","058","15","68","특수한 각의 삼각비의 도형에의 활용"
"260711_삼각비(6).pdf","a77d105d839812f1ac5d2b26e0af8771c85ceaa29995997a781aef5b4fbe3f6d","059","15","51","특수한 각의 삼각비의 도형에의 활용"
"260711_삼각비(6).pdf","a77d105d839812f1ac5d2b26e0af8771c85ceaa29995997a781aef5b4fbe3f6d","060","15","56","특수한 각의 삼각비의 도형에의 활용"
"260711_삼각비(6).pdf","a77d105d839812f1ac5d2b26e0af8771c85ceaa29995997a781aef5b4fbe3f6d","061","16","68","특수한 각의 삼각비의 도형에의 활용"
"260711_삼각비(6).pdf","a77d105d839812f1ac5d2b26e0af8771c85ceaa29995997a781aef5b4fbe3f6d","062","16","67","특수한 각의 삼각비의 도형에의 활용"
"260711_삼각비(6).pdf","a77d105d839812f1ac5d2b26e0af8771c85ceaa29995997a781aef5b4fbe3f6d","063","17","81","사분원을 이용한 삼각비의 값"
"260711_삼각비(6).pdf","a77d105d839812f1ac5d2b26e0af8771c85ceaa29995997a781aef5b4fbe3f6d","064","17","62","사분원을 이용한 삼각비의 값"
"260711_삼각비(6).pdf","a77d105d839812f1ac5d2b26e0af8771c85ceaa29995997a781aef5b4fbe3f6d","065","17","81","사분원을 이용한 삼각비의 값"
"260711_삼각비(6).pdf","a77d105d839812f1ac5d2b26e0af8771c85ceaa29995997a781aef5b4fbe3f6d","066","17","77","사분원을 이용한 삼각비의 값"
"260711_삼각비(6).pdf","a77d105d839812f1ac5d2b26e0af8771c85ceaa29995997a781aef5b4fbe3f6d","067","18","79","사분원을 이용한 삼각비의 값"
"260711_삼각비(6).pdf","a77d105d839812f1ac5d2b26e0af8771c85ceaa29995997a781aef5b4fbe3f6d","068","18","80","사분원을 이용한 삼각비의 값"
"260711_삼각비(6).pdf","a77d105d839812f1ac5d2b26e0af8771c85ceaa29995997a781aef5b4fbe3f6d","069","18","76","삼각비의 값의 대소 관계"
"260711_삼각비(6).pdf","a77d105d839812f1ac5d2b26e0af8771c85ceaa29995997a781aef5b4fbe3f6d","070","18","81","삼각비의 값의 대소 관계"
"260711_삼각비(6).pdf","a77d105d839812f1ac5d2b26e0af8771c85ceaa29995997a781aef5b4fbe3f6d","071","19","87","삼각비의 값의 대소 관계"
"260711_삼각비(6).pdf","a77d105d839812f1ac5d2b26e0af8771c85ceaa29995997a781aef5b4fbe3f6d","072","19","64","삼각비의 값의 대소 관계"
"260711_삼각비(6).pdf","a77d105d839812f1ac5d2b26e0af8771c85ceaa29995997a781aef5b4fbe3f6d","073","19","33","삼각비의 값의 대소 관계"
"260711_삼각비(6).pdf","a77d105d839812f1ac5d2b26e0af8771c85ceaa29995997a781aef5b4fbe3f6d","074","19","69","삼각비의 값의 대소 관계"
"260711_삼각비(6).pdf","a77d105d839812f1ac5d2b26e0af8771c85ceaa29995997a781aef5b4fbe3f6d","075","20","75","삼각비의 값의 대소 관계를 이용한 식의 계산"
"260711_삼각비(6).pdf","a77d105d839812f1ac5d2b26e0af8771c85ceaa29995997a781aef5b4fbe3f6d","076","20","78","삼각비의 값의 대소 관계를 이용한 식의 계산"
"260711_삼각비(6).pdf","a77d105d839812f1ac5d2b26e0af8771c85ceaa29995997a781aef5b4fbe3f6d","077","20","85","삼각비의 값의 대소 관계를 이용한 식의 계산"
"260711_삼각비(6).pdf","a77d105d839812f1ac5d2b26e0af8771c85ceaa29995997a781aef5b4fbe3f6d","078","20","71","삼각비의 값의 대소 관계를 이용한 식의 계산"
"260711_삼각비(6).pdf","a77d105d839812f1ac5d2b26e0af8771c85ceaa29995997a781aef5b4fbe3f6d","079","21","71","삼각비의 값의 대소 관계를 이용한 식의 계산"
"260711_삼각비(6).pdf","a77d105d839812f1ac5d2b26e0af8771c85ceaa29995997a781aef5b4fbe3f6d","080","21","87","삼각비의 값의 대소 관계를 이용한 식의 계산"
"260711_삼각비(6).pdf","a77d105d839812f1ac5d2b26e0af8771c85ceaa29995997a781aef5b4fbe3f6d","081","21","77","삼각비의 값의 대소 관계를 이용한 식의 계산"
"260711_삼각비(6).pdf","a77d105d839812f1ac5d2b26e0af8771c85ceaa29995997a781aef5b4fbe3f6d","082","21","50","삼각비의 표(3); 변의 길이"
"260711_삼각비(6).pdf","a77d105d839812f1ac5d2b26e0af8771c85ceaa29995997a781aef5b4fbe3f6d","083","22","67","직각삼각형의 변의 길이"
"260711_삼각비(6).pdf","a77d105d839812f1ac5d2b26e0af8771c85ceaa29995997a781aef5b4fbe3f6d","084","22","63","직각삼각형의 변의 길이"
"260711_삼각비(6).pdf","a77d105d839812f1ac5d2b26e0af8771c85ceaa29995997a781aef5b4fbe3f6d","085","22","79","직각삼각형의 변의 길이"
"260711_삼각비(6).pdf","a77d105d839812f1ac5d2b26e0af8771c85ceaa29995997a781aef5b4fbe3f6d","086","22","76","직각삼각형의 변의 길이"
"260711_삼각비(6).pdf","a77d105d839812f1ac5d2b26e0af8771c85ceaa29995997a781aef5b4fbe3f6d","087","23","49","직각삼각형의 변의 길이"
"260711_삼각비(6).pdf","a77d105d839812f1ac5d2b26e0af8771c85ceaa29995997a781aef5b4fbe3f6d","088","23","82","직각삼각형의 변의 길이"
"260711_삼각비(6).pdf","a77d105d839812f1ac5d2b26e0af8771c85ceaa29995997a781aef5b4fbe3f6d","089","23","86","입체도형에서 직각삼각형의 변의 길이의 활용"
"260711_삼각비(6).pdf","a77d105d839812f1ac5d2b26e0af8771c85ceaa29995997a781aef5b4fbe3f6d","090","23","77","입체도형에서 직각삼각형의 변의 길이의 활용"
"260711_삼각비(6).pdf","a77d105d839812f1ac5d2b26e0af8771c85ceaa29995997a781aef5b4fbe3f6d","091","24","67","입체도형에서 직각삼각형의 변의 길이의 활용"
"260711_삼각비(6).pdf","a77d105d839812f1ac5d2b26e0af8771c85ceaa29995997a781aef5b4fbe3f6d","092","24","58","입체도형에서 직각삼각형의 변의 길이의 활용"
"260711_삼각비(6).pdf","a77d105d839812f1ac5d2b26e0af8771c85ceaa29995997a781aef5b4fbe3f6d","093","24","81","입체도형에서 직각삼각형의 변의 길이의 활용"
"260711_삼각비(6).pdf","a77d105d839812f1ac5d2b26e0af8771c85ceaa29995997a781aef5b4fbe3f6d","094","24","85","입체도형에서 직각삼각형의 변의 길이의 활용"
"260711_삼각비(6).pdf","a77d105d839812f1ac5d2b26e0af8771c85ceaa29995997a781aef5b4fbe3f6d","095","25","51","실생활에서 직각삼각형의 변의 길이"
"260711_삼각비(6).pdf","a77d105d839812f1ac5d2b26e0af8771c85ceaa29995997a781aef5b4fbe3f6d","096","25","88","실생활에서 직각삼각형의 변의 길이"
"260711_삼각비(6).pdf","a77d105d839812f1ac5d2b26e0af8771c85ceaa29995997a781aef5b4fbe3f6d","097","25","88","실생활에서 직각삼각형의 변의 길이"
"260711_삼각비(6).pdf","a77d105d839812f1ac5d2b26e0af8771c85ceaa29995997a781aef5b4fbe3f6d","098","25","92","실생활에서 직각삼각형의 변의 길이"
"260711_삼각비(6).pdf","a77d105d839812f1ac5d2b26e0af8771c85ceaa29995997a781aef5b4fbe3f6d","099","26","63","실생활에서 직각삼각형의 변의 길이"
"260711_삼각비(6).pdf","a77d105d839812f1ac5d2b26e0af8771c85ceaa29995997a781aef5b4fbe3f6d","100","26","67","실생활에서 직각삼각형의 변의 길이"
"260711_삼각비(6).pdf","a77d105d839812f1ac5d2b26e0af8771c85ceaa29995997a781aef5b4fbe3f6d","101","26","61","일반 삼각형의 변의 길이(2); 한 변의 길이와 그 양 끝 각의 크기를 알 때"
"260711_삼각비(6).pdf","a77d105d839812f1ac5d2b26e0af8771c85ceaa29995997a781aef5b4fbe3f6d","102","26","61","일반 삼각형의 변의 길이(2); 한 변의 길이와 그 양 끝 각의 크기를 알 때"
"260711_삼각비(6).pdf","a77d105d839812f1ac5d2b26e0af8771c85ceaa29995997a781aef5b4fbe3f6d","103","27","82","일반 삼각형의 변의 길이(2); 한 변의 길이와 그 양 끝 각의 크기를 알 때"
"260711_삼각비(6).pdf","a77d105d839812f1ac5d2b26e0af8771c85ceaa29995997a781aef5b4fbe3f6d","104","27","89","일반 삼각형의 변의 길이(2); 한 변의 길이와 그 양 끝 각의 크기를 알 때"
"260711_삼각비(6).pdf","a77d105d839812f1ac5d2b26e0af8771c85ceaa29995997a781aef5b4fbe3f6d","105","27","76","일반 삼각형의 변의 길이(2); 한 변의 길이와 그 양 끝 각의 크기를 알 때"
"260711_삼각비(6).pdf","a77d105d839812f1ac5d2b26e0af8771c85ceaa29995997a781aef5b4fbe3f6d","106","27","62","일반 삼각형의 변의 길이(2); 한 변의 길이와 그 양 끝 각의 크기를 알 때"
"260711_삼각비(6).pdf","a77d105d839812f1ac5d2b26e0af8771c85ceaa29995997a781aef5b4fbe3f6d","107","28","73","예각삼각형의 높이"
"260711_삼각비(6).pdf","a77d105d839812f1ac5d2b26e0af8771c85ceaa29995997a781aef5b4fbe3f6d","108","28","79","예각삼각형의 높이"
"260711_삼각비(6).pdf","a77d105d839812f1ac5d2b26e0af8771c85ceaa29995997a781aef5b4fbe3f6d","109","28","85","예각삼각형의 높이"
"260711_삼각비(6).pdf","a77d105d839812f1ac5d2b26e0af8771c85ceaa29995997a781aef5b4fbe3f6d","110","28","66","예각삼각형의 높이"
"260711_삼각비(6).pdf","a77d105d839812f1ac5d2b26e0af8771c85ceaa29995997a781aef5b4fbe3f6d","111","29","62","예각삼각형의 높이"
"260711_삼각비(6).pdf","a77d105d839812f1ac5d2b26e0af8771c85ceaa29995997a781aef5b4fbe3f6d","112","29","65","예각삼각형의 높이"
"260711_삼각비(6).pdf","a77d105d839812f1ac5d2b26e0af8771c85ceaa29995997a781aef5b4fbe3f6d","113","29","77","둔각삼각형의 높이"
"260711_삼각비(6).pdf","a77d105d839812f1ac5d2b26e0af8771c85ceaa29995997a781aef5b4fbe3f6d","114","29","77","둔각삼각형의 높이"
"260711_삼각비(6).pdf","a77d105d839812f1ac5d2b26e0af8771c85ceaa29995997a781aef5b4fbe3f6d","115","30","71","둔각삼각형의 높이"
"260711_삼각비(6).pdf","a77d105d839812f1ac5d2b26e0af8771c85ceaa29995997a781aef5b4fbe3f6d","116","30","88","둔각삼각형의 높이"
"260711_삼각비(6).pdf","a77d105d839812f1ac5d2b26e0af8771c85ceaa29995997a781aef5b4fbe3f6d","117","30","71","둔각삼각형의 높이"
"260711_삼각비(6).pdf","a77d105d839812f1ac5d2b26e0af8771c85ceaa29995997a781aef5b4fbe3f6d","118","30","59","둔각삼각형의 높이"
"260711_삼각비(6).pdf","a77d105d839812f1ac5d2b26e0af8771c85ceaa29995997a781aef5b4fbe3f6d","119","31","77","예각삼각형의 넓이"
"260711_삼각비(6).pdf","a77d105d839812f1ac5d2b26e0af8771c85ceaa29995997a781aef5b4fbe3f6d","120","31","79","예각삼각형의 넓이"
"260711_삼각비(6).pdf","a77d105d839812f1ac5d2b26e0af8771c85ceaa29995997a781aef5b4fbe3f6d","121","31","61","예각삼각형의 넓이"
"260711_삼각비(6).pdf","a77d105d839812f1ac5d2b26e0af8771c85ceaa29995997a781aef5b4fbe3f6d","122","31","87","예각삼각형의 넓이"
"260711_삼각비(6).pdf","a77d105d839812f1ac5d2b26e0af8771c85ceaa29995997a781aef5b4fbe3f6d","123","32","79","예각삼각형의 넓이"
"260711_삼각비(6).pdf","a77d105d839812f1ac5d2b26e0af8771c85ceaa29995997a781aef5b4fbe3f6d","124","32","50","예각삼각형의 넓이"
"260711_삼각비(6).pdf","a77d105d839812f1ac5d2b26e0af8771c85ceaa29995997a781aef5b4fbe3f6d","125","32","56","둔각삼각형의 넓이"
"260711_삼각비(6).pdf","a77d105d839812f1ac5d2b26e0af8771c85ceaa29995997a781aef5b4fbe3f6d","126","32","60","둔각삼각형의 넓이"
"260711_삼각비(6).pdf","a77d105d839812f1ac5d2b26e0af8771c85ceaa29995997a781aef5b4fbe3f6d","127","33","51","둔각삼각형의 넓이"
"260711_삼각비(6).pdf","a77d105d839812f1ac5d2b26e0af8771c85ceaa29995997a781aef5b4fbe3f6d","128","33","64","둔각삼각형의 넓이"
"260711_삼각비(6).pdf","a77d105d839812f1ac5d2b26e0af8771c85ceaa29995997a781aef5b4fbe3f6d","129","33","57","둔각삼각형의 넓이"
"260711_삼각비(6).pdf","a77d105d839812f1ac5d2b26e0af8771c85ceaa29995997a781aef5b4fbe3f6d","130","33","48","둔각삼각형의 넓이"
"260711_삼각비(6).pdf","a77d105d839812f1ac5d2b26e0af8771c85ceaa29995997a781aef5b4fbe3f6d","131","34","90","다각형의 넓이"
"260711_삼각비(6).pdf","a77d105d839812f1ac5d2b26e0af8771c85ceaa29995997a781aef5b4fbe3f6d","132","34","52","다각형의 넓이"
"260711_삼각비(6).pdf","a77d105d839812f1ac5d2b26e0af8771c85ceaa29995997a781aef5b4fbe3f6d","133","34","77","다각형의 넓이"
"260711_삼각비(6).pdf","a77d105d839812f1ac5d2b26e0af8771c85ceaa29995997a781aef5b4fbe3f6d","134","34","83","다각형의 넓이"
"260711_삼각비(6).pdf","a77d105d839812f1ac5d2b26e0af8771c85ceaa29995997a781aef5b4fbe3f6d","135","35","77","다각형의 넓이"
"260711_삼각비(6).pdf","a77d105d839812f1ac5d2b26e0af8771c85ceaa29995997a781aef5b4fbe3f6d","136","35","83","다각형의 넓이"
"260711_삼각비(6).pdf","a77d105d839812f1ac5d2b26e0af8771c85ceaa29995997a781aef5b4fbe3f6d","137","35","54","정다각형의 넓이"
"260711_삼각비(6).pdf","a77d105d839812f1ac5d2b26e0af8771c85ceaa29995997a781aef5b4fbe3f6d","138","35","66","평행사변형의 넓이"
"260711_삼각비(6).pdf","a77d105d839812f1ac5d2b26e0af8771c85ceaa29995997a781aef5b4fbe3f6d","139","36","54","평행사변형의 넓이"
"260711_삼각비(6).pdf","a77d105d839812f1ac5d2b26e0af8771c85ceaa29995997a781aef5b4fbe3f6d","140","36","66","평행사변형의 넓이"
"260711_삼각비(6).pdf","a77d105d839812f1ac5d2b26e0af8771c85ceaa29995997a781aef5b4fbe3f6d","141","36","88","평행사변형의 넓이"
"260711_삼각비(6).pdf","a77d105d839812f1ac5d2b26e0af8771c85ceaa29995997a781aef5b4fbe3f6d","142","36","73","평행사변형의 넓이"
"260711_삼각비(6).pdf","a77d105d839812f1ac5d2b26e0af8771c85ceaa29995997a781aef5b4fbe3f6d","143","37","72","평행사변형의 넓이"
"260711_삼각비(6).pdf","a77d105d839812f1ac5d2b26e0af8771c85ceaa29995997a781aef5b4fbe3f6d","144","37","77","사각형의 넓이"
"260711_삼각비(6).pdf","a77d105d839812f1ac5d2b26e0af8771c85ceaa29995997a781aef5b4fbe3f6d","145","37","74","사각형의 넓이"
"260711_삼각비(6).pdf","a77d105d839812f1ac5d2b26e0af8771c85ceaa29995997a781aef5b4fbe3f6d","146","37","75","사각형의 넓이"
"260711_삼각비(6).pdf","a77d105d839812f1ac5d2b26e0af8771c85ceaa29995997a781aef5b4fbe3f6d","147","38","90","사각형의 넓이"
"260711_삼각비(6).pdf","a77d105d839812f1ac5d2b26e0af8771c85ceaa29995997a781aef5b4fbe3f6d","148","38","81","사각형의 넓이"
"260711_삼각비(6).pdf","a77d105d839812f1ac5d2b26e0af8771c85ceaa29995997a781aef5b4fbe3f6d","149","38","88","사각형의 넓이"
"260711_삼각비(6).pdf","a77d105d839812f1ac5d2b26e0af8771c85ceaa29995997a781aef5b4fbe3f6d","150","38","78","사각형의 넓이"
"260711_삼각비(7).pdf","5ca6da23da33d0c597ab923252f7e651b1ab2f0687d4974f7e2afd5172635cea","001","1","68","한 삼각비가 주어진 경우의 다른 삼각비의 값"
"260711_삼각비(7).pdf","5ca6da23da33d0c597ab923252f7e651b1ab2f0687d4974f7e2afd5172635cea","002","1","86","한 삼각비가 주어진 경우의 다른 삼각비의 값"
"260711_삼각비(7).pdf","5ca6da23da33d0c597ab923252f7e651b1ab2f0687d4974f7e2afd5172635cea","003","1","84","한 삼각비가 주어진 경우의 다른 삼각비의 값"
"260711_삼각비(7).pdf","5ca6da23da33d0c597ab923252f7e651b1ab2f0687d4974f7e2afd5172635cea","004","1","79","한 삼각비가 주어진 경우의 다른 삼각비의 값"
"260711_삼각비(7).pdf","5ca6da23da33d0c597ab923252f7e651b1ab2f0687d4974f7e2afd5172635cea","005","2","77","한 삼각비가 주어진 경우의 다른 삼각비의 값"
"260711_삼각비(7).pdf","5ca6da23da33d0c597ab923252f7e651b1ab2f0687d4974f7e2afd5172635cea","006","2","61","한 삼각비가 주어진 경우의 다른 삼각비의 값"
"260711_삼각비(7).pdf","5ca6da23da33d0c597ab923252f7e651b1ab2f0687d4974f7e2afd5172635cea","007","2","62","한 삼각비가 주어진 경우의 다른 삼각비의 값"
"260711_삼각비(7).pdf","5ca6da23da33d0c597ab923252f7e651b1ab2f0687d4974f7e2afd5172635cea","008","2","80","직각삼각형의 닮음과 삼각비(1)"
"260711_삼각비(7).pdf","5ca6da23da33d0c597ab923252f7e651b1ab2f0687d4974f7e2afd5172635cea","009","3","68","직각삼각형의 닮음과 삼각비(1)"
"260711_삼각비(7).pdf","5ca6da23da33d0c597ab923252f7e651b1ab2f0687d4974f7e2afd5172635cea","010","3","87","직각삼각형의 닮음과 삼각비(1)"
"260711_삼각비(7).pdf","5ca6da23da33d0c597ab923252f7e651b1ab2f0687d4974f7e2afd5172635cea","011","3","82","직각삼각형의 닮음과 삼각비(1)"
"260711_삼각비(7).pdf","5ca6da23da33d0c597ab923252f7e651b1ab2f0687d4974f7e2afd5172635cea","012","3","91","직각삼각형의 닮음과 삼각비(2)"
"260711_삼각비(7).pdf","5ca6da23da33d0c597ab923252f7e651b1ab2f0687d4974f7e2afd5172635cea","013","4","87","직각삼각형의 닮음과 삼각비(2)"
"260711_삼각비(7).pdf","5ca6da23da33d0c597ab923252f7e651b1ab2f0687d4974f7e2afd5172635cea","014","4","52","직각삼각형의 닮음과 삼각비(2)"
"260711_삼각비(7).pdf","5ca6da23da33d0c597ab923252f7e651b1ab2f0687d4974f7e2afd5172635cea","015","4","50","직각삼각형의 닮음과 삼각비(2)"
"260711_삼각비(7).pdf","5ca6da23da33d0c597ab923252f7e651b1ab2f0687d4974f7e2afd5172635cea","016","4","50","직각삼각형의 닮음과 삼각비(2)"
"260711_삼각비(7).pdf","5ca6da23da33d0c597ab923252f7e651b1ab2f0687d4974f7e2afd5172635cea","017","5","81","직각삼각형의 닮음과 삼각비(2)"
"260711_삼각비(7).pdf","5ca6da23da33d0c597ab923252f7e651b1ab2f0687d4974f7e2afd5172635cea","018","5","82","직각삼각형의 닮음과 삼각비(2)"
"260711_삼각비(7).pdf","5ca6da23da33d0c597ab923252f7e651b1ab2f0687d4974f7e2afd5172635cea","019","5","76","직각삼각형의 닮음과 삼각비(2)"
"260711_삼각비(7).pdf","5ca6da23da33d0c597ab923252f7e651b1ab2f0687d4974f7e2afd5172635cea","020","5","31","직각삼각형의 닮음과 삼각비(2)"
"260711_삼각비(7).pdf","5ca6da23da33d0c597ab923252f7e651b1ab2f0687d4974f7e2afd5172635cea","021","6","79","직선의 방정식과 삼각비의 값"
"260711_삼각비(7).pdf","5ca6da23da33d0c597ab923252f7e651b1ab2f0687d4974f7e2afd5172635cea","022","6","64","직선의 방정식과 삼각비의 값"
"260711_삼각비(7).pdf","5ca6da23da33d0c597ab923252f7e651b1ab2f0687d4974f7e2afd5172635cea","023","6","78","직선의 방정식과 삼각비의 값"
"260711_삼각비(7).pdf","5ca6da23da33d0c597ab923252f7e651b1ab2f0687d4974f7e2afd5172635cea","024","6","65","직선의 방정식과 삼각비의 값"
"260711_삼각비(7).pdf","5ca6da23da33d0c597ab923252f7e651b1ab2f0687d4974f7e2afd5172635cea","025","7","67","직선의 방정식과 삼각비의 값"
"260711_삼각비(7).pdf","5ca6da23da33d0c597ab923252f7e651b1ab2f0687d4974f7e2afd5172635cea","026","7","80","직선의 방정식과 삼각비의 값"
"260711_삼각비(7).pdf","5ca6da23da33d0c597ab923252f7e651b1ab2f0687d4974f7e2afd5172635cea","027","7","49","직선의 방정식과 삼각비의 값"
"260711_삼각비(7).pdf","5ca6da23da33d0c597ab923252f7e651b1ab2f0687d4974f7e2afd5172635cea","028","7","83","평면도형에서의 삼각비의 값"
"260711_삼각비(7).pdf","5ca6da23da33d0c597ab923252f7e651b1ab2f0687d4974f7e2afd5172635cea","029","8","85","평면도형에서의 삼각비의 값"
"260711_삼각비(7).pdf","5ca6da23da33d0c597ab923252f7e651b1ab2f0687d4974f7e2afd5172635cea","030","8","75","평면도형에서의 삼각비의 값"
"260711_삼각비(7).pdf","5ca6da23da33d0c597ab923252f7e651b1ab2f0687d4974f7e2afd5172635cea","031","8","82","평면도형에서의 삼각비의 값"
"260711_삼각비(7).pdf","5ca6da23da33d0c597ab923252f7e651b1ab2f0687d4974f7e2afd5172635cea","032","8","56","평면도형에서의 삼각비의 값"
"260711_삼각비(7).pdf","5ca6da23da33d0c597ab923252f7e651b1ab2f0687d4974f7e2afd5172635cea","033","9","75","평면도형에서의 삼각비의 값"
"260711_삼각비(7).pdf","5ca6da23da33d0c597ab923252f7e651b1ab2f0687d4974f7e2afd5172635cea","034","9","44","평면도형에서의 삼각비의 값"
"260711_삼각비(7).pdf","5ca6da23da33d0c597ab923252f7e651b1ab2f0687d4974f7e2afd5172635cea","035","9","31","입체도형에서의 삼각비의 값"
"260711_삼각비(7).pdf","5ca6da23da33d0c597ab923252f7e651b1ab2f0687d4974f7e2afd5172635cea","036","9","30","입체도형에서의 삼각비의 값"
"260711_삼각비(7).pdf","5ca6da23da33d0c597ab923252f7e651b1ab2f0687d4974f7e2afd5172635cea","037","10","57","입체도형에서의 삼각비의 값"
"260711_삼각비(7).pdf","5ca6da23da33d0c597ab923252f7e651b1ab2f0687d4974f7e2afd5172635cea","038","10","80","특수한 각(30˚, 45˚, 60˚)의 삼각비의 값"
"260711_삼각비(7).pdf","5ca6da23da33d0c597ab923252f7e651b1ab2f0687d4974f7e2afd5172635cea","039","10","79","특수한 각(30˚, 45˚, 60˚)의 삼각비의 값"
"260711_삼각비(7).pdf","5ca6da23da33d0c597ab923252f7e651b1ab2f0687d4974f7e2afd5172635cea","040","10","84","특수한 각(30˚, 45˚, 60˚)의 삼각비의 값"
"260711_삼각비(7).pdf","5ca6da23da33d0c597ab923252f7e651b1ab2f0687d4974f7e2afd5172635cea","041","11","77","특수한 각(30˚, 45˚, 60˚)의 삼각비의 값"
"260711_삼각비(7).pdf","5ca6da23da33d0c597ab923252f7e651b1ab2f0687d4974f7e2afd5172635cea","042","11","78","특수한 각(30˚, 45˚, 60˚)의 삼각비의 값"
"260711_삼각비(7).pdf","5ca6da23da33d0c597ab923252f7e651b1ab2f0687d4974f7e2afd5172635cea","043","11","76","특수한 각(30˚, 45˚, 60˚)의 삼각비의 값"
"260711_삼각비(7).pdf","5ca6da23da33d0c597ab923252f7e651b1ab2f0687d4974f7e2afd5172635cea","044","11","74","특수한 각(30˚, 45˚, 60˚)의 삼각비의 값"
"260711_삼각비(7).pdf","5ca6da23da33d0c597ab923252f7e651b1ab2f0687d4974f7e2afd5172635cea","045","12","69","특수한 각(30˚, 45˚, 60˚)의 삼각비의 값"
"260711_삼각비(7).pdf","5ca6da23da33d0c597ab923252f7e651b1ab2f0687d4974f7e2afd5172635cea","046","12","81","특수한 각(30˚, 45˚, 60˚)의 삼각비의 값"
"260711_삼각비(7).pdf","5ca6da23da33d0c597ab923252f7e651b1ab2f0687d4974f7e2afd5172635cea","047","12","88","특수한 각의 삼각비를 이용하여 변의 길이 구하기"
"260711_삼각비(7).pdf","5ca6da23da33d0c597ab923252f7e651b1ab2f0687d4974f7e2afd5172635cea","048","12","82","특수한 각의 삼각비를 이용하여 변의 길이 구하기"
"260711_삼각비(7).pdf","5ca6da23da33d0c597ab923252f7e651b1ab2f0687d4974f7e2afd5172635cea","049","13","82","특수한 각의 삼각비를 이용하여 변의 길이 구하기"
"260711_삼각비(7).pdf","5ca6da23da33d0c597ab923252f7e651b1ab2f0687d4974f7e2afd5172635cea","050","13","88","특수한 각의 삼각비를 이용하여 변의 길이 구하기"
"260711_삼각비(7).pdf","5ca6da23da33d0c597ab923252f7e651b1ab2f0687d4974f7e2afd5172635cea","051","13","81","특수한 각의 삼각비를 이용하여 변의 길이 구하기"
"260711_삼각비(7).pdf","5ca6da23da33d0c597ab923252f7e651b1ab2f0687d4974f7e2afd5172635cea","052","13","77","특수한 각의 삼각비를 이용하여 변의 길이 구하기"
"260711_삼각비(7).pdf","5ca6da23da33d0c597ab923252f7e651b1ab2f0687d4974f7e2afd5172635cea","053","14","78","특수한 각의 삼각비를 이용하여 변의 길이 구하기"
"260711_삼각비(7).pdf","5ca6da23da33d0c597ab923252f7e651b1ab2f0687d4974f7e2afd5172635cea","054","14","76","특수한 각의 삼각비를 이용하여 변의 길이 구하기"
"260711_삼각비(7).pdf","5ca6da23da33d0c597ab923252f7e651b1ab2f0687d4974f7e2afd5172635cea","055","14","90","특수한 각의 삼각비를 이용하여 변의 길이 구하기"
"260711_삼각비(7).pdf","5ca6da23da33d0c597ab923252f7e651b1ab2f0687d4974f7e2afd5172635cea","056","14","83","특수한 각의 삼각비를 이용하여 변의 길이 구하기"
"260711_삼각비(7).pdf","5ca6da23da33d0c597ab923252f7e651b1ab2f0687d4974f7e2afd5172635cea","057","15","89","특수한 각의 삼각비를 이용하여 변의 길이 구하기"
"260711_삼각비(7).pdf","5ca6da23da33d0c597ab923252f7e651b1ab2f0687d4974f7e2afd5172635cea","058","15","89","특수한 각의 삼각비를 이용하여 변의 길이 구하기"
"260711_삼각비(7).pdf","5ca6da23da33d0c597ab923252f7e651b1ab2f0687d4974f7e2afd5172635cea","059","15","56","특수한 각의 삼각비를 이용하여 다른 삼각비의 값 구하기"
"260711_삼각비(7).pdf","5ca6da23da33d0c597ab923252f7e651b1ab2f0687d4974f7e2afd5172635cea","060","15","63","특수한 각의 삼각비를 이용하여 다른 삼각비의 값 구하기"
"260711_삼각비(7).pdf","5ca6da23da33d0c597ab923252f7e651b1ab2f0687d4974f7e2afd5172635cea","061","16","88","특수한 각의 삼각비를 이용하여 다른 삼각비의 값 구하기"
"260711_삼각비(7).pdf","5ca6da23da33d0c597ab923252f7e651b1ab2f0687d4974f7e2afd5172635cea","062","16","88","특수한 각의 삼각비를 이용하여 다른 삼각비의 값 구하기"
"260711_삼각비(7).pdf","5ca6da23da33d0c597ab923252f7e651b1ab2f0687d4974f7e2afd5172635cea","063","16","84","특수한 각의 삼각비를 이용하여 다른 삼각비의 값 구하기"
"260711_삼각비(7).pdf","5ca6da23da33d0c597ab923252f7e651b1ab2f0687d4974f7e2afd5172635cea","064","16","70","특수한 각의 삼각비를 이용하여 다른 삼각비의 값 구하기"
"260711_삼각비(7).pdf","5ca6da23da33d0c597ab923252f7e651b1ab2f0687d4974f7e2afd5172635cea","065","17","86","특수한 각의 삼각비를 이용하여 다른 삼각비의 값 구하기"
"260711_삼각비(7).pdf","5ca6da23da33d0c597ab923252f7e651b1ab2f0687d4974f7e2afd5172635cea","066","17","67","특수한 각의 삼각비의 도형에의 활용"
"260711_삼각비(7).pdf","5ca6da23da33d0c597ab923252f7e651b1ab2f0687d4974f7e2afd5172635cea","067","17","49","특수한 각의 삼각비의 도형에의 활용"
"260711_삼각비(7).pdf","5ca6da23da33d0c597ab923252f7e651b1ab2f0687d4974f7e2afd5172635cea","068","18","54","특수한 각의 삼각비의 도형에의 활용"
"260711_삼각비(7).pdf","5ca6da23da33d0c597ab923252f7e651b1ab2f0687d4974f7e2afd5172635cea","069","18","68","특수한 각의 삼각비의 도형에의 활용"
"260711_삼각비(7).pdf","5ca6da23da33d0c597ab923252f7e651b1ab2f0687d4974f7e2afd5172635cea","070","18","70","사분원을 이용한 삼각비의 값"
"260711_삼각비(7).pdf","5ca6da23da33d0c597ab923252f7e651b1ab2f0687d4974f7e2afd5172635cea","071","19","86","사분원을 이용한 삼각비의 값"
"260711_삼각비(7).pdf","5ca6da23da33d0c597ab923252f7e651b1ab2f0687d4974f7e2afd5172635cea","072","19","89","사분원을 이용한 삼각비의 값"
"260711_삼각비(7).pdf","5ca6da23da33d0c597ab923252f7e651b1ab2f0687d4974f7e2afd5172635cea","073","19","81","사분원을 이용한 삼각비의 값"
"260711_삼각비(7).pdf","5ca6da23da33d0c597ab923252f7e651b1ab2f0687d4974f7e2afd5172635cea","074","19","79","사분원을 이용한 삼각비의 값"
"260711_삼각비(7).pdf","5ca6da23da33d0c597ab923252f7e651b1ab2f0687d4974f7e2afd5172635cea","075","20","81","사분원을 이용한 삼각비의 값"
"260711_삼각비(7).pdf","5ca6da23da33d0c597ab923252f7e651b1ab2f0687d4974f7e2afd5172635cea","076","20","75","사분원을 이용한 삼각비의 값"
"260711_삼각비(7).pdf","5ca6da23da33d0c597ab923252f7e651b1ab2f0687d4974f7e2afd5172635cea","077","20","71","사분원을 이용한 삼각비의 값"
"260711_삼각비(7).pdf","5ca6da23da33d0c597ab923252f7e651b1ab2f0687d4974f7e2afd5172635cea","078","20","60","사분원을 이용한 삼각비의 값"
"260711_삼각비(7).pdf","5ca6da23da33d0c597ab923252f7e651b1ab2f0687d4974f7e2afd5172635cea","079","21","83","사분원을 이용한 삼각비의 값"
"260711_삼각비(7).pdf","5ca6da23da33d0c597ab923252f7e651b1ab2f0687d4974f7e2afd5172635cea","080","21","81","사분원을 이용한 삼각비의 값"
"260711_삼각비(7).pdf","5ca6da23da33d0c597ab923252f7e651b1ab2f0687d4974f7e2afd5172635cea","081","21","84","사분원을 이용한 삼각비의 값"
"260711_삼각비(7).pdf","5ca6da23da33d0c597ab923252f7e651b1ab2f0687d4974f7e2afd5172635cea","082","21","83","삼각비의 값의 대소 관계를 이용한 식의 계산"
"260711_삼각비(7).pdf","5ca6da23da33d0c597ab923252f7e651b1ab2f0687d4974f7e2afd5172635cea","083","22","72","삼각비의 값의 대소 관계를 이용한 식의 계산"
"260711_삼각비(7).pdf","5ca6da23da33d0c597ab923252f7e651b1ab2f0687d4974f7e2afd5172635cea","084","22","76","삼각비의 값의 대소 관계를 이용한 식의 계산"
"260711_삼각비(7).pdf","5ca6da23da33d0c597ab923252f7e651b1ab2f0687d4974f7e2afd5172635cea","085","22","84","삼각비의 값의 대소 관계를 이용한 식의 계산"
"260711_삼각비(7).pdf","5ca6da23da33d0c597ab923252f7e651b1ab2f0687d4974f7e2afd5172635cea","086","22","86","삼각비의 값의 대소 관계를 이용한 식의 계산"
"260711_삼각비(7).pdf","5ca6da23da33d0c597ab923252f7e651b1ab2f0687d4974f7e2afd5172635cea","087","23","84","삼각비의 값의 대소 관계를 이용한 식의 계산"
"260711_삼각비(7).pdf","5ca6da23da33d0c597ab923252f7e651b1ab2f0687d4974f7e2afd5172635cea","088","23","86","삼각비의 값의 대소 관계를 이용한 식의 계산"
"260711_삼각비(7).pdf","5ca6da23da33d0c597ab923252f7e651b1ab2f0687d4974f7e2afd5172635cea","089","23","81","직각삼각형의 변의 길이"
"260711_삼각비(7).pdf","5ca6da23da33d0c597ab923252f7e651b1ab2f0687d4974f7e2afd5172635cea","090","23","79","직각삼각형의 변의 길이"
"260711_삼각비(7).pdf","5ca6da23da33d0c597ab923252f7e651b1ab2f0687d4974f7e2afd5172635cea","091","24","52","직각삼각형의 변의 길이"
"260711_삼각비(7).pdf","5ca6da23da33d0c597ab923252f7e651b1ab2f0687d4974f7e2afd5172635cea","092","24","67","직각삼각형의 변의 길이"
"260711_삼각비(7).pdf","5ca6da23da33d0c597ab923252f7e651b1ab2f0687d4974f7e2afd5172635cea","093","24","52","직각삼각형의 변의 길이"
"260711_삼각비(7).pdf","5ca6da23da33d0c597ab923252f7e651b1ab2f0687d4974f7e2afd5172635cea","094","24","77","직각삼각형의 변의 길이"
"260711_삼각비(7).pdf","5ca6da23da33d0c597ab923252f7e651b1ab2f0687d4974f7e2afd5172635cea","095","25","82","직각삼각형의 변의 길이"
"260711_삼각비(7).pdf","5ca6da23da33d0c597ab923252f7e651b1ab2f0687d4974f7e2afd5172635cea","096","25","52","입체도형에서 직각삼각형의 변의 길이의 활용"
"260711_삼각비(7).pdf","5ca6da23da33d0c597ab923252f7e651b1ab2f0687d4974f7e2afd5172635cea","097","25","86","입체도형에서 직각삼각형의 변의 길이의 활용"
"260711_삼각비(7).pdf","5ca6da23da33d0c597ab923252f7e651b1ab2f0687d4974f7e2afd5172635cea","098","25","64","입체도형에서 직각삼각형의 변의 길이의 활용"
"260711_삼각비(7).pdf","5ca6da23da33d0c597ab923252f7e651b1ab2f0687d4974f7e2afd5172635cea","099","26","67","실생활에서 직각삼각형의 변의 길이"
"260711_삼각비(7).pdf","5ca6da23da33d0c597ab923252f7e651b1ab2f0687d4974f7e2afd5172635cea","100","26","86","실생활에서 직각삼각형의 변의 길이"
"260711_삼각비(7).pdf","5ca6da23da33d0c597ab923252f7e651b1ab2f0687d4974f7e2afd5172635cea","101","26","86","실생활에서 직각삼각형의 변의 길이"
"260711_삼각비(7).pdf","5ca6da23da33d0c597ab923252f7e651b1ab2f0687d4974f7e2afd5172635cea","102","26","80","실생활에서 직각삼각형의 변의 길이"
"260711_삼각비(7).pdf","5ca6da23da33d0c597ab923252f7e651b1ab2f0687d4974f7e2afd5172635cea","103","27","90","실생활에서 직각삼각형의 변의 길이"
"260711_삼각비(7).pdf","5ca6da23da33d0c597ab923252f7e651b1ab2f0687d4974f7e2afd5172635cea","104","27","65","실생활에서 직각삼각형의 변의 길이"
"260711_삼각비(7).pdf","5ca6da23da33d0c597ab923252f7e651b1ab2f0687d4974f7e2afd5172635cea","105","27","89","실생활에서 직각삼각형의 변의 길이"
"260711_삼각비(7).pdf","5ca6da23da33d0c597ab923252f7e651b1ab2f0687d4974f7e2afd5172635cea","106","27","80","실생활에서 직각삼각형의 변의 길이"
"260711_삼각비(7).pdf","5ca6da23da33d0c597ab923252f7e651b1ab2f0687d4974f7e2afd5172635cea","107","28","76","일반 삼각형의 변의 길이(2); 한 변의 길이와 그 양 끝 각의 크기를 알 때"
"260711_삼각비(7).pdf","5ca6da23da33d0c597ab923252f7e651b1ab2f0687d4974f7e2afd5172635cea","108","28","55","예각삼각형의 높이"
"260711_삼각비(7).pdf","5ca6da23da33d0c597ab923252f7e651b1ab2f0687d4974f7e2afd5172635cea","109","28","76","예각삼각형의 높이"
"260711_삼각비(7).pdf","5ca6da23da33d0c597ab923252f7e651b1ab2f0687d4974f7e2afd5172635cea","110","28","68","예각삼각형의 높이"
"260711_삼각비(7).pdf","5ca6da23da33d0c597ab923252f7e651b1ab2f0687d4974f7e2afd5172635cea","111","29","73","예각삼각형의 높이"
"260711_삼각비(7).pdf","5ca6da23da33d0c597ab923252f7e651b1ab2f0687d4974f7e2afd5172635cea","112","29","88","둔각삼각형의 높이"
"260711_삼각비(7).pdf","5ca6da23da33d0c597ab923252f7e651b1ab2f0687d4974f7e2afd5172635cea","113","29","56","둔각삼각형의 높이"
"260711_삼각비(7).pdf","5ca6da23da33d0c597ab923252f7e651b1ab2f0687d4974f7e2afd5172635cea","114","29","54","둔각삼각형의 높이"
"260711_삼각비(7).pdf","5ca6da23da33d0c597ab923252f7e651b1ab2f0687d4974f7e2afd5172635cea","115","30","88","둔각삼각형의 높이"
"260711_삼각비(7).pdf","5ca6da23da33d0c597ab923252f7e651b1ab2f0687d4974f7e2afd5172635cea","116","30","76","둔각삼각형의 높이"
"260711_삼각비(7).pdf","5ca6da23da33d0c597ab923252f7e651b1ab2f0687d4974f7e2afd5172635cea","117","30","91","둔각삼각형의 높이"
"260711_삼각비(7).pdf","5ca6da23da33d0c597ab923252f7e651b1ab2f0687d4974f7e2afd5172635cea","118","30","87","둔각삼각형의 높이"
"260711_삼각비(7).pdf","5ca6da23da33d0c597ab923252f7e651b1ab2f0687d4974f7e2afd5172635cea","119","31","66","둔각삼각형의 높이"
"260711_삼각비(7).pdf","5ca6da23da33d0c597ab923252f7e651b1ab2f0687d4974f7e2afd5172635cea","120","31","70","둔각삼각형의 높이"
"260711_삼각비(7).pdf","5ca6da23da33d0c597ab923252f7e651b1ab2f0687d4974f7e2afd5172635cea","121","31","79","예각삼각형의 넓이"
"260711_삼각비(7).pdf","5ca6da23da33d0c597ab923252f7e651b1ab2f0687d4974f7e2afd5172635cea","122","31","65","예각삼각형의 넓이"
"260711_삼각비(7).pdf","5ca6da23da33d0c597ab923252f7e651b1ab2f0687d4974f7e2afd5172635cea","123","32","52","예각삼각형의 넓이"
"260711_삼각비(7).pdf","5ca6da23da33d0c597ab923252f7e651b1ab2f0687d4974f7e2afd5172635cea","124","32","60","예각삼각형의 넓이"
"260711_삼각비(7).pdf","5ca6da23da33d0c597ab923252f7e651b1ab2f0687d4974f7e2afd5172635cea","125","32","88","예각삼각형의 넓이"
"260711_삼각비(7).pdf","5ca6da23da33d0c597ab923252f7e651b1ab2f0687d4974f7e2afd5172635cea","126","32","75","예각삼각형의 넓이"
"260711_삼각비(7).pdf","5ca6da23da33d0c597ab923252f7e651b1ab2f0687d4974f7e2afd5172635cea","127","33","79","예각삼각형의 넓이"
"260711_삼각비(7).pdf","5ca6da23da33d0c597ab923252f7e651b1ab2f0687d4974f7e2afd5172635cea","128","33","70","다각형의 넓이"
"260711_삼각비(7).pdf","5ca6da23da33d0c597ab923252f7e651b1ab2f0687d4974f7e2afd5172635cea","129","33","65","다각형의 넓이"
"260711_삼각비(7).pdf","5ca6da23da33d0c597ab923252f7e651b1ab2f0687d4974f7e2afd5172635cea","130","33","57","다각형의 넓이"
"260711_삼각비(7).pdf","5ca6da23da33d0c597ab923252f7e651b1ab2f0687d4974f7e2afd5172635cea","131","34","59","다각형의 넓이"
"260711_삼각비(7).pdf","5ca6da23da33d0c597ab923252f7e651b1ab2f0687d4974f7e2afd5172635cea","132","34","54","다각형의 넓이"
"260711_삼각비(7).pdf","5ca6da23da33d0c597ab923252f7e651b1ab2f0687d4974f7e2afd5172635cea","133","34","70","다각형의 넓이"
"260711_삼각비(7).pdf","5ca6da23da33d0c597ab923252f7e651b1ab2f0687d4974f7e2afd5172635cea","134","34","82","다각형의 넓이"
"260711_삼각비(7).pdf","5ca6da23da33d0c597ab923252f7e651b1ab2f0687d4974f7e2afd5172635cea","135","35","54","다각형의 넓이"
"260711_삼각비(7).pdf","5ca6da23da33d0c597ab923252f7e651b1ab2f0687d4974f7e2afd5172635cea","136","35","70","평행사변형의 넓이"
"260711_삼각비(7).pdf","5ca6da23da33d0c597ab923252f7e651b1ab2f0687d4974f7e2afd5172635cea","137","35","66","평행사변형의 넓이"
"260711_삼각비(7).pdf","5ca6da23da33d0c597ab923252f7e651b1ab2f0687d4974f7e2afd5172635cea","138","35","63","평행사변형의 넓이"
"260711_삼각비(7).pdf","5ca6da23da33d0c597ab923252f7e651b1ab2f0687d4974f7e2afd5172635cea","139","36","81","평행사변형의 넓이"
"260711_삼각비(7).pdf","5ca6da23da33d0c597ab923252f7e651b1ab2f0687d4974f7e2afd5172635cea","140","36","68","평행사변형의 넓이"
"260711_삼각비(7).pdf","5ca6da23da33d0c597ab923252f7e651b1ab2f0687d4974f7e2afd5172635cea","141","36","80","평행사변형의 넓이"
"260711_삼각비(7).pdf","5ca6da23da33d0c597ab923252f7e651b1ab2f0687d4974f7e2afd5172635cea","142","36","58","평행사변형의 넓이"
"260711_삼각비(7).pdf","5ca6da23da33d0c597ab923252f7e651b1ab2f0687d4974f7e2afd5172635cea","143","37","73","사각형의 넓이"
"260711_삼각비(7).pdf","5ca6da23da33d0c597ab923252f7e651b1ab2f0687d4974f7e2afd5172635cea","144","37","84","사각형의 넓이"
"260711_삼각비(7).pdf","5ca6da23da33d0c597ab923252f7e651b1ab2f0687d4974f7e2afd5172635cea","145","37","88","사각형의 넓이"
"260711_삼각비(7).pdf","5ca6da23da33d0c597ab923252f7e651b1ab2f0687d4974f7e2afd5172635cea","146","37","88","사각형의 넓이"
"260711_삼각비(7).pdf","5ca6da23da33d0c597ab923252f7e651b1ab2f0687d4974f7e2afd5172635cea","147","38","77","사각형의 넓이"
"260711_삼각비(7).pdf","5ca6da23da33d0c597ab923252f7e651b1ab2f0687d4974f7e2afd5172635cea","148","38","88","사각형의 넓이"
"260711_삼각비(7).pdf","5ca6da23da33d0c597ab923252f7e651b1ab2f0687d4974f7e2afd5172635cea","149","38","91","사각형의 넓이"
"260711_삼각비(7).pdf","5ca6da23da33d0c597ab923252f7e651b1ab2f0687d4974f7e2afd5172635cea","150","38","89","사각형의 넓이"
"260711_삼각비(8).pdf","94d3aa7f263cbfe100db8dccef81639a940e2618ec5137ca505b93a043080008","001","1","79","한 삼각비가 주어진 경우의 다른 삼각비의 값"
"260711_삼각비(8).pdf","94d3aa7f263cbfe100db8dccef81639a940e2618ec5137ca505b93a043080008","002","1","81","한 삼각비가 주어진 경우의 다른 삼각비의 값"
"260711_삼각비(8).pdf","94d3aa7f263cbfe100db8dccef81639a940e2618ec5137ca505b93a043080008","003","1","84","한 삼각비가 주어진 경우의 다른 삼각비의 값"
"260711_삼각비(8).pdf","94d3aa7f263cbfe100db8dccef81639a940e2618ec5137ca505b93a043080008","004","1","86","한 삼각비가 주어진 경우의 다른 삼각비의 값"
"260711_삼각비(8).pdf","94d3aa7f263cbfe100db8dccef81639a940e2618ec5137ca505b93a043080008","005","2","76","한 삼각비가 주어진 경우의 다른 삼각비의 값"
"260711_삼각비(8).pdf","94d3aa7f263cbfe100db8dccef81639a940e2618ec5137ca505b93a043080008","006","2","82","한 삼각비가 주어진 경우의 다른 삼각비의 값"
"260711_삼각비(8).pdf","94d3aa7f263cbfe100db8dccef81639a940e2618ec5137ca505b93a043080008","007","2","85","한 삼각비가 주어진 경우의 다른 삼각비의 값"
"260711_삼각비(8).pdf","94d3aa7f263cbfe100db8dccef81639a940e2618ec5137ca505b93a043080008","008","2","77","한 삼각비가 주어진 경우의 다른 삼각비의 값"
"260711_삼각비(8).pdf","94d3aa7f263cbfe100db8dccef81639a940e2618ec5137ca505b93a043080008","009","3","68","한 삼각비가 주어진 경우의 다른 삼각비의 값"
"260711_삼각비(8).pdf","94d3aa7f263cbfe100db8dccef81639a940e2618ec5137ca505b93a043080008","010","3","74","한 삼각비가 주어진 경우의 다른 삼각비의 값"
"260711_삼각비(8).pdf","94d3aa7f263cbfe100db8dccef81639a940e2618ec5137ca505b93a043080008","011","3","85","직각삼각형의 닮음과 삼각비(2)"
"260711_삼각비(8).pdf","94d3aa7f263cbfe100db8dccef81639a940e2618ec5137ca505b93a043080008","012","3","83","직각삼각형의 닮음과 삼각비(2)"
"260711_삼각비(8).pdf","94d3aa7f263cbfe100db8dccef81639a940e2618ec5137ca505b93a043080008","013","4","76","직각삼각형의 닮음과 삼각비(2)"
"260711_삼각비(8).pdf","94d3aa7f263cbfe100db8dccef81639a940e2618ec5137ca505b93a043080008","014","4","82","직각삼각형의 닮음과 삼각비(2)"
"260711_삼각비(8).pdf","94d3aa7f263cbfe100db8dccef81639a940e2618ec5137ca505b93a043080008","015","4","75","직각삼각형의 닮음과 삼각비(2)"
"260711_삼각비(8).pdf","94d3aa7f263cbfe100db8dccef81639a940e2618ec5137ca505b93a043080008","016","4","51","직각삼각형의 닮음과 삼각비(2)"
"260711_삼각비(8).pdf","94d3aa7f263cbfe100db8dccef81639a940e2618ec5137ca505b93a043080008","017","5","91","직각삼각형의 닮음과 삼각비(2)"
"260711_삼각비(8).pdf","94d3aa7f263cbfe100db8dccef81639a940e2618ec5137ca505b93a043080008","018","5","88","직각삼각형의 닮음과 삼각비(2)"
"260711_삼각비(8).pdf","94d3aa7f263cbfe100db8dccef81639a940e2618ec5137ca505b93a043080008","019","5","80","직각삼각형의 닮음과 삼각비(2)"
"260711_삼각비(8).pdf","94d3aa7f263cbfe100db8dccef81639a940e2618ec5137ca505b93a043080008","020","5","79","직선의 방정식과 삼각비의 값"
"260711_삼각비(8).pdf","94d3aa7f263cbfe100db8dccef81639a940e2618ec5137ca505b93a043080008","021","6","70","직선의 방정식과 삼각비의 값"
"260711_삼각비(8).pdf","94d3aa7f263cbfe100db8dccef81639a940e2618ec5137ca505b93a043080008","022","6","76","직선의 방정식과 삼각비의 값"
"260711_삼각비(8).pdf","94d3aa7f263cbfe100db8dccef81639a940e2618ec5137ca505b93a043080008","023","6","51","직선의 방정식과 삼각비의 값"
"260711_삼각비(8).pdf","94d3aa7f263cbfe100db8dccef81639a940e2618ec5137ca505b93a043080008","024","6","73","직선의 방정식과 삼각비의 값"
"260711_삼각비(8).pdf","94d3aa7f263cbfe100db8dccef81639a940e2618ec5137ca505b93a043080008","025","7","88","직선의 방정식과 삼각비의 값"
"260711_삼각비(8).pdf","94d3aa7f263cbfe100db8dccef81639a940e2618ec5137ca505b93a043080008","026","7","80","직선의 방정식과 삼각비의 값"
"260711_삼각비(8).pdf","94d3aa7f263cbfe100db8dccef81639a940e2618ec5137ca505b93a043080008","027","7","69","직선의 방정식과 삼각비의 값"
"260711_삼각비(8).pdf","94d3aa7f263cbfe100db8dccef81639a940e2618ec5137ca505b93a043080008","028","7","77","직선의 방정식과 삼각비의 값"
"260711_삼각비(8).pdf","94d3aa7f263cbfe100db8dccef81639a940e2618ec5137ca505b93a043080008","029","8","52","직선의 방정식과 삼각비의 값"
"260711_삼각비(8).pdf","94d3aa7f263cbfe100db8dccef81639a940e2618ec5137ca505b93a043080008","030","8","51","평면도형에서의 삼각비의 값"
"260711_삼각비(8).pdf","94d3aa7f263cbfe100db8dccef81639a940e2618ec5137ca505b93a043080008","031","8","90","평면도형에서의 삼각비의 값"
"260711_삼각비(8).pdf","94d3aa7f263cbfe100db8dccef81639a940e2618ec5137ca505b93a043080008","032","8","74","평면도형에서의 삼각비의 값"
"260711_삼각비(8).pdf","94d3aa7f263cbfe100db8dccef81639a940e2618ec5137ca505b93a043080008","033","9","73","평면도형에서의 삼각비의 값"
"260711_삼각비(8).pdf","94d3aa7f263cbfe100db8dccef81639a940e2618ec5137ca505b93a043080008","034","9","69","평면도형에서의 삼각비의 값"
"260711_삼각비(8).pdf","94d3aa7f263cbfe100db8dccef81639a940e2618ec5137ca505b93a043080008","035","9","59","평면도형에서의 삼각비의 값"
"260711_삼각비(8).pdf","94d3aa7f263cbfe100db8dccef81639a940e2618ec5137ca505b93a043080008","036","9","51","평면도형에서의 삼각비의 값"
"260711_삼각비(8).pdf","94d3aa7f263cbfe100db8dccef81639a940e2618ec5137ca505b93a043080008","037","10","63","평면도형에서의 삼각비의 값"
"260711_삼각비(8).pdf","94d3aa7f263cbfe100db8dccef81639a940e2618ec5137ca505b93a043080008","038","10","44","평면도형에서의 삼각비의 값"
"260711_삼각비(8).pdf","94d3aa7f263cbfe100db8dccef81639a940e2618ec5137ca505b93a043080008","039","10","50","평면도형에서의 삼각비의 값"
"260711_삼각비(8).pdf","94d3aa7f263cbfe100db8dccef81639a940e2618ec5137ca505b93a043080008","040","10","78","특수한 각(30˚, 45˚, 60˚)의 삼각비의 값"
"260711_삼각비(8).pdf","94d3aa7f263cbfe100db8dccef81639a940e2618ec5137ca505b93a043080008","041","11","80","특수한 각(30˚, 45˚, 60˚)의 삼각비의 값"
"260711_삼각비(8).pdf","94d3aa7f263cbfe100db8dccef81639a940e2618ec5137ca505b93a043080008","042","11","87","특수한 각(30˚, 45˚, 60˚)의 삼각비의 값"
"260711_삼각비(8).pdf","94d3aa7f263cbfe100db8dccef81639a940e2618ec5137ca505b93a043080008","043","11","83","특수한 각(30˚, 45˚, 60˚)의 삼각비의 값"
"260711_삼각비(8).pdf","94d3aa7f263cbfe100db8dccef81639a940e2618ec5137ca505b93a043080008","044","11","87","특수한 각(30˚, 45˚, 60˚)의 삼각비의 값"
"260711_삼각비(8).pdf","94d3aa7f263cbfe100db8dccef81639a940e2618ec5137ca505b93a043080008","045","12","75","특수한 각(30˚, 45˚, 60˚)의 삼각비의 값"
"260711_삼각비(8).pdf","94d3aa7f263cbfe100db8dccef81639a940e2618ec5137ca505b93a043080008","046","12","55","특수한 각(30˚, 45˚, 60˚)의 삼각비의 값"
"260711_삼각비(8).pdf","94d3aa7f263cbfe100db8dccef81639a940e2618ec5137ca505b93a043080008","047","12","80","특수한 각(30˚, 45˚, 60˚)의 삼각비의 값"
"260711_삼각비(8).pdf","94d3aa7f263cbfe100db8dccef81639a940e2618ec5137ca505b93a043080008","048","12","81","특수한 각(30˚, 45˚, 60˚)의 삼각비의 값"
"260711_삼각비(8).pdf","94d3aa7f263cbfe100db8dccef81639a940e2618ec5137ca505b93a043080008","049","13","74","특수한 각(30˚, 45˚, 60˚)의 삼각비의 값"
"260711_삼각비(8).pdf","94d3aa7f263cbfe100db8dccef81639a940e2618ec5137ca505b93a043080008","050","13","88","특수한 각(30˚, 45˚, 60˚)의 삼각비의 값"
"260711_삼각비(8).pdf","94d3aa7f263cbfe100db8dccef81639a940e2618ec5137ca505b93a043080008","051","13","88","특수한 각(30˚, 45˚, 60˚)의 삼각비의 값"
"260711_삼각비(8).pdf","94d3aa7f263cbfe100db8dccef81639a940e2618ec5137ca505b93a043080008","052","13","90","특수한 각의 삼각비를 이용하여 변의 길이 구하기"
"260711_삼각비(8).pdf","94d3aa7f263cbfe100db8dccef81639a940e2618ec5137ca505b93a043080008","053","14","89","특수한 각의 삼각비를 이용하여 변의 길이 구하기"
"260711_삼각비(8).pdf","94d3aa7f263cbfe100db8dccef81639a940e2618ec5137ca505b93a043080008","054","14","87","특수한 각의 삼각비를 이용하여 변의 길이 구하기"
"260711_삼각비(8).pdf","94d3aa7f263cbfe100db8dccef81639a940e2618ec5137ca505b93a043080008","055","14","84","특수한 각의 삼각비를 이용하여 변의 길이 구하기"
"260711_삼각비(8).pdf","94d3aa7f263cbfe100db8dccef81639a940e2618ec5137ca505b93a043080008","056","14","88","특수한 각의 삼각비를 이용하여 변의 길이 구하기"
"260711_삼각비(8).pdf","94d3aa7f263cbfe100db8dccef81639a940e2618ec5137ca505b93a043080008","057","15","84","특수한 각의 삼각비를 이용하여 변의 길이 구하기"
"260711_삼각비(8).pdf","94d3aa7f263cbfe100db8dccef81639a940e2618ec5137ca505b93a043080008","058","15","81","특수한 각의 삼각비를 이용하여 변의 길이 구하기"
"260711_삼각비(8).pdf","94d3aa7f263cbfe100db8dccef81639a940e2618ec5137ca505b93a043080008","059","15","77","특수한 각의 삼각비를 이용하여 변의 길이 구하기"
"260711_삼각비(8).pdf","94d3aa7f263cbfe100db8dccef81639a940e2618ec5137ca505b93a043080008","060","15","87","특수한 각의 삼각비를 이용하여 변의 길이 구하기"
"260711_삼각비(8).pdf","94d3aa7f263cbfe100db8dccef81639a940e2618ec5137ca505b93a043080008","061","16","79","특수한 각의 삼각비를 이용하여 변의 길이 구하기"
"260711_삼각비(8).pdf","94d3aa7f263cbfe100db8dccef81639a940e2618ec5137ca505b93a043080008","062","16","80","특수한 각의 삼각비를 이용하여 변의 길이 구하기"
"260711_삼각비(8).pdf","94d3aa7f263cbfe100db8dccef81639a940e2618ec5137ca505b93a043080008","063","16","85","특수한 각의 삼각비를 이용하여 변의 길이 구하기"
"260711_삼각비(8).pdf","94d3aa7f263cbfe100db8dccef81639a940e2618ec5137ca505b93a043080008","064","16","78","특수한 각의 삼각비를 이용하여 변의 길이 구하기"
"260711_삼각비(8).pdf","94d3aa7f263cbfe100db8dccef81639a940e2618ec5137ca505b93a043080008","065","17","84","특수한 각의 삼각비를 이용하여 변의 길이 구하기"
"260711_삼각비(8).pdf","94d3aa7f263cbfe100db8dccef81639a940e2618ec5137ca505b93a043080008","066","17","79","특수한 각의 삼각비를 이용하여 다른 삼각비의 값 구하기"
"260711_삼각비(8).pdf","94d3aa7f263cbfe100db8dccef81639a940e2618ec5137ca505b93a043080008","067","17","61","특수한 각의 삼각비를 이용하여 다른 삼각비의 값 구하기"
"260711_삼각비(8).pdf","94d3aa7f263cbfe100db8dccef81639a940e2618ec5137ca505b93a043080008","068","17","59","특수한 각의 삼각비를 이용하여 다른 삼각비의 값 구하기"
"260711_삼각비(8).pdf","94d3aa7f263cbfe100db8dccef81639a940e2618ec5137ca505b93a043080008","069","18","58","특수한 각의 삼각비를 이용하여 다른 삼각비의 값 구하기"
"260711_삼각비(8).pdf","94d3aa7f263cbfe100db8dccef81639a940e2618ec5137ca505b93a043080008","070","18","81","특수한 각의 삼각비를 이용하여 다른 삼각비의 값 구하기"
"260711_삼각비(8).pdf","94d3aa7f263cbfe100db8dccef81639a940e2618ec5137ca505b93a043080008","071","18","67","특수한 각의 삼각비를 이용하여 다른 삼각비의 값 구하기"
"260711_삼각비(8).pdf","94d3aa7f263cbfe100db8dccef81639a940e2618ec5137ca505b93a043080008","072","18","57","특수한 각의 삼각비를 이용하여 다른 삼각비의 값 구하기"
"260711_삼각비(8).pdf","94d3aa7f263cbfe100db8dccef81639a940e2618ec5137ca505b93a043080008","073","19","73","특수한 각의 삼각비를 이용하여 다른 삼각비의 값 구하기"
"260711_삼각비(8).pdf","94d3aa7f263cbfe100db8dccef81639a940e2618ec5137ca505b93a043080008","074","19","77","특수한 각의 삼각비를 이용하여 다른 삼각비의 값 구하기"
"260711_삼각비(8).pdf","94d3aa7f263cbfe100db8dccef81639a940e2618ec5137ca505b93a043080008","075","19","83","특수한 각의 삼각비를 이용하여 다른 삼각비의 값 구하기"
"260711_삼각비(8).pdf","94d3aa7f263cbfe100db8dccef81639a940e2618ec5137ca505b93a043080008","076","19","84","사분원을 이용한 삼각비의 값"
"260711_삼각비(8).pdf","94d3aa7f263cbfe100db8dccef81639a940e2618ec5137ca505b93a043080008","077","20","70","사분원을 이용한 삼각비의 값"
"260711_삼각비(8).pdf","94d3aa7f263cbfe100db8dccef81639a940e2618ec5137ca505b93a043080008","078","20","72","사분원을 이용한 삼각비의 값"
"260711_삼각비(8).pdf","94d3aa7f263cbfe100db8dccef81639a940e2618ec5137ca505b93a043080008","079","20","34","사분원을 이용한 삼각비의 값"
"260711_삼각비(8).pdf","94d3aa7f263cbfe100db8dccef81639a940e2618ec5137ca505b93a043080008","080","20","32","사분원을 이용한 삼각비의 값"
"260711_삼각비(8).pdf","94d3aa7f263cbfe100db8dccef81639a940e2618ec5137ca505b93a043080008","081","21","79","사분원을 이용한 삼각비의 값"
"260711_삼각비(8).pdf","94d3aa7f263cbfe100db8dccef81639a940e2618ec5137ca505b93a043080008","082","21","80","사분원을 이용한 삼각비의 값"
"260711_삼각비(8).pdf","94d3aa7f263cbfe100db8dccef81639a940e2618ec5137ca505b93a043080008","083","21","74","사분원을 이용한 삼각비의 값"
"260711_삼각비(8).pdf","94d3aa7f263cbfe100db8dccef81639a940e2618ec5137ca505b93a043080008","084","21","53","사분원을 이용한 삼각비의 값"
"260711_삼각비(8).pdf","94d3aa7f263cbfe100db8dccef81639a940e2618ec5137ca505b93a043080008","085","22","81","사분원을 이용한 삼각비의 값"
"260711_삼각비(8).pdf","94d3aa7f263cbfe100db8dccef81639a940e2618ec5137ca505b93a043080008","086","22","84","직각삼각형의 변의 길이"
"260711_삼각비(8).pdf","94d3aa7f263cbfe100db8dccef81639a940e2618ec5137ca505b93a043080008","087","22","80","직각삼각형의 변의 길이"
"260711_삼각비(8).pdf","94d3aa7f263cbfe100db8dccef81639a940e2618ec5137ca505b93a043080008","088","22","76","직각삼각형의 변의 길이"
"260711_삼각비(8).pdf","94d3aa7f263cbfe100db8dccef81639a940e2618ec5137ca505b93a043080008","089","23","69","직각삼각형의 변의 길이"
"260711_삼각비(8).pdf","94d3aa7f263cbfe100db8dccef81639a940e2618ec5137ca505b93a043080008","090","23","80","직각삼각형의 변의 길이"
"260711_삼각비(8).pdf","94d3aa7f263cbfe100db8dccef81639a940e2618ec5137ca505b93a043080008","091","23","89","직각삼각형의 변의 길이"
"260711_삼각비(8).pdf","94d3aa7f263cbfe100db8dccef81639a940e2618ec5137ca505b93a043080008","092","23","54","직각삼각형의 변의 길이"
"260711_삼각비(8).pdf","94d3aa7f263cbfe100db8dccef81639a940e2618ec5137ca505b93a043080008","093","24","50","직각삼각형의 변의 길이"
"260711_삼각비(8).pdf","94d3aa7f263cbfe100db8dccef81639a940e2618ec5137ca505b93a043080008","094","24","51","직각삼각형의 변의 길이"
"260711_삼각비(8).pdf","94d3aa7f263cbfe100db8dccef81639a940e2618ec5137ca505b93a043080008","095","24","50","직각삼각형의 변의 길이"
"260711_삼각비(8).pdf","94d3aa7f263cbfe100db8dccef81639a940e2618ec5137ca505b93a043080008","096","24","76","실생활에서 직각삼각형의 변의 길이"
"260711_삼각비(8).pdf","94d3aa7f263cbfe100db8dccef81639a940e2618ec5137ca505b93a043080008","097","25","56","실생활에서 직각삼각형의 변의 길이"
"260711_삼각비(8).pdf","94d3aa7f263cbfe100db8dccef81639a940e2618ec5137ca505b93a043080008","098","25","86","실생활에서 직각삼각형의 변의 길이"
"260711_삼각비(8).pdf","94d3aa7f263cbfe100db8dccef81639a940e2618ec5137ca505b93a043080008","099","25","84","실생활에서 직각삼각형의 변의 길이"
"260711_삼각비(8).pdf","94d3aa7f263cbfe100db8dccef81639a940e2618ec5137ca505b93a043080008","100","25","74","실생활에서 직각삼각형의 변의 길이"
"260711_삼각비(8).pdf","94d3aa7f263cbfe100db8dccef81639a940e2618ec5137ca505b93a043080008","101","26","83","실생활에서 직각삼각형의 변의 길이"
"260711_삼각비(8).pdf","94d3aa7f263cbfe100db8dccef81639a940e2618ec5137ca505b93a043080008","102","26","66","실생활에서 직각삼각형의 변의 길이"
"260711_삼각비(8).pdf","94d3aa7f263cbfe100db8dccef81639a940e2618ec5137ca505b93a043080008","103","26","81","실생활에서 직각삼각형의 변의 길이"
"260711_삼각비(8).pdf","94d3aa7f263cbfe100db8dccef81639a940e2618ec5137ca505b93a043080008","104","26","80","실생활에서 직각삼각형의 변의 길이"
"260711_삼각비(8).pdf","94d3aa7f263cbfe100db8dccef81639a940e2618ec5137ca505b93a043080008","105","27","90","실생활에서 직각삼각형의 변의 길이"
"260711_삼각비(8).pdf","94d3aa7f263cbfe100db8dccef81639a940e2618ec5137ca505b93a043080008","106","27","56","둔각삼각형의 높이"
"260711_삼각비(8).pdf","94d3aa7f263cbfe100db8dccef81639a940e2618ec5137ca505b93a043080008","107","27","74","둔각삼각형의 높이"
"260711_삼각비(8).pdf","94d3aa7f263cbfe100db8dccef81639a940e2618ec5137ca505b93a043080008","108","27","75","둔각삼각형의 높이"
"260711_삼각비(8).pdf","94d3aa7f263cbfe100db8dccef81639a940e2618ec5137ca505b93a043080008","109","28","71","예각삼각형의 넓이"
"260711_삼각비(8).pdf","94d3aa7f263cbfe100db8dccef81639a940e2618ec5137ca505b93a043080008","110","28","85","예각삼각형의 넓이"
"260711_삼각비(8).pdf","94d3aa7f263cbfe100db8dccef81639a940e2618ec5137ca505b93a043080008","111","28","67","예각삼각형의 넓이"
"260711_삼각비(8).pdf","94d3aa7f263cbfe100db8dccef81639a940e2618ec5137ca505b93a043080008","112","28","53","예각삼각형의 넓이"
"260711_삼각비(8).pdf","94d3aa7f263cbfe100db8dccef81639a940e2618ec5137ca505b93a043080008","113","29","88","예각삼각형의 넓이"
"260711_삼각비(8).pdf","94d3aa7f263cbfe100db8dccef81639a940e2618ec5137ca505b93a043080008","114","29","67","예각삼각형의 넓이"
"260711_삼각비(8).pdf","94d3aa7f263cbfe100db8dccef81639a940e2618ec5137ca505b93a043080008","115","29","42","예각삼각형의 넓이"
"260711_삼각비(8).pdf","94d3aa7f263cbfe100db8dccef81639a940e2618ec5137ca505b93a043080008","116","29","62","예각삼각형의 넓이"
"260711_삼각비(8).pdf","94d3aa7f263cbfe100db8dccef81639a940e2618ec5137ca505b93a043080008","117","30","52","예각삼각형의 넓이"
"260711_삼각비(8).pdf","94d3aa7f263cbfe100db8dccef81639a940e2618ec5137ca505b93a043080008","118","30","62","예각삼각형의 넓이"
"260711_삼각비(8).pdf","94d3aa7f263cbfe100db8dccef81639a940e2618ec5137ca505b93a043080008","119","30","39","다각형의 넓이"
"260711_삼각비(8).pdf","94d3aa7f263cbfe100db8dccef81639a940e2618ec5137ca505b93a043080008","120","31","61","다각형의 넓이"
"260711_삼각비(8).pdf","94d3aa7f263cbfe100db8dccef81639a940e2618ec5137ca505b93a043080008","121","31","57","다각형의 넓이"
"260711_삼각비(8).pdf","94d3aa7f263cbfe100db8dccef81639a940e2618ec5137ca505b93a043080008","122","31","60","다각형의 넓이"
"260711_삼각비(8).pdf","94d3aa7f263cbfe100db8dccef81639a940e2618ec5137ca505b93a043080008","123","31","76","다각형의 넓이"
"260711_삼각비(8).pdf","94d3aa7f263cbfe100db8dccef81639a940e2618ec5137ca505b93a043080008","124","32","46","다각형의 넓이"
"260711_삼각비(8).pdf","94d3aa7f263cbfe100db8dccef81639a940e2618ec5137ca505b93a043080008","125","32","85","다각형의 넓이"
"260711_삼각비(8).pdf","94d3aa7f263cbfe100db8dccef81639a940e2618ec5137ca505b93a043080008","126","32","46","다각형의 넓이"
"260711_삼각비(8).pdf","94d3aa7f263cbfe100db8dccef81639a940e2618ec5137ca505b93a043080008","127","33","40","다각형의 넓이"
"260711_삼각비(8).pdf","94d3aa7f263cbfe100db8dccef81639a940e2618ec5137ca505b93a043080008","128","33","70","다각형의 넓이"
"260711_삼각비(8).pdf","94d3aa7f263cbfe100db8dccef81639a940e2618ec5137ca505b93a043080008","129","33","55","평행사변형의 넓이"
"260711_삼각비(8).pdf","94d3aa7f263cbfe100db8dccef81639a940e2618ec5137ca505b93a043080008","130","34","53","평행사변형의 넓이"
"260711_삼각비(8).pdf","94d3aa7f263cbfe100db8dccef81639a940e2618ec5137ca505b93a043080008","131","34","61","평행사변형의 넓이"
"260711_삼각비(8).pdf","94d3aa7f263cbfe100db8dccef81639a940e2618ec5137ca505b93a043080008","132","34","87","평행사변형의 넓이"
"260711_삼각비(8).pdf","94d3aa7f263cbfe100db8dccef81639a940e2618ec5137ca505b93a043080008","133","34","57","평행사변형의 넓이"
"260711_삼각비(8).pdf","94d3aa7f263cbfe100db8dccef81639a940e2618ec5137ca505b93a043080008","134","35","70","평행사변형의 넓이"
"260711_삼각비(8).pdf","94d3aa7f263cbfe100db8dccef81639a940e2618ec5137ca505b93a043080008","135","35","72","평행사변형의 넓이"
"260711_삼각비(8).pdf","94d3aa7f263cbfe100db8dccef81639a940e2618ec5137ca505b93a043080008","136","35","79","평행사변형의 넓이"
"260711_삼각비(8).pdf","94d3aa7f263cbfe100db8dccef81639a940e2618ec5137ca505b93a043080008","137","35","71","평행사변형의 넓이"
"260711_삼각비(8).pdf","94d3aa7f263cbfe100db8dccef81639a940e2618ec5137ca505b93a043080008","138","36","70","평행사변형의 넓이"
"260711_삼각비(8).pdf","94d3aa7f263cbfe100db8dccef81639a940e2618ec5137ca505b93a043080008","139","36","84","사각형의 넓이"
"260711_삼각비(8).pdf","94d3aa7f263cbfe100db8dccef81639a940e2618ec5137ca505b93a043080008","140","36","55","사각형의 넓이"
"260711_삼각비(8).pdf","94d3aa7f263cbfe100db8dccef81639a940e2618ec5137ca505b93a043080008","141","36","81","사각형의 넓이"
"260711_삼각비(8).pdf","94d3aa7f263cbfe100db8dccef81639a940e2618ec5137ca505b93a043080008","142","37","67","사각형의 넓이"
"260711_삼각비(8).pdf","94d3aa7f263cbfe100db8dccef81639a940e2618ec5137ca505b93a043080008","143","37","79","사각형의 넓이"
"260711_삼각비(8).pdf","94d3aa7f263cbfe100db8dccef81639a940e2618ec5137ca505b93a043080008","144","37","78","사각형의 넓이"
"260711_삼각비(8).pdf","94d3aa7f263cbfe100db8dccef81639a940e2618ec5137ca505b93a043080008","145","37","64","사각형의 넓이"
"260711_삼각비(8).pdf","94d3aa7f263cbfe100db8dccef81639a940e2618ec5137ca505b93a043080008","146","38","72","사각형의 넓이"
"260711_삼각비(8).pdf","94d3aa7f263cbfe100db8dccef81639a940e2618ec5137ca505b93a043080008","147","38","50","사각형의 넓이"
"260711_삼각비(8).pdf","94d3aa7f263cbfe100db8dccef81639a940e2618ec5137ca505b93a043080008","148","38","50","사각형의 넓이"
"260711_삼각비(8).pdf","94d3aa7f263cbfe100db8dccef81639a940e2618ec5137ca505b93a043080008","149","38","52","사각형의 넓이"
"260711_삼각비(8).pdf","94d3aa7f263cbfe100db8dccef81639a940e2618ec5137ca505b93a043080008","150","39","86","사각형의 넓이"
"260711_삼각비(9).pdf","6c80484844cd002cbaec13219eb1173f5806a25ca275dfaccb8ff8ea69ef0f7b","001","1","75","한 삼각비가 주어진 경우의 다른 삼각비의 값"
"260711_삼각비(9).pdf","6c80484844cd002cbaec13219eb1173f5806a25ca275dfaccb8ff8ea69ef0f7b","002","1","70","한 삼각비가 주어진 경우의 다른 삼각비의 값"
"260711_삼각비(9).pdf","6c80484844cd002cbaec13219eb1173f5806a25ca275dfaccb8ff8ea69ef0f7b","003","1","68","한 삼각비가 주어진 경우의 다른 삼각비의 값"
"260711_삼각비(9).pdf","6c80484844cd002cbaec13219eb1173f5806a25ca275dfaccb8ff8ea69ef0f7b","004","1","74","한 삼각비가 주어진 경우의 다른 삼각비의 값"
"260711_삼각비(9).pdf","6c80484844cd002cbaec13219eb1173f5806a25ca275dfaccb8ff8ea69ef0f7b","005","2","52","직선의 방정식과 삼각비의 값"
"260711_삼각비(9).pdf","6c80484844cd002cbaec13219eb1173f5806a25ca275dfaccb8ff8ea69ef0f7b","006","2","50","직선의 방정식과 삼각비의 값"
"260711_삼각비(9).pdf","6c80484844cd002cbaec13219eb1173f5806a25ca275dfaccb8ff8ea69ef0f7b","007","2","80","직선의 방정식과 삼각비의 값"
"260711_삼각비(9).pdf","6c80484844cd002cbaec13219eb1173f5806a25ca275dfaccb8ff8ea69ef0f7b","008","2","78","직선의 방정식과 삼각비의 값"
"260711_삼각비(9).pdf","6c80484844cd002cbaec13219eb1173f5806a25ca275dfaccb8ff8ea69ef0f7b","009","3","68","직선의 방정식과 삼각비의 값"
"260711_삼각비(9).pdf","6c80484844cd002cbaec13219eb1173f5806a25ca275dfaccb8ff8ea69ef0f7b","010","3","51","직선의 방정식과 삼각비의 값"
"260711_삼각비(9).pdf","6c80484844cd002cbaec13219eb1173f5806a25ca275dfaccb8ff8ea69ef0f7b","011","3","88","직선의 방정식과 삼각비의 값"
"260711_삼각비(9).pdf","6c80484844cd002cbaec13219eb1173f5806a25ca275dfaccb8ff8ea69ef0f7b","012","3","88","직선의 방정식과 삼각비의 값"
"260711_삼각비(9).pdf","6c80484844cd002cbaec13219eb1173f5806a25ca275dfaccb8ff8ea69ef0f7b","013","4","85","직선의 방정식과 삼각비의 값"
"260711_삼각비(9).pdf","6c80484844cd002cbaec13219eb1173f5806a25ca275dfaccb8ff8ea69ef0f7b","014","4","61","직선의 방정식과 삼각비의 값"
"260711_삼각비(9).pdf","6c80484844cd002cbaec13219eb1173f5806a25ca275dfaccb8ff8ea69ef0f7b","015","4","83","직선의 방정식과 삼각비의 값"
"260711_삼각비(9).pdf","6c80484844cd002cbaec13219eb1173f5806a25ca275dfaccb8ff8ea69ef0f7b","016","4","80","직선의 방정식과 삼각비의 값"
"260711_삼각비(9).pdf","6c80484844cd002cbaec13219eb1173f5806a25ca275dfaccb8ff8ea69ef0f7b","017","5","77","직선의 방정식과 삼각비의 값"
"260711_삼각비(9).pdf","6c80484844cd002cbaec13219eb1173f5806a25ca275dfaccb8ff8ea69ef0f7b","018","5","84","평면도형에서의 삼각비의 값"
"260711_삼각비(9).pdf","6c80484844cd002cbaec13219eb1173f5806a25ca275dfaccb8ff8ea69ef0f7b","019","5","51","평면도형에서의 삼각비의 값"
"260711_삼각비(9).pdf","6c80484844cd002cbaec13219eb1173f5806a25ca275dfaccb8ff8ea69ef0f7b","020","5","39","평면도형에서의 삼각비의 값"
"260711_삼각비(9).pdf","6c80484844cd002cbaec13219eb1173f5806a25ca275dfaccb8ff8ea69ef0f7b","021","6","48","평면도형에서의 삼각비의 값"
"260711_삼각비(9).pdf","6c80484844cd002cbaec13219eb1173f5806a25ca275dfaccb8ff8ea69ef0f7b","022","6","76","평면도형에서의 삼각비의 값"
"260711_삼각비(9).pdf","6c80484844cd002cbaec13219eb1173f5806a25ca275dfaccb8ff8ea69ef0f7b","023","6","52","평면도형에서의 삼각비의 값"
"260711_삼각비(9).pdf","6c80484844cd002cbaec13219eb1173f5806a25ca275dfaccb8ff8ea69ef0f7b","024","6","63","평면도형에서의 삼각비의 값"
"260711_삼각비(9).pdf","6c80484844cd002cbaec13219eb1173f5806a25ca275dfaccb8ff8ea69ef0f7b","025","7","31","평면도형에서의 삼각비의 값"
"260711_삼각비(9).pdf","6c80484844cd002cbaec13219eb1173f5806a25ca275dfaccb8ff8ea69ef0f7b","026","7","36","평면도형에서의 삼각비의 값"
"260711_삼각비(9).pdf","6c80484844cd002cbaec13219eb1173f5806a25ca275dfaccb8ff8ea69ef0f7b","027","7","54","평면도형에서의 삼각비의 값"
"260711_삼각비(9).pdf","6c80484844cd002cbaec13219eb1173f5806a25ca275dfaccb8ff8ea69ef0f7b","028","7","84","특수한 각(30˚, 45˚, 60˚)의 삼각비의 값"
"260711_삼각비(9).pdf","6c80484844cd002cbaec13219eb1173f5806a25ca275dfaccb8ff8ea69ef0f7b","029","8","81","특수한 각(30˚, 45˚, 60˚)의 삼각비의 값"
"260711_삼각비(9).pdf","6c80484844cd002cbaec13219eb1173f5806a25ca275dfaccb8ff8ea69ef0f7b","030","8","76","특수한 각(30˚, 45˚, 60˚)의 삼각비의 값"
"260711_삼각비(9).pdf","6c80484844cd002cbaec13219eb1173f5806a25ca275dfaccb8ff8ea69ef0f7b","031","8","86","특수한 각의 삼각비를 이용하여 변의 길이 구하기"
"260711_삼각비(9).pdf","6c80484844cd002cbaec13219eb1173f5806a25ca275dfaccb8ff8ea69ef0f7b","032","8","88","특수한 각의 삼각비를 이용하여 변의 길이 구하기"
"260711_삼각비(9).pdf","6c80484844cd002cbaec13219eb1173f5806a25ca275dfaccb8ff8ea69ef0f7b","033","9","90","특수한 각의 삼각비를 이용하여 변의 길이 구하기"
"260711_삼각비(9).pdf","6c80484844cd002cbaec13219eb1173f5806a25ca275dfaccb8ff8ea69ef0f7b","034","9","84","특수한 각의 삼각비를 이용하여 변의 길이 구하기"
"260711_삼각비(9).pdf","6c80484844cd002cbaec13219eb1173f5806a25ca275dfaccb8ff8ea69ef0f7b","035","9","84","특수한 각의 삼각비를 이용하여 변의 길이 구하기"
"260711_삼각비(9).pdf","6c80484844cd002cbaec13219eb1173f5806a25ca275dfaccb8ff8ea69ef0f7b","036","9","88","특수한 각의 삼각비를 이용하여 변의 길이 구하기"
"260711_삼각비(9).pdf","6c80484844cd002cbaec13219eb1173f5806a25ca275dfaccb8ff8ea69ef0f7b","037","10","84","특수한 각의 삼각비를 이용하여 변의 길이 구하기"
"260711_삼각비(9).pdf","6c80484844cd002cbaec13219eb1173f5806a25ca275dfaccb8ff8ea69ef0f7b","038","10","84","특수한 각의 삼각비를 이용하여 변의 길이 구하기"
"260711_삼각비(9).pdf","6c80484844cd002cbaec13219eb1173f5806a25ca275dfaccb8ff8ea69ef0f7b","039","10","79","특수한 각의 삼각비를 이용하여 변의 길이 구하기"
"260711_삼각비(9).pdf","6c80484844cd002cbaec13219eb1173f5806a25ca275dfaccb8ff8ea69ef0f7b","040","10","71","특수한 각의 삼각비를 이용하여 변의 길이 구하기"
"260711_삼각비(9).pdf","6c80484844cd002cbaec13219eb1173f5806a25ca275dfaccb8ff8ea69ef0f7b","041","11","73","특수한 각의 삼각비를 이용하여 변의 길이 구하기"
"260711_삼각비(9).pdf","6c80484844cd002cbaec13219eb1173f5806a25ca275dfaccb8ff8ea69ef0f7b","042","11","75","특수한 각의 삼각비를 이용하여 변의 길이 구하기"
"260711_삼각비(9).pdf","6c80484844cd002cbaec13219eb1173f5806a25ca275dfaccb8ff8ea69ef0f7b","043","11","86","특수한 각의 삼각비를 이용하여 다른 삼각비의 값 구하기"
"260711_삼각비(9).pdf","6c80484844cd002cbaec13219eb1173f5806a25ca275dfaccb8ff8ea69ef0f7b","044","11","80","특수한 각의 삼각비를 이용하여 다른 삼각비의 값 구하기"
"260711_삼각비(9).pdf","6c80484844cd002cbaec13219eb1173f5806a25ca275dfaccb8ff8ea69ef0f7b","045","12","75","특수한 각의 삼각비를 이용하여 다른 삼각비의 값 구하기"
"260711_삼각비(9).pdf","6c80484844cd002cbaec13219eb1173f5806a25ca275dfaccb8ff8ea69ef0f7b","046","12","87","사분원을 이용한 삼각비의 값"
"260711_삼각비(9).pdf","6c80484844cd002cbaec13219eb1173f5806a25ca275dfaccb8ff8ea69ef0f7b","047","13","78","사분원을 이용한 삼각비의 값"
"260711_삼각비(9).pdf","6c80484844cd002cbaec13219eb1173f5806a25ca275dfaccb8ff8ea69ef0f7b","048","13","75","사분원을 이용한 삼각비의 값"
"260711_삼각비(9).pdf","6c80484844cd002cbaec13219eb1173f5806a25ca275dfaccb8ff8ea69ef0f7b","049","13","64","사분원을 이용한 삼각비의 값"
"260711_삼각비(9).pdf","6c80484844cd002cbaec13219eb1173f5806a25ca275dfaccb8ff8ea69ef0f7b","050","13","33","사분원을 이용한 삼각비의 값"
"260711_삼각비(9).pdf","6c80484844cd002cbaec13219eb1173f5806a25ca275dfaccb8ff8ea69ef0f7b","051","14","85","사분원을 이용한 삼각비의 값"
"260711_삼각비(9).pdf","6c80484844cd002cbaec13219eb1173f5806a25ca275dfaccb8ff8ea69ef0f7b","052","14","78","사분원을 이용한 삼각비의 값"
"260711_삼각비(9).pdf","6c80484844cd002cbaec13219eb1173f5806a25ca275dfaccb8ff8ea69ef0f7b","053","14","81","사분원을 이용한 삼각비의 값"
"260711_삼각비(9).pdf","6c80484844cd002cbaec13219eb1173f5806a25ca275dfaccb8ff8ea69ef0f7b","054","14","74","사분원을 이용한 삼각비의 값"
"260711_삼각비(9).pdf","6c80484844cd002cbaec13219eb1173f5806a25ca275dfaccb8ff8ea69ef0f7b","055","15","90","사분원을 이용한 삼각비의 값"
"260711_삼각비(9).pdf","6c80484844cd002cbaec13219eb1173f5806a25ca275dfaccb8ff8ea69ef0f7b","056","15","82","사분원을 이용한 삼각비의 값"
"260711_삼각비(9).pdf","6c80484844cd002cbaec13219eb1173f5806a25ca275dfaccb8ff8ea69ef0f7b","057","15","84","사분원을 이용한 삼각비의 값"
"260711_삼각비(9).pdf","6c80484844cd002cbaec13219eb1173f5806a25ca275dfaccb8ff8ea69ef0f7b","058","15","71","사분원을 이용한 삼각비의 값"
"260711_삼각비(9).pdf","6c80484844cd002cbaec13219eb1173f5806a25ca275dfaccb8ff8ea69ef0f7b","059","16","69","사분원을 이용한 삼각비의 값"
"260711_삼각비(9).pdf","6c80484844cd002cbaec13219eb1173f5806a25ca275dfaccb8ff8ea69ef0f7b","060","16","50","사분원을 이용한 삼각비의 값"
"260711_삼각비(9).pdf","6c80484844cd002cbaec13219eb1173f5806a25ca275dfaccb8ff8ea69ef0f7b","061","16","64","사분원을 이용한 삼각비의 값"
"260711_삼각비(9).pdf","6c80484844cd002cbaec13219eb1173f5806a25ca275dfaccb8ff8ea69ef0f7b","062","16","86","사분원을 이용한 삼각비의 값"
"260711_삼각비(9).pdf","6c80484844cd002cbaec13219eb1173f5806a25ca275dfaccb8ff8ea69ef0f7b","063","17","73","사분원을 이용한 삼각비의 값"
"260711_삼각비(9).pdf","6c80484844cd002cbaec13219eb1173f5806a25ca275dfaccb8ff8ea69ef0f7b","064","17","73","직각삼각형의 변의 길이"
"260711_삼각비(9).pdf","6c80484844cd002cbaec13219eb1173f5806a25ca275dfaccb8ff8ea69ef0f7b","065","17","84","직각삼각형의 변의 길이"
"260711_삼각비(9).pdf","6c80484844cd002cbaec13219eb1173f5806a25ca275dfaccb8ff8ea69ef0f7b","066","17","49","직각삼각형의 변의 길이"
"260711_삼각비(9).pdf","6c80484844cd002cbaec13219eb1173f5806a25ca275dfaccb8ff8ea69ef0f7b","067","18","53","직각삼각형의 변의 길이"
"260711_삼각비(9).pdf","6c80484844cd002cbaec13219eb1173f5806a25ca275dfaccb8ff8ea69ef0f7b","068","18","80","직각삼각형의 변의 길이"
"260711_삼각비(9).pdf","6c80484844cd002cbaec13219eb1173f5806a25ca275dfaccb8ff8ea69ef0f7b","069","18","75","직각삼각형의 변의 길이"
"260711_삼각비(9).pdf","6c80484844cd002cbaec13219eb1173f5806a25ca275dfaccb8ff8ea69ef0f7b","070","18","77","직각삼각형의 변의 길이"
"260711_삼각비(9).pdf","6c80484844cd002cbaec13219eb1173f5806a25ca275dfaccb8ff8ea69ef0f7b","071","19","68","직각삼각형의 변의 길이"
"260711_삼각비(9).pdf","6c80484844cd002cbaec13219eb1173f5806a25ca275dfaccb8ff8ea69ef0f7b","072","19","48","직각삼각형의 변의 길이"
"260711_삼각비(9).pdf","6c80484844cd002cbaec13219eb1173f5806a25ca275dfaccb8ff8ea69ef0f7b","073","19","63","직각삼각형의 변의 길이"
"260711_삼각비(9).pdf","6c80484844cd002cbaec13219eb1173f5806a25ca275dfaccb8ff8ea69ef0f7b","074","19","32","직각삼각형의 변의 길이"
"260711_삼각비(9).pdf","6c80484844cd002cbaec13219eb1173f5806a25ca275dfaccb8ff8ea69ef0f7b","075","20","83","직각삼각형의 변의 길이"
"260711_삼각비(9).pdf","6c80484844cd002cbaec13219eb1173f5806a25ca275dfaccb8ff8ea69ef0f7b","076","20","87","실생활에서 직각삼각형의 변의 길이"
"260711_삼각비(9).pdf","6c80484844cd002cbaec13219eb1173f5806a25ca275dfaccb8ff8ea69ef0f7b","077","20","55","실생활에서 직각삼각형의 변의 길이"
"260711_삼각비(9).pdf","6c80484844cd002cbaec13219eb1173f5806a25ca275dfaccb8ff8ea69ef0f7b","078","21","81","실생활에서 직각삼각형의 변의 길이"
"260711_삼각비(9).pdf","6c80484844cd002cbaec13219eb1173f5806a25ca275dfaccb8ff8ea69ef0f7b","079","21","72","실생활에서 직각삼각형의 변의 길이"
"260711_삼각비(9).pdf","6c80484844cd002cbaec13219eb1173f5806a25ca275dfaccb8ff8ea69ef0f7b","080","21","73","실생활에서 직각삼각형의 변의 길이"
"260711_삼각비(9).pdf","6c80484844cd002cbaec13219eb1173f5806a25ca275dfaccb8ff8ea69ef0f7b","081","21","57","실생활에서 직각삼각형의 변의 길이"
"260711_삼각비(9).pdf","6c80484844cd002cbaec13219eb1173f5806a25ca275dfaccb8ff8ea69ef0f7b","082","22","87","실생활에서 직각삼각형의 변의 길이"
"260711_삼각비(9).pdf","6c80484844cd002cbaec13219eb1173f5806a25ca275dfaccb8ff8ea69ef0f7b","083","22","81","실생활에서 직각삼각형의 변의 길이"
"260711_삼각비(9).pdf","6c80484844cd002cbaec13219eb1173f5806a25ca275dfaccb8ff8ea69ef0f7b","084","22","55","실생활에서 직각삼각형의 변의 길이"
"260711_삼각비(9).pdf","6c80484844cd002cbaec13219eb1173f5806a25ca275dfaccb8ff8ea69ef0f7b","085","22","91","실생활에서 직각삼각형의 변의 길이"
"260711_삼각비(9).pdf","6c80484844cd002cbaec13219eb1173f5806a25ca275dfaccb8ff8ea69ef0f7b","086","23","81","실생활에서 직각삼각형의 변의 길이"
"260711_삼각비(9).pdf","6c80484844cd002cbaec13219eb1173f5806a25ca275dfaccb8ff8ea69ef0f7b","087","23","56","실생활에서 직각삼각형의 변의 길이"
"260711_삼각비(9).pdf","6c80484844cd002cbaec13219eb1173f5806a25ca275dfaccb8ff8ea69ef0f7b","088","23","66","실생활에서 직각삼각형의 변의 길이"
"260711_삼각비(9).pdf","6c80484844cd002cbaec13219eb1173f5806a25ca275dfaccb8ff8ea69ef0f7b","089","23","79","실생활에서 직각삼각형의 변의 길이"
"260711_삼각비(9).pdf","6c80484844cd002cbaec13219eb1173f5806a25ca275dfaccb8ff8ea69ef0f7b","090","24","60","실생활에서 직각삼각형의 변의 길이"
"260711_삼각비(9).pdf","6c80484844cd002cbaec13219eb1173f5806a25ca275dfaccb8ff8ea69ef0f7b","091","24","79","실생활에서 직각삼각형의 변의 길이"
"260711_삼각비(9).pdf","6c80484844cd002cbaec13219eb1173f5806a25ca275dfaccb8ff8ea69ef0f7b","092","24","84","실생활에서 직각삼각형의 변의 길이"
"260711_삼각비(9).pdf","6c80484844cd002cbaec13219eb1173f5806a25ca275dfaccb8ff8ea69ef0f7b","093","24","85","실생활에서 직각삼각형의 변의 길이"
"260711_삼각비(9).pdf","6c80484844cd002cbaec13219eb1173f5806a25ca275dfaccb8ff8ea69ef0f7b","094","25","88","실생활에서 직각삼각형의 변의 길이"
"260711_삼각비(9).pdf","6c80484844cd002cbaec13219eb1173f5806a25ca275dfaccb8ff8ea69ef0f7b","095","25","72","실생활에서 직각삼각형의 변의 길이"
"260711_삼각비(9).pdf","6c80484844cd002cbaec13219eb1173f5806a25ca275dfaccb8ff8ea69ef0f7b","096","25","81","실생활에서 직각삼각형의 변의 길이"
"260711_삼각비(9).pdf","6c80484844cd002cbaec13219eb1173f5806a25ca275dfaccb8ff8ea69ef0f7b","097","25","86","실생활에서 직각삼각형의 변의 길이"
"260711_삼각비(9).pdf","6c80484844cd002cbaec13219eb1173f5806a25ca275dfaccb8ff8ea69ef0f7b","098","26","70","실생활에서 직각삼각형의 변의 길이"
"260711_삼각비(9).pdf","6c80484844cd002cbaec13219eb1173f5806a25ca275dfaccb8ff8ea69ef0f7b","099","26","80","예각삼각형의 넓이"
"260711_삼각비(9).pdf","6c80484844cd002cbaec13219eb1173f5806a25ca275dfaccb8ff8ea69ef0f7b","100","26","53","예각삼각형의 넓이"
"260711_삼각비(9).pdf","6c80484844cd002cbaec13219eb1173f5806a25ca275dfaccb8ff8ea69ef0f7b","101","26","52","예각삼각형의 넓이"
"260711_삼각비(9).pdf","6c80484844cd002cbaec13219eb1173f5806a25ca275dfaccb8ff8ea69ef0f7b","102","27","72","예각삼각형의 넓이"
"260711_삼각비(9).pdf","6c80484844cd002cbaec13219eb1173f5806a25ca275dfaccb8ff8ea69ef0f7b","103","27","65","예각삼각형의 넓이"
"260711_삼각비(9).pdf","6c80484844cd002cbaec13219eb1173f5806a25ca275dfaccb8ff8ea69ef0f7b","104","27","75","예각삼각형의 넓이"
"260711_삼각비(9).pdf","6c80484844cd002cbaec13219eb1173f5806a25ca275dfaccb8ff8ea69ef0f7b","105","27","68","예각삼각형의 넓이"
"260711_삼각비(9).pdf","6c80484844cd002cbaec13219eb1173f5806a25ca275dfaccb8ff8ea69ef0f7b","106","28","62","예각삼각형의 넓이"
"260711_삼각비(9).pdf","6c80484844cd002cbaec13219eb1173f5806a25ca275dfaccb8ff8ea69ef0f7b","107","28","66","예각삼각형의 넓이"
"260711_삼각비(9).pdf","6c80484844cd002cbaec13219eb1173f5806a25ca275dfaccb8ff8ea69ef0f7b","108","28","74","예각삼각형의 넓이"
"260711_삼각비(9).pdf","6c80484844cd002cbaec13219eb1173f5806a25ca275dfaccb8ff8ea69ef0f7b","109","28","50","예각삼각형의 넓이"
"260711_삼각비(9).pdf","6c80484844cd002cbaec13219eb1173f5806a25ca275dfaccb8ff8ea69ef0f7b","110","29","76","예각삼각형의 넓이"
"260711_삼각비(9).pdf","6c80484844cd002cbaec13219eb1173f5806a25ca275dfaccb8ff8ea69ef0f7b","111","29","56","다각형의 넓이"
"260711_삼각비(9).pdf","6c80484844cd002cbaec13219eb1173f5806a25ca275dfaccb8ff8ea69ef0f7b","112","29","76","다각형의 넓이"
"260711_삼각비(9).pdf","6c80484844cd002cbaec13219eb1173f5806a25ca275dfaccb8ff8ea69ef0f7b","113","29","43","다각형의 넓이"
"260711_삼각비(9).pdf","6c80484844cd002cbaec13219eb1173f5806a25ca275dfaccb8ff8ea69ef0f7b","114","30","60","다각형의 넓이"
"260711_삼각비(9).pdf","6c80484844cd002cbaec13219eb1173f5806a25ca275dfaccb8ff8ea69ef0f7b","115","30","65","평행사변형의 넓이"
"260711_삼각비(9).pdf","6c80484844cd002cbaec13219eb1173f5806a25ca275dfaccb8ff8ea69ef0f7b","116","30","62","평행사변형의 넓이"
"260711_삼각비(9).pdf","6c80484844cd002cbaec13219eb1173f5806a25ca275dfaccb8ff8ea69ef0f7b","117","30","53","평행사변형의 넓이"
"260711_삼각비(9).pdf","6c80484844cd002cbaec13219eb1173f5806a25ca275dfaccb8ff8ea69ef0f7b","118","31","46","평행사변형의 넓이"
"260711_삼각비(9).pdf","6c80484844cd002cbaec13219eb1173f5806a25ca275dfaccb8ff8ea69ef0f7b","119","31","64","평행사변형의 넓이"
"260711_삼각비(9).pdf","6c80484844cd002cbaec13219eb1173f5806a25ca275dfaccb8ff8ea69ef0f7b","120","31","73","평행사변형의 넓이"
"260711_삼각비(9).pdf","6c80484844cd002cbaec13219eb1173f5806a25ca275dfaccb8ff8ea69ef0f7b","121","31","66","평행사변형의 넓이"
"260711_삼각비(9).pdf","6c80484844cd002cbaec13219eb1173f5806a25ca275dfaccb8ff8ea69ef0f7b","122","32","71","사각형의 넓이"
"260711_삼각비(9).pdf","6c80484844cd002cbaec13219eb1173f5806a25ca275dfaccb8ff8ea69ef0f7b","123","32","73","사각형의 넓이"
"260711_삼각비(9).pdf","6c80484844cd002cbaec13219eb1173f5806a25ca275dfaccb8ff8ea69ef0f7b","124","32","60","사각형의 넓이"
"260711_삼각비(9).pdf","6c80484844cd002cbaec13219eb1173f5806a25ca275dfaccb8ff8ea69ef0f7b","125","32","57","사각형의 넓이"
"260711_삼각비(9).pdf","6c80484844cd002cbaec13219eb1173f5806a25ca275dfaccb8ff8ea69ef0f7b","126","33","71","사각형의 넓이"
"260711_삼각비(9).pdf","6c80484844cd002cbaec13219eb1173f5806a25ca275dfaccb8ff8ea69ef0f7b","127","33","89","사각형의 넓이"
"260711_삼각비.pdf","dbe9ddd54a6c8df0017f449441fe0fa6a966a6807efdd9a894aece9fcdd031ae","001","1","87","삼각비의 값"
"260711_삼각비.pdf","dbe9ddd54a6c8df0017f449441fe0fa6a966a6807efdd9a894aece9fcdd031ae","002","1","90","삼각비의 값"
"260711_삼각비.pdf","dbe9ddd54a6c8df0017f449441fe0fa6a966a6807efdd9a894aece9fcdd031ae","003","1","94","삼각비의 값"
"260711_삼각비.pdf","dbe9ddd54a6c8df0017f449441fe0fa6a966a6807efdd9a894aece9fcdd031ae","004","1","75","삼각비의 값"
"260711_삼각비.pdf","dbe9ddd54a6c8df0017f449441fe0fa6a966a6807efdd9a894aece9fcdd031ae","005","2","88","삼각비가 주어진 경우의 삼각형의 변의 길이"
"260711_삼각비.pdf","dbe9ddd54a6c8df0017f449441fe0fa6a966a6807efdd9a894aece9fcdd031ae","006","2","89","삼각비가 주어진 경우의 삼각형의 변의 길이"
"260711_삼각비.pdf","dbe9ddd54a6c8df0017f449441fe0fa6a966a6807efdd9a894aece9fcdd031ae","007","2","67","삼각비가 주어진 경우의 삼각형의 변의 길이"
"260711_삼각비.pdf","dbe9ddd54a6c8df0017f449441fe0fa6a966a6807efdd9a894aece9fcdd031ae","008","2","87","삼각비가 주어진 경우의 삼각형의 변의 길이"
"260711_삼각비.pdf","dbe9ddd54a6c8df0017f449441fe0fa6a966a6807efdd9a894aece9fcdd031ae","009","3","84","한 삼각비가 주어진 경우의 다른 삼각비의 값"
"260711_삼각비.pdf","dbe9ddd54a6c8df0017f449441fe0fa6a966a6807efdd9a894aece9fcdd031ae","010","3","84","한 삼각비가 주어진 경우의 다른 삼각비의 값"
"260711_삼각비.pdf","dbe9ddd54a6c8df0017f449441fe0fa6a966a6807efdd9a894aece9fcdd031ae","011","3","85","한 삼각비가 주어진 경우의 다른 삼각비의 값"
"260711_삼각비.pdf","dbe9ddd54a6c8df0017f449441fe0fa6a966a6807efdd9a894aece9fcdd031ae","012","3","68","한 삼각비가 주어진 경우의 다른 삼각비의 값"
"260711_삼각비.pdf","dbe9ddd54a6c8df0017f449441fe0fa6a966a6807efdd9a894aece9fcdd031ae","013","4","81","직각삼각형의 닮음과 삼각비(1)"
"260711_삼각비.pdf","dbe9ddd54a6c8df0017f449441fe0fa6a966a6807efdd9a894aece9fcdd031ae","014","4","77","직각삼각형의 닮음과 삼각비(1)"
"260711_삼각비.pdf","dbe9ddd54a6c8df0017f449441fe0fa6a966a6807efdd9a894aece9fcdd031ae","015","4","90","직각삼각형의 닮음과 삼각비(1)"
"260711_삼각비.pdf","dbe9ddd54a6c8df0017f449441fe0fa6a966a6807efdd9a894aece9fcdd031ae","016","4","81","직각삼각형의 닮음과 삼각비(1)"
"260711_삼각비.pdf","dbe9ddd54a6c8df0017f449441fe0fa6a966a6807efdd9a894aece9fcdd031ae","017","5","76","직각삼각형의 닮음과 삼각비(1)"
"260711_삼각비.pdf","dbe9ddd54a6c8df0017f449441fe0fa6a966a6807efdd9a894aece9fcdd031ae","018","5","84","직각삼각형의 닮음과 삼각비(2)"
"260711_삼각비.pdf","dbe9ddd54a6c8df0017f449441fe0fa6a966a6807efdd9a894aece9fcdd031ae","019","5","81","직각삼각형의 닮음과 삼각비(2)"
"260711_삼각비.pdf","dbe9ddd54a6c8df0017f449441fe0fa6a966a6807efdd9a894aece9fcdd031ae","020","5","85","직각삼각형의 닮음과 삼각비(2)"
"260711_삼각비.pdf","dbe9ddd54a6c8df0017f449441fe0fa6a966a6807efdd9a894aece9fcdd031ae","021","6","31","직각삼각형의 닮음과 삼각비(2)"
"260711_삼각비.pdf","dbe9ddd54a6c8df0017f449441fe0fa6a966a6807efdd9a894aece9fcdd031ae","022","6","83","직선의 방정식과 삼각비의 값"
"260711_삼각비.pdf","dbe9ddd54a6c8df0017f449441fe0fa6a966a6807efdd9a894aece9fcdd031ae","023","6","80","직선의 방정식과 삼각비의 값"
"260711_삼각비.pdf","dbe9ddd54a6c8df0017f449441fe0fa6a966a6807efdd9a894aece9fcdd031ae","024","6","67","직선의 방정식과 삼각비의 값"
"260711_삼각비.pdf","dbe9ddd54a6c8df0017f449441fe0fa6a966a6807efdd9a894aece9fcdd031ae","025","7","50","직선의 방정식과 삼각비의 값"
"260711_삼각비.pdf","dbe9ddd54a6c8df0017f449441fe0fa6a966a6807efdd9a894aece9fcdd031ae","026","7","87","평면도형에서의 삼각비의 값"
"260711_삼각비.pdf","dbe9ddd54a6c8df0017f449441fe0fa6a966a6807efdd9a894aece9fcdd031ae","027","7","78","평면도형에서의 삼각비의 값"
"260711_삼각비.pdf","dbe9ddd54a6c8df0017f449441fe0fa6a966a6807efdd9a894aece9fcdd031ae","028","7","81","평면도형에서의 삼각비의 값"
"260711_삼각비.pdf","dbe9ddd54a6c8df0017f449441fe0fa6a966a6807efdd9a894aece9fcdd031ae","029","8","81","평면도형에서의 삼각비의 값"
"260711_삼각비.pdf","dbe9ddd54a6c8df0017f449441fe0fa6a966a6807efdd9a894aece9fcdd031ae","030","8","83","평면도형에서의 삼각비의 값"
"260711_삼각비.pdf","dbe9ddd54a6c8df0017f449441fe0fa6a966a6807efdd9a894aece9fcdd031ae","031","8","76","입체도형에서의 삼각비의 값"
"260711_삼각비.pdf","dbe9ddd54a6c8df0017f449441fe0fa6a966a6807efdd9a894aece9fcdd031ae","032","8","84","입체도형에서의 삼각비의 값"
"260711_삼각비.pdf","dbe9ddd54a6c8df0017f449441fe0fa6a966a6807efdd9a894aece9fcdd031ae","033","9","67","입체도형에서의 삼각비의 값"
"260711_삼각비.pdf","dbe9ddd54a6c8df0017f449441fe0fa6a966a6807efdd9a894aece9fcdd031ae","034","9","65","입체도형에서의 삼각비의 값"
"260711_삼각비.pdf","dbe9ddd54a6c8df0017f449441fe0fa6a966a6807efdd9a894aece9fcdd031ae","035","9","76","입체도형에서의 삼각비의 값"
"260711_삼각비.pdf","dbe9ddd54a6c8df0017f449441fe0fa6a966a6807efdd9a894aece9fcdd031ae","036","9","58","원에서의 삼각비의 값"
"260711_삼각비.pdf","dbe9ddd54a6c8df0017f449441fe0fa6a966a6807efdd9a894aece9fcdd031ae","037","10","54","원에서의 삼각비의 값"
"260711_삼각비.pdf","dbe9ddd54a6c8df0017f449441fe0fa6a966a6807efdd9a894aece9fcdd031ae","038","10","52","원에서의 삼각비의 값"
"260711_삼각비.pdf","dbe9ddd54a6c8df0017f449441fe0fa6a966a6807efdd9a894aece9fcdd031ae","039","10","80","특수한 각(30˚, 45˚, 60˚)의 삼각비의 값"
"260711_삼각비.pdf","dbe9ddd54a6c8df0017f449441fe0fa6a966a6807efdd9a894aece9fcdd031ae","040","10","84","특수한 각(30˚, 45˚, 60˚)의 삼각비의 값"
"260711_삼각비.pdf","dbe9ddd54a6c8df0017f449441fe0fa6a966a6807efdd9a894aece9fcdd031ae","041","11","86","특수한 각(30˚, 45˚, 60˚)의 삼각비의 값"
"260711_삼각비.pdf","dbe9ddd54a6c8df0017f449441fe0fa6a966a6807efdd9a894aece9fcdd031ae","042","11","85","특수한 각(30˚, 45˚, 60˚)의 삼각비의 값"
"260711_삼각비.pdf","dbe9ddd54a6c8df0017f449441fe0fa6a966a6807efdd9a894aece9fcdd031ae","043","11","91","특수한 각의 삼각비를 이용하여 각의 크기 구하기"
"260711_삼각비.pdf","dbe9ddd54a6c8df0017f449441fe0fa6a966a6807efdd9a894aece9fcdd031ae","044","11","85","특수한 각의 삼각비를 이용하여 각의 크기 구하기"
"260711_삼각비.pdf","dbe9ddd54a6c8df0017f449441fe0fa6a966a6807efdd9a894aece9fcdd031ae","045","12","90","특수한 각의 삼각비를 이용하여 각의 크기 구하기"
"260711_삼각비.pdf","dbe9ddd54a6c8df0017f449441fe0fa6a966a6807efdd9a894aece9fcdd031ae","046","12","90","특수한 각의 삼각비를 이용하여 각의 크기 구하기"
"260711_삼각비.pdf","dbe9ddd54a6c8df0017f449441fe0fa6a966a6807efdd9a894aece9fcdd031ae","047","12","78","특수한 각의 삼각비를 이용하여 변의 길이 구하기"
"260711_삼각비.pdf","dbe9ddd54a6c8df0017f449441fe0fa6a966a6807efdd9a894aece9fcdd031ae","048","12","79","특수한 각의 삼각비를 이용하여 변의 길이 구하기"
"260711_삼각비.pdf","dbe9ddd54a6c8df0017f449441fe0fa6a966a6807efdd9a894aece9fcdd031ae","049","13","87","특수한 각의 삼각비를 이용하여 변의 길이 구하기"
"260711_삼각비.pdf","dbe9ddd54a6c8df0017f449441fe0fa6a966a6807efdd9a894aece9fcdd031ae","050","13","78","특수한 각의 삼각비를 이용하여 변의 길이 구하기"
"260711_삼각비.pdf","dbe9ddd54a6c8df0017f449441fe0fa6a966a6807efdd9a894aece9fcdd031ae","051","13","60","특수한 각의 삼각비를 이용하여 입체도형에서의 삼각비의 값 구하기"
"260711_삼각비.pdf","dbe9ddd54a6c8df0017f449441fe0fa6a966a6807efdd9a894aece9fcdd031ae","052","13","65","특수한 각의 삼각비를 이용하여 입체도형에서의 삼각비의 값 구하기"
"260711_삼각비.pdf","dbe9ddd54a6c8df0017f449441fe0fa6a966a6807efdd9a894aece9fcdd031ae","053","14","54","특수한 각의 삼각비를 이용하여 입체도형에서의 삼각비의 값 구하기"
"260711_삼각비.pdf","dbe9ddd54a6c8df0017f449441fe0fa6a966a6807efdd9a894aece9fcdd031ae","054","14","77","특수한 각의 삼각비를 이용하여 입체도형에서의 삼각비의 값 구하기"
"260711_삼각비.pdf","dbe9ddd54a6c8df0017f449441fe0fa6a966a6807efdd9a894aece9fcdd031ae","055","14","83","특수한 각의 삼각비를 이용하여 다른 삼각비의 값 구하기"
"260711_삼각비.pdf","dbe9ddd54a6c8df0017f449441fe0fa6a966a6807efdd9a894aece9fcdd031ae","056","14","90","특수한 각의 삼각비를 이용하여 다른 삼각비의 값 구하기"
"260711_삼각비.pdf","dbe9ddd54a6c8df0017f449441fe0fa6a966a6807efdd9a894aece9fcdd031ae","057","15","72","특수한 각의 삼각비를 이용하여 다른 삼각비의 값 구하기"
"260711_삼각비.pdf","dbe9ddd54a6c8df0017f449441fe0fa6a966a6807efdd9a894aece9fcdd031ae","058","15","86","특수한 각의 삼각비를 이용하여 다른 삼각비의 값 구하기"
"260711_삼각비.pdf","dbe9ddd54a6c8df0017f449441fe0fa6a966a6807efdd9a894aece9fcdd031ae","059","15","83","특수한 각의 삼각비를 이용하여 다른 삼각비의 값 구하기"
"260711_삼각비.pdf","dbe9ddd54a6c8df0017f449441fe0fa6a966a6807efdd9a894aece9fcdd031ae","060","15","70","직선의 기울기와 삼각비의 값"
"260711_삼각비.pdf","dbe9ddd54a6c8df0017f449441fe0fa6a966a6807efdd9a894aece9fcdd031ae","061","16","75","직선의 기울기와 삼각비의 값"
"260711_삼각비.pdf","dbe9ddd54a6c8df0017f449441fe0fa6a966a6807efdd9a894aece9fcdd031ae","062","16","73","직선의 기울기와 삼각비의 값"
"260711_삼각비.pdf","dbe9ddd54a6c8df0017f449441fe0fa6a966a6807efdd9a894aece9fcdd031ae","063","16","83","직선의 기울기와 삼각비의 값"
"260711_삼각비.pdf","dbe9ddd54a6c8df0017f449441fe0fa6a966a6807efdd9a894aece9fcdd031ae","064","16","84","특수한 각의 삼각비의 도형에의 활용"
"260711_삼각비.pdf","dbe9ddd54a6c8df0017f449441fe0fa6a966a6807efdd9a894aece9fcdd031ae","065","17","82","특수한 각의 삼각비의 도형에의 활용"
"260711_삼각비.pdf","dbe9ddd54a6c8df0017f449441fe0fa6a966a6807efdd9a894aece9fcdd031ae","066","17","88","특수한 각의 삼각비의 도형에의 활용"
"260711_삼각비.pdf","dbe9ddd54a6c8df0017f449441fe0fa6a966a6807efdd9a894aece9fcdd031ae","067","17","87","특수한 각의 삼각비의 도형에의 활용"
"260711_삼각비.pdf","dbe9ddd54a6c8df0017f449441fe0fa6a966a6807efdd9a894aece9fcdd031ae","068","17","81","사분원을 이용한 삼각비의 값"
"260711_삼각비.pdf","dbe9ddd54a6c8df0017f449441fe0fa6a966a6807efdd9a894aece9fcdd031ae","069","18","70","사분원을 이용한 삼각비의 값"
"260711_삼각비.pdf","dbe9ddd54a6c8df0017f449441fe0fa6a966a6807efdd9a894aece9fcdd031ae","070","18","88","사분원을 이용한 삼각비의 값"
"260711_삼각비.pdf","dbe9ddd54a6c8df0017f449441fe0fa6a966a6807efdd9a894aece9fcdd031ae","071","18","80","사분원을 이용한 삼각비의 값"
"260711_삼각비.pdf","dbe9ddd54a6c8df0017f449441fe0fa6a966a6807efdd9a894aece9fcdd031ae","072","18","89","특수한 각(0˚, 90˚)의 삼각비의 값"
"260711_삼각비.pdf","dbe9ddd54a6c8df0017f449441fe0fa6a966a6807efdd9a894aece9fcdd031ae","073","19","85","특수한 각(0˚, 90˚)의 삼각비의 값"
"260711_삼각비.pdf","dbe9ddd54a6c8df0017f449441fe0fa6a966a6807efdd9a894aece9fcdd031ae","074","19","71","특수한 각(0˚, 90˚)의 삼각비의 값"
"260711_삼각비.pdf","dbe9ddd54a6c8df0017f449441fe0fa6a966a6807efdd9a894aece9fcdd031ae","075","19","70","특수한 각(0˚, 90˚)의 삼각비의 값"
"260711_삼각비.pdf","dbe9ddd54a6c8df0017f449441fe0fa6a966a6807efdd9a894aece9fcdd031ae","076","19","86","삼각비의 값의 대소 관계"
"260711_삼각비.pdf","dbe9ddd54a6c8df0017f449441fe0fa6a966a6807efdd9a894aece9fcdd031ae","077","20","66","삼각비의 값의 대소 관계"
"260711_삼각비.pdf","dbe9ddd54a6c8df0017f449441fe0fa6a966a6807efdd9a894aece9fcdd031ae","078","20","84","삼각비의 값의 대소 관계"
"260711_삼각비.pdf","dbe9ddd54a6c8df0017f449441fe0fa6a966a6807efdd9a894aece9fcdd031ae","079","20","78","삼각비의 값의 대소 관계를 이용한 식의 계산"
"260711_삼각비.pdf","dbe9ddd54a6c8df0017f449441fe0fa6a966a6807efdd9a894aece9fcdd031ae","080","20","78","삼각비의 값의 대소 관계를 이용한 식의 계산"
"260711_삼각비.pdf","dbe9ddd54a6c8df0017f449441fe0fa6a966a6807efdd9a894aece9fcdd031ae","081","21","83","삼각비의 값의 대소 관계를 이용한 식의 계산"
"260711_삼각비.pdf","dbe9ddd54a6c8df0017f449441fe0fa6a966a6807efdd9a894aece9fcdd031ae","082","21","75","삼각비의 값의 대소 관계를 이용한 식의 계산"
"260711_삼각비.pdf","dbe9ddd54a6c8df0017f449441fe0fa6a966a6807efdd9a894aece9fcdd031ae","083","21","77","삼각비의 값의 대소 관계를 이용한 식의 계산"
"260711_삼각비.pdf","dbe9ddd54a6c8df0017f449441fe0fa6a966a6807efdd9a894aece9fcdd031ae","084","21","51","삼각비의 표(1); 삼각비의 값"
"260711_삼각비.pdf","dbe9ddd54a6c8df0017f449441fe0fa6a966a6807efdd9a894aece9fcdd031ae","085","22","83","삼각비의 표(1); 삼각비의 값"
"260711_삼각비.pdf","dbe9ddd54a6c8df0017f449441fe0fa6a966a6807efdd9a894aece9fcdd031ae","086","22","70","삼각비의 표(1); 삼각비의 값"
"260711_삼각비.pdf","dbe9ddd54a6c8df0017f449441fe0fa6a966a6807efdd9a894aece9fcdd031ae","087","22","75","삼각비의 표(1); 삼각비의 값"
"260711_삼각비.pdf","dbe9ddd54a6c8df0017f449441fe0fa6a966a6807efdd9a894aece9fcdd031ae","088","22","87","삼각비의 표(2); 각의 크기"
"260711_삼각비.pdf","dbe9ddd54a6c8df0017f449441fe0fa6a966a6807efdd9a894aece9fcdd031ae","089","23","91","삼각비의 표(2); 각의 크기"
"260711_삼각비.pdf","dbe9ddd54a6c8df0017f449441fe0fa6a966a6807efdd9a894aece9fcdd031ae","090","23","93","삼각비의 표(2); 각의 크기"
"260711_삼각비.pdf","dbe9ddd54a6c8df0017f449441fe0fa6a966a6807efdd9a894aece9fcdd031ae","091","23","51","삼각비의 표(2); 각의 크기"
"260711_삼각비.pdf","dbe9ddd54a6c8df0017f449441fe0fa6a966a6807efdd9a894aece9fcdd031ae","092","23","82","삼각비의 표(3); 변의 길이"
"260711_삼각비.pdf","dbe9ddd54a6c8df0017f449441fe0fa6a966a6807efdd9a894aece9fcdd031ae","093","24","84","삼각비의 표(3); 변의 길이"
"260711_삼각비.pdf","dbe9ddd54a6c8df0017f449441fe0fa6a966a6807efdd9a894aece9fcdd031ae","094","24","54","삼각비의 표(3); 변의 길이"
"260711_삼각비.pdf","dbe9ddd54a6c8df0017f449441fe0fa6a966a6807efdd9a894aece9fcdd031ae","095","24","91","삼각비의 표(3); 변의 길이"
"260711_삼각비.pdf","dbe9ddd54a6c8df0017f449441fe0fa6a966a6807efdd9a894aece9fcdd031ae","096","24","77","삼각비의 표(3); 변의 길이"
"260711_삼각비.pdf","dbe9ddd54a6c8df0017f449441fe0fa6a966a6807efdd9a894aece9fcdd031ae","097","25","63","직각삼각형의 변의 길이"
"260711_삼각비.pdf","dbe9ddd54a6c8df0017f449441fe0fa6a966a6807efdd9a894aece9fcdd031ae","098","25","50","직각삼각형의 변의 길이"
"260711_삼각비.pdf","dbe9ddd54a6c8df0017f449441fe0fa6a966a6807efdd9a894aece9fcdd031ae","099","25","87","입체도형에서 직각삼각형의 변의 길이의 활용"
"260711_삼각비.pdf","dbe9ddd54a6c8df0017f449441fe0fa6a966a6807efdd9a894aece9fcdd031ae","100","25","40","입체도형에서 직각삼각형의 변의 길이의 활용"
"260711_삼각비.pdf","dbe9ddd54a6c8df0017f449441fe0fa6a966a6807efdd9a894aece9fcdd031ae","101","26","78","입체도형에서 직각삼각형의 변의 길이의 활용"
"260711_삼각비.pdf","dbe9ddd54a6c8df0017f449441fe0fa6a966a6807efdd9a894aece9fcdd031ae","102","26","82","입체도형에서 직각삼각형의 변의 길이의 활용"
"260711_삼각비.pdf","dbe9ddd54a6c8df0017f449441fe0fa6a966a6807efdd9a894aece9fcdd031ae","103","26","89","실생활에서 직각삼각형의 변의 길이"
"260711_삼각비.pdf","dbe9ddd54a6c8df0017f449441fe0fa6a966a6807efdd9a894aece9fcdd031ae","104","26","83","실생활에서 직각삼각형의 변의 길이"
"260711_삼각비.pdf","dbe9ddd54a6c8df0017f449441fe0fa6a966a6807efdd9a894aece9fcdd031ae","105","27","69","실생활에서 직각삼각형의 변의 길이"
"260711_삼각비.pdf","dbe9ddd54a6c8df0017f449441fe0fa6a966a6807efdd9a894aece9fcdd031ae","106","27","69","실생활에서 직각삼각형의 변의 길이"
"260711_삼각비.pdf","dbe9ddd54a6c8df0017f449441fe0fa6a966a6807efdd9a894aece9fcdd031ae","107","27","85","실생활에서 직각삼각형의 변의 길이의 활용"
"260711_삼각비.pdf","dbe9ddd54a6c8df0017f449441fe0fa6a966a6807efdd9a894aece9fcdd031ae","108","27","79","실생활에서 직각삼각형의 변의 길이의 활용"
"260711_삼각비.pdf","dbe9ddd54a6c8df0017f449441fe0fa6a966a6807efdd9a894aece9fcdd031ae","109","28","69","실생활에서 직각삼각형의 변의 길이의 활용"
"260711_삼각비.pdf","dbe9ddd54a6c8df0017f449441fe0fa6a966a6807efdd9a894aece9fcdd031ae","110","28","69","실생활에서 직각삼각형의 변의 길이의 활용"
"260711_삼각비.pdf","dbe9ddd54a6c8df0017f449441fe0fa6a966a6807efdd9a894aece9fcdd031ae","111","28","75","실생활에서 직각삼각형의 변의 길이의 활용"
"260711_삼각비.pdf","dbe9ddd54a6c8df0017f449441fe0fa6a966a6807efdd9a894aece9fcdd031ae","112","28","73","일반 삼각형의 변의 길이(1); 두 변의 길이와 그 끼인각의 크기를 알 때"
"260711_삼각비.pdf","dbe9ddd54a6c8df0017f449441fe0fa6a966a6807efdd9a894aece9fcdd031ae","113","29","62","일반 삼각형의 변의 길이(1); 두 변의 길이와 그 끼인각의 크기를 알 때"
"260711_삼각비.pdf","dbe9ddd54a6c8df0017f449441fe0fa6a966a6807efdd9a894aece9fcdd031ae","114","29","88","일반 삼각형의 변의 길이(1); 두 변의 길이와 그 끼인각의 크기를 알 때"
"260711_삼각비.pdf","dbe9ddd54a6c8df0017f449441fe0fa6a966a6807efdd9a894aece9fcdd031ae","115","29","70","일반 삼각형의 변의 길이(1); 두 변의 길이와 그 끼인각의 크기를 알 때"
"260711_삼각비.pdf","dbe9ddd54a6c8df0017f449441fe0fa6a966a6807efdd9a894aece9fcdd031ae","116","29","86","일반 삼각형의 변의 길이(2); 한 변의 길이와 그 양 끝 각의 크기를 알 때"
"260711_삼각비.pdf","dbe9ddd54a6c8df0017f449441fe0fa6a966a6807efdd9a894aece9fcdd031ae","117","30","54","일반 삼각형의 변의 길이(2); 한 변의 길이와 그 양 끝 각의 크기를 알 때"
"260711_삼각비.pdf","dbe9ddd54a6c8df0017f449441fe0fa6a966a6807efdd9a894aece9fcdd031ae","118","30","73","일반 삼각형의 변의 길이(2); 한 변의 길이와 그 양 끝 각의 크기를 알 때"
"260711_삼각비.pdf","dbe9ddd54a6c8df0017f449441fe0fa6a966a6807efdd9a894aece9fcdd031ae","119","30","64","일반 삼각형의 변의 길이(2); 한 변의 길이와 그 양 끝 각의 크기를 알 때"
"260711_삼각비.pdf","dbe9ddd54a6c8df0017f449441fe0fa6a966a6807efdd9a894aece9fcdd031ae","120","30","71","예각삼각형의 높이"
"260711_삼각비.pdf","dbe9ddd54a6c8df0017f449441fe0fa6a966a6807efdd9a894aece9fcdd031ae","121","31","78","예각삼각형의 높이"
"260711_삼각비.pdf","dbe9ddd54a6c8df0017f449441fe0fa6a966a6807efdd9a894aece9fcdd031ae","122","31","88","예각삼각형의 높이"
"260711_삼각비.pdf","dbe9ddd54a6c8df0017f449441fe0fa6a966a6807efdd9a894aece9fcdd031ae","123","31","56","예각삼각형의 높이"
"260711_삼각비.pdf","dbe9ddd54a6c8df0017f449441fe0fa6a966a6807efdd9a894aece9fcdd031ae","124","31","87","예각삼각형의 높이"
"260711_삼각비.pdf","dbe9ddd54a6c8df0017f449441fe0fa6a966a6807efdd9a894aece9fcdd031ae","125","32","69","둔각삼각형의 높이"
"260711_삼각비.pdf","dbe9ddd54a6c8df0017f449441fe0fa6a966a6807efdd9a894aece9fcdd031ae","126","32","69","둔각삼각형의 높이"
"260711_삼각비.pdf","dbe9ddd54a6c8df0017f449441fe0fa6a966a6807efdd9a894aece9fcdd031ae","127","32","81","둔각삼각형의 높이"
"260711_삼각비.pdf","dbe9ddd54a6c8df0017f449441fe0fa6a966a6807efdd9a894aece9fcdd031ae","128","32","80","둔각삼각형의 높이"
"260711_삼각비.pdf","dbe9ddd54a6c8df0017f449441fe0fa6a966a6807efdd9a894aece9fcdd031ae","129","33","81","둔각삼각형의 높이"
"260711_삼각비.pdf","dbe9ddd54a6c8df0017f449441fe0fa6a966a6807efdd9a894aece9fcdd031ae","130","33","53","예각삼각형의 넓이"
"260711_삼각비.pdf","dbe9ddd54a6c8df0017f449441fe0fa6a966a6807efdd9a894aece9fcdd031ae","131","33","53","예각삼각형의 넓이"
"260711_삼각비.pdf","dbe9ddd54a6c8df0017f449441fe0fa6a966a6807efdd9a894aece9fcdd031ae","132","33","62","예각삼각형의 넓이"
"260711_삼각비.pdf","dbe9ddd54a6c8df0017f449441fe0fa6a966a6807efdd9a894aece9fcdd031ae","133","34","75","둔각삼각형의 넓이"
"260711_삼각비.pdf","dbe9ddd54a6c8df0017f449441fe0fa6a966a6807efdd9a894aece9fcdd031ae","134","34","68","둔각삼각형의 넓이"
"260711_삼각비.pdf","dbe9ddd54a6c8df0017f449441fe0fa6a966a6807efdd9a894aece9fcdd031ae","135","34","81","둔각삼각형의 넓이"
"260711_삼각비.pdf","dbe9ddd54a6c8df0017f449441fe0fa6a966a6807efdd9a894aece9fcdd031ae","136","34","74","다각형의 넓이"
"260711_삼각비.pdf","dbe9ddd54a6c8df0017f449441fe0fa6a966a6807efdd9a894aece9fcdd031ae","137","35","57","다각형의 넓이"
"260711_삼각비.pdf","dbe9ddd54a6c8df0017f449441fe0fa6a966a6807efdd9a894aece9fcdd031ae","138","35","76","다각형의 넓이"
"260711_삼각비.pdf","dbe9ddd54a6c8df0017f449441fe0fa6a966a6807efdd9a894aece9fcdd031ae","139","35","79","정다각형의 넓이"
"260711_삼각비.pdf","dbe9ddd54a6c8df0017f449441fe0fa6a966a6807efdd9a894aece9fcdd031ae","140","35","42","정다각형의 넓이"
"260711_삼각비.pdf","dbe9ddd54a6c8df0017f449441fe0fa6a966a6807efdd9a894aece9fcdd031ae","141","36","69","정다각형의 넓이"
"260711_삼각비.pdf","dbe9ddd54a6c8df0017f449441fe0fa6a966a6807efdd9a894aece9fcdd031ae","142","36","86","정다각형의 넓이"
"260711_삼각비.pdf","dbe9ddd54a6c8df0017f449441fe0fa6a966a6807efdd9a894aece9fcdd031ae","143","36","60","평행사변형의 넓이"
"260711_삼각비.pdf","dbe9ddd54a6c8df0017f449441fe0fa6a966a6807efdd9a894aece9fcdd031ae","144","36","73","평행사변형의 넓이"
"260711_삼각비.pdf","dbe9ddd54a6c8df0017f449441fe0fa6a966a6807efdd9a894aece9fcdd031ae","145","37","53","평행사변형의 넓이"
"260711_삼각비.pdf","dbe9ddd54a6c8df0017f449441fe0fa6a966a6807efdd9a894aece9fcdd031ae","146","37","81","평행사변형의 넓이"
"260711_삼각비.pdf","dbe9ddd54a6c8df0017f449441fe0fa6a966a6807efdd9a894aece9fcdd031ae","147","37","86","사각형의 넓이"
"260711_삼각비.pdf","dbe9ddd54a6c8df0017f449441fe0fa6a966a6807efdd9a894aece9fcdd031ae","148","37","85","사각형의 넓이"
"260711_삼각비.pdf","dbe9ddd54a6c8df0017f449441fe0fa6a966a6807efdd9a894aece9fcdd031ae","149","38","89","사각형의 넓이"
"260711_삼각비.pdf","dbe9ddd54a6c8df0017f449441fe0fa6a966a6807efdd9a894aece9fcdd031ae","150","38","79","사각형의 넓이"
