"item_id","unit","pdf","tags"
"M2_GEOM_150_S07_Q001","M2_GEOMETRY_PROPERTIES","260710_도형의 성질(6).pdf","angle_relation|parallel_lines|angle_chasing|triangle_congruence|isosceles_triangle|base_angle|vertex_angle_bisector"
"M2_GEOM_150_S07_Q002","M2_GEOMETRY_PROPERTIES","260710_도형의 성질(6).pdf","angle_relation|parallel_lines|angle_chasing|triangle_congruence|isosceles_triangle|base_angle|vertex_angle_bisector"
"M2_GEOM_150_S07_Q003","M2_GEOMETRY_PROPERTIES","260710_도형의 성질(6).pdf","angle_relation|parallel_lines|angle_chasing|triangle_congruence|isosceles_triangle|base_angle|vertex_angle_bisector"
"M2_GEOM_150_S07_Q004","M2_GEOMETRY_PROPERTIES","260710_도형의 성질(6).pdf","angle_relation|parallel_lines|angle_chasing|triangle_congruence|isosceles_triangle|base_angle|vertex_angle_bisector"
"M2_GEOM_150_S07_Q005","M2_GEOMETRY_PROPERTIES","260710_도형의 성질(6).pdf","angle_relation|parallel_lines|angle_chasing|triangle_congruence|isosceles_triangle|base_angle|vertex_angle_bisector"
"M2_GEOM_150_S07_Q006","M2_GEOMETRY_PROPERTIES","260710_도형의 성질(6).pdf","angle_relation|parallel_lines|angle_chasing|triangle_congruence|isosceles_triangle|base_angle|vertex_angle_bisector"
"M2_GEOM_150_S07_Q007","M2_GEOMETRY_PROPERTIES","260710_도형의 성질(6).pdf","angle_relation|parallel_lines|angle_chasing|triangle_congruence|isosceles_triangle|base_angle|vertex_angle_bisector"
"M2_GEOM_150_S07_Q008","M2_GEOMETRY_PROPERTIES","260710_도형의 성질(6).pdf","angle_relation|parallel_lines|angle_chasing|triangle_congruence|isosceles_triangle|base_angle|vertex_angle_bisector"
"M2_GEOM_150_S07_Q009","M2_GEOMETRY_PROPERTIES","260710_도형의 성질(6).pdf","angle_relation|parallel_lines|angle_chasing|triangle_congruence|isosceles_triangle|base_angle|vertex_angle_bisector"
"M2_GEOM_150_S07_Q010","M2_GEOMETRY_PROPERTIES","260710_도형의 성질(6).pdf","angle_relation|parallel_lines|angle_chasing|triangle_congruence|isosceles_triangle|base_angle|vertex_angle_bisector"
"M2_GEOM_150_S07_Q011","M2_GEOMETRY_PROPERTIES","260710_도형의 성질(6).pdf","angle_relation|parallel_lines|angle_chasing|triangle_congruence|isosceles_triangle|base_angle|vertex_angle_bisector"
"M2_GEOM_150_S07_Q012","M2_GEOMETRY_PROPERTIES","260710_도형의 성질(6).pdf","angle_relation|parallel_lines|angle_chasing|triangle_congruence|isosceles_triangle|base_angle|vertex_angle_bisector"
"M2_GEOM_150_S07_Q013","M2_GEOMETRY_PROPERTIES","260710_도형의 성질(6).pdf","angle_relation|parallel_lines|angle_chasing|triangle_congruence|isosceles_triangle|base_angle|vertex_angle_bisector"
"M2_GEOM_150_S07_Q014","M2_GEOMETRY_PROPERTIES","260710_도형의 성질(6).pdf","angle_relation|parallel_lines|angle_chasing|triangle_congruence|isosceles_triangle|base_angle|vertex_angle_bisector"
"M2_GEOM_150_S07_Q015","M2_GEOMETRY_PROPERTIES","260710_도형의 성질(6).pdf","angle_relation|parallel_lines|angle_chasing|triangle_congruence|isosceles_triangle|base_angle|vertex_angle_bisector"
"M2_GEOM_150_S07_Q016","M2_GEOMETRY_PROPERTIES","260710_도형의 성질(6).pdf","angle_relation|parallel_lines|angle_chasing|triangle_congruence|isosceles_triangle|base_angle|vertex_angle_bisector"
"M2_GEOM_150_S07_Q017","M2_GEOMETRY_PROPERTIES","260710_도형의 성질(6).pdf","angle_relation|parallel_lines|angle_chasing|triangle_congruence|isosceles_triangle|base_angle|vertex_angle_bisector"
"M2_GEOM_150_S07_Q018","M2_GEOMETRY_PROPERTIES","260710_도형의 성질(6).pdf","angle_relation|parallel_lines|angle_chasing|triangle_congruence|isosceles_triangle|base_angle|vertex_angle_bisector"
"M2_GEOM_150_S07_Q021","M2_GEOMETRY_PROPERTIES","260710_도형의 성질(6).pdf","angle_relation|parallel_lines|angle_chasing|triangle_congruence|right_triangle_congruence|rhs_rha|corresponding_parts|congruence_condition"
"M2_GEOM_150_S07_Q022","M2_GEOMETRY_PROPERTIES","260710_도형의 성질(6).pdf","angle_relation|parallel_lines|angle_chasing|triangle_congruence|right_triangle_congruence|rhs_rha|corresponding_parts|congruence_condition"
"M2_GEOM_150_S07_Q023","M2_GEOMETRY_PROPERTIES","260710_도형의 성질(6).pdf","angle_relation|parallel_lines|angle_chasing|triangle_congruence|right_triangle_congruence|rhs_rha|corresponding_parts|congruence_condition"
"M2_GEOM_150_S07_Q024","M2_GEOMETRY_PROPERTIES","260710_도형의 성질(6).pdf","angle_relation|parallel_lines|angle_chasing|triangle_congruence|right_triangle_congruence|rhs_rha|corresponding_parts|congruence_condition"
"M2_GEOM_150_S07_Q025","M2_GEOMETRY_PROPERTIES","260710_도형의 성질(6).pdf","angle_relation|parallel_lines|angle_chasing|triangle_congruence|right_triangle_congruence|rhs_rha|corresponding_parts|congruence_condition"
"M2_GEOM_150_S07_Q026","M2_GEOMETRY_PROPERTIES","260710_도형의 성질(6).pdf","angle_relation|parallel_lines|angle_chasing|triangle_congruence|right_triangle_congruence|rhs_rha|corresponding_parts|congruence_condition"
"M2_GEOM_150_S07_Q027","M2_GEOMETRY_PROPERTIES","260710_도형의 성질(6).pdf","angle_relation|parallel_lines|angle_chasing|triangle_congruence|right_triangle_congruence|rhs_rha|corresponding_parts|congruence_condition"
"M2_GEOM_150_S07_Q028","M2_GEOMETRY_PROPERTIES","260710_도형의 성질(6).pdf","angle_relation|parallel_lines|angle_chasing|triangle_congruence|right_triangle_congruence|rhs_rha|corresponding_parts|congruence_condition"
"M2_GEOM_150_S07_Q029","M2_GEOMETRY_PROPERTIES","260710_도형의 성질(6).pdf","angle_relation|parallel_lines|angle_chasing|triangle_center|right_triangle_congruence|rhs_rha|corresponding_parts|congruence_condition"
"M2_GEOM_150_S07_Q030","M2_GEOMETRY_PROPERTIES","260710_도형의 성질(6).pdf","angle_relation|parallel_lines|angle_chasing|triangle_center|right_triangle_congruence|rhs_rha|corresponding_parts|congruence_condition"
"M2_GEOM_150_S07_Q031","M2_GEOMETRY_PROPERTIES","260710_도형의 성질(6).pdf","angle_relation|parallel_lines|angle_chasing|triangle_center|right_triangle_congruence|rhs_rha|corresponding_parts|congruence_condition"
"M2_GEOM_150_S07_Q032","M2_GEOMETRY_PROPERTIES","260710_도형의 성질(6).pdf","angle_relation|parallel_lines|angle_chasing|triangle_center|circumcenter|perpendicular_bisector|equal_radius"
"M2_GEOM_150_S07_Q033","M2_GEOMETRY_PROPERTIES","260710_도형의 성질(6).pdf","angle_relation|parallel_lines|angle_chasing|triangle_center|circumcenter|perpendicular_bisector|equal_radius"
"M2_GEOM_150_S07_Q034","M2_GEOMETRY_PROPERTIES","260710_도형의 성질(6).pdf","angle_relation|parallel_lines|angle_chasing|triangle_center|circumcenter|perpendicular_bisector|equal_radius"
"M2_GEOM_150_S07_Q035","M2_GEOMETRY_PROPERTIES","260710_도형의 성질(6).pdf","angle_relation|parallel_lines|angle_chasing|triangle_center|circumcenter|perpendicular_bisector|equal_radius"
"M2_GEOM_150_S07_Q049","M2_GEOMETRY_PROPERTIES","260710_도형의 성질(6).pdf","angle_relation|parallel_lines|angle_chasing|triangle_center|incenter|angle_bisector|equal_distance_to_sides|incircle"
"M2_GEOM_150_S07_Q050","M2_GEOMETRY_PROPERTIES","260710_도형의 성질(6).pdf","angle_relation|parallel_lines|angle_chasing|triangle_center|incenter|angle_bisector|equal_distance_to_sides|incircle"
"M2_GEOM_150_S07_Q051","M2_GEOMETRY_PROPERTIES","260710_도형의 성질(6).pdf","angle_relation|parallel_lines|angle_chasing|triangle_center|incenter|angle_bisector|equal_distance_to_sides|incircle"
"M2_GEOM_150_S07_Q052","M2_GEOMETRY_PROPERTIES","260710_도형의 성질(6).pdf","angle_relation|parallel_lines|angle_chasing|triangle_center|incenter|angle_bisector|equal_distance_to_sides|incircle"
"M2_GEOM_150_S07_Q085","M2_GEOMETRY_PROPERTIES","260710_도형의 성질(6).pdf","angle_relation|parallel_lines|angle_chasing|quadrilateral_property|parallelogram|opposite_sides|opposite_angles|diagonal_bisection"
"M2_GEOM_150_S07_Q086","M2_GEOMETRY_PROPERTIES","260710_도형의 성질(6).pdf","angle_relation|parallel_lines|angle_chasing|quadrilateral_property|parallelogram|opposite_sides|opposite_angles|diagonal_bisection"
"M2_GEOM_150_S07_Q087","M2_GEOMETRY_PROPERTIES","260710_도형의 성질(6).pdf","angle_relation|parallel_lines|angle_chasing|quadrilateral_property|parallelogram|opposite_sides|opposite_angles|diagonal_bisection"
"M2_GEOM_150_S07_Q088","M2_GEOMETRY_PROPERTIES","260710_도형의 성질(6).pdf","angle_relation|parallel_lines|angle_chasing|quadrilateral_property|parallelogram|opposite_sides|opposite_angles|diagonal_bisection"
"M2_GEOM_150_S07_Q092","M2_GEOMETRY_PROPERTIES","260710_도형의 성질(6).pdf","quadrilateral_property|diagonal_property|inclusion_relation|proof_structure|reason_statement|condition_check|parallelogram|opposite_sides|opposite_angles|diagonal_bisection|proof_sequence"
"M2_GEOM_150_S07_Q093","M2_GEOMETRY_PROPERTIES","260710_도형의 성질(6).pdf","quadrilateral_property|diagonal_property|inclusion_relation|proof_structure|reason_statement|condition_check|parallelogram|opposite_sides|opposite_angles|diagonal_bisection|proof_sequence"
"M2_GEOM_150_S07_Q094","M2_GEOMETRY_PROPERTIES","260710_도형의 성질(6).pdf","quadrilateral_property|diagonal_property|inclusion_relation|parallelogram|opposite_sides|opposite_angles|diagonal_bisection"
"M2_GEOM_150_S07_Q095","M2_GEOMETRY_PROPERTIES","260710_도형의 성질(6).pdf","quadrilateral_property|diagonal_property|inclusion_relation|parallelogram|opposite_sides|opposite_angles|diagonal_bisection"
"M2_GEOM_150_S07_Q096","M2_GEOMETRY_PROPERTIES","260710_도형의 성질(6).pdf","quadrilateral_property|diagonal_property|inclusion_relation|proof_structure|reason_statement|condition_check|parallelogram|opposite_sides|opposite_angles|diagonal_bisection|proof_sequence"
"M2_GEOM_150_S07_Q097","M2_GEOMETRY_PROPERTIES","260710_도형의 성질(6).pdf","quadrilateral_property|diagonal_property|inclusion_relation|proof_structure|reason_statement|condition_check|parallelogram|opposite_sides|opposite_angles|diagonal_bisection|proof_sequence"
"M2_GEOM_150_S07_Q108","M2_GEOMETRY_PROPERTIES","260710_도형의 성질(6).pdf","angle_relation|parallel_lines|angle_chasing|quadrilateral_property|rectangle|rhombus|square|isosceles_trapezoid|quadrilateral_classification"
"M2_GEOM_150_S07_Q109","M2_GEOMETRY_PROPERTIES","260710_도형의 성질(6).pdf","angle_relation|parallel_lines|angle_chasing|quadrilateral_property|rectangle|rhombus|square|isosceles_trapezoid|quadrilateral_classification"
"M2_GEOM_150_S07_Q110","M2_GEOMETRY_PROPERTIES","260710_도형의 성질(6).pdf","angle_relation|parallel_lines|angle_chasing|quadrilateral_property|rectangle|rhombus|square|isosceles_trapezoid|quadrilateral_classification"
"M2_GEOM_150_S07_Q111","M2_GEOMETRY_PROPERTIES","260710_도형의 성질(6).pdf","angle_relation|parallel_lines|angle_chasing|quadrilateral_property|rectangle|rhombus|square|isosceles_trapezoid|quadrilateral_classification"
"M2_GEOM_150_S07_Q115","M2_GEOMETRY_PROPERTIES","260710_도형의 성질(6).pdf","angle_relation|parallel_lines|angle_chasing|quadrilateral_property|rectangle|rhombus|square|isosceles_trapezoid|quadrilateral_classification"
"M2_GEOM_150_S07_Q116","M2_GEOMETRY_PROPERTIES","260710_도형의 성질(6).pdf","angle_relation|parallel_lines|angle_chasing|quadrilateral_property|rectangle|rhombus|square|isosceles_trapezoid|quadrilateral_classification"
"M2_GEOM_150_S07_Q119","M2_GEOMETRY_PROPERTIES","260710_도형의 성질(6).pdf","angle_relation|parallel_lines|angle_chasing|quadrilateral_property|rectangle|rhombus|square|isosceles_trapezoid|quadrilateral_classification|area_decomposition"
"M2_GEOM_150_S07_Q120","M2_GEOMETRY_PROPERTIES","260710_도형의 성질(6).pdf","angle_relation|parallel_lines|angle_chasing|quadrilateral_property|rectangle|rhombus|square|isosceles_trapezoid|quadrilateral_classification|area_decomposition"
"M2_GEOM_150_S07_Q121","M2_GEOMETRY_PROPERTIES","260710_도형의 성질(6).pdf","angle_relation|parallel_lines|angle_chasing|quadrilateral_property|rectangle|rhombus|square|isosceles_trapezoid|quadrilateral_classification"
"M2_GEOM_150_S07_Q122","M2_GEOMETRY_PROPERTIES","260710_도형의 성질(6).pdf","angle_relation|parallel_lines|angle_chasing|quadrilateral_property|rectangle|rhombus|square|isosceles_trapezoid|quadrilateral_classification"
"M2_GEOM_150_S07_Q125","M2_GEOMETRY_PROPERTIES","260710_도형의 성질(6).pdf","angle_relation|parallel_lines|angle_chasing|quadrilateral_property|rectangle|rhombus|square|isosceles_trapezoid|quadrilateral_classification"
"M2_GEOM_150_S07_Q132","M2_GEOMETRY_PROPERTIES","260710_도형의 성질(6).pdf","angle_relation|parallel_lines|angle_chasing|quadrilateral_property|rectangle|rhombus|square|isosceles_trapezoid|quadrilateral_classification"
"M2_LF_50_S06_Q001","M2_LINEAR_FUNCTION","260710_함수(5).pdf","function_definition|mapping_relation|domain_range"
"M2_LF_50_S06_Q002","M2_LINEAR_FUNCTION","260710_함수(5).pdf","function_definition|mapping_relation|domain_range"
"M2_LF_50_S06_Q005","M2_LINEAR_FUNCTION","260710_함수(5).pdf","linear_function_definition|a_not_zero|degree_check"
"M2_LF_50_S06_Q006","M2_LINEAR_FUNCTION","260710_함수(5).pdf","linear_function_definition|a_not_zero|degree_check"
"M2_LF_50_S06_Q007","M2_LINEAR_FUNCTION","260710_함수(5).pdf","unknown_from_function_value|equation_setup|substitution"
"M2_LF_50_S06_Q008","M2_LINEAR_FUNCTION","260710_함수(5).pdf","vertical_translation|y_intercept_change|graph_shift"
"M2_LF_50_S06_Q009","M2_LINEAR_FUNCTION","260710_함수(5).pdf","combined_conditions|find_line_equation|parameter"
"M2_LF_50_S06_Q010","M2_LINEAR_FUNCTION","260710_함수(5).pdf","rate_of_change|slope|delta_x_delta_y"
"M2_LF_50_S06_Q011","M2_LINEAR_FUNCTION","260710_함수(5).pdf","slope_sign|increasing_decreasing|graph_shape"
"M2_LF_50_S06_Q012","M2_LINEAR_FUNCTION","260710_함수(5).pdf","slope_from_two_points|coordinate_order|fraction_slope"
"M2_LF_50_S06_Q013","M2_LINEAR_FUNCTION","260710_함수(5).pdf","slope_intercept|coefficient_reading|graph_equation_match"
"M2_LF_50_S06_Q014","M2_LINEAR_FUNCTION","260710_함수(5).pdf","graph_drawing|two_points|intercepts"
"M2_LF_50_S06_Q015","M2_LINEAR_FUNCTION","260710_함수(5).pdf","axis_triangle_area|intercepts|absolute_length"
"M2_LF_50_S06_Q016","M2_LINEAR_FUNCTION","260710_함수(5).pdf","area_between_lines|intersection|coordinate_area"
"M2_LF_50_S06_Q017","M2_LINEAR_FUNCTION","260710_함수(5).pdf","slope_sign|increasing_decreasing|graph_shape"
"M2_LF_50_S06_Q018","M2_LINEAR_FUNCTION","260710_함수(5).pdf","coefficient_sign|quadrant|intercept_sign"
"M2_LF_50_S06_Q019","M2_LINEAR_FUNCTION","260710_함수(5).pdf","coefficient_graph_relation|graph_comparison|parameter_range"
"M2_LF_50_S06_Q020","M2_LINEAR_FUNCTION","260710_함수(5).pdf","coefficient_sign|quadrant|intercept_sign"
"M2_LF_50_S06_Q021","M2_LINEAR_FUNCTION","260710_함수(5).pdf","area_between_lines|intersection|coordinate_area"
"M2_LF_50_S06_Q022","M2_LINEAR_FUNCTION","260710_함수(5).pdf","parallel_lines|same_slope|different_intercept"
"M2_LF_50_S06_Q023","M2_LINEAR_FUNCTION","260710_함수(5).pdf","parallel_lines|same_slope|different_intercept"
"M2_LF_50_S06_Q024","M2_LINEAR_FUNCTION","260710_함수(5).pdf","coincident_lines|same_line_condition|coefficient_ratio"
"M2_LF_50_S06_Q025","M2_LINEAR_FUNCTION","260710_함수(5).pdf","coefficient_graph_relation|graph_comparison|parameter_range"
"M2_LF_50_S06_Q026","M2_LINEAR_FUNCTION","260710_함수(5).pdf","line_equation_from_point_slope|substitute_point|find_b"
"M2_LF_50_S06_Q027","M2_LINEAR_FUNCTION","260710_함수(5).pdf","line_equation_from_intercepts|intercept_form|sign_of_intercept"
"M2_LF_50_S06_Q028","M2_LINEAR_FUNCTION","260710_함수(5).pdf","combined_conditions|line_equation|parameter"
"M2_LF_50_S06_Q029","M2_LINEAR_FUNCTION","260710_함수(5).pdf","linear_modeling|initial_value|rate_of_change"
"M2_LF_50_S06_Q030","M2_LINEAR_FUNCTION","260710_함수(5).pdf","linear_modeling|initial_value|rate_of_change"
"M2_LF_50_S06_Q031","M2_LINEAR_FUNCTION","260710_함수(5).pdf","linear_modeling|initial_value|rate_of_change"
"M2_LF_50_S06_Q032","M2_LINEAR_FUNCTION","260710_함수(5).pdf","geometry_graph|distance_area|coordinate_modeling"
"M2_LF_50_S06_Q033","M2_LINEAR_FUNCTION","260710_함수(5).pdf","linear_modeling|initial_value|rate_of_change"
"M2_LF_50_S06_Q034","M2_LINEAR_FUNCTION","260710_함수(5).pdf","linear_equation_graph|standard_form|intercepts"
"M2_LF_50_S06_Q035","M2_LINEAR_FUNCTION","260710_함수(5).pdf","standard_to_slope_intercept|coefficient_relation|graph_property"
"M2_LF_50_S06_Q036","M2_LINEAR_FUNCTION","260710_함수(5).pdf","standard_to_slope_intercept|coefficient_relation|graph_property"
"M2_LF_50_S06_Q037","M2_LINEAR_FUNCTION","260710_함수(5).pdf","standard_to_slope_intercept|coefficient_relation|graph_property"
"M2_LF_50_S06_Q038","M2_LINEAR_FUNCTION","260710_함수(5).pdf","standard_to_slope_intercept|coefficient_relation|graph_property"
"M2_LF_50_S06_Q039","M2_LINEAR_FUNCTION","260710_함수(5).pdf","line_equation_from_slope_intercept|slope_intercept"
"M2_LF_50_S06_Q040","M2_LINEAR_FUNCTION","260710_함수(5).pdf","line_equation_from_intercepts|intercept_form|sign_of_intercept"
"M2_LF_50_S06_Q041","M2_LINEAR_FUNCTION","260710_함수(5).pdf","combined_conditions|line_equation|parameter"
"M2_LF_50_S06_Q042","M2_LINEAR_FUNCTION","260710_함수(5).pdf","standard_to_slope_intercept|coefficient_relation|graph_property"
"M2_LF_50_S06_Q043","M2_LINEAR_FUNCTION","260710_함수(5).pdf","area_between_lines|intersection|coordinate_area"
"M2_LF_50_S06_Q044","M2_LINEAR_FUNCTION","260710_함수(5).pdf","combined_conditions|find_line_equation|parameter"
"M2_LF_50_S06_Q045","M2_LINEAR_FUNCTION","260710_함수(5).pdf","three_lines|intersection_modeling|parameter_condition"
"M2_LF_50_S06_Q046","M2_LINEAR_FUNCTION","260710_함수(5).pdf","three_lines|intersection_modeling|parameter_condition"
"M2_LF_50_S06_Q047","M2_LINEAR_FUNCTION","260710_함수(5).pdf","number_of_solutions|parallel_coincident|position_relation"
"M2_LF_50_S06_Q048","M2_LINEAR_FUNCTION","260710_함수(5).pdf","area_between_lines|intersection|coordinate_area"
"M2_LF_50_S06_Q049","M2_LINEAR_FUNCTION","260710_함수(5).pdf","combined_conditions|find_line_equation|parameter"
"M2_LF_50_S06_Q050","M2_LINEAR_FUNCTION","260710_함수(5).pdf","combined_conditions|find_line_equation|parameter"
"M2_LF_50_S09_Q001","M2_LINEAR_FUNCTION","260710_함수(8).pdf","function_definition|mapping_relation|domain_range"
"M2_LF_50_S09_Q002","M2_LINEAR_FUNCTION","260710_함수(8).pdf","function_definition|mapping_relation|domain_range"
"M2_LF_50_S09_Q004","M2_LINEAR_FUNCTION","260710_함수(8).pdf","unknown_from_function_value|equation_setup|substitution"
"M2_LF_50_S09_Q006","M2_LINEAR_FUNCTION","260710_함수(8).pdf","linear_function_definition|a_not_zero|degree_check"
"M2_LF_50_S09_Q007","M2_LINEAR_FUNCTION","260710_함수(8).pdf","linear_function_definition|a_not_zero|degree_check"
"M2_LF_50_S09_Q008","M2_LINEAR_FUNCTION","260710_함수(8).pdf","rate_of_change|slope|delta_x_delta_y"
"M2_LF_50_S09_Q009","M2_LINEAR_FUNCTION","260710_함수(8).pdf","slope_sign|increasing_decreasing|graph_shape"
"M2_LF_50_S09_Q010","M2_LINEAR_FUNCTION","260710_함수(8).pdf","slope_from_two_points|coordinate_order|fraction_slope"
"M2_LF_50_S09_Q011","M2_LINEAR_FUNCTION","260710_함수(8).pdf","slope_from_two_points|coordinate_order|fraction_slope"
"M2_LF_50_S09_Q012","M2_LINEAR_FUNCTION","260710_함수(8).pdf","slope_intercept|coefficient_reading|graph_equation_match"
"M2_LF_50_S09_Q013","M2_LINEAR_FUNCTION","260710_함수(8).pdf","graph_drawing|two_points|intercepts"
"M2_LF_50_S09_Q014","M2_LINEAR_FUNCTION","260710_함수(8).pdf","axis_triangle_area|intercepts|absolute_length"
"M2_LF_50_S09_Q015","M2_LINEAR_FUNCTION","260710_함수(8).pdf","area_between_lines|intersection|coordinate_area"
"M2_LF_50_S09_Q016","M2_LINEAR_FUNCTION","260710_함수(8).pdf","coefficient_sign|quadrant|intercept_sign"
"M2_LF_50_S09_Q017","M2_LINEAR_FUNCTION","260710_함수(8).pdf","coefficient_graph_relation|graph_comparison|parameter_range"
"M2_LF_50_S09_Q018","M2_LINEAR_FUNCTION","260710_함수(8).pdf","coefficient_sign|quadrant|intercept_sign"
"M2_LF_50_S09_Q019","M2_LINEAR_FUNCTION","260710_함수(8).pdf","area_between_lines|intersection|coordinate_area"
"M2_LF_50_S09_Q020","M2_LINEAR_FUNCTION","260710_함수(8).pdf","parallel_lines|same_slope|different_intercept"
"M2_LF_50_S09_Q021","M2_LINEAR_FUNCTION","260710_함수(8).pdf","parallel_lines|same_slope|different_intercept"
"M2_LF_50_S09_Q022","M2_LINEAR_FUNCTION","260710_함수(8).pdf","line_equation_from_point_slope|substitute_point|find_b"
"M2_LF_50_S09_Q023","M2_LINEAR_FUNCTION","260710_함수(8).pdf","line_equation_from_two_points|slope_then_intercept"
"M2_LF_50_S09_Q024","M2_LINEAR_FUNCTION","260710_함수(8).pdf","line_equation_from_intercepts|intercept_form|sign_of_intercept"
"M2_LF_50_S09_Q025","M2_LINEAR_FUNCTION","260710_함수(8).pdf","combined_conditions|line_equation|parameter"
"M2_LF_50_S09_Q026","M2_LINEAR_FUNCTION","260710_함수(8).pdf","linear_modeling|initial_value|rate_of_change"
"M2_LF_50_S09_Q027","M2_LINEAR_FUNCTION","260710_함수(8).pdf","linear_modeling|initial_value|rate_of_change"
"M2_LF_50_S09_Q028","M2_LINEAR_FUNCTION","260710_함수(8).pdf","linear_modeling|initial_value|rate_of_change"
"M2_LF_50_S09_Q029","M2_LINEAR_FUNCTION","260710_함수(8).pdf","linear_equation_graph|standard_form|intercepts"
"M2_LF_50_S09_Q030","M2_LINEAR_FUNCTION","260710_함수(8).pdf","linear_equation_graph|standard_form|intercepts"
"M2_LF_50_S09_Q031","M2_LINEAR_FUNCTION","260710_함수(8).pdf","point_on_equation_graph|coordinate_substitution|unknown_coordinate"
"M2_LF_50_S09_Q032","M2_LINEAR_FUNCTION","260710_함수(8).pdf","standard_to_slope_intercept|coefficient_relation|graph_property"
"M2_LF_50_S09_Q033","M2_LINEAR_FUNCTION","260710_함수(8).pdf","standard_to_slope_intercept|coefficient_relation|graph_property"
"M2_LF_50_S09_Q034","M2_LINEAR_FUNCTION","260710_함수(8).pdf","standard_to_slope_intercept|coefficient_relation|graph_property"
"M2_LF_50_S09_Q035","M2_LINEAR_FUNCTION","260710_함수(8).pdf","standard_to_slope_intercept|coefficient_relation|graph_property"
"M2_LF_50_S09_Q036","M2_LINEAR_FUNCTION","260710_함수(8).pdf","line_equation_from_two_points|slope_then_intercept"
"M2_LF_50_S09_Q037","M2_LINEAR_FUNCTION","260710_함수(8).pdf","line_equation_from_intercepts|intercept_form|sign_of_intercept"
"M2_LF_50_S09_Q038","M2_LINEAR_FUNCTION","260710_함수(8).pdf","combined_conditions|line_equation|parameter"
"M2_LF_50_S09_Q039","M2_LINEAR_FUNCTION","260710_함수(8).pdf","vertical_horizontal_line|x_equals_a|y_equals_b"
"M2_LF_50_S09_Q040","M2_LINEAR_FUNCTION","260710_함수(8).pdf","vertical_horizontal_line|x_equals_a|y_equals_b"
"M2_LF_50_S09_Q041","M2_LINEAR_FUNCTION","260710_함수(8).pdf","standard_to_slope_intercept|coefficient_relation|graph_property"
"M2_LF_50_S09_Q042","M2_LINEAR_FUNCTION","260710_함수(8).pdf","area_between_lines|intersection|coordinate_area"
"M2_LF_50_S09_Q043","M2_LINEAR_FUNCTION","260710_함수(8).pdf","combined_conditions|find_line_equation|parameter"
"M2_LF_50_S09_Q044","M2_LINEAR_FUNCTION","260710_함수(8).pdf","intersection_solution|simultaneous_equation_graph|graph_solution"
"M2_LF_50_S09_Q045","M2_LINEAR_FUNCTION","260710_함수(8).pdf","three_lines|intersection_modeling|parameter_condition"
"M2_LF_50_S09_Q046","M2_LINEAR_FUNCTION","260710_함수(8).pdf","three_lines|intersection_modeling|parameter_condition"
"M2_LF_50_S09_Q047","M2_LINEAR_FUNCTION","260710_함수(8).pdf","three_lines|intersection_modeling|parameter_condition"
"M2_LF_50_S09_Q048","M2_LINEAR_FUNCTION","260710_함수(8).pdf","area_between_lines|intersection|coordinate_area"
"M2_LF_50_S09_Q049","M2_LINEAR_FUNCTION","260710_함수(8).pdf","combined_conditions|find_line_equation|parameter"
"M2_LF_50_S09_Q050","M2_LINEAR_FUNCTION","260710_함수(8).pdf","combined_conditions|find_line_equation|parameter"
"M2_PROB_150_S11_Q001","M2_PROBABILITY","260711_경우의 수와 확률(10).pdf","counting|sample_space|case_count|ordered_pairs|systematic_listing"
"M2_PROB_150_S11_Q002","M2_PROBABILITY","260711_경우의 수와 확률(10).pdf","counting|sample_space|case_count|ordered_pairs|systematic_listing"
"M2_PROB_150_S11_Q003","M2_PROBABILITY","260711_경우의 수와 확률(10).pdf","counting|sample_space|case_count|ordered_pairs|systematic_listing"
"M2_PROB_150_S11_Q004","M2_PROBABILITY","260711_경우의 수와 확률(10).pdf","counting|sample_space|case_count|ordered_pairs|systematic_listing"
"M2_PROB_150_S11_Q005","M2_PROBABILITY","260711_경우의 수와 확률(10).pdf","counting|sample_space|case_count|coloring|adjacency_conditions"
"M2_PROB_150_S11_Q006","M2_PROBABILITY","260711_경우의 수와 확률(10).pdf","counting|sample_space|case_count|coloring|adjacency_conditions"
"M2_PROB_150_S11_Q007","M2_PROBABILITY","260711_경우의 수와 확률(10).pdf","counting|sample_space|case_count|coloring|adjacency_conditions"
"M2_PROB_150_S11_Q008","M2_PROBABILITY","260711_경우의 수와 확률(10).pdf","counting|sample_space|case_count|coloring|adjacency_conditions"
"M2_PROB_150_S11_Q009","M2_PROBABILITY","260711_경우의 수와 확률(10).pdf","counting|sample_space|case_count|coloring|adjacency_conditions"
"M2_PROB_150_S11_Q010","M2_PROBABILITY","260711_경우의 수와 확률(10).pdf","counting|sample_space|case_count|coloring|adjacency_conditions"
"M2_PROB_150_S11_Q011","M2_PROBABILITY","260711_경우의 수와 확률(10).pdf","counting|sample_space|case_count|coloring|adjacency_conditions"
"M2_PROB_150_S11_Q012","M2_PROBABILITY","260711_경우의 수와 확률(10).pdf","counting|sample_space|case_count|permutation|arrangement|position_conditions"
"M2_PROB_150_S11_Q013","M2_PROBABILITY","260711_경우의 수와 확률(10).pdf","counting|sample_space|case_count|permutation|arrangement|position_conditions"
"M2_PROB_150_S11_Q014","M2_PROBABILITY","260711_경우의 수와 확률(10).pdf","counting|sample_space|case_count|permutation|arrangement|position_conditions"
"M2_PROB_150_S11_Q015","M2_PROBABILITY","260711_경우의 수와 확률(10).pdf","counting|sample_space|case_count|permutation|arrangement|position_conditions"
"M2_PROB_150_S11_Q016","M2_PROBABILITY","260711_경우의 수와 확률(10).pdf","counting|sample_space|case_count|permutation|arrangement|position_conditions"
"M2_PROB_150_S11_Q017","M2_PROBABILITY","260711_경우의 수와 확률(10).pdf","counting|sample_space|case_count|permutation|arrangement|position_conditions"
"M2_PROB_150_S11_Q018","M2_PROBABILITY","260711_경우의 수와 확률(10).pdf","counting|sample_space|case_count|permutation|arrangement|position_conditions"
"M2_PROB_150_S11_Q019","M2_PROBABILITY","260711_경우의 수와 확률(10).pdf","counting|sample_space|case_count|permutation|arrangement|position_conditions"
"M2_PROB_150_S11_Q020","M2_PROBABILITY","260711_경우의 수와 확률(10).pdf","counting|sample_space|case_count|permutation|arrangement|position_conditions"
"M2_PROB_150_S11_Q021","M2_PROBABILITY","260711_경우의 수와 확률(10).pdf","counting|sample_space|case_count|selection|role_distinction"
"M2_PROB_150_S11_Q022","M2_PROBABILITY","260711_경우의 수와 확률(10).pdf","counting|sample_space|case_count|selection|role_distinction"
"M2_PROB_150_S11_Q023","M2_PROBABILITY","260711_경우의 수와 확률(10).pdf","counting|sample_space|case_count|selection|role_distinction"
"M2_PROB_150_S11_Q024","M2_PROBABILITY","260711_경우의 수와 확률(10).pdf","counting|sample_space|case_count|selection|role_distinction"
"M2_PROB_150_S11_Q025","M2_PROBABILITY","260711_경우의 수와 확률(10).pdf","counting|sample_space|case_count|selection|role_distinction"
"M2_PROB_150_S11_Q026","M2_PROBABILITY","260711_경우의 수와 확률(10).pdf","counting|sample_space|case_count|selection|role_distinction"
"M2_PROB_150_S11_Q027","M2_PROBABILITY","260711_경우의 수와 확률(10).pdf","counting|sample_space|case_count|selection|role_distinction"
"M2_PROB_150_S11_Q028","M2_PROBABILITY","260711_경우의 수와 확률(10).pdf","counting|sample_space|case_count|selection|role_distinction"
"M2_PROB_150_S11_Q029","M2_PROBABILITY","260711_경우의 수와 확률(10).pdf","counting|sample_space|case_count|selection|role_distinction"
"M2_PROB_150_S11_Q030","M2_PROBABILITY","260711_경우의 수와 확률(10).pdf","counting|sample_space|case_count|selection|role_distinction"
"M2_PROB_150_S11_Q031","M2_PROBABILITY","260711_경우의 수와 확률(10).pdf","counting|sample_space|case_count|equation_condition|inequality_condition"
"M2_PROB_150_S11_Q032","M2_PROBABILITY","260711_경우의 수와 확률(10).pdf","counting|sample_space|case_count|equation_condition|inequality_condition"
"M2_PROB_150_S11_Q033","M2_PROBABILITY","260711_경우의 수와 확률(10).pdf","counting|sample_space|case_count|equation_condition|inequality_condition"
"M2_PROB_150_S11_Q034","M2_PROBABILITY","260711_경우의 수와 확률(10).pdf","counting|sample_space|case_count|equation_condition|inequality_condition"
"M2_PROB_150_S11_Q035","M2_PROBABILITY","260711_경우의 수와 확률(10).pdf","counting|sample_space|case_count|equation_condition|inequality_condition"
"M2_PROB_150_S11_Q036","M2_PROBABILITY","260711_경우의 수와 확률(10).pdf","counting|sample_space|case_count|equation_condition|inequality_condition"
"M2_PROB_150_S11_Q037","M2_PROBABILITY","260711_경우의 수와 확률(10).pdf","counting|sample_space|case_count|equation_condition|inequality_condition"
"M2_PROB_150_S11_Q038","M2_PROBABILITY","260711_경우의 수와 확률(10).pdf","counting|sample_space|case_count|equation_condition|inequality_condition"
"M2_PROB_150_S11_Q039","M2_PROBABILITY","260711_경우의 수와 확률(10).pdf","probability_definition|sample_space|probability_property|probability|favorable_outcomes"
"M2_PROB_150_S11_Q040","M2_PROBABILITY","260711_경우의 수와 확률(10).pdf","probability_definition|sample_space|probability_property|probability|favorable_outcomes"
"M2_PROB_150_S11_Q041","M2_PROBABILITY","260711_경우의 수와 확률(10).pdf","probability_definition|sample_space|probability_property|probability|favorable_outcomes"
"M2_PROB_150_S11_Q042","M2_PROBABILITY","260711_경우의 수와 확률(10).pdf","probability_definition|sample_space|probability_property|probability|favorable_outcomes"
"M2_PROB_150_S11_Q043","M2_PROBABILITY","260711_경우의 수와 확률(10).pdf","probability_definition|sample_space|probability_property|probability|favorable_outcomes"
"M2_PROB_150_S11_Q044","M2_PROBABILITY","260711_경우의 수와 확률(10).pdf","probability_definition|sample_space|probability_property|probability|favorable_outcomes"
"M2_PROB_150_S11_Q045","M2_PROBABILITY","260711_경우의 수와 확률(10).pdf","probability_definition|sample_space|probability_property|probability|favorable_outcomes"
"M2_PROB_150_S11_Q046","M2_PROBABILITY","260711_경우의 수와 확률(10).pdf","probability_definition|sample_space|probability_property|probability|favorable_outcomes"
"M2_PROB_150_S11_Q047","M2_PROBABILITY","260711_경우의 수와 확률(10).pdf","probability_definition|sample_space|probability_property|probability|favorable_outcomes"
"M2_PROB_150_S11_Q048","M2_PROBABILITY","260711_경우의 수와 확률(10).pdf","probability_definition|sample_space|probability_property|probability|favorable_outcomes"
"M2_PROB_150_S11_Q049","M2_PROBABILITY","260711_경우의 수와 확률(10).pdf","probability_definition|sample_space|probability_property|permutation|arrangement|probability|favorable_outcomes"
"M2_PROB_150_S11_Q050","M2_PROBABILITY","260711_경우의 수와 확률(10).pdf","probability_definition|sample_space|probability_property|permutation|arrangement|probability|favorable_outcomes"
"M2_PROB_150_S11_Q051","M2_PROBABILITY","260711_경우의 수와 확률(10).pdf","probability_definition|sample_space|probability_property|probability|algebraic_condition"
"M2_PROB_150_S11_Q052","M2_PROBABILITY","260711_경우의 수와 확률(10).pdf","probability_definition|sample_space|probability_property|probability|algebraic_condition"
"M2_PROB_150_S11_Q053","M2_PROBABILITY","260711_경우의 수와 확률(10).pdf","probability_definition|sample_space|probability_property|probability|algebraic_condition"
"M2_PROB_150_S11_Q054","M2_PROBABILITY","260711_경우의 수와 확률(10).pdf","probability_definition|sample_space|probability_property|probability|algebraic_condition"
"M2_PROB_150_S11_Q055","M2_PROBABILITY","260711_경우의 수와 확률(10).pdf","probability_definition|sample_space|probability_property|probability|algebraic_condition"
"M2_PROB_150_S11_Q056","M2_PROBABILITY","260711_경우의 수와 확률(10).pdf","probability_definition|sample_space|probability_property|probability|algebraic_condition"
"M2_PROB_150_S11_Q057","M2_PROBABILITY","260711_경우의 수와 확률(10).pdf","probability_definition|sample_space|probability_property|probability|algebraic_condition"
"M2_PROB_150_S11_Q058","M2_PROBABILITY","260711_경우의 수와 확률(10).pdf","probability_definition|sample_space|probability_property|probability|algebraic_condition"
"M2_PROB_150_S11_Q059","M2_PROBABILITY","260711_경우의 수와 확률(10).pdf","probability_definition|sample_space|probability_property|probability|algebraic_condition"
"M2_PROB_150_S11_Q060","M2_PROBABILITY","260711_경우의 수와 확률(10).pdf","probability_definition|sample_space|probability_property|probability|algebraic_condition"
"M2_PROB_150_S11_Q061","M2_PROBABILITY","260711_경우의 수와 확률(10).pdf","probability_definition|sample_space|probability_property|probability|algebraic_condition"
"M2_PROB_150_S11_Q062","M2_PROBABILITY","260711_경우의 수와 확률(10).pdf","probability_definition|sample_space|probability_property|probability|algebraic_condition"
"M2_PROB_150_S11_Q063","M2_PROBABILITY","260711_경우의 수와 확률(10).pdf","probability_calculation|event_operation|application|complement_event|probability|complement|one_minus"
"M2_PROB_150_S11_Q064","M2_PROBABILITY","260711_경우의 수와 확률(10).pdf","probability_calculation|event_operation|application|complement_event|probability|complement|one_minus"
"M2_PROB_150_S11_Q065","M2_PROBABILITY","260711_경우의 수와 확률(10).pdf","probability_calculation|event_operation|application|complement_event|probability|complement|one_minus"
"M2_PROB_150_S11_Q066","M2_PROBABILITY","260711_경우의 수와 확률(10).pdf","probability_calculation|event_operation|application|complement_event|probability|complement|one_minus"
"M2_PROB_150_S11_Q067","M2_PROBABILITY","260711_경우의 수와 확률(10).pdf","probability_calculation|event_operation|application|complement_event|probability|complement|one_minus"
"M2_PROB_150_S11_Q068","M2_PROBABILITY","260711_경우의 수와 확률(10).pdf","probability_calculation|event_operation|application|complement_event|probability|complement|one_minus"
"M2_PROB_150_S11_Q069","M2_PROBABILITY","260711_경우의 수와 확률(10).pdf","probability_calculation|event_operation|application|complement_event|probability|complement|one_minus"
"M2_PROB_150_S11_Q070","M2_PROBABILITY","260711_경우의 수와 확률(10).pdf","probability_calculation|event_operation|application|complement_event|probability|complement|one_minus"
"M2_PROB_150_S11_Q071","M2_PROBABILITY","260711_경우의 수와 확률(10).pdf","probability_calculation|event_operation|application|complement_event|probability|complement|one_minus"
"M2_PROB_150_S11_Q072","M2_PROBABILITY","260711_경우의 수와 확률(10).pdf","probability_calculation|event_operation|application|complement_event|probability|complement|one_minus"
"M2_PROB_150_S11_Q073","M2_PROBABILITY","260711_경우의 수와 확률(10).pdf","probability_calculation|event_operation|application|complement_event|probability|complement|one_minus"
"M2_PROB_150_S11_Q074","M2_PROBABILITY","260711_경우의 수와 확률(10).pdf","probability_calculation|event_operation|application|addition_rule|probability|union|overlap"
"M2_PROB_150_S11_Q075","M2_PROBABILITY","260711_경우의 수와 확률(10).pdf","probability_calculation|event_operation|application|addition_rule|probability|union|overlap"
"M2_PROB_150_S11_Q076","M2_PROBABILITY","260711_경우의 수와 확률(10).pdf","probability_calculation|event_operation|application|addition_rule|probability|union|overlap"
"M2_PROB_150_S11_Q077","M2_PROBABILITY","260711_경우의 수와 확률(10).pdf","probability_calculation|event_operation|application|addition_rule|probability|union|overlap"
"M2_PROB_150_S11_Q078","M2_PROBABILITY","260711_경우의 수와 확률(10).pdf","probability_calculation|event_operation|application|addition_rule|probability|union|overlap"
"M2_PROB_150_S11_Q079","M2_PROBABILITY","260711_경우의 수와 확률(10).pdf","probability_calculation|event_operation|application|addition_rule|probability|union|overlap"
"M2_PROB_150_S11_Q080","M2_PROBABILITY","260711_경우의 수와 확률(10).pdf","probability_calculation|event_operation|application|addition_rule|probability|union|overlap"
"M2_PROB_150_S11_Q081","M2_PROBABILITY","260711_경우의 수와 확률(10).pdf","probability_calculation|event_operation|application|addition_rule|probability|union|overlap"
"M2_PROB_150_S11_Q082","M2_PROBABILITY","260711_경우의 수와 확률(10).pdf","probability_calculation|event_operation|application|probability|intersection|simultaneous_events"
"M2_PROB_150_S11_Q083","M2_PROBABILITY","260711_경우의 수와 확률(10).pdf","probability_calculation|event_operation|application|probability|intersection|simultaneous_events"
"M2_PROB_150_S11_Q084","M2_PROBABILITY","260711_경우의 수와 확률(10).pdf","probability_calculation|event_operation|application|probability|intersection|simultaneous_events"
"M2_PROB_150_S11_Q085","M2_PROBABILITY","260711_경우의 수와 확률(10).pdf","probability_calculation|event_operation|application|probability|intersection|simultaneous_events"
"M2_PROB_150_S11_Q086","M2_PROBABILITY","260711_경우의 수와 확률(10).pdf","probability_calculation|event_operation|application|probability|intersection|simultaneous_events"
"M2_PROB_150_S11_Q087","M2_PROBABILITY","260711_경우의 수와 확률(10).pdf","probability_calculation|event_operation|application|probability|intersection|simultaneous_events"
"M2_PROB_150_S11_Q088","M2_PROBABILITY","260711_경우의 수와 확률(10).pdf","probability_calculation|event_operation|application|probability|intersection|simultaneous_events"
"M2_PROB_150_S11_Q089","M2_PROBABILITY","260711_경우의 수와 확률(10).pdf","probability_calculation|event_operation|application|probability|intersection|simultaneous_events"
"M2_PROB_150_S11_Q090","M2_PROBABILITY","260711_경우의 수와 확률(10).pdf","probability_calculation|event_operation|application|probability|intersection|simultaneous_events"
"M2_PROB_150_S11_Q091","M2_PROBABILITY","260711_경우의 수와 확률(10).pdf","probability_calculation|event_operation|application|probability|intersection|simultaneous_events"
"M2_PROB_150_S11_Q092","M2_PROBABILITY","260711_경우의 수와 확률(10).pdf","probability_calculation|event_operation|application|multiplication_rule|probability|addition_rule"
"M2_PROB_150_S11_Q093","M2_PROBABILITY","260711_경우의 수와 확률(10).pdf","probability_calculation|event_operation|application|multiplication_rule|probability|addition_rule"
"M2_PROB_150_S11_Q094","M2_PROBABILITY","260711_경우의 수와 확률(10).pdf","probability_calculation|event_operation|application|multiplication_rule|probability|addition_rule"
"M2_PROB_150_S11_Q095","M2_PROBABILITY","260711_경우의 수와 확률(10).pdf","probability_calculation|event_operation|application|multiplication_rule|probability|addition_rule"
"M2_PROB_150_S11_Q096","M2_PROBABILITY","260711_경우의 수와 확률(10).pdf","probability_calculation|event_operation|application|multiplication_rule|probability|addition_rule"
"M2_PROB_150_S11_Q097","M2_PROBABILITY","260711_경우의 수와 확률(10).pdf","probability_calculation|event_operation|application|multiplication_rule|probability|addition_rule"
"M2_PROB_150_S11_Q098","M2_PROBABILITY","260711_경우의 수와 확률(10).pdf","probability_calculation|event_operation|application|multiplication_rule|probability|addition_rule"
"M2_PROB_150_S11_Q099","M2_PROBABILITY","260711_경우의 수와 확률(10).pdf","probability_calculation|event_operation|application|multiplication_rule|probability|addition_rule"
"M2_PROB_150_S11_Q100","M2_PROBABILITY","260711_경우의 수와 확률(10).pdf","probability_calculation|event_operation|application|multiplication_rule|probability|addition_rule"
"M2_PROB_150_S11_Q101","M2_PROBABILITY","260711_경우의 수와 확률(10).pdf","probability_calculation|event_operation|application|multiplication_rule|probability|addition_rule"
"M2_PROB_150_S11_Q102","M2_PROBABILITY","260711_경우의 수와 확률(10).pdf","probability_calculation|event_operation|application|successive_trials|probability|successive_draws|replacement_condition"
"M2_PROB_150_S11_Q103","M2_PROBABILITY","260711_경우의 수와 확률(10).pdf","probability_calculation|event_operation|application|successive_trials|probability|successive_draws|replacement_condition"
"M2_PROB_150_S11_Q104","M2_PROBABILITY","260711_경우의 수와 확률(10).pdf","probability_calculation|event_operation|application|successive_trials|probability|successive_draws|replacement_condition"
"M2_PROB_150_S11_Q105","M2_PROBABILITY","260711_경우의 수와 확률(10).pdf","probability_calculation|event_operation|application|successive_trials|probability|successive_draws|replacement_condition"
"M2_PROB_150_S11_Q106","M2_PROBABILITY","260711_경우의 수와 확률(10).pdf","probability_calculation|event_operation|application|successive_trials|probability|successive_draws|replacement_condition"
"M2_PROB_150_S11_Q107","M2_PROBABILITY","260711_경우의 수와 확률(10).pdf","probability_calculation|event_operation|application|successive_trials|probability|successive_draws|replacement_condition"
"M2_PROB_150_S11_Q108","M2_PROBABILITY","260711_경우의 수와 확률(10).pdf","probability_calculation|event_operation|application|successive_trials|probability|successive_draws|replacement_condition"
"M2_PROB_150_S11_Q109","M2_PROBABILITY","260711_경우의 수와 확률(10).pdf","probability_calculation|event_operation|application|successive_trials|probability|successive_draws|replacement_condition"
"M2_PROB_150_S11_Q110","M2_PROBABILITY","260711_경우의 수와 확률(10).pdf","probability_calculation|event_operation|application|successive_trials|probability|successive_draws|replacement_condition"
"M2_PROB_150_S11_Q111","M2_PROBABILITY","260711_경우의 수와 확률(10).pdf","probability_calculation|event_operation|application|successive_trials|probability|successive_draws|replacement_condition"
"M2_PROB_150_S11_Q140","M2_PROBABILITY","260711_경우의 수와 확률(10).pdf","probability_calculation|event_operation|application|geometry_probability|probability|coordinates|geometric_conditions"
"M2_PROB_150_S11_Q141","M2_PROBABILITY","260711_경우의 수와 확률(10).pdf","probability_calculation|event_operation|application|geometry_probability|probability|coordinates|geometric_conditions"
"M2_PROB_150_S11_Q142","M2_PROBABILITY","260711_경우의 수와 확률(10).pdf","probability_calculation|event_operation|application|geometry_probability|probability|coordinates|geometric_conditions"
"M2_PROB_150_S11_Q143","M2_PROBABILITY","260711_경우의 수와 확률(10).pdf","probability_calculation|event_operation|application|geometry_probability|probability|coordinates|geometric_conditions"
"M2_PROB_150_S11_Q144","M2_PROBABILITY","260711_경우의 수와 확률(10).pdf","probability_calculation|event_operation|application|geometry_probability|probability|coordinates|geometric_conditions"
"M2_PROB_150_S11_Q145","M2_PROBABILITY","260711_경우의 수와 확률(10).pdf","probability_calculation|event_operation|application|geometry_probability|probability|coordinates|geometric_conditions"
"M2_PROB_150_S11_Q146","M2_PROBABILITY","260711_경우의 수와 확률(10).pdf","probability_calculation|event_operation|application|geometry_probability|probability|coordinates|geometric_conditions"
"M2_PROB_150_S11_Q147","M2_PROBABILITY","260711_경우의 수와 확률(10).pdf","probability_calculation|event_operation|application|geometry_probability|probability|coordinates|geometric_conditions"
"M2_PROB_150_S11_Q148","M2_PROBABILITY","260711_경우의 수와 확률(10).pdf","probability_calculation|event_operation|application|geometry_probability|probability|area_ratio|geometric_probability"
"M2_PROB_150_S11_Q149","M2_PROBABILITY","260711_경우의 수와 확률(10).pdf","probability_calculation|event_operation|application|geometry_probability|probability|area_ratio|geometric_probability"
"M2_PROB_150_S11_Q150","M2_PROBABILITY","260711_경우의 수와 확률(10).pdf","probability_calculation|event_operation|application|geometry_probability|probability|area_ratio|geometric_probability"
"M2_PROB_150_S06_Q001","M2_PROBABILITY","260711_경우의 수와 확률(5).pdf","counting|sample_space|case_count|ordered_pairs|systematic_listing"
"M2_PROB_150_S06_Q002","M2_PROBABILITY","260711_경우의 수와 확률(5).pdf","counting|sample_space|case_count|ordered_pairs|systematic_listing"
"M2_PROB_150_S06_Q003","M2_PROBABILITY","260711_경우의 수와 확률(5).pdf","counting|sample_space|case_count|ordered_pairs|systematic_listing"
"M2_PROB_150_S06_Q004","M2_PROBABILITY","260711_경우의 수와 확률(5).pdf","counting|sample_space|case_count|ordered_pairs|systematic_listing"
"M2_PROB_150_S06_Q005","M2_PROBABILITY","260711_경우의 수와 확률(5).pdf","counting|sample_space|case_count|integer_combinations|payment"
"M2_PROB_150_S06_Q006","M2_PROBABILITY","260711_경우의 수와 확률(5).pdf","counting|sample_space|case_count|integer_combinations|payment"
"M2_PROB_150_S06_Q007","M2_PROBABILITY","260711_경우의 수와 확률(5).pdf","counting|sample_space|case_count|integer_combinations|payment"
"M2_PROB_150_S06_Q008","M2_PROBABILITY","260711_경우의 수와 확률(5).pdf","counting|sample_space|case_count|addition_rule|mutually_exclusive_cases"
"M2_PROB_150_S06_Q009","M2_PROBABILITY","260711_경우의 수와 확률(5).pdf","counting|sample_space|case_count|addition_rule|mutually_exclusive_cases"
"M2_PROB_150_S06_Q010","M2_PROBABILITY","260711_경우의 수와 확률(5).pdf","counting|sample_space|case_count|addition_rule|mutually_exclusive_cases"
"M2_PROB_150_S06_Q011","M2_PROBABILITY","260711_경우의 수와 확률(5).pdf","counting|sample_space|case_count|multiplication_rule|staged_choices"
"M2_PROB_150_S06_Q012","M2_PROBABILITY","260711_경우의 수와 확률(5).pdf","counting|sample_space|case_count|multiplication_rule|staged_choices"
"M2_PROB_150_S06_Q013","M2_PROBABILITY","260711_경우의 수와 확률(5).pdf","counting|sample_space|case_count|multiplication_rule|staged_choices"
"M2_PROB_150_S06_Q014","M2_PROBABILITY","260711_경우의 수와 확률(5).pdf","counting|sample_space|case_count|multiplication_rule|staged_choices"
"M2_PROB_150_S06_Q015","M2_PROBABILITY","260711_경우의 수와 확률(5).pdf","counting|sample_space|case_count|multiplication_rule|staged_choices"
"M2_PROB_150_S06_Q016","M2_PROBABILITY","260711_경우의 수와 확률(5).pdf","counting|sample_space|case_count|multiplication_rule|staged_choices"
"M2_PROB_150_S06_Q017","M2_PROBABILITY","260711_경우의 수와 확률(5).pdf","counting|sample_space|case_count|multiplication_rule|staged_choices"
"M2_PROB_150_S06_Q018","M2_PROBABILITY","260711_경우의 수와 확률(5).pdf","counting|sample_space|case_count|multiplication_rule|staged_choices"
"M2_PROB_150_S06_Q019","M2_PROBABILITY","260711_경우의 수와 확률(5).pdf","counting|sample_space|case_count|multiplication_rule|staged_choices"
"M2_PROB_150_S06_Q020","M2_PROBABILITY","260711_경우의 수와 확률(5).pdf","counting|sample_space|case_count|multiplication_rule|staged_choices"
"M2_PROB_150_S06_Q021","M2_PROBABILITY","260711_경우의 수와 확률(5).pdf","counting|sample_space|case_count|multiplication_rule|staged_choices"
"M2_PROB_150_S06_Q022","M2_PROBABILITY","260711_경우의 수와 확률(5).pdf","counting|sample_space|case_count|multiplication_rule|staged_choices"
"M2_PROB_150_S06_Q023","M2_PROBABILITY","260711_경우의 수와 확률(5).pdf","counting|sample_space|case_count|multiplication_rule|staged_choices"
"M2_PROB_150_S06_Q024","M2_PROBABILITY","260711_경우의 수와 확률(5).pdf","counting|sample_space|case_count|multiplication_rule|staged_choices"
"M2_PROB_150_S06_Q025","M2_PROBABILITY","260711_경우의 수와 확률(5).pdf","counting|sample_space|case_count|multiplication_rule|staged_choices"
"M2_PROB_150_S06_Q026","M2_PROBABILITY","260711_경우의 수와 확률(5).pdf","counting|sample_space|case_count|coloring|adjacency_conditions"
"M2_PROB_150_S06_Q027","M2_PROBABILITY","260711_경우의 수와 확률(5).pdf","counting|sample_space|case_count|coloring|adjacency_conditions"
"M2_PROB_150_S06_Q028","M2_PROBABILITY","260711_경우의 수와 확률(5).pdf","counting|sample_space|case_count|coloring|adjacency_conditions"
"M2_PROB_150_S06_Q029","M2_PROBABILITY","260711_경우의 수와 확률(5).pdf","counting|sample_space|case_count|coloring|adjacency_conditions"
"M2_PROB_150_S06_Q030","M2_PROBABILITY","260711_경우의 수와 확률(5).pdf","counting|sample_space|case_count|permutation|arrangement|position_conditions"
"M2_PROB_150_S06_Q031","M2_PROBABILITY","260711_경우의 수와 확률(5).pdf","counting|sample_space|case_count|permutation|arrangement|position_conditions"
"M2_PROB_150_S06_Q032","M2_PROBABILITY","260711_경우의 수와 확률(5).pdf","counting|sample_space|case_count|permutation|arrangement|position_conditions"
"M2_PROB_150_S06_Q033","M2_PROBABILITY","260711_경우의 수와 확률(5).pdf","counting|sample_space|case_count|permutation|arrangement|position_conditions"
"M2_PROB_150_S06_Q034","M2_PROBABILITY","260711_경우의 수와 확률(5).pdf","counting|sample_space|case_count|permutation|arrangement|position_conditions"
"M2_PROB_150_S06_Q035","M2_PROBABILITY","260711_경우의 수와 확률(5).pdf","counting|sample_space|case_count|permutation|arrangement|position_conditions"
"M2_PROB_150_S06_Q036","M2_PROBABILITY","260711_경우의 수와 확률(5).pdf","counting|sample_space|case_count|permutation|arrangement|position_conditions"
"M2_PROB_150_S06_Q037","M2_PROBABILITY","260711_경우의 수와 확률(5).pdf","counting|sample_space|case_count|permutation|arrangement|position_conditions"
"M2_PROB_150_S06_Q038","M2_PROBABILITY","260711_경우의 수와 확률(5).pdf","counting|sample_space|case_count|permutation|arrangement|position_conditions"
"M2_PROB_150_S06_Q039","M2_PROBABILITY","260711_경우의 수와 확률(5).pdf","counting|sample_space|case_count|permutation|arrangement|position_conditions"
"M2_PROB_150_S06_Q040","M2_PROBABILITY","260711_경우의 수와 확률(5).pdf","counting|sample_space|case_count|permutation|arrangement|position_conditions"
"M2_PROB_150_S06_Q041","M2_PROBABILITY","260711_경우의 수와 확률(5).pdf","counting|sample_space|case_count|permutation|arrangement|position_conditions"
"M2_PROB_150_S06_Q042","M2_PROBABILITY","260711_경우의 수와 확률(5).pdf","counting|sample_space|case_count|digit_arrangement|leading_zero"
"M2_PROB_150_S06_Q043","M2_PROBABILITY","260711_경우의 수와 확률(5).pdf","counting|sample_space|case_count|digit_arrangement|leading_zero"
"M2_PROB_150_S06_Q044","M2_PROBABILITY","260711_경우의 수와 확률(5).pdf","counting|sample_space|case_count|digit_arrangement|leading_zero"
"M2_PROB_150_S06_Q045","M2_PROBABILITY","260711_경우의 수와 확률(5).pdf","counting|sample_space|case_count|digit_arrangement|leading_zero"
"M2_PROB_150_S06_Q046","M2_PROBABILITY","260711_경우의 수와 확률(5).pdf","counting|sample_space|case_count|digit_arrangement|leading_zero"
"M2_PROB_150_S06_Q047","M2_PROBABILITY","260711_경우의 수와 확률(5).pdf","counting|sample_space|case_count|digit_arrangement|leading_zero"
"M2_PROB_150_S06_Q048","M2_PROBABILITY","260711_경우의 수와 확률(5).pdf","counting|sample_space|case_count|digit_arrangement|leading_zero"
"M2_PROB_150_S06_Q049","M2_PROBABILITY","260711_경우의 수와 확률(5).pdf","counting|sample_space|case_count|digit_arrangement|leading_zero"
"M2_PROB_150_S06_Q050","M2_PROBABILITY","260711_경우의 수와 확률(5).pdf","counting|sample_space|case_count|lexicographic_order|cumulative_count"
"M2_PROB_150_S06_Q051","M2_PROBABILITY","260711_경우의 수와 확률(5).pdf","counting|sample_space|case_count|lexicographic_order|cumulative_count"
"M2_PROB_150_S06_Q052","M2_PROBABILITY","260711_경우의 수와 확률(5).pdf","counting|sample_space|case_count|lexicographic_order|cumulative_count"
"M2_PROB_150_S06_Q053","M2_PROBABILITY","260711_경우의 수와 확률(5).pdf","counting|sample_space|case_count|lexicographic_order|cumulative_count"
"M2_PROB_150_S06_Q054","M2_PROBABILITY","260711_경우의 수와 확률(5).pdf","counting|sample_space|case_count|selection|role_distinction"
"M2_PROB_150_S06_Q055","M2_PROBABILITY","260711_경우의 수와 확률(5).pdf","counting|sample_space|case_count|selection|role_distinction"
"M2_PROB_150_S06_Q056","M2_PROBABILITY","260711_경우의 수와 확률(5).pdf","counting|sample_space|case_count|selection|role_distinction"
"M2_PROB_150_S06_Q057","M2_PROBABILITY","260711_경우의 수와 확률(5).pdf","counting|sample_space|case_count|selection|role_distinction"
"M2_PROB_150_S06_Q058","M2_PROBABILITY","260711_경우의 수와 확률(5).pdf","counting|sample_space|case_count|selection|role_distinction"
"M2_PROB_150_S06_Q059","M2_PROBABILITY","260711_경우의 수와 확률(5).pdf","counting|sample_space|case_count|selection|role_distinction"
"M2_PROB_150_S06_Q060","M2_PROBABILITY","260711_경우의 수와 확률(5).pdf","counting|sample_space|case_count|selection|role_distinction"
"M2_PROB_150_S06_Q066","M2_PROBABILITY","260711_경우의 수와 확률(5).pdf","counting|sample_space|case_count|shortest_path|grid_route"
"M2_PROB_150_S06_Q067","M2_PROBABILITY","260711_경우의 수와 확률(5).pdf","counting|sample_space|case_count|shortest_path|grid_route"
"M2_PROB_150_S06_Q068","M2_PROBABILITY","260711_경우의 수와 확률(5).pdf","counting|sample_space|case_count|equation_condition|inequality_condition"
"M2_PROB_150_S06_Q069","M2_PROBABILITY","260711_경우의 수와 확률(5).pdf","counting|sample_space|case_count|equation_condition|inequality_condition"
"M2_PROB_150_S06_Q070","M2_PROBABILITY","260711_경우의 수와 확률(5).pdf","counting|sample_space|case_count|equation_condition|inequality_condition"
"M2_PROB_150_S06_Q071","M2_PROBABILITY","260711_경우의 수와 확률(5).pdf","counting|sample_space|case_count|recursive_rule|state_tracking"
"M2_PROB_150_S06_Q072","M2_PROBABILITY","260711_경우의 수와 확률(5).pdf","counting|sample_space|case_count|recursive_rule|state_tracking"
"M2_PROB_150_S06_Q073","M2_PROBABILITY","260711_경우의 수와 확률(5).pdf","counting|sample_space|case_count|recursive_rule|state_tracking"
"M2_PROB_150_S06_Q074","M2_PROBABILITY","260711_경우의 수와 확률(5).pdf","counting|sample_space|case_count|game_probability|tournament_bracket|placement"
"M2_PROB_150_S06_Q075","M2_PROBABILITY","260711_경우의 수와 확률(5).pdf","counting|sample_space|case_count|game_probability|tournament_bracket|placement"
"M2_PROB_150_S06_Q076","M2_PROBABILITY","260711_경우의 수와 확률(5).pdf","probability_definition|sample_space|probability_property|probability|favorable_outcomes"
"M2_PROB_150_S06_Q077","M2_PROBABILITY","260711_경우의 수와 확률(5).pdf","probability_definition|sample_space|probability_property|probability|favorable_outcomes"
"M2_PROB_150_S06_Q078","M2_PROBABILITY","260711_경우의 수와 확률(5).pdf","probability_definition|sample_space|probability_property|probability|favorable_outcomes"
"M2_PROB_150_S06_Q079","M2_PROBABILITY","260711_경우의 수와 확률(5).pdf","probability_definition|sample_space|probability_property|probability|favorable_outcomes"
"M2_PROB_150_S06_Q080","M2_PROBABILITY","260711_경우의 수와 확률(5).pdf","probability_definition|sample_space|probability_property|permutation|arrangement|probability|favorable_outcomes"
"M2_PROB_150_S06_Q081","M2_PROBABILITY","260711_경우의 수와 확률(5).pdf","probability_definition|sample_space|probability_property|permutation|arrangement|probability|favorable_outcomes"
"M2_PROB_150_S06_Q082","M2_PROBABILITY","260711_경우의 수와 확률(5).pdf","probability_definition|sample_space|probability_property|permutation|arrangement|probability|favorable_outcomes"
"M2_PROB_150_S06_Q083","M2_PROBABILITY","260711_경우의 수와 확률(5).pdf","probability_definition|sample_space|probability_property|permutation|arrangement|probability|favorable_outcomes"
"M2_PROB_150_S06_Q084","M2_PROBABILITY","260711_경우의 수와 확률(5).pdf","probability_definition|sample_space|probability_property|probability|unknown_parameter|equation"
"M2_PROB_150_S06_Q085","M2_PROBABILITY","260711_경우의 수와 확률(5).pdf","probability_definition|sample_space|probability_property|probability|unknown_parameter|equation"
"M2_PROB_150_S06_Q086","M2_PROBABILITY","260711_경우의 수와 확률(5).pdf","probability_definition|sample_space|probability_property|probability|algebraic_condition"
"M2_PROB_150_S06_Q087","M2_PROBABILITY","260711_경우의 수와 확률(5).pdf","probability_definition|sample_space|probability_property|probability|algebraic_condition"
"M2_PROB_150_S06_Q088","M2_PROBABILITY","260711_경우의 수와 확률(5).pdf","probability_definition|sample_space|probability_property|probability|algebraic_condition"
"M2_PROB_150_S06_Q089","M2_PROBABILITY","260711_경우의 수와 확률(5).pdf","probability_definition|sample_space|probability_property|probability|algebraic_condition"
"M2_PROB_150_S06_Q090","M2_PROBABILITY","260711_경우의 수와 확률(5).pdf","probability_definition|sample_space|probability_property|probability|algebraic_condition"
"M2_PROB_150_S06_Q091","M2_PROBABILITY","260711_경우의 수와 확률(5).pdf","probability_definition|sample_space|probability_property|probability|algebraic_condition"
"M2_PROB_150_S06_Q092","M2_PROBABILITY","260711_경우의 수와 확률(5).pdf","probability_definition|sample_space|probability_property|probability|algebraic_condition"
"M2_PROB_150_S06_Q093","M2_PROBABILITY","260711_경우의 수와 확률(5).pdf","probability_calculation|event_operation|application|complement_event|probability|complement|one_minus"
"M2_PROB_150_S06_Q094","M2_PROBABILITY","260711_경우의 수와 확률(5).pdf","probability_calculation|event_operation|application|complement_event|probability|complement|one_minus"
"M2_PROB_150_S06_Q095","M2_PROBABILITY","260711_경우의 수와 확률(5).pdf","probability_calculation|event_operation|application|complement_event|probability|complement|one_minus"
"M2_PROB_150_S06_Q096","M2_PROBABILITY","260711_경우의 수와 확률(5).pdf","probability_calculation|event_operation|application|complement_event|probability|complement|one_minus"
"M2_PROB_150_S06_Q097","M2_PROBABILITY","260711_경우의 수와 확률(5).pdf","probability_calculation|event_operation|application|complement_event|probability|at_least|complement"
"M2_PROB_150_S06_Q098","M2_PROBABILITY","260711_경우의 수와 확률(5).pdf","probability_calculation|event_operation|application|complement_event|probability|at_least|complement"
"M2_PROB_150_S06_Q099","M2_PROBABILITY","260711_경우의 수와 확률(5).pdf","probability_calculation|event_operation|application|complement_event|probability|at_least|complement"
"M2_PROB_150_S06_Q100","M2_PROBABILITY","260711_경우의 수와 확률(5).pdf","probability_calculation|event_operation|application|complement_event|probability|at_least|complement"
"M2_PROB_150_S06_Q101","M2_PROBABILITY","260711_경우의 수와 확률(5).pdf","probability_calculation|event_operation|application|addition_rule|probability|union|overlap"
"M2_PROB_150_S06_Q102","M2_PROBABILITY","260711_경우의 수와 확률(5).pdf","probability_calculation|event_operation|application|addition_rule|probability|union|overlap"
"M2_PROB_150_S06_Q103","M2_PROBABILITY","260711_경우의 수와 확률(5).pdf","probability_calculation|event_operation|application|addition_rule|probability|union|overlap"
"M2_PROB_150_S06_Q104","M2_PROBABILITY","260711_경우의 수와 확률(5).pdf","probability_calculation|event_operation|application|addition_rule|probability|union|overlap"
"M2_PROB_150_S06_Q105","M2_PROBABILITY","260711_경우의 수와 확률(5).pdf","probability_calculation|event_operation|application|probability|intersection|simultaneous_events"
"M2_PROB_150_S06_Q106","M2_PROBABILITY","260711_경우의 수와 확률(5).pdf","probability_calculation|event_operation|application|probability|intersection|simultaneous_events"
"M2_PROB_150_S06_Q107","M2_PROBABILITY","260711_경우의 수와 확률(5).pdf","probability_calculation|event_operation|application|probability|intersection|simultaneous_events"
"M2_PROB_150_S06_Q108","M2_PROBABILITY","260711_경우의 수와 확률(5).pdf","probability_calculation|event_operation|application|complement_event|probability|at_least_one|complement_or_union"
"M2_PROB_150_S06_Q109","M2_PROBABILITY","260711_경우의 수와 확률(5).pdf","probability_calculation|event_operation|application|complement_event|probability|at_least_one|complement_or_union"
"M2_PROB_150_S06_Q110","M2_PROBABILITY","260711_경우의 수와 확률(5).pdf","probability_calculation|event_operation|application|complement_event|probability|at_least_one|complement_or_union"
"M2_PROB_150_S06_Q111","M2_PROBABILITY","260711_경우의 수와 확률(5).pdf","probability_calculation|event_operation|application|complement_event|probability|at_least_one|complement_or_union"
"M2_PROB_150_S06_Q112","M2_PROBABILITY","260711_경우의 수와 확률(5).pdf","probability_calculation|event_operation|application|multiplication_rule|probability|addition_rule"
"M2_PROB_150_S06_Q113","M2_PROBABILITY","260711_경우의 수와 확률(5).pdf","probability_calculation|event_operation|application|multiplication_rule|probability|addition_rule"
"M2_PROB_150_S06_Q114","M2_PROBABILITY","260711_경우의 수와 확률(5).pdf","probability_calculation|event_operation|application|multiplication_rule|probability|addition_rule"
"M2_PROB_150_S06_Q115","M2_PROBABILITY","260711_경우의 수와 확률(5).pdf","probability_calculation|event_operation|application|multiplication_rule|probability|addition_rule"
"M2_PROB_150_S06_Q116","M2_PROBABILITY","260711_경우의 수와 확률(5).pdf","probability_calculation|event_operation|application|successive_trials|probability|successive_draws|replacement_condition"
"M2_PROB_150_S06_Q117","M2_PROBABILITY","260711_경우의 수와 확률(5).pdf","probability_calculation|event_operation|application|successive_trials|probability|successive_draws|replacement_condition"
"M2_PROB_150_S06_Q118","M2_PROBABILITY","260711_경우의 수와 확률(5).pdf","probability_calculation|event_operation|application|successive_trials|probability|successive_draws|replacement_condition"
"M2_PROB_150_S06_Q119","M2_PROBABILITY","260711_경우의 수와 확률(5).pdf","probability_calculation|event_operation|application|successive_trials|probability|successive_draws|replacement_condition"
"M2_PROB_150_S06_Q120","M2_PROBABILITY","260711_경우의 수와 확률(5).pdf","probability_calculation|event_operation|application|successive_trials|probability|successive_draws|replacement_condition"
"M2_PROB_150_S06_Q121","M2_PROBABILITY","260711_경우의 수와 확률(5).pdf","probability_calculation|event_operation|application|successive_trials|probability|successive_draws|replacement_condition"
"M2_PROB_150_S06_Q122","M2_PROBABILITY","260711_경우의 수와 확률(5).pdf","probability_calculation|event_operation|application|successive_trials|probability|successive_draws|replacement_condition"
"M2_PROB_150_S06_Q123","M2_PROBABILITY","260711_경우의 수와 확률(5).pdf","probability_calculation|event_operation|application|successive_trials|probability|successive_draws|replacement_condition"
"M2_PROB_150_S06_Q124","M2_PROBABILITY","260711_경우의 수와 확률(5).pdf","probability_calculation|event_operation|application|successive_trials|probability|successive_draws|replacement_condition"
"M2_PROB_150_S06_Q125","M2_PROBABILITY","260711_경우의 수와 확률(5).pdf","probability_calculation|event_operation|application|successive_trials|probability|successive_draws|replacement_condition"
"M2_PROB_150_S06_Q126","M2_PROBABILITY","260711_경우의 수와 확률(5).pdf","probability_calculation|event_operation|application|successive_trials|probability|successive_draws|replacement_condition"
"M2_PROB_150_S06_Q140","M2_PROBABILITY","260711_경우의 수와 확률(5).pdf","probability_calculation|event_operation|application|probability|number_line|position"
"M2_PROB_150_S06_Q141","M2_PROBABILITY","260711_경우의 수와 확률(5).pdf","probability_calculation|event_operation|application|probability|number_line|position"
"M2_PROB_150_S06_Q142","M2_PROBABILITY","260711_경우의 수와 확률(5).pdf","probability_calculation|event_operation|application|probability|number_line|position"
"M2_PROB_150_S06_Q143","M2_PROBABILITY","260711_경우의 수와 확률(5).pdf","probability_calculation|event_operation|application|probability|number_line|position"
"M2_PROB_150_S06_Q144","M2_PROBABILITY","260711_경우의 수와 확률(5).pdf","probability_calculation|event_operation|application|geometry_probability|probability|coordinates|geometric_conditions"
"M2_PROB_150_S06_Q145","M2_PROBABILITY","260711_경우의 수와 확률(5).pdf","probability_calculation|event_operation|application|geometry_probability|probability|coordinates|geometric_conditions"
"M2_PROB_150_S06_Q146","M2_PROBABILITY","260711_경우의 수와 확률(5).pdf","probability_calculation|event_operation|application|geometry_probability|probability|coordinates|geometric_conditions"
"M2_PROB_150_S06_Q147","M2_PROBABILITY","260711_경우의 수와 확률(5).pdf","probability_calculation|event_operation|application|geometry_probability|probability|coordinates|geometric_conditions"
"M2_PROB_150_S06_Q148","M2_PROBABILITY","260711_경우의 수와 확률(5).pdf","probability_calculation|event_operation|application|geometry_probability|probability|area_ratio|geometric_probability"
"M2_PROB_150_S06_Q149","M2_PROBABILITY","260711_경우의 수와 확률(5).pdf","probability_calculation|event_operation|application|geometry_probability|probability|area_ratio|geometric_probability"
"M2_PROB_150_S06_Q150","M2_PROBABILITY","260711_경우의 수와 확률(5).pdf","probability_calculation|event_operation|application|geometry_probability|probability|area_ratio|geometric_probability"
"M3_CIRC_150_S13_Q001","M3_CIRCLE_PROPERTIES","260711_원의 성질(12).pdf","circle_geometry|visual_interpretation|tangent_relation"
"M3_CIRC_150_S13_Q002","M3_CIRCLE_PROPERTIES","260711_원의 성질(12).pdf","circle_geometry|visual_interpretation|tangent_relation"
"M3_CIRC_150_S13_Q003","M3_CIRCLE_PROPERTIES","260711_원의 성질(12).pdf","circle_geometry|visual_interpretation|tangent_relation"
"M3_CIRC_150_S13_Q004","M3_CIRCLE_PROPERTIES","260711_원의 성질(12).pdf","circle_geometry|visual_interpretation|tangent_relation"
"M3_CIRC_150_S13_Q005","M3_CIRCLE_PROPERTIES","260711_원의 성질(12).pdf","circle_geometry|visual_interpretation|tangent_relation"
"M3_CIRC_150_S13_Q006","M3_CIRCLE_PROPERTIES","260711_원의 성질(12).pdf","circle_geometry|visual_interpretation|tangent_relation"
"M3_CIRC_150_S13_Q007","M3_CIRCLE_PROPERTIES","260711_원의 성질(12).pdf","circle_geometry|visual_interpretation|tangent_relation"
"M3_CIRC_150_S13_Q008","M3_CIRCLE_PROPERTIES","260711_원의 성질(12).pdf","circle_geometry|visual_interpretation|tangent_relation"
"M3_CIRC_150_S13_Q009","M3_CIRCLE_PROPERTIES","260711_원의 성질(12).pdf","circle_geometry|visual_interpretation|tangent_relation"
"M3_CIRC_150_S13_Q010","M3_CIRCLE_PROPERTIES","260711_원의 성질(12).pdf","circle_geometry|visual_interpretation|tangent_relation"
"M3_CIRC_150_S13_Q011","M3_CIRCLE_PROPERTIES","260711_원의 성질(12).pdf","circle_geometry|visual_interpretation|tangent_relation"
"M3_CIRC_150_S13_Q012","M3_CIRCLE_PROPERTIES","260711_원의 성질(12).pdf","circle_geometry|visual_interpretation|tangent_relation"
"M3_CIRC_150_S13_Q013","M3_CIRCLE_PROPERTIES","260711_원의 성질(12).pdf","circle_geometry|visual_interpretation|tangential_figure"
"M3_CIRC_150_S13_Q014","M3_CIRCLE_PROPERTIES","260711_원의 성질(12).pdf","circle_geometry|visual_interpretation|tangential_figure"
"M3_CIRC_150_S13_Q015","M3_CIRCLE_PROPERTIES","260711_원의 성질(12).pdf","circle_geometry|visual_interpretation|tangential_figure"
"M3_CIRC_150_S13_Q016","M3_CIRCLE_PROPERTIES","260711_원의 성질(12).pdf","circle_geometry|visual_interpretation|tangential_figure"
"M3_CIRC_150_S13_Q017","M3_CIRCLE_PROPERTIES","260711_원의 성질(12).pdf","circle_geometry|visual_interpretation|inscribed_central_angle"
"M3_CIRC_150_S13_Q018","M3_CIRCLE_PROPERTIES","260711_원의 성질(12).pdf","circle_geometry|visual_interpretation|inscribed_central_angle"
"M3_CIRC_150_S13_Q019","M3_CIRCLE_PROPERTIES","260711_원의 성질(12).pdf","circle_geometry|visual_interpretation|inscribed_central_angle"
"M3_CIRC_150_S13_Q020","M3_CIRCLE_PROPERTIES","260711_원의 성질(12).pdf","circle_geometry|visual_interpretation|inscribed_central_angle"
"M3_CIRC_150_S13_Q021","M3_CIRCLE_PROPERTIES","260711_원의 성질(12).pdf","circle_geometry|visual_interpretation|inscribed_central_angle"
"M3_CIRC_150_S13_Q022","M3_CIRCLE_PROPERTIES","260711_원의 성질(12).pdf","circle_geometry|visual_interpretation|inscribed_central_angle"
"M3_CIRC_150_S13_Q023","M3_CIRCLE_PROPERTIES","260711_원의 성질(12).pdf","circle_geometry|visual_interpretation|inscribed_central_angle"
"M3_CIRC_150_S13_Q024","M3_CIRCLE_PROPERTIES","260711_원의 성질(12).pdf","circle_geometry|visual_interpretation|inscribed_central_angle"
"M3_CIRC_150_S13_Q025","M3_CIRCLE_PROPERTIES","260711_원의 성질(12).pdf","circle_geometry|visual_interpretation|inscribed_central_angle"
"M3_CIRC_150_S13_Q026","M3_CIRCLE_PROPERTIES","260711_원의 성질(12).pdf","circle_geometry|visual_interpretation|inscribed_central_angle"
"M3_CIRC_150_S13_Q027","M3_CIRCLE_PROPERTIES","260711_원의 성질(12).pdf","circle_geometry|visual_interpretation|inscribed_central_angle"
"M3_CIRC_150_S13_Q028","M3_CIRCLE_PROPERTIES","260711_원의 성질(12).pdf","circle_geometry|visual_interpretation|inscribed_central_angle"
"M3_CIRC_150_S13_Q029","M3_CIRCLE_PROPERTIES","260711_원의 성질(12).pdf","circle_geometry|visual_interpretation|inscribed_central_angle"
"M3_CIRC_150_S13_Q030","M3_CIRCLE_PROPERTIES","260711_원의 성질(12).pdf","circle_geometry|visual_interpretation|inscribed_central_angle"
"M3_CIRC_150_S13_Q031","M3_CIRCLE_PROPERTIES","260711_원의 성질(12).pdf","circle_geometry|visual_interpretation|inscribed_central_angle|arc_measure"
"M3_CIRC_150_S13_Q032","M3_CIRCLE_PROPERTIES","260711_원의 성질(12).pdf","circle_geometry|visual_interpretation|inscribed_central_angle|arc_measure"
"M3_CIRC_150_S13_Q033","M3_CIRCLE_PROPERTIES","260711_원의 성질(12).pdf","circle_geometry|visual_interpretation|inscribed_central_angle|arc_measure"
"M3_CIRC_150_S13_Q034","M3_CIRCLE_PROPERTIES","260711_원의 성질(12).pdf","circle_geometry|visual_interpretation|inscribed_central_angle|arc_measure"
"M3_CIRC_150_S13_Q035","M3_CIRCLE_PROPERTIES","260711_원의 성질(12).pdf","circle_geometry|visual_interpretation|inscribed_central_angle|arc_measure"
"M3_CIRC_150_S13_Q036","M3_CIRCLE_PROPERTIES","260711_원의 성질(12).pdf","circle_geometry|visual_interpretation|inscribed_central_angle|arc_measure"
"M3_CIRC_150_S13_Q037","M3_CIRCLE_PROPERTIES","260711_원의 성질(12).pdf","circle_geometry|visual_interpretation|inscribed_central_angle|arc_measure"
"M3_CIRC_150_S13_Q038","M3_CIRCLE_PROPERTIES","260711_원의 성질(12).pdf","circle_geometry|visual_interpretation|inscribed_central_angle|arc_measure"
"M3_CIRC_150_S13_Q039","M3_CIRCLE_PROPERTIES","260711_원의 성질(12).pdf","circle_geometry|visual_interpretation|inscribed_central_angle|arc_measure"
"M3_CIRC_150_S13_Q040","M3_CIRCLE_PROPERTIES","260711_원의 성질(12).pdf","circle_geometry|visual_interpretation|inscribed_central_angle|arc_measure"
"M3_CIRC_150_S13_Q041","M3_CIRCLE_PROPERTIES","260711_원의 성질(12).pdf","circle_geometry|visual_interpretation|inscribed_central_angle|arc_measure"
"M3_CIRC_150_S13_Q042","M3_CIRCLE_PROPERTIES","260711_원의 성질(12).pdf","circle_geometry|visual_interpretation|inscribed_central_angle|arc_measure"
"M3_CIRC_150_S13_Q043","M3_CIRCLE_PROPERTIES","260711_원의 성질(12).pdf","circle_geometry|visual_interpretation|inscribed_central_angle"
"M3_CIRC_150_S13_Q044","M3_CIRCLE_PROPERTIES","260711_원의 성질(12).pdf","circle_geometry|visual_interpretation|inscribed_central_angle"
"M3_CIRC_150_S13_Q045","M3_CIRCLE_PROPERTIES","260711_원의 성질(12).pdf","circle_geometry|visual_interpretation|inscribed_central_angle"
"M3_CIRC_150_S13_Q046","M3_CIRCLE_PROPERTIES","260711_원의 성질(12).pdf","circle_geometry|visual_interpretation|inscribed_central_angle"
"M3_CIRC_150_S13_Q047","M3_CIRCLE_PROPERTIES","260711_원의 성질(12).pdf","circle_geometry|visual_interpretation|inscribed_central_angle"
"M3_CIRC_150_S13_Q048","M3_CIRCLE_PROPERTIES","260711_원의 성질(12).pdf","circle_geometry|visual_interpretation|inscribed_central_angle"
"M3_CIRC_150_S13_Q049","M3_CIRCLE_PROPERTIES","260711_원의 성질(12).pdf","circle_geometry|visual_interpretation|inscribed_central_angle"
"M3_CIRC_150_S13_Q050","M3_CIRCLE_PROPERTIES","260711_원의 성질(12).pdf","circle_geometry|visual_interpretation|inscribed_central_angle"
"M3_CIRC_150_S13_Q051","M3_CIRCLE_PROPERTIES","260711_원의 성질(12).pdf","circle_geometry|visual_interpretation|inscribed_central_angle"
"M3_CIRC_150_S13_Q052","M3_CIRCLE_PROPERTIES","260711_원의 성질(12).pdf","circle_geometry|visual_interpretation|inscribed_central_angle"
"M3_CIRC_150_S13_Q053","M3_CIRCLE_PROPERTIES","260711_원의 성질(12).pdf","circle_geometry|visual_interpretation|inscribed_central_angle"
"M3_CIRC_150_S13_Q054","M3_CIRCLE_PROPERTIES","260711_원의 성질(12).pdf","circle_geometry|visual_interpretation|inscribed_central_angle"
"M3_CIRC_150_S13_Q055","M3_CIRCLE_PROPERTIES","260711_원의 성질(12).pdf","circle_geometry|visual_interpretation|inscribed_central_angle"
"M3_CIRC_150_S13_Q056","M3_CIRCLE_PROPERTIES","260711_원의 성질(12).pdf","circle_geometry|visual_interpretation|inscribed_central_angle"
"M3_CIRC_150_S13_Q057","M3_CIRCLE_PROPERTIES","260711_원의 성질(12).pdf","circle_geometry|visual_interpretation|inscribed_central_angle|arc_measure"
"M3_CIRC_150_S13_Q058","M3_CIRCLE_PROPERTIES","260711_원의 성질(12).pdf","circle_geometry|visual_interpretation|inscribed_central_angle|arc_measure"
"M3_CIRC_150_S13_Q059","M3_CIRCLE_PROPERTIES","260711_원의 성질(12).pdf","circle_geometry|visual_interpretation|inscribed_central_angle|arc_measure"
"M3_CIRC_150_S13_Q060","M3_CIRCLE_PROPERTIES","260711_원의 성질(12).pdf","circle_geometry|visual_interpretation|inscribed_central_angle|arc_measure"
"M3_CIRC_150_S13_Q061","M3_CIRCLE_PROPERTIES","260711_원의 성질(12).pdf","circle_geometry|visual_interpretation|inscribed_central_angle|arc_measure"
"M3_CIRC_150_S13_Q062","M3_CIRCLE_PROPERTIES","260711_원의 성질(12).pdf","circle_geometry|visual_interpretation|inscribed_central_angle|arc_measure"
"M3_CIRC_150_S13_Q063","M3_CIRCLE_PROPERTIES","260711_원의 성질(12).pdf","circle_geometry|visual_interpretation|inscribed_central_angle|arc_measure"
"M3_CIRC_150_S13_Q064","M3_CIRCLE_PROPERTIES","260711_원의 성질(12).pdf","circle_geometry|visual_interpretation|inscribed_central_angle|arc_measure"
"M3_CIRC_150_S13_Q065","M3_CIRCLE_PROPERTIES","260711_원의 성질(12).pdf","circle_geometry|visual_interpretation|inscribed_central_angle|arc_measure"
"M3_CIRC_150_S13_Q066","M3_CIRCLE_PROPERTIES","260711_원의 성질(12).pdf","circle_geometry|visual_interpretation|inscribed_central_angle|arc_measure"
"M3_CIRC_150_S13_Q067","M3_CIRCLE_PROPERTIES","260711_원의 성질(12).pdf","circle_geometry|visual_interpretation|inscribed_central_angle|arc_measure"
"M3_CIRC_150_S13_Q068","M3_CIRCLE_PROPERTIES","260711_원의 성질(12).pdf","circle_geometry|visual_interpretation|inscribed_central_angle|arc_measure"
"M3_CIRC_150_S13_Q069","M3_CIRCLE_PROPERTIES","260711_원의 성질(12).pdf","circle_geometry|visual_interpretation|inscribed_central_angle|arc_measure"
"M3_CIRC_150_S13_Q070","M3_CIRCLE_PROPERTIES","260711_원의 성질(12).pdf","circle_geometry|visual_interpretation|inscribed_central_angle|arc_measure"
"M3_CIRC_150_S13_Q071","M3_CIRCLE_PROPERTIES","260711_원의 성질(12).pdf","circle_geometry|visual_interpretation|inscribed_central_angle|arc_measure"
"M3_CIRC_150_S13_Q072","M3_CIRCLE_PROPERTIES","260711_원의 성질(12).pdf","circle_geometry|visual_interpretation|inscribed_central_angle|arc_measure"
"M3_CIRC_150_S13_Q073","M3_CIRCLE_PROPERTIES","260711_원의 성질(12).pdf","circle_geometry|visual_interpretation|inscribed_central_angle|arc_measure"
"M3_CIRC_150_S13_Q074","M3_CIRCLE_PROPERTIES","260711_원의 성질(12).pdf","circle_geometry|visual_interpretation|inscribed_central_angle|arc_measure"
"M3_CIRC_150_S13_Q075","M3_CIRCLE_PROPERTIES","260711_원의 성질(12).pdf","circle_geometry|visual_interpretation|inscribed_central_angle|arc_measure"
"M3_CIRC_150_S13_Q076","M3_CIRCLE_PROPERTIES","260711_원의 성질(12).pdf","circle_geometry|visual_interpretation|inscribed_central_angle|arc_measure"
"M3_CIRC_150_S13_Q077","M3_CIRCLE_PROPERTIES","260711_원의 성질(12).pdf","circle_geometry|visual_interpretation|inscribed_central_angle|arc_measure"
"M3_CIRC_150_S13_Q078","M3_CIRCLE_PROPERTIES","260711_원의 성질(12).pdf","circle_geometry|visual_interpretation|inscribed_central_angle|arc_measure"
"M3_CIRC_150_S13_Q079","M3_CIRCLE_PROPERTIES","260711_원의 성질(12).pdf","circle_geometry|visual_interpretation|inscribed_central_angle|arc_measure"
"M3_CIRC_150_S13_Q080","M3_CIRCLE_PROPERTIES","260711_원의 성질(12).pdf","circle_geometry|visual_interpretation|inscribed_central_angle|arc_measure"
"M3_CIRC_150_S13_Q081","M3_CIRCLE_PROPERTIES","260711_원의 성질(12).pdf","circle_geometry|visual_interpretation"
"M3_CIRC_150_S13_Q082","M3_CIRCLE_PROPERTIES","260711_원의 성질(12).pdf","circle_geometry|visual_interpretation"
"M3_CIRC_150_S13_Q083","M3_CIRCLE_PROPERTIES","260711_원의 성질(12).pdf","circle_geometry|visual_interpretation"
"M3_CIRC_150_S13_Q084","M3_CIRCLE_PROPERTIES","260711_원의 성질(12).pdf","circle_geometry|visual_interpretation"
"M3_CIRC_150_S13_Q085","M3_CIRCLE_PROPERTIES","260711_원의 성질(12).pdf","circle_geometry|visual_interpretation"
"M3_CIRC_150_S13_Q086","M3_CIRCLE_PROPERTIES","260711_원의 성질(12).pdf","circle_geometry|visual_interpretation"
"M3_CIRC_150_S13_Q087","M3_CIRCLE_PROPERTIES","260711_원의 성질(12).pdf","circle_geometry|visual_interpretation"
"M3_CIRC_150_S13_Q088","M3_CIRCLE_PROPERTIES","260711_원의 성질(12).pdf","circle_geometry|visual_interpretation"
"M3_CIRC_150_S13_Q089","M3_CIRCLE_PROPERTIES","260711_원의 성질(12).pdf","circle_geometry|visual_interpretation|cyclic_or_inscribed_figure"
"M3_CIRC_150_S13_Q090","M3_CIRCLE_PROPERTIES","260711_원의 성질(12).pdf","circle_geometry|visual_interpretation|cyclic_or_inscribed_figure"
"M3_CIRC_150_S13_Q091","M3_CIRCLE_PROPERTIES","260711_원의 성질(12).pdf","circle_geometry|visual_interpretation|cyclic_or_inscribed_figure"
"M3_CIRC_150_S13_Q092","M3_CIRCLE_PROPERTIES","260711_원의 성질(12).pdf","circle_geometry|visual_interpretation|cyclic_or_inscribed_figure"
"M3_CIRC_150_S13_Q093","M3_CIRCLE_PROPERTIES","260711_원의 성질(12).pdf","circle_geometry|visual_interpretation|cyclic_or_inscribed_figure"
"M3_CIRC_150_S13_Q094","M3_CIRCLE_PROPERTIES","260711_원의 성질(12).pdf","circle_geometry|visual_interpretation|cyclic_or_inscribed_figure"
"M3_CIRC_150_S13_Q095","M3_CIRCLE_PROPERTIES","260711_원의 성질(12).pdf","circle_geometry|visual_interpretation|cyclic_or_inscribed_figure"
"M3_CIRC_150_S13_Q096","M3_CIRCLE_PROPERTIES","260711_원의 성질(12).pdf","circle_geometry|visual_interpretation|cyclic_or_inscribed_figure"
"M3_CIRC_150_S13_Q097","M3_CIRCLE_PROPERTIES","260711_원의 성질(12).pdf","circle_geometry|visual_interpretation|cyclic_or_inscribed_figure"
"M3_CIRC_150_S13_Q098","M3_CIRCLE_PROPERTIES","260711_원의 성질(12).pdf","circle_geometry|visual_interpretation|cyclic_or_inscribed_figure"
"M3_CIRC_150_S13_Q099","M3_CIRCLE_PROPERTIES","260711_원의 성질(12).pdf","circle_geometry|visual_interpretation|cyclic_or_inscribed_figure"
"M3_CIRC_150_S13_Q100","M3_CIRCLE_PROPERTIES","260711_원의 성질(12).pdf","circle_geometry|visual_interpretation|cyclic_or_inscribed_figure"
"M3_CIRC_150_S13_Q101","M3_CIRCLE_PROPERTIES","260711_원의 성질(12).pdf","circle_geometry|visual_interpretation|cyclic_or_inscribed_figure"
"M3_CIRC_150_S13_Q102","M3_CIRCLE_PROPERTIES","260711_원의 성질(12).pdf","circle_geometry|visual_interpretation|cyclic_or_inscribed_figure"
"M3_CIRC_150_S13_Q103","M3_CIRCLE_PROPERTIES","260711_원의 성질(12).pdf","circle_geometry|visual_interpretation|cyclic_or_inscribed_figure"
"M3_CIRC_150_S13_Q104","M3_CIRCLE_PROPERTIES","260711_원의 성질(12).pdf","circle_geometry|visual_interpretation|cyclic_or_inscribed_figure"
"M3_CIRC_150_S13_Q105","M3_CIRCLE_PROPERTIES","260711_원의 성질(12).pdf","circle_geometry|visual_interpretation|cyclic_or_inscribed_figure"
"M3_CIRC_150_S13_Q106","M3_CIRCLE_PROPERTIES","260711_원의 성질(12).pdf","circle_geometry|visual_interpretation|cyclic_or_inscribed_figure"
"M3_CIRC_150_S13_Q107","M3_CIRCLE_PROPERTIES","260711_원의 성질(12).pdf","circle_geometry|visual_interpretation|cyclic_or_inscribed_figure"
"M3_CIRC_150_S13_Q108","M3_CIRCLE_PROPERTIES","260711_원의 성질(12).pdf","circle_geometry|visual_interpretation|cyclic_or_inscribed_figure"
"M3_CIRC_150_S13_Q109","M3_CIRCLE_PROPERTIES","260711_원의 성질(12).pdf","circle_geometry|visual_interpretation|cyclic_or_inscribed_figure"
"M3_CIRC_150_S13_Q110","M3_CIRCLE_PROPERTIES","260711_원의 성질(12).pdf","circle_geometry|visual_interpretation|cyclic_or_inscribed_figure"
"M3_CIRC_150_S13_Q111","M3_CIRCLE_PROPERTIES","260711_원의 성질(12).pdf","circle_geometry|visual_interpretation|cyclic_or_inscribed_figure"
"M3_CIRC_150_S13_Q112","M3_CIRCLE_PROPERTIES","260711_원의 성질(12).pdf","circle_geometry|visual_interpretation|cyclic_or_inscribed_figure"
"M3_CIRC_150_S13_Q113","M3_CIRCLE_PROPERTIES","260711_원의 성질(12).pdf","circle_geometry|visual_interpretation|cyclic_or_inscribed_figure"
"M3_CIRC_150_S13_Q114","M3_CIRCLE_PROPERTIES","260711_원의 성질(12).pdf","circle_geometry|visual_interpretation|cyclic_or_inscribed_figure"
"M3_CIRC_150_S13_Q115","M3_CIRCLE_PROPERTIES","260711_원의 성질(12).pdf","circle_geometry|visual_interpretation|cyclic_or_inscribed_figure"
"M3_CIRC_150_S13_Q116","M3_CIRCLE_PROPERTIES","260711_원의 성질(12).pdf","circle_geometry|visual_interpretation|cyclic_or_inscribed_figure"
"M3_CIRC_150_S13_Q117","M3_CIRCLE_PROPERTIES","260711_원의 성질(12).pdf","circle_geometry|visual_interpretation|cyclic_or_inscribed_figure"
"M3_CIRC_150_S13_Q118","M3_CIRCLE_PROPERTIES","260711_원의 성질(12).pdf","circle_geometry|visual_interpretation|cyclic_or_inscribed_figure"
"M3_CIRC_150_S13_Q119","M3_CIRCLE_PROPERTIES","260711_원의 성질(12).pdf","circle_geometry|visual_interpretation|cyclic_or_inscribed_figure"
"M3_CIRC_150_S13_Q120","M3_CIRCLE_PROPERTIES","260711_원의 성질(12).pdf","circle_geometry|visual_interpretation|chord_relation|tangent_relation|inscribed_central_angle"
"M3_CIRC_150_S13_Q121","M3_CIRCLE_PROPERTIES","260711_원의 성질(12).pdf","circle_geometry|visual_interpretation|chord_relation|tangent_relation|inscribed_central_angle"
"M3_CIRC_150_S13_Q122","M3_CIRCLE_PROPERTIES","260711_원의 성질(12).pdf","circle_geometry|visual_interpretation|chord_relation|tangent_relation|inscribed_central_angle"
"M3_CIRC_150_S13_Q123","M3_CIRCLE_PROPERTIES","260711_원의 성질(12).pdf","circle_geometry|visual_interpretation|chord_relation|tangent_relation|inscribed_central_angle"
"M3_CIRC_150_S13_Q124","M3_CIRCLE_PROPERTIES","260711_원의 성질(12).pdf","circle_geometry|visual_interpretation|chord_relation|tangent_relation|inscribed_central_angle"
"M3_CIRC_150_S13_Q125","M3_CIRCLE_PROPERTIES","260711_원의 성질(12).pdf","circle_geometry|visual_interpretation|chord_relation|tangent_relation|inscribed_central_angle"
"M3_CIRC_150_S13_Q126","M3_CIRCLE_PROPERTIES","260711_원의 성질(12).pdf","circle_geometry|visual_interpretation|chord_relation|tangent_relation|inscribed_central_angle"
"M3_CIRC_150_S13_Q127","M3_CIRCLE_PROPERTIES","260711_원의 성질(12).pdf","circle_geometry|visual_interpretation|chord_relation|tangent_relation|inscribed_central_angle"
"M3_CIRC_150_S13_Q128","M3_CIRCLE_PROPERTIES","260711_원의 성질(12).pdf","circle_geometry|visual_interpretation|chord_relation|tangent_relation|inscribed_central_angle"
"M3_CIRC_150_S13_Q129","M3_CIRCLE_PROPERTIES","260711_원의 성질(12).pdf","circle_geometry|visual_interpretation|chord_relation|tangent_relation|inscribed_central_angle"
"M3_CIRC_150_S13_Q130","M3_CIRCLE_PROPERTIES","260711_원의 성질(12).pdf","circle_geometry|visual_interpretation|chord_relation|tangent_relation|inscribed_central_angle"
"M3_CIRC_150_S13_Q131","M3_CIRCLE_PROPERTIES","260711_원의 성질(12).pdf","circle_geometry|visual_interpretation|chord_relation|tangent_relation|inscribed_central_angle"
"M3_CIRC_150_S13_Q132","M3_CIRCLE_PROPERTIES","260711_원의 성질(12).pdf","circle_geometry|visual_interpretation|chord_relation|tangent_relation|inscribed_central_angle"
"M3_CIRC_150_S13_Q133","M3_CIRCLE_PROPERTIES","260711_원의 성질(12).pdf","circle_geometry|visual_interpretation|chord_relation|tangent_relation|inscribed_central_angle"
"M3_CIRC_150_S13_Q134","M3_CIRCLE_PROPERTIES","260711_원의 성질(12).pdf","circle_geometry|visual_interpretation|chord_relation|tangent_relation"
"M3_CIRC_150_S13_Q135","M3_CIRCLE_PROPERTIES","260711_원의 성질(12).pdf","circle_geometry|visual_interpretation|chord_relation|tangent_relation"
"M3_CIRC_150_S13_Q136","M3_CIRCLE_PROPERTIES","260711_원의 성질(12).pdf","circle_geometry|visual_interpretation|chord_relation|tangent_relation"
"M3_CIRC_150_S13_Q137","M3_CIRCLE_PROPERTIES","260711_원의 성질(12).pdf","circle_geometry|visual_interpretation|chord_relation|tangent_relation"
"M3_CIRC_150_S13_Q138","M3_CIRCLE_PROPERTIES","260711_원의 성질(12).pdf","circle_geometry|visual_interpretation|chord_relation|tangent_relation"
"M3_CIRC_150_S13_Q139","M3_CIRCLE_PROPERTIES","260711_원의 성질(12).pdf","circle_geometry|visual_interpretation|chord_relation|tangent_relation"
"M3_CIRC_150_S13_Q140","M3_CIRCLE_PROPERTIES","260711_원의 성질(12).pdf","circle_geometry|visual_interpretation|chord_relation|tangent_relation"
"M3_CIRC_150_S13_Q141","M3_CIRCLE_PROPERTIES","260711_원의 성질(12).pdf","circle_geometry|visual_interpretation|chord_relation|tangent_relation"
"M3_CIRC_150_S13_Q142","M3_CIRCLE_PROPERTIES","260711_원의 성질(12).pdf","circle_geometry|visual_interpretation|chord_relation|tangent_relation"
"M3_CIRC_150_S13_Q143","M3_CIRCLE_PROPERTIES","260711_원의 성질(12).pdf","circle_geometry|visual_interpretation|chord_relation|tangent_relation"
"M3_CIRC_150_S13_Q144","M3_CIRCLE_PROPERTIES","260711_원의 성질(12).pdf","circle_geometry|visual_interpretation|chord_relation|tangent_relation"
"M3_CIRC_150_S13_Q145","M3_CIRCLE_PROPERTIES","260711_원의 성질(12).pdf","circle_geometry|visual_interpretation|chord_relation|tangent_relation"
"M3_CIRC_150_S13_Q146","M3_CIRCLE_PROPERTIES","260711_원의 성질(12).pdf","circle_geometry|visual_interpretation|chord_relation|tangent_relation"
"M3_CIRC_150_S13_Q147","M3_CIRCLE_PROPERTIES","260711_원의 성질(12).pdf","circle_geometry|visual_interpretation|chord_relation|tangent_relation"
"M3_CIRC_150_S13_Q148","M3_CIRCLE_PROPERTIES","260711_원의 성질(12).pdf","circle_geometry|visual_interpretation|chord_relation|tangent_relation"
"M3_CIRC_150_S13_Q149","M3_CIRCLE_PROPERTIES","260711_원의 성질(12).pdf","circle_geometry|visual_interpretation|chord_relation|tangent_relation"
"M3_CIRC_150_S13_Q150","M3_CIRCLE_PROPERTIES","260711_원의 성질(12).pdf","circle_geometry|visual_interpretation|chord_relation|tangent_relation"
"M3_CIRC_150_S07_Q001","M3_CIRCLE_PROPERTIES","260711_원의 성질(6).pdf","circle_geometry|visual_interpretation|chord_relation"
"M3_CIRC_150_S07_Q002","M3_CIRCLE_PROPERTIES","260711_원의 성질(6).pdf","circle_geometry|visual_interpretation|chord_relation"
"M3_CIRC_150_S07_Q003","M3_CIRCLE_PROPERTIES","260711_원의 성질(6).pdf","circle_geometry|visual_interpretation|chord_relation"
"M3_CIRC_150_S07_Q004","M3_CIRCLE_PROPERTIES","260711_원의 성질(6).pdf","circle_geometry|visual_interpretation|chord_relation"
"M3_CIRC_150_S07_Q005","M3_CIRCLE_PROPERTIES","260711_원의 성질(6).pdf","circle_geometry|visual_interpretation|chord_relation"
"M3_CIRC_150_S07_Q006","M3_CIRCLE_PROPERTIES","260711_원의 성질(6).pdf","circle_geometry|visual_interpretation|chord_relation"
"M3_CIRC_150_S07_Q007","M3_CIRCLE_PROPERTIES","260711_원의 성질(6).pdf","circle_geometry|visual_interpretation|chord_relation"
"M3_CIRC_150_S07_Q008","M3_CIRCLE_PROPERTIES","260711_원의 성질(6).pdf","circle_geometry|visual_interpretation|chord_relation"
"M3_CIRC_150_S07_Q009","M3_CIRCLE_PROPERTIES","260711_원의 성질(6).pdf","circle_geometry|visual_interpretation|chord_relation"
"M3_CIRC_150_S07_Q010","M3_CIRCLE_PROPERTIES","260711_원의 성질(6).pdf","circle_geometry|visual_interpretation|tangent_relation"
"M3_CIRC_150_S07_Q011","M3_CIRCLE_PROPERTIES","260711_원의 성질(6).pdf","circle_geometry|visual_interpretation|tangent_relation"
"M3_CIRC_150_S07_Q012","M3_CIRCLE_PROPERTIES","260711_원의 성질(6).pdf","circle_geometry|visual_interpretation|tangent_relation"
"M3_CIRC_150_S07_Q013","M3_CIRCLE_PROPERTIES","260711_원의 성질(6).pdf","circle_geometry|visual_interpretation|tangent_relation"
"M3_CIRC_150_S07_Q014","M3_CIRCLE_PROPERTIES","260711_원의 성질(6).pdf","circle_geometry|visual_interpretation|tangent_relation"
"M3_CIRC_150_S07_Q015","M3_CIRCLE_PROPERTIES","260711_원의 성질(6).pdf","circle_geometry|visual_interpretation|tangent_relation"
"M3_CIRC_150_S07_Q016","M3_CIRCLE_PROPERTIES","260711_원의 성질(6).pdf","circle_geometry|visual_interpretation|tangent_relation"
"M3_CIRC_150_S07_Q017","M3_CIRCLE_PROPERTIES","260711_원의 성질(6).pdf","circle_geometry|visual_interpretation|tangent_relation"
"M3_CIRC_150_S07_Q018","M3_CIRCLE_PROPERTIES","260711_원의 성질(6).pdf","circle_geometry|visual_interpretation|tangent_relation"
"M3_CIRC_150_S07_Q019","M3_CIRCLE_PROPERTIES","260711_원의 성질(6).pdf","circle_geometry|visual_interpretation|tangent_relation"
"M3_CIRC_150_S07_Q020","M3_CIRCLE_PROPERTIES","260711_원의 성질(6).pdf","circle_geometry|visual_interpretation|tangent_relation"
"M3_CIRC_150_S07_Q021","M3_CIRCLE_PROPERTIES","260711_원의 성질(6).pdf","circle_geometry|visual_interpretation|tangent_relation"
"M3_CIRC_150_S07_Q022","M3_CIRCLE_PROPERTIES","260711_원의 성질(6).pdf","circle_geometry|visual_interpretation|tangent_relation"
"M3_CIRC_150_S07_Q023","M3_CIRCLE_PROPERTIES","260711_원의 성질(6).pdf","circle_geometry|visual_interpretation|tangent_relation"
"M3_CIRC_150_S07_Q024","M3_CIRCLE_PROPERTIES","260711_원의 성질(6).pdf","circle_geometry|visual_interpretation|tangent_relation"
"M3_CIRC_150_S07_Q025","M3_CIRCLE_PROPERTIES","260711_원의 성질(6).pdf","circle_geometry|visual_interpretation|tangent_relation"
"M3_CIRC_150_S07_Q026","M3_CIRCLE_PROPERTIES","260711_원의 성질(6).pdf","circle_geometry|visual_interpretation|tangent_relation"
"M3_CIRC_150_S07_Q027","M3_CIRCLE_PROPERTIES","260711_원의 성질(6).pdf","circle_geometry|visual_interpretation|tangent_relation"
"M3_CIRC_150_S07_Q028","M3_CIRCLE_PROPERTIES","260711_원의 성질(6).pdf","circle_geometry|visual_interpretation|tangent_relation"
"M3_CIRC_150_S07_Q029","M3_CIRCLE_PROPERTIES","260711_원의 성질(6).pdf","circle_geometry|visual_interpretation|tangent_relation"
"M3_CIRC_150_S07_Q030","M3_CIRCLE_PROPERTIES","260711_원의 성질(6).pdf","circle_geometry|visual_interpretation|tangent_relation"
"M3_CIRC_150_S07_Q031","M3_CIRCLE_PROPERTIES","260711_원의 성질(6).pdf","circle_geometry|visual_interpretation|tangent_relation"
"M3_CIRC_150_S07_Q032","M3_CIRCLE_PROPERTIES","260711_원의 성질(6).pdf","circle_geometry|visual_interpretation|tangent_relation"
"M3_CIRC_150_S07_Q033","M3_CIRCLE_PROPERTIES","260711_원의 성질(6).pdf","circle_geometry|visual_interpretation|tangent_relation"
"M3_CIRC_150_S07_Q034","M3_CIRCLE_PROPERTIES","260711_원의 성질(6).pdf","circle_geometry|visual_interpretation|tangent_relation"
"M3_CIRC_150_S07_Q035","M3_CIRCLE_PROPERTIES","260711_원의 성질(6).pdf","circle_geometry|visual_interpretation|cyclic_or_inscribed_figure"
"M3_CIRC_150_S07_Q036","M3_CIRCLE_PROPERTIES","260711_원의 성질(6).pdf","circle_geometry|visual_interpretation|cyclic_or_inscribed_figure"
"M3_CIRC_150_S07_Q037","M3_CIRCLE_PROPERTIES","260711_원의 성질(6).pdf","circle_geometry|visual_interpretation|cyclic_or_inscribed_figure"
"M3_CIRC_150_S07_Q038","M3_CIRCLE_PROPERTIES","260711_원의 성질(6).pdf","circle_geometry|visual_interpretation|cyclic_or_inscribed_figure"
"M3_CIRC_150_S07_Q039","M3_CIRCLE_PROPERTIES","260711_원의 성질(6).pdf","circle_geometry|visual_interpretation|cyclic_or_inscribed_figure"
"M3_CIRC_150_S07_Q040","M3_CIRCLE_PROPERTIES","260711_원의 성질(6).pdf","circle_geometry|visual_interpretation|cyclic_or_inscribed_figure"
"M3_CIRC_150_S07_Q041","M3_CIRCLE_PROPERTIES","260711_원의 성질(6).pdf","circle_geometry|visual_interpretation|cyclic_or_inscribed_figure"
"M3_CIRC_150_S07_Q042","M3_CIRCLE_PROPERTIES","260711_원의 성질(6).pdf","circle_geometry|visual_interpretation|cyclic_or_inscribed_figure"
"M3_CIRC_150_S07_Q043","M3_CIRCLE_PROPERTIES","260711_원의 성질(6).pdf","circle_geometry|visual_interpretation|cyclic_or_inscribed_figure"
"M3_CIRC_150_S07_Q044","M3_CIRCLE_PROPERTIES","260711_원의 성질(6).pdf","circle_geometry|visual_interpretation|cyclic_or_inscribed_figure"
"M3_CIRC_150_S07_Q045","M3_CIRCLE_PROPERTIES","260711_원의 성질(6).pdf","circle_geometry|visual_interpretation|tangential_figure"
"M3_CIRC_150_S07_Q046","M3_CIRCLE_PROPERTIES","260711_원의 성질(6).pdf","circle_geometry|visual_interpretation|tangential_figure"
"M3_CIRC_150_S07_Q047","M3_CIRCLE_PROPERTIES","260711_원의 성질(6).pdf","circle_geometry|visual_interpretation|tangential_figure"
"M3_CIRC_150_S07_Q048","M3_CIRCLE_PROPERTIES","260711_원의 성질(6).pdf","circle_geometry|visual_interpretation|tangential_figure"
"M3_CIRC_150_S07_Q049","M3_CIRCLE_PROPERTIES","260711_원의 성질(6).pdf","circle_geometry|visual_interpretation|tangential_figure"
"M3_CIRC_150_S07_Q050","M3_CIRCLE_PROPERTIES","260711_원의 성질(6).pdf","circle_geometry|visual_interpretation|tangential_figure"
"M3_CIRC_150_S07_Q051","M3_CIRCLE_PROPERTIES","260711_원의 성질(6).pdf","circle_geometry|visual_interpretation|tangential_figure"
"M3_CIRC_150_S07_Q052","M3_CIRCLE_PROPERTIES","260711_원의 성질(6).pdf","circle_geometry|visual_interpretation|tangential_figure"
"M3_CIRC_150_S07_Q053","M3_CIRCLE_PROPERTIES","260711_원의 성질(6).pdf","circle_geometry|visual_interpretation|tangential_figure"
"M3_CIRC_150_S07_Q054","M3_CIRCLE_PROPERTIES","260711_원의 성질(6).pdf","circle_geometry|visual_interpretation|tangential_figure"
"M3_CIRC_150_S07_Q055","M3_CIRCLE_PROPERTIES","260711_원의 성질(6).pdf","circle_geometry|visual_interpretation|tangential_figure"
"M3_CIRC_150_S07_Q056","M3_CIRCLE_PROPERTIES","260711_원의 성질(6).pdf","circle_geometry|visual_interpretation|tangential_figure"
"M3_CIRC_150_S07_Q057","M3_CIRCLE_PROPERTIES","260711_원의 성질(6).pdf","circle_geometry|visual_interpretation|tangential_figure"
"M3_CIRC_150_S07_Q058","M3_CIRCLE_PROPERTIES","260711_원의 성질(6).pdf","circle_geometry|visual_interpretation|inscribed_central_angle"
"M3_CIRC_150_S07_Q059","M3_CIRCLE_PROPERTIES","260711_원의 성질(6).pdf","circle_geometry|visual_interpretation|inscribed_central_angle"
"M3_CIRC_150_S07_Q060","M3_CIRCLE_PROPERTIES","260711_원의 성질(6).pdf","circle_geometry|visual_interpretation|inscribed_central_angle"
"M3_CIRC_150_S07_Q061","M3_CIRCLE_PROPERTIES","260711_원의 성질(6).pdf","circle_geometry|visual_interpretation|inscribed_central_angle"
"M3_CIRC_150_S07_Q062","M3_CIRCLE_PROPERTIES","260711_원의 성질(6).pdf","circle_geometry|visual_interpretation|inscribed_central_angle|arc_measure"
"M3_CIRC_150_S07_Q063","M3_CIRCLE_PROPERTIES","260711_원의 성질(6).pdf","circle_geometry|visual_interpretation|inscribed_central_angle|arc_measure"
"M3_CIRC_150_S07_Q064","M3_CIRCLE_PROPERTIES","260711_원의 성질(6).pdf","circle_geometry|visual_interpretation|inscribed_central_angle|arc_measure"
"M3_CIRC_150_S07_Q065","M3_CIRCLE_PROPERTIES","260711_원의 성질(6).pdf","circle_geometry|visual_interpretation|inscribed_central_angle|arc_measure"
"M3_CIRC_150_S07_Q066","M3_CIRCLE_PROPERTIES","260711_원의 성질(6).pdf","circle_geometry|visual_interpretation|inscribed_central_angle"
"M3_CIRC_150_S07_Q067","M3_CIRCLE_PROPERTIES","260711_원의 성질(6).pdf","circle_geometry|visual_interpretation|inscribed_central_angle"
"M3_CIRC_150_S07_Q068","M3_CIRCLE_PROPERTIES","260711_원의 성질(6).pdf","circle_geometry|visual_interpretation|inscribed_central_angle"
"M3_CIRC_150_S07_Q069","M3_CIRCLE_PROPERTIES","260711_원의 성질(6).pdf","circle_geometry|visual_interpretation|inscribed_central_angle"
"M3_CIRC_150_S07_Q070","M3_CIRCLE_PROPERTIES","260711_원의 성질(6).pdf","circle_geometry|visual_interpretation|inscribed_central_angle"
"M3_CIRC_150_S07_Q071","M3_CIRCLE_PROPERTIES","260711_원의 성질(6).pdf","circle_geometry|visual_interpretation|inscribed_central_angle|trigonometric_ratio"
"M3_CIRC_150_S07_Q072","M3_CIRCLE_PROPERTIES","260711_원의 성질(6).pdf","circle_geometry|visual_interpretation|inscribed_central_angle|trigonometric_ratio"
"M3_CIRC_150_S07_Q073","M3_CIRCLE_PROPERTIES","260711_원의 성질(6).pdf","circle_geometry|visual_interpretation|inscribed_central_angle|trigonometric_ratio"
"M3_CIRC_150_S07_Q074","M3_CIRCLE_PROPERTIES","260711_원의 성질(6).pdf","circle_geometry|visual_interpretation|inscribed_central_angle|trigonometric_ratio"
"M3_CIRC_150_S07_Q075","M3_CIRCLE_PROPERTIES","260711_원의 성질(6).pdf","circle_geometry|visual_interpretation|inscribed_central_angle|trigonometric_ratio"
"M3_CIRC_150_S07_Q076","M3_CIRCLE_PROPERTIES","260711_원의 성질(6).pdf","circle_geometry|visual_interpretation|inscribed_central_angle|trigonometric_ratio"
"M3_CIRC_150_S07_Q077","M3_CIRCLE_PROPERTIES","260711_원의 성질(6).pdf","circle_geometry|visual_interpretation|inscribed_central_angle|trigonometric_ratio"
"M3_CIRC_150_S07_Q078","M3_CIRCLE_PROPERTIES","260711_원의 성질(6).pdf","circle_geometry|visual_interpretation|inscribed_central_angle|trigonometric_ratio"
"M3_CIRC_150_S07_Q079","M3_CIRCLE_PROPERTIES","260711_원의 성질(6).pdf","circle_geometry|visual_interpretation|inscribed_central_angle|trigonometric_ratio"
"M3_CIRC_150_S07_Q080","M3_CIRCLE_PROPERTIES","260711_원의 성질(6).pdf","circle_geometry|visual_interpretation|inscribed_central_angle|arc_measure"
"M3_CIRC_150_S07_Q081","M3_CIRCLE_PROPERTIES","260711_원의 성질(6).pdf","circle_geometry|visual_interpretation|inscribed_central_angle|arc_measure"
"M3_CIRC_150_S07_Q082","M3_CIRCLE_PROPERTIES","260711_원의 성질(6).pdf","circle_geometry|visual_interpretation|inscribed_central_angle|arc_measure"
"M3_CIRC_150_S07_Q083","M3_CIRCLE_PROPERTIES","260711_원의 성질(6).pdf","circle_geometry|visual_interpretation|inscribed_central_angle|arc_measure"
"M3_CIRC_150_S07_Q084","M3_CIRCLE_PROPERTIES","260711_원의 성질(6).pdf","circle_geometry|visual_interpretation|inscribed_central_angle|arc_measure"
"M3_CIRC_150_S07_Q085","M3_CIRCLE_PROPERTIES","260711_원의 성질(6).pdf","circle_geometry|visual_interpretation|inscribed_central_angle|arc_measure"
"M3_CIRC_150_S07_Q086","M3_CIRCLE_PROPERTIES","260711_원의 성질(6).pdf","circle_geometry|visual_interpretation|inscribed_central_angle|arc_measure"
"M3_CIRC_150_S07_Q087","M3_CIRCLE_PROPERTIES","260711_원의 성질(6).pdf","circle_geometry|visual_interpretation|inscribed_central_angle|arc_measure"
"M3_CIRC_150_S07_Q088","M3_CIRCLE_PROPERTIES","260711_원의 성질(6).pdf","circle_geometry|visual_interpretation|inscribed_central_angle|arc_measure"
"M3_CIRC_150_S07_Q089","M3_CIRCLE_PROPERTIES","260711_원의 성질(6).pdf","circle_geometry|visual_interpretation|inscribed_central_angle|arc_measure"
"M3_CIRC_150_S07_Q090","M3_CIRCLE_PROPERTIES","260711_원의 성질(6).pdf","circle_geometry|visual_interpretation|inscribed_central_angle|arc_measure"
"M3_CIRC_150_S07_Q091","M3_CIRCLE_PROPERTIES","260711_원의 성질(6).pdf","circle_geometry|visual_interpretation|inscribed_central_angle|arc_measure"
"M3_CIRC_150_S07_Q092","M3_CIRCLE_PROPERTIES","260711_원의 성질(6).pdf","circle_geometry|visual_interpretation|inscribed_central_angle|arc_measure"
"M3_CIRC_150_S07_Q093","M3_CIRCLE_PROPERTIES","260711_원의 성질(6).pdf","circle_geometry|visual_interpretation|inscribed_central_angle|arc_measure"
"M3_CIRC_150_S07_Q094","M3_CIRCLE_PROPERTIES","260711_원의 성질(6).pdf","circle_geometry|visual_interpretation"
"M3_CIRC_150_S07_Q095","M3_CIRCLE_PROPERTIES","260711_원의 성질(6).pdf","circle_geometry|visual_interpretation"
"M3_CIRC_150_S07_Q096","M3_CIRCLE_PROPERTIES","260711_원의 성질(6).pdf","circle_geometry|visual_interpretation"
"M3_CIRC_150_S07_Q097","M3_CIRCLE_PROPERTIES","260711_원의 성질(6).pdf","circle_geometry|visual_interpretation"
"M3_CIRC_150_S07_Q098","M3_CIRCLE_PROPERTIES","260711_원의 성질(6).pdf","circle_geometry|visual_interpretation|cyclic_or_inscribed_figure"
"M3_CIRC_150_S07_Q099","M3_CIRCLE_PROPERTIES","260711_원의 성질(6).pdf","circle_geometry|visual_interpretation|cyclic_or_inscribed_figure"
"M3_CIRC_150_S07_Q100","M3_CIRCLE_PROPERTIES","260711_원의 성질(6).pdf","circle_geometry|visual_interpretation|cyclic_or_inscribed_figure"
"M3_CIRC_150_S07_Q101","M3_CIRCLE_PROPERTIES","260711_원의 성질(6).pdf","circle_geometry|visual_interpretation|cyclic_or_inscribed_figure"
"M3_CIRC_150_S07_Q102","M3_CIRCLE_PROPERTIES","260711_원의 성질(6).pdf","circle_geometry|visual_interpretation|cyclic_or_inscribed_figure"
"M3_CIRC_150_S07_Q103","M3_CIRCLE_PROPERTIES","260711_원의 성질(6).pdf","circle_geometry|visual_interpretation|cyclic_or_inscribed_figure"
"M3_CIRC_150_S07_Q104","M3_CIRCLE_PROPERTIES","260711_원의 성질(6).pdf","circle_geometry|visual_interpretation|cyclic_or_inscribed_figure"
"M3_CIRC_150_S07_Q105","M3_CIRCLE_PROPERTIES","260711_원의 성질(6).pdf","circle_geometry|visual_interpretation|cyclic_or_inscribed_figure"
"M3_CIRC_150_S07_Q106","M3_CIRCLE_PROPERTIES","260711_원의 성질(6).pdf","circle_geometry|visual_interpretation|cyclic_or_inscribed_figure"
"M3_CIRC_150_S07_Q107","M3_CIRCLE_PROPERTIES","260711_원의 성질(6).pdf","circle_geometry|visual_interpretation|cyclic_or_inscribed_figure"
"M3_CIRC_150_S07_Q108","M3_CIRCLE_PROPERTIES","260711_원의 성질(6).pdf","circle_geometry|visual_interpretation|cyclic_or_inscribed_figure"
"M3_CIRC_150_S07_Q109","M3_CIRCLE_PROPERTIES","260711_원의 성질(6).pdf","circle_geometry|visual_interpretation|cyclic_or_inscribed_figure"
"M3_CIRC_150_S07_Q110","M3_CIRCLE_PROPERTIES","260711_원의 성질(6).pdf","circle_geometry|visual_interpretation|cyclic_or_inscribed_figure"
"M3_CIRC_150_S07_Q111","M3_CIRCLE_PROPERTIES","260711_원의 성질(6).pdf","circle_geometry|visual_interpretation|cyclic_or_inscribed_figure"
"M3_CIRC_150_S07_Q112","M3_CIRCLE_PROPERTIES","260711_원의 성질(6).pdf","circle_geometry|visual_interpretation|cyclic_or_inscribed_figure"
"M3_CIRC_150_S07_Q113","M3_CIRCLE_PROPERTIES","260711_원의 성질(6).pdf","circle_geometry|visual_interpretation|cyclic_or_inscribed_figure"
"M3_CIRC_150_S07_Q114","M3_CIRCLE_PROPERTIES","260711_원의 성질(6).pdf","circle_geometry|visual_interpretation|cyclic_or_inscribed_figure"
"M3_CIRC_150_S07_Q115","M3_CIRCLE_PROPERTIES","260711_원의 성질(6).pdf","circle_geometry|visual_interpretation|cyclic_or_inscribed_figure"
"M3_CIRC_150_S07_Q116","M3_CIRCLE_PROPERTIES","260711_원의 성질(6).pdf","circle_geometry|visual_interpretation|cyclic_or_inscribed_figure"
"M3_CIRC_150_S07_Q117","M3_CIRCLE_PROPERTIES","260711_원의 성질(6).pdf","circle_geometry|visual_interpretation|cyclic_or_inscribed_figure"
"M3_CIRC_150_S07_Q118","M3_CIRCLE_PROPERTIES","260711_원의 성질(6).pdf","circle_geometry|visual_interpretation|cyclic_or_inscribed_figure"
"M3_CIRC_150_S07_Q119","M3_CIRCLE_PROPERTIES","260711_원의 성질(6).pdf","circle_geometry|visual_interpretation|cyclic_or_inscribed_figure"
"M3_CIRC_150_S07_Q120","M3_CIRCLE_PROPERTIES","260711_원의 성질(6).pdf","circle_geometry|visual_interpretation|cyclic_or_inscribed_figure"
"M3_CIRC_150_S07_Q121","M3_CIRCLE_PROPERTIES","260711_원의 성질(6).pdf","circle_geometry|visual_interpretation|cyclic_or_inscribed_figure"
"M3_CIRC_150_S07_Q122","M3_CIRCLE_PROPERTIES","260711_원의 성질(6).pdf","circle_geometry|visual_interpretation|cyclic_or_inscribed_figure"
"M3_CIRC_150_S07_Q123","M3_CIRCLE_PROPERTIES","260711_원의 성질(6).pdf","circle_geometry|visual_interpretation|chord_relation|tangent_relation|inscribed_central_angle"
"M3_CIRC_150_S07_Q124","M3_CIRCLE_PROPERTIES","260711_원의 성질(6).pdf","circle_geometry|visual_interpretation|chord_relation|tangent_relation|inscribed_central_angle"
"M3_CIRC_150_S07_Q125","M3_CIRCLE_PROPERTIES","260711_원의 성질(6).pdf","circle_geometry|visual_interpretation|chord_relation|tangent_relation|inscribed_central_angle"
"M3_CIRC_150_S07_Q126","M3_CIRCLE_PROPERTIES","260711_원의 성질(6).pdf","circle_geometry|visual_interpretation|chord_relation|tangent_relation|inscribed_central_angle"
"M3_CIRC_150_S07_Q127","M3_CIRCLE_PROPERTIES","260711_원의 성질(6).pdf","circle_geometry|visual_interpretation|chord_relation|tangent_relation|inscribed_central_angle"
"M3_CIRC_150_S07_Q128","M3_CIRCLE_PROPERTIES","260711_원의 성질(6).pdf","circle_geometry|visual_interpretation|chord_relation|tangent_relation"
"M3_CIRC_150_S07_Q129","M3_CIRCLE_PROPERTIES","260711_원의 성질(6).pdf","circle_geometry|visual_interpretation|chord_relation|tangent_relation"
"M3_CIRC_150_S07_Q130","M3_CIRCLE_PROPERTIES","260711_원의 성질(6).pdf","circle_geometry|visual_interpretation|chord_relation|tangent_relation"
"M3_CIRC_150_S07_Q131","M3_CIRCLE_PROPERTIES","260711_원의 성질(6).pdf","circle_geometry|visual_interpretation|chord_relation|tangent_relation"
"M3_CIRC_150_S07_Q132","M3_CIRCLE_PROPERTIES","260711_원의 성질(6).pdf","circle_geometry|visual_interpretation|chord_relation|tangent_relation"
"M3_CIRC_150_S07_Q133","M3_CIRCLE_PROPERTIES","260711_원의 성질(6).pdf","circle_geometry|visual_interpretation|chord_relation|tangent_relation"
"M3_CIRC_150_S07_Q134","M3_CIRCLE_PROPERTIES","260711_원의 성질(6).pdf","circle_geometry|visual_interpretation|chord_relation|tangent_relation"
"M3_CIRC_150_S07_Q135","M3_CIRCLE_PROPERTIES","260711_원의 성질(6).pdf","circle_geometry|visual_interpretation|chord_relation|tangent_relation"
"M3_CIRC_150_S07_Q136","M3_CIRCLE_PROPERTIES","260711_원의 성질(6).pdf","circle_geometry|visual_interpretation|chord_relation|tangent_relation"
"M3_CIRC_150_S07_Q137","M3_CIRCLE_PROPERTIES","260711_원의 성질(6).pdf","circle_geometry|visual_interpretation|chord_relation|tangent_relation"
"M3_CIRC_150_S07_Q138","M3_CIRCLE_PROPERTIES","260711_원의 성질(6).pdf","circle_geometry|visual_interpretation|chord_relation|tangent_relation"
"M3_CIRC_150_S07_Q139","M3_CIRCLE_PROPERTIES","260711_원의 성질(6).pdf","circle_geometry|visual_interpretation|chord_relation|tangent_relation"
"M3_CIRC_150_S07_Q140","M3_CIRCLE_PROPERTIES","260711_원의 성질(6).pdf","circle_geometry|visual_interpretation|chord_relation|tangent_relation"
"M3_CIRC_150_S07_Q141","M3_CIRCLE_PROPERTIES","260711_원의 성질(6).pdf","circle_geometry|visual_interpretation|chord_relation|tangent_relation"
"M3_CIRC_150_S07_Q142","M3_CIRCLE_PROPERTIES","260711_원의 성질(6).pdf","circle_geometry|visual_interpretation|chord_relation|tangent_relation"
"M3_CIRC_150_S07_Q143","M3_CIRCLE_PROPERTIES","260711_원의 성질(6).pdf","circle_geometry|visual_interpretation|chord_relation|tangent_relation"
"M3_CIRC_150_S07_Q144","M3_CIRCLE_PROPERTIES","260711_원의 성질(6).pdf","circle_geometry|visual_interpretation|chord_relation|tangent_relation"
"M3_CIRC_150_S07_Q145","M3_CIRCLE_PROPERTIES","260711_원의 성질(6).pdf","circle_geometry|visual_interpretation|chord_relation|tangent_relation"
"M3_CIRC_150_S07_Q146","M3_CIRCLE_PROPERTIES","260711_원의 성질(6).pdf","circle_geometry|visual_interpretation|chord_relation|tangent_relation"
"M3_CIRC_150_S07_Q147","M3_CIRCLE_PROPERTIES","260711_원의 성질(6).pdf","circle_geometry|visual_interpretation|chord_relation|tangent_relation"
"M3_CIRC_150_S07_Q148","M3_CIRCLE_PROPERTIES","260711_원의 성질(6).pdf","circle_geometry|visual_interpretation|chord_relation|tangent_relation"
"M3_CIRC_150_S07_Q149","M3_CIRCLE_PROPERTIES","260711_원의 성질(6).pdf","circle_geometry|visual_interpretation|chord_relation|tangent_relation"
"M3_CIRC_150_S07_Q150","M3_CIRCLE_PROPERTIES","260711_원의 성질(6).pdf","circle_geometry|visual_interpretation|chord_relation|tangent_relation"
"M3_POLY_150_S10_Q087","M3_POLYNOMIAL_FACTORING","260711_다항식의 곱셈과 인수분해(13).pdf","factorization|common_factor|formula_selection|expression_value"
"M3_POLY_150_S10_Q088","M3_POLYNOMIAL_FACTORING","260711_다항식의 곱셈과 인수분해(13).pdf","factorization|common_factor|formula_selection|expression_value"
"M3_POLY_150_S10_Q089","M3_POLYNOMIAL_FACTORING","260711_다항식의 곱셈과 인수분해(13).pdf","factorization|common_factor|formula_selection|expression_value"
"M3_POLY_150_S10_Q090","M3_POLYNOMIAL_FACTORING","260711_다항식의 곱셈과 인수분해(13).pdf","factorization|common_factor|formula_selection|expression_value"
"M3_POLY_150_S10_Q091","M3_POLYNOMIAL_FACTORING","260711_다항식의 곱셈과 인수분해(13).pdf","factorization|common_factor|formula_selection|expression_value"
"M3_POLY_150_S10_Q092","M3_POLYNOMIAL_FACTORING","260711_다항식의 곱셈과 인수분해(13).pdf","factorization|common_factor|formula_selection|expression_value"
"M3_POLY_150_S10_Q093","M3_POLYNOMIAL_FACTORING","260711_다항식의 곱셈과 인수분해(13).pdf","factorization|common_factor|formula_selection|expression_value"
"M3_POLY_150_S10_Q094","M3_POLYNOMIAL_FACTORING","260711_다항식의 곱셈과 인수분해(13).pdf","factorization|common_factor|formula_selection|expression_value"
"M3_POLY_150_S10_Q095","M3_POLYNOMIAL_FACTORING","260711_다항식의 곱셈과 인수분해(13).pdf","factorization|common_factor|formula_selection|expression_value"
"M3_POLY_150_S10_Q099","M3_POLYNOMIAL_FACTORING","260711_다항식의 곱셈과 인수분해(13).pdf","factorization|common_factor|formula_selection|numeric_calculation"
"M3_POLY_150_S10_Q100","M3_POLYNOMIAL_FACTORING","260711_다항식의 곱셈과 인수분해(13).pdf","factorization|common_factor|formula_selection|numeric_calculation"
"M3_POLY_150_S10_Q101","M3_POLYNOMIAL_FACTORING","260711_다항식의 곱셈과 인수분해(13).pdf","factorization|common_factor|formula_selection|numeric_calculation"
"M3_POLY_150_S10_Q102","M3_POLYNOMIAL_FACTORING","260711_다항식의 곱셈과 인수분해(13).pdf","factorization|common_factor|formula_selection|numeric_calculation"
"M3_POLY_150_S10_Q105","M3_POLYNOMIAL_FACTORING","260711_다항식의 곱셈과 인수분해(13).pdf","factorization|common_factor|formula_selection|numeric_calculation"
"M3_POLY_150_S10_Q106","M3_POLYNOMIAL_FACTORING","260711_다항식의 곱셈과 인수분해(13).pdf","factorization|common_factor|formula_selection|numeric_calculation"
"M3_POLY_150_S10_Q107","M3_POLYNOMIAL_FACTORING","260711_다항식의 곱셈과 인수분해(13).pdf","factorization|common_factor|formula_selection|numeric_calculation"
"M3_POLY_150_S10_Q108","M3_POLYNOMIAL_FACTORING","260711_다항식의 곱셈과 인수분해(13).pdf","factorization|common_factor|formula_selection|numeric_calculation"
"M3_POLY_150_S10_Q109","M3_POLYNOMIAL_FACTORING","260711_다항식의 곱셈과 인수분해(13).pdf","factorization|common_factor|formula_selection|numeric_calculation"
"M3_POLY_150_S10_Q110","M3_POLYNOMIAL_FACTORING","260711_다항식의 곱셈과 인수분해(13).pdf","factorization|common_factor|formula_selection|numeric_calculation"
"M3_POLY_150_S10_Q127","M3_POLYNOMIAL_FACTORING","260711_다항식의 곱셈과 인수분해(13).pdf","factorization|common_factor|formula_selection|expression_value"
"M3_POLY_150_S10_Q128","M3_POLYNOMIAL_FACTORING","260711_다항식의 곱셈과 인수분해(13).pdf","factorization|common_factor|formula_selection|expression_value"
"M3_POLY_150_S10_Q129","M3_POLYNOMIAL_FACTORING","260711_다항식의 곱셈과 인수분해(13).pdf","factorization|common_factor|formula_selection|expression_value"
"M3_POLY_150_S10_Q130","M3_POLYNOMIAL_FACTORING","260711_다항식의 곱셈과 인수분해(13).pdf","factorization|common_factor|formula_selection|expression_value"
"M3_POLY_150_S10_Q131","M3_POLYNOMIAL_FACTORING","260711_다항식의 곱셈과 인수분해(13).pdf","factorization|common_factor|formula_selection|expression_value"
"M3_POLY_150_S10_Q132","M3_POLYNOMIAL_FACTORING","260711_다항식의 곱셈과 인수분해(13).pdf","factorization|common_factor|formula_selection|expression_value"
"M3_POLY_150_S10_Q133","M3_POLYNOMIAL_FACTORING","260711_다항식의 곱셈과 인수분해(13).pdf","factorization|common_factor|formula_selection|expression_value"
"M3_POLY_150_S10_Q134","M3_POLYNOMIAL_FACTORING","260711_다항식의 곱셈과 인수분해(13).pdf","factorization|common_factor|formula_selection|expression_value"
"M3_POLY_150_S10_Q135","M3_POLYNOMIAL_FACTORING","260711_다항식의 곱셈과 인수분해(13).pdf","factorization|common_factor|formula_selection|expression_value"
"M3_POLY_150_S10_Q136","M3_POLYNOMIAL_FACTORING","260711_다항식의 곱셈과 인수분해(13).pdf","factorization|common_factor|formula_selection|expression_value"
"M3_POLY_150_S10_Q137","M3_POLYNOMIAL_FACTORING","260711_다항식의 곱셈과 인수분해(13).pdf","factorization|common_factor|formula_selection|expression_value"
"M3_POLY_150_S10_Q138","M3_POLYNOMIAL_FACTORING","260711_다항식의 곱셈과 인수분해(13).pdf","factorization|common_factor|formula_selection|expression_value"
"M3_POLY_150_S10_Q139","M3_POLYNOMIAL_FACTORING","260711_다항식의 곱셈과 인수분해(13).pdf","factorization|common_factor|formula_selection|expression_value"
"M3_POLY_150_S10_Q140","M3_POLYNOMIAL_FACTORING","260711_다항식의 곱셈과 인수분해(13).pdf","factorization|common_factor|formula_selection|expression_value"
"M3_POLY_150_S10_Q141","M3_POLYNOMIAL_FACTORING","260711_다항식의 곱셈과 인수분해(13).pdf","factorization|common_factor|formula_selection|expression_value"
"M3_POLY_150_S10_Q142","M3_POLYNOMIAL_FACTORING","260711_다항식의 곱셈과 인수분해(13).pdf","factorization|common_factor|formula_selection|expression_value"
"M3_POLY_150_S10_Q143","M3_POLYNOMIAL_FACTORING","260711_다항식의 곱셈과 인수분해(13).pdf","factorization|common_factor|formula_selection|expression_value"
"M3_POLY_150_S10_Q144","M3_POLYNOMIAL_FACTORING","260711_다항식의 곱셈과 인수분해(13).pdf","factorization|common_factor|formula_selection|expression_value"
"M3_POLY_150_S10_Q145","M3_POLYNOMIAL_FACTORING","260711_다항식의 곱셈과 인수분해(13).pdf","factorization|common_factor|formula_selection|expression_value"
"M3_POLY_150_S10_Q146","M3_POLYNOMIAL_FACTORING","260711_다항식의 곱셈과 인수분해(13).pdf","factorization|common_factor|formula_selection|expression_value"
"M3_POLY_150_S10_Q147","M3_POLYNOMIAL_FACTORING","260711_다항식의 곱셈과 인수분해(13).pdf","factorization|common_factor|formula_selection|expression_value"
"M3_POLY_150_S10_Q148","M3_POLYNOMIAL_FACTORING","260711_다항식의 곱셈과 인수분해(13).pdf","factorization|common_factor|formula_selection|expression_value"
"M3_POLY_150_S10_Q149","M3_POLYNOMIAL_FACTORING","260711_다항식의 곱셈과 인수분해(13).pdf","factorization|common_factor|formula_selection|expression_value"
"M3_POLY_150_S10_Q150","M3_POLYNOMIAL_FACTORING","260711_다항식의 곱셈과 인수분해(13).pdf","factorization|common_factor|formula_selection|expression_value"
"M3_POLY_150_S06_Q039","M3_POLYNOMIAL_FACTORING","260711_다항식의 곱셈과 인수분해(5).pdf","formula_numeric_radical_calculation"
"M3_POLY_150_S06_Q040","M3_POLYNOMIAL_FACTORING","260711_다항식의 곱셈과 인수분해(5).pdf","formula_numeric_radical_calculation"
"M3_POLY_150_S06_Q048","M3_POLYNOMIAL_FACTORING","260711_다항식의 곱셈과 인수분해(5).pdf","formula_numeric_radical_calculation"
"M3_POLY_150_S06_Q076","M3_POLYNOMIAL_FACTORING","260711_다항식의 곱셈과 인수분해(5).pdf","basic_factorization_formula"
"M3_POLY_150_S06_Q077","M3_POLYNOMIAL_FACTORING","260711_다항식의 곱셈과 인수분해(5).pdf","basic_factorization_formula"
"M3_POLY_150_S06_Q078","M3_POLYNOMIAL_FACTORING","260711_다항식의 곱셈과 인수분해(5).pdf","basic_factorization_formula"
"M3_POLY_150_S06_Q081","M3_POLYNOMIAL_FACTORING","260711_다항식의 곱셈과 인수분해(5).pdf","basic_factorization_formula"
"M3_POLY_150_S06_Q099","M3_POLYNOMIAL_FACTORING","260711_다항식의 곱셈과 인수분해(5).pdf","factor_coefficient_conditions|application_or_complexity"
"M3_POLY_150_S06_Q100","M3_POLYNOMIAL_FACTORING","260711_다항식의 곱셈과 인수분해(5).pdf","factor_coefficient_conditions|application_or_complexity"
"M3_POLY_150_S06_Q118","M3_POLYNOMIAL_FACTORING","260711_다항식의 곱셈과 인수분해(5).pdf","complex_factorization_strategy|application_or_complexity"
"M3_POLY_150_S06_Q119","M3_POLYNOMIAL_FACTORING","260711_다항식의 곱셈과 인수분해(5).pdf","complex_factorization_strategy|application_or_complexity"
"M3_POLY_150_S06_Q133","M3_POLYNOMIAL_FACTORING","260711_다항식의 곱셈과 인수분해(5).pdf","factorization_application|application_or_complexity"
"M3_POLY_150_S06_Q140","M3_POLYNOMIAL_FACTORING","260711_다항식의 곱셈과 인수분해(5).pdf","factorization_application|application_or_complexity"
"M3_POLY_150_S06_Q141","M3_POLYNOMIAL_FACTORING","260711_다항식의 곱셈과 인수분해(5).pdf","factorization_application|application_or_complexity"
"M3_POLY_150_S06_Q142","M3_POLYNOMIAL_FACTORING","260711_다항식의 곱셈과 인수분해(5).pdf","factorization_application|application_or_complexity"
"M3_POLY_150_S06_Q143","M3_POLYNOMIAL_FACTORING","260711_다항식의 곱셈과 인수분해(5).pdf","factorization_application|application_or_complexity"
"M3_POLY_150_S06_Q144","M3_POLYNOMIAL_FACTORING","260711_다항식의 곱셈과 인수분해(5).pdf","factorization_application|application_or_complexity"
"M3_QUAD_150_S12_Q001","M3_QUADRATIC_EQUATION","260711_이차방정식(11).pdf","root_substitution"
"M3_QUAD_150_S12_Q002","M3_QUADRATIC_EQUATION","260711_이차방정식(11).pdf","root_substitution"
"M3_QUAD_150_S12_Q003","M3_QUADRATIC_EQUATION","260711_이차방정식(11).pdf","root_substitution"
"M3_QUAD_150_S12_Q004","M3_QUADRATIC_EQUATION","260711_이차방정식(11).pdf","root_substitution"
"M3_QUAD_150_S12_Q005","M3_QUADRATIC_EQUATION","260711_이차방정식(11).pdf","root_substitution"
"M3_QUAD_150_S12_Q006","M3_QUADRATIC_EQUATION","260711_이차방정식(11).pdf","root_substitution"
"M3_QUAD_150_S12_Q007","M3_QUADRATIC_EQUATION","260711_이차방정식(11).pdf","root_substitution"
"M3_QUAD_150_S12_Q008","M3_QUADRATIC_EQUATION","260711_이차방정식(11).pdf","root_substitution"
"M3_QUAD_150_S12_Q009","M3_QUADRATIC_EQUATION","260711_이차방정식(11).pdf","zero_product_factorization"
"M3_QUAD_150_S12_Q010","M3_QUADRATIC_EQUATION","260711_이차방정식(11).pdf","zero_product_factorization"
"M3_QUAD_150_S12_Q011","M3_QUADRATIC_EQUATION","260711_이차방정식(11).pdf","zero_product_factorization"
"M3_QUAD_150_S12_Q012","M3_QUADRATIC_EQUATION","260711_이차방정식(11).pdf","zero_product_factorization"
"M3_QUAD_150_S12_Q013","M3_QUADRATIC_EQUATION","260711_이차방정식(11).pdf","zero_product_factorization"
"M3_QUAD_150_S12_Q014","M3_QUADRATIC_EQUATION","260711_이차방정식(11).pdf","zero_product_factorization"
"M3_QUAD_150_S12_Q015","M3_QUADRATIC_EQUATION","260711_이차방정식(11).pdf","zero_product_factorization"
"M3_QUAD_150_S12_Q016","M3_QUADRATIC_EQUATION","260711_이차방정식(11).pdf","root_substitution"
"M3_QUAD_150_S12_Q017","M3_QUADRATIC_EQUATION","260711_이차방정식(11).pdf","root_substitution"
"M3_QUAD_150_S12_Q018","M3_QUADRATIC_EQUATION","260711_이차방정식(11).pdf","root_substitution"
"M3_QUAD_150_S12_Q019","M3_QUADRATIC_EQUATION","260711_이차방정식(11).pdf","root_substitution"
"M3_QUAD_150_S12_Q020","M3_QUADRATIC_EQUATION","260711_이차방정식(11).pdf","root_substitution"
"M3_QUAD_150_S12_Q021","M3_QUADRATIC_EQUATION","260711_이차방정식(11).pdf","root_substitution"
"M3_QUAD_150_S12_Q022","M3_QUADRATIC_EQUATION","260711_이차방정식(11).pdf","root_substitution"
"M3_QUAD_150_S12_Q023","M3_QUADRATIC_EQUATION","260711_이차방정식(11).pdf","root_substitution"
"M3_QUAD_150_S12_Q024","M3_QUADRATIC_EQUATION","260711_이차방정식(11).pdf","root_substitution"
"M3_QUAD_150_S12_Q025","M3_QUADRATIC_EQUATION","260711_이차방정식(11).pdf","root_substitution|zero_product_factorization"
"M3_QUAD_150_S12_Q026","M3_QUADRATIC_EQUATION","260711_이차방정식(11).pdf","root_substitution|zero_product_factorization"
"M3_QUAD_150_S12_Q027","M3_QUADRATIC_EQUATION","260711_이차방정식(11).pdf","root_substitution|zero_product_factorization"
"M3_QUAD_150_S12_Q028","M3_QUADRATIC_EQUATION","260711_이차방정식(11).pdf","root_substitution|zero_product_factorization"
"M3_QUAD_150_S12_Q029","M3_QUADRATIC_EQUATION","260711_이차방정식(11).pdf","root_substitution|zero_product_factorization"
"M3_QUAD_150_S12_Q030","M3_QUADRATIC_EQUATION","260711_이차방정식(11).pdf","root_substitution|zero_product_factorization"
"M3_QUAD_150_S12_Q031","M3_QUADRATIC_EQUATION","260711_이차방정식(11).pdf","root_substitution|zero_product_factorization"
"M3_QUAD_150_S12_Q032","M3_QUADRATIC_EQUATION","260711_이차방정식(11).pdf","root_substitution|zero_product_factorization"
"M3_QUAD_150_S12_Q033","M3_QUADRATIC_EQUATION","260711_이차방정식(11).pdf","double_root_condition"
"M3_QUAD_150_S12_Q034","M3_QUADRATIC_EQUATION","260711_이차방정식(11).pdf","double_root_condition"
"M3_QUAD_150_S12_Q035","M3_QUADRATIC_EQUATION","260711_이차방정식(11).pdf","double_root_condition"
"M3_QUAD_150_S12_Q036","M3_QUADRATIC_EQUATION","260711_이차방정식(11).pdf","double_root_condition"
"M3_QUAD_150_S12_Q037","M3_QUADRATIC_EQUATION","260711_이차방정식(11).pdf","double_root_condition"
"M3_QUAD_150_S12_Q038","M3_QUADRATIC_EQUATION","260711_이차방정식(11).pdf","double_root_condition"
"M3_QUAD_150_S12_Q039","M3_QUADRATIC_EQUATION","260711_이차방정식(11).pdf","double_root_condition"
"M3_QUAD_150_S12_Q040","M3_QUADRATIC_EQUATION","260711_이차방정식(11).pdf","double_root_condition"
"M3_QUAD_150_S12_Q041","M3_QUADRATIC_EQUATION","260711_이차방정식(11).pdf","common_root_condition"
"M3_QUAD_150_S12_Q042","M3_QUADRATIC_EQUATION","260711_이차방정식(11).pdf","common_root_condition"
"M3_QUAD_150_S12_Q043","M3_QUADRATIC_EQUATION","260711_이차방정식(11).pdf","common_root_condition"
"M3_QUAD_150_S12_Q044","M3_QUADRATIC_EQUATION","260711_이차방정식(11).pdf","common_root_condition"
"M3_QUAD_150_S12_Q045","M3_QUADRATIC_EQUATION","260711_이차방정식(11).pdf","common_root_condition"
"M3_QUAD_150_S12_Q046","M3_QUADRATIC_EQUATION","260711_이차방정식(11).pdf","common_root_condition"
"M3_QUAD_150_S12_Q047","M3_QUADRATIC_EQUATION","260711_이차방정식(11).pdf","common_root_condition"
"M3_QUAD_150_S12_Q048","M3_QUADRATIC_EQUATION","260711_이차방정식(11).pdf","common_root_condition"
"M3_QUAD_150_S12_Q049","M3_QUADRATIC_EQUATION","260711_이차방정식(11).pdf","complete_square"
"M3_QUAD_150_S12_Q050","M3_QUADRATIC_EQUATION","260711_이차방정식(11).pdf","complete_square"
"M3_QUAD_150_S12_Q051","M3_QUADRATIC_EQUATION","260711_이차방정식(11).pdf","complete_square"
"M3_QUAD_150_S12_Q052","M3_QUADRATIC_EQUATION","260711_이차방정식(11).pdf","complete_square"
"M3_QUAD_150_S12_Q053","M3_QUADRATIC_EQUATION","260711_이차방정식(11).pdf","complete_square"
"M3_QUAD_150_S12_Q054","M3_QUADRATIC_EQUATION","260711_이차방정식(11).pdf","complete_square"
"M3_QUAD_150_S12_Q055","M3_QUADRATIC_EQUATION","260711_이차방정식(11).pdf","complete_square"
"M3_QUAD_150_S12_Q056","M3_QUADRATIC_EQUATION","260711_이차방정식(11).pdf","complete_square"
"M3_QUAD_150_S12_Q057","M3_QUADRATIC_EQUATION","260711_이차방정식(11).pdf","complex_equation_structure"
"M3_QUAD_150_S12_Q058","M3_QUADRATIC_EQUATION","260711_이차방정식(11).pdf","complex_equation_structure"
"M3_QUAD_150_S12_Q059","M3_QUADRATIC_EQUATION","260711_이차방정식(11).pdf","complex_equation_structure"
"M3_QUAD_150_S12_Q060","M3_QUADRATIC_EQUATION","260711_이차방정식(11).pdf","complex_equation_structure"
"M3_QUAD_150_S12_Q061","M3_QUADRATIC_EQUATION","260711_이차방정식(11).pdf","complex_equation_structure"
"M3_QUAD_150_S12_Q062","M3_QUADRATIC_EQUATION","260711_이차방정식(11).pdf","complex_equation_structure"
"M3_QUAD_150_S12_Q063","M3_QUADRATIC_EQUATION","260711_이차방정식(11).pdf","complex_equation_structure"
"M3_QUAD_150_S12_Q064","M3_QUADRATIC_EQUATION","260711_이차방정식(11).pdf","complex_equation_structure"
"M3_QUAD_150_S12_Q065","M3_QUADRATIC_EQUATION","260711_이차방정식(11).pdf","complex_equation_structure"
"M3_QUAD_150_S12_Q066","M3_QUADRATIC_EQUATION","260711_이차방정식(11).pdf","complex_equation_structure"
"M3_QUAD_150_S12_Q067","M3_QUADRATIC_EQUATION","260711_이차방정식(11).pdf","complex_equation_structure"
"M3_QUAD_150_S12_Q068","M3_QUADRATIC_EQUATION","260711_이차방정식(11).pdf","complex_equation_structure"
"M3_QUAD_150_S12_Q069","M3_QUADRATIC_EQUATION","260711_이차방정식(11).pdf","complex_equation_structure"
"M3_QUAD_150_S12_Q070","M3_QUADRATIC_EQUATION","260711_이차방정식(11).pdf","complex_equation_structure"
"M3_QUAD_150_S12_Q071","M3_QUADRATIC_EQUATION","260711_이차방정식(11).pdf","substitution_structure|zero_product_factorization"
"M3_QUAD_150_S12_Q072","M3_QUADRATIC_EQUATION","260711_이차방정식(11).pdf","substitution_structure|zero_product_factorization"
"M3_QUAD_150_S12_Q073","M3_QUADRATIC_EQUATION","260711_이차방정식(11).pdf","substitution_structure|zero_product_factorization"
"M3_QUAD_150_S12_Q074","M3_QUADRATIC_EQUATION","260711_이차방정식(11).pdf","substitution_structure|zero_product_factorization"
"M3_QUAD_150_S12_Q075","M3_QUADRATIC_EQUATION","260711_이차방정식(11).pdf","substitution_structure|zero_product_factorization"
"M3_QUAD_150_S12_Q076","M3_QUADRATIC_EQUATION","260711_이차방정식(11).pdf","substitution_structure|zero_product_factorization"
"M3_QUAD_150_S12_Q077","M3_QUADRATIC_EQUATION","260711_이차방정식(11).pdf","substitution_structure|zero_product_factorization"
"M3_QUAD_150_S12_Q078","M3_QUADRATIC_EQUATION","260711_이차방정식(11).pdf","substitution_structure|zero_product_factorization"
"M3_QUAD_150_S12_Q079","M3_QUADRATIC_EQUATION","260711_이차방정식(11).pdf","double_root_condition|discriminant_root_count"
"M3_QUAD_150_S12_Q080","M3_QUADRATIC_EQUATION","260711_이차방정식(11).pdf","double_root_condition|discriminant_root_count"
"M3_QUAD_150_S12_Q081","M3_QUADRATIC_EQUATION","260711_이차방정식(11).pdf","double_root_condition|discriminant_root_count"
"M3_QUAD_150_S12_Q082","M3_QUADRATIC_EQUATION","260711_이차방정식(11).pdf","double_root_condition|discriminant_root_count"
"M3_QUAD_150_S12_Q083","M3_QUADRATIC_EQUATION","260711_이차방정식(11).pdf","double_root_condition|discriminant_root_count"
"M3_QUAD_150_S12_Q084","M3_QUADRATIC_EQUATION","260711_이차방정식(11).pdf","double_root_condition|discriminant_root_count"
"M3_QUAD_150_S12_Q085","M3_QUADRATIC_EQUATION","260711_이차방정식(11).pdf","double_root_condition|discriminant_root_count"
"M3_QUAD_150_S12_Q086","M3_QUADRATIC_EQUATION","260711_이차방정식(11).pdf","double_root_condition|discriminant_root_count"
"M3_QUAD_150_S12_Q087","M3_QUADRATIC_EQUATION","260711_이차방정식(11).pdf","discriminant_parameter_range|discriminant_root_count"
"M3_QUAD_150_S12_Q088","M3_QUADRATIC_EQUATION","260711_이차방정식(11).pdf","discriminant_parameter_range|discriminant_root_count"
"M3_QUAD_150_S12_Q089","M3_QUADRATIC_EQUATION","260711_이차방정식(11).pdf","discriminant_parameter_range|discriminant_root_count"
"M3_QUAD_150_S12_Q090","M3_QUADRATIC_EQUATION","260711_이차방정식(11).pdf","discriminant_parameter_range|discriminant_root_count"
"M3_QUAD_150_S12_Q091","M3_QUADRATIC_EQUATION","260711_이차방정식(11).pdf","discriminant_parameter_range|discriminant_root_count"
"M3_QUAD_150_S12_Q092","M3_QUADRATIC_EQUATION","260711_이차방정식(11).pdf","double_root_condition|discriminant_root_count"
"M3_QUAD_150_S12_Q093","M3_QUADRATIC_EQUATION","260711_이차방정식(11).pdf","discriminant_parameter_range|discriminant_root_count"
"M3_QUAD_150_S12_Q094","M3_QUADRATIC_EQUATION","260711_이차방정식(11).pdf","discriminant_parameter_range|discriminant_root_count"
"M3_QUAD_150_S12_Q095","M3_QUADRATIC_EQUATION","260711_이차방정식(11).pdf","quadratic_construction"
"M3_QUAD_150_S12_Q096","M3_QUADRATIC_EQUATION","260711_이차방정식(11).pdf","quadratic_construction"
"M3_QUAD_150_S12_Q097","M3_QUADRATIC_EQUATION","260711_이차방정식(11).pdf","quadratic_construction"
"M3_QUAD_150_S12_Q098","M3_QUADRATIC_EQUATION","260711_이차방정식(11).pdf","quadratic_construction"
"M3_QUAD_150_S12_Q099","M3_QUADRATIC_EQUATION","260711_이차방정식(11).pdf","quadratic_construction"
"M3_QUAD_150_S12_Q100","M3_QUADRATIC_EQUATION","260711_이차방정식(11).pdf","quadratic_construction"
"M3_QUAD_150_S12_Q101","M3_QUADRATIC_EQUATION","260711_이차방정식(11).pdf","quadratic_construction"
"M3_QUAD_150_S12_Q102","M3_QUADRATIC_EQUATION","260711_이차방정식(11).pdf","quadratic_construction"
"M3_QUAD_150_S12_Q103","M3_QUADRATIC_EQUATION","260711_이차방정식(11).pdf","irrational_conjugate"
"M3_QUAD_150_S12_Q104","M3_QUADRATIC_EQUATION","260711_이차방정식(11).pdf","irrational_conjugate"
"M3_QUAD_150_S12_Q105","M3_QUADRATIC_EQUATION","260711_이차방정식(11).pdf","irrational_conjugate"
"M3_QUAD_150_S12_Q106","M3_QUADRATIC_EQUATION","260711_이차방정식(11).pdf","irrational_conjugate"
"M3_QUAD_150_S12_Q107","M3_QUADRATIC_EQUATION","260711_이차방정식(11).pdf","irrational_conjugate"
"M3_QUAD_150_S12_Q108","M3_QUADRATIC_EQUATION","260711_이차방정식(11).pdf","irrational_conjugate"
"M3_QUAD_150_S12_Q109","M3_QUADRATIC_EQUATION","260711_이차방정식(11).pdf","irrational_conjugate"
"M3_QUAD_150_S12_Q110","M3_QUADRATIC_EQUATION","260711_이차방정식(11).pdf","consecutive_number_model"
"M3_QUAD_150_S12_Q111","M3_QUADRATIC_EQUATION","260711_이차방정식(11).pdf","consecutive_number_model"
"M3_QUAD_150_S12_Q112","M3_QUADRATIC_EQUATION","260711_이차방정식(11).pdf","consecutive_number_model"
"M3_QUAD_150_S12_Q113","M3_QUADRATIC_EQUATION","260711_이차방정식(11).pdf","consecutive_number_model"
"M3_QUAD_150_S12_Q114","M3_QUADRATIC_EQUATION","260711_이차방정식(11).pdf","consecutive_number_model"
"M3_QUAD_150_S12_Q115","M3_QUADRATIC_EQUATION","260711_이차방정식(11).pdf","consecutive_number_model"
"M3_QUAD_150_S12_Q116","M3_QUADRATIC_EQUATION","260711_이차방정식(11).pdf","age_count_model"
"M3_QUAD_150_S12_Q117","M3_QUADRATIC_EQUATION","260711_이차방정식(11).pdf","age_count_model"
"M3_QUAD_150_S12_Q118","M3_QUADRATIC_EQUATION","260711_이차방정식(11).pdf","age_count_model"
"M3_QUAD_150_S12_Q119","M3_QUADRATIC_EQUATION","260711_이차방정식(11).pdf","age_count_model"
"M3_QUAD_150_S12_Q120","M3_QUADRATIC_EQUATION","260711_이차방정식(11).pdf","age_count_model"
"M3_QUAD_150_S12_Q121","M3_QUADRATIC_EQUATION","260711_이차방정식(11).pdf","age_count_model"
"M3_QUAD_150_S12_Q122","M3_QUADRATIC_EQUATION","260711_이차방정식(11).pdf","application_modeling|age_count_model"
"M3_QUAD_150_S12_Q123","M3_QUADRATIC_EQUATION","260711_이차방정식(11).pdf","age_count_model"
"M3_QUAD_150_S12_Q124","M3_QUADRATIC_EQUATION","260711_이차방정식(11).pdf","motion_height_model"
"M3_QUAD_150_S12_Q125","M3_QUADRATIC_EQUATION","260711_이차방정식(11).pdf","motion_height_model"
"M3_QUAD_150_S12_Q126","M3_QUADRATIC_EQUATION","260711_이차방정식(11).pdf","motion_height_model"
"M3_QUAD_150_S12_Q127","M3_QUADRATIC_EQUATION","260711_이차방정식(11).pdf","motion_height_model"
"M3_QUAD_150_S12_Q128","M3_QUADRATIC_EQUATION","260711_이차방정식(11).pdf","motion_height_model"
"M3_QUAD_150_S12_Q129","M3_QUADRATIC_EQUATION","260711_이차방정식(11).pdf","motion_height_model"
"M3_QUAD_150_S12_Q130","M3_QUADRATIC_EQUATION","260711_이차방정식(11).pdf","geometry_modeling|geometry_model"
"M3_QUAD_150_S12_Q131","M3_QUADRATIC_EQUATION","260711_이차방정식(11).pdf","geometry_modeling|geometry_model"
"M3_QUAD_150_S12_Q132","M3_QUADRATIC_EQUATION","260711_이차방정식(11).pdf","geometry_modeling|geometry_model"
"M3_QUAD_150_S12_Q133","M3_QUADRATIC_EQUATION","260711_이차방정식(11).pdf","geometry_modeling|geometry_model"
"M3_QUAD_150_S12_Q134","M3_QUADRATIC_EQUATION","260711_이차방정식(11).pdf","geometry_modeling|geometry_model"
"M3_QUAD_150_S12_Q135","M3_QUADRATIC_EQUATION","260711_이차방정식(11).pdf","geometry_model"
"M3_QUAD_150_S12_Q136","M3_QUADRATIC_EQUATION","260711_이차방정식(11).pdf","geometry_model"
"M3_QUAD_150_S12_Q137","M3_QUADRATIC_EQUATION","260711_이차방정식(11).pdf","geometry_modeling|geometry_model"
"M3_QUAD_150_S12_Q138","M3_QUADRATIC_EQUATION","260711_이차방정식(11).pdf","geometry_model"
"M3_QUAD_150_S12_Q139","M3_QUADRATIC_EQUATION","260711_이차방정식(11).pdf","geometry_model"
"M3_QUAD_150_S12_Q140","M3_QUADRATIC_EQUATION","260711_이차방정식(11).pdf","geometry_modeling|geometry_model"
"M3_QUAD_150_S12_Q141","M3_QUADRATIC_EQUATION","260711_이차방정식(11).pdf","geometry_model"
"M3_QUAD_150_S12_Q142","M3_QUADRATIC_EQUATION","260711_이차방정식(11).pdf","geometry_model"
"M3_QUAD_150_S12_Q143","M3_QUADRATIC_EQUATION","260711_이차방정식(11).pdf","geometry_modeling|geometry_model"
"M3_QUAD_150_S12_Q144","M3_QUADRATIC_EQUATION","260711_이차방정식(11).pdf","geometry_model"
"M3_QUAD_150_S12_Q145","M3_QUADRATIC_EQUATION","260711_이차방정식(11).pdf","geometry_model"
"M3_QUAD_150_S12_Q146","M3_QUADRATIC_EQUATION","260711_이차방정식(11).pdf","geometry_model"
"M3_QUAD_150_S12_Q147","M3_QUADRATIC_EQUATION","260711_이차방정식(11).pdf","geometry_model"
"M3_QUAD_150_S12_Q148","M3_QUADRATIC_EQUATION","260711_이차방정식(11).pdf","geometry_model"
"M3_QUAD_150_S12_Q149","M3_QUADRATIC_EQUATION","260711_이차방정식(11).pdf","geometry_model"
"M3_QUAD_150_S12_Q150","M3_QUADRATIC_EQUATION","260711_이차방정식(11).pdf","geometry_model"
"M3_QUAD_150_S06_Q001","M3_QUADRATIC_EQUATION","260711_이차방정식(5).pdf","root_substitution"
"M3_QUAD_150_S06_Q002","M3_QUADRATIC_EQUATION","260711_이차방정식(5).pdf","root_substitution"
"M3_QUAD_150_S06_Q003","M3_QUADRATIC_EQUATION","260711_이차방정식(5).pdf","root_substitution"
"M3_QUAD_150_S06_Q004","M3_QUADRATIC_EQUATION","260711_이차방정식(5).pdf","root_substitution"
"M3_QUAD_150_S06_Q005","M3_QUADRATIC_EQUATION","260711_이차방정식(5).pdf","root_substitution"
"M3_QUAD_150_S06_Q006","M3_QUADRATIC_EQUATION","260711_이차방정식(5).pdf","root_substitution"
"M3_QUAD_150_S06_Q007","M3_QUADRATIC_EQUATION","260711_이차방정식(5).pdf","root_substitution"
"M3_QUAD_150_S06_Q008","M3_QUADRATIC_EQUATION","260711_이차방정식(5).pdf","root_substitution"
"M3_QUAD_150_S06_Q009","M3_QUADRATIC_EQUATION","260711_이차방정식(5).pdf","zero_product_factorization"
"M3_QUAD_150_S06_Q010","M3_QUADRATIC_EQUATION","260711_이차방정식(5).pdf","zero_product_factorization"
"M3_QUAD_150_S06_Q011","M3_QUADRATIC_EQUATION","260711_이차방정식(5).pdf","zero_product_factorization"
"M3_QUAD_150_S06_Q012","M3_QUADRATIC_EQUATION","260711_이차방정식(5).pdf","zero_product_factorization"
"M3_QUAD_150_S06_Q013","M3_QUADRATIC_EQUATION","260711_이차방정식(5).pdf","zero_product_factorization"
"M3_QUAD_150_S06_Q014","M3_QUADRATIC_EQUATION","260711_이차방정식(5).pdf","root_substitution|zero_product_factorization"
"M3_QUAD_150_S06_Q015","M3_QUADRATIC_EQUATION","260711_이차방정식(5).pdf","root_substitution"
"M3_QUAD_150_S06_Q016","M3_QUADRATIC_EQUATION","260711_이차방정식(5).pdf","root_substitution"
"M3_QUAD_150_S06_Q017","M3_QUADRATIC_EQUATION","260711_이차방정식(5).pdf","root_substitution"
"M3_QUAD_150_S06_Q018","M3_QUADRATIC_EQUATION","260711_이차방정식(5).pdf","root_substitution"
"M3_QUAD_150_S06_Q019","M3_QUADRATIC_EQUATION","260711_이차방정식(5).pdf","root_substitution"
"M3_QUAD_150_S06_Q020","M3_QUADRATIC_EQUATION","260711_이차방정식(5).pdf","root_substitution|zero_product_factorization"
"M3_QUAD_150_S06_Q021","M3_QUADRATIC_EQUATION","260711_이차방정식(5).pdf","root_substitution|zero_product_factorization"
"M3_QUAD_150_S06_Q022","M3_QUADRATIC_EQUATION","260711_이차방정식(5).pdf","root_substitution|zero_product_factorization"
"M3_QUAD_150_S06_Q023","M3_QUADRATIC_EQUATION","260711_이차방정식(5).pdf","root_substitution|zero_product_factorization"
"M3_QUAD_150_S06_Q024","M3_QUADRATIC_EQUATION","260711_이차방정식(5).pdf","double_root_condition"
"M3_QUAD_150_S06_Q025","M3_QUADRATIC_EQUATION","260711_이차방정식(5).pdf","double_root_condition"
"M3_QUAD_150_S06_Q026","M3_QUADRATIC_EQUATION","260711_이차방정식(5).pdf","double_root_condition"
"M3_QUAD_150_S06_Q027","M3_QUADRATIC_EQUATION","260711_이차방정식(5).pdf","double_root_condition"
"M3_QUAD_150_S06_Q028","M3_QUADRATIC_EQUATION","260711_이차방정식(5).pdf","double_root_condition"
"M3_QUAD_150_S06_Q029","M3_QUADRATIC_EQUATION","260711_이차방정식(5).pdf","double_root_condition"
"M3_QUAD_150_S06_Q030","M3_QUADRATIC_EQUATION","260711_이차방정식(5).pdf","double_root_condition|discriminant_root_count"
"M3_QUAD_150_S06_Q031","M3_QUADRATIC_EQUATION","260711_이차방정식(5).pdf","double_root_condition"
"M3_QUAD_150_S06_Q032","M3_QUADRATIC_EQUATION","260711_이차방정식(5).pdf","common_root_condition"
"M3_QUAD_150_S06_Q033","M3_QUADRATIC_EQUATION","260711_이차방정식(5).pdf","common_root_condition"
"M3_QUAD_150_S06_Q034","M3_QUADRATIC_EQUATION","260711_이차방정식(5).pdf","common_root_condition"
"M3_QUAD_150_S06_Q035","M3_QUADRATIC_EQUATION","260711_이차방정식(5).pdf","common_root_condition"
"M3_QUAD_150_S06_Q036","M3_QUADRATIC_EQUATION","260711_이차방정식(5).pdf","sqrt_solving"
"M3_QUAD_150_S06_Q037","M3_QUADRATIC_EQUATION","260711_이차방정식(5).pdf","sqrt_solving"
"M3_QUAD_150_S06_Q038","M3_QUADRATIC_EQUATION","260711_이차방정식(5).pdf","sqrt_solving"
"M3_QUAD_150_S06_Q039","M3_QUADRATIC_EQUATION","260711_이차방정식(5).pdf","sqrt_solving"
"M3_QUAD_150_S06_Q040","M3_QUADRATIC_EQUATION","260711_이차방정식(5).pdf","sqrt_solving"
"M3_QUAD_150_S06_Q041","M3_QUADRATIC_EQUATION","260711_이차방정식(5).pdf","sqrt_solving"
"M3_QUAD_150_S06_Q042","M3_QUADRATIC_EQUATION","260711_이차방정식(5).pdf","sqrt_solving"
"M3_QUAD_150_S06_Q043","M3_QUADRATIC_EQUATION","260711_이차방정식(5).pdf","sqrt_solving"
"M3_QUAD_150_S06_Q044","M3_QUADRATIC_EQUATION","260711_이차방정식(5).pdf","complete_square"
"M3_QUAD_150_S06_Q045","M3_QUADRATIC_EQUATION","260711_이차방정식(5).pdf","complete_square"
"M3_QUAD_150_S06_Q046","M3_QUADRATIC_EQUATION","260711_이차방정식(5).pdf","complete_square"
"M3_QUAD_150_S06_Q047","M3_QUADRATIC_EQUATION","260711_이차방정식(5).pdf","complete_square"
"M3_QUAD_150_S06_Q048","M3_QUADRATIC_EQUATION","260711_이차방정식(5).pdf","quadratic_formula"
"M3_QUAD_150_S06_Q049","M3_QUADRATIC_EQUATION","260711_이차방정식(5).pdf","quadratic_formula"
"M3_QUAD_150_S06_Q050","M3_QUADRATIC_EQUATION","260711_이차방정식(5).pdf","quadratic_formula"
"M3_QUAD_150_S06_Q051","M3_QUADRATIC_EQUATION","260711_이차방정식(5).pdf","quadratic_formula"
"M3_QUAD_150_S06_Q052","M3_QUADRATIC_EQUATION","260711_이차방정식(5).pdf","quadratic_formula"
"M3_QUAD_150_S06_Q053","M3_QUADRATIC_EQUATION","260711_이차방정식(5).pdf","quadratic_formula|root_substitution"
"M3_QUAD_150_S06_Q054","M3_QUADRATIC_EQUATION","260711_이차방정식(5).pdf","quadratic_formula|root_substitution"
"M3_QUAD_150_S06_Q055","M3_QUADRATIC_EQUATION","260711_이차방정식(5).pdf","quadratic_formula|root_substitution"
"M3_QUAD_150_S06_Q056","M3_QUADRATIC_EQUATION","260711_이차방정식(5).pdf","quadratic_formula|root_substitution"
"M3_QUAD_150_S06_Q057","M3_QUADRATIC_EQUATION","260711_이차방정식(5).pdf","complex_equation_structure"
"M3_QUAD_150_S06_Q058","M3_QUADRATIC_EQUATION","260711_이차방정식(5).pdf","complex_equation_structure"
"M3_QUAD_150_S06_Q059","M3_QUADRATIC_EQUATION","260711_이차방정식(5).pdf","complex_equation_structure"
"M3_QUAD_150_S06_Q060","M3_QUADRATIC_EQUATION","260711_이차방정식(5).pdf","complex_equation_structure"
"M3_QUAD_150_S06_Q061","M3_QUADRATIC_EQUATION","260711_이차방정식(5).pdf","complex_equation_structure"
"M3_QUAD_150_S06_Q062","M3_QUADRATIC_EQUATION","260711_이차방정식(5).pdf","complex_equation_structure"
"M3_QUAD_150_S06_Q063","M3_QUADRATIC_EQUATION","260711_이차방정식(5).pdf","complex_equation_structure"
"M3_QUAD_150_S06_Q064","M3_QUADRATIC_EQUATION","260711_이차방정식(5).pdf","complex_equation_structure"
"M3_QUAD_150_S06_Q065","M3_QUADRATIC_EQUATION","260711_이차방정식(5).pdf","complex_equation_structure"
"M3_QUAD_150_S06_Q066","M3_QUADRATIC_EQUATION","260711_이차방정식(5).pdf","complex_equation_structure"
"M3_QUAD_150_S06_Q067","M3_QUADRATIC_EQUATION","260711_이차방정식(5).pdf","complex_equation_structure"
"M3_QUAD_150_S06_Q068","M3_QUADRATIC_EQUATION","260711_이차방정식(5).pdf","complex_equation_structure"
"M3_QUAD_150_S06_Q069","M3_QUADRATIC_EQUATION","260711_이차방정식(5).pdf","complex_equation_structure"
"M3_QUAD_150_S06_Q070","M3_QUADRATIC_EQUATION","260711_이차방정식(5).pdf","complex_equation_structure"
"M3_QUAD_150_S06_Q071","M3_QUADRATIC_EQUATION","260711_이차방정식(5).pdf","substitution_structure|zero_product_factorization"
"M3_QUAD_150_S06_Q072","M3_QUADRATIC_EQUATION","260711_이차방정식(5).pdf","substitution_structure|zero_product_factorization"
"M3_QUAD_150_S06_Q073","M3_QUADRATIC_EQUATION","260711_이차방정식(5).pdf","substitution_structure|zero_product_factorization"
"M3_QUAD_150_S06_Q074","M3_QUADRATIC_EQUATION","260711_이차방정식(5).pdf","substitution_structure|zero_product_factorization"
"M3_QUAD_150_S06_Q075","M3_QUADRATIC_EQUATION","260711_이차방정식(5).pdf","substitution_structure|zero_product_factorization"
"M3_QUAD_150_S06_Q076","M3_QUADRATIC_EQUATION","260711_이차방정식(5).pdf","substitution_structure"
"M3_QUAD_150_S06_Q077","M3_QUADRATIC_EQUATION","260711_이차방정식(5).pdf","substitution_structure"
"M3_QUAD_150_S06_Q078","M3_QUADRATIC_EQUATION","260711_이차방정식(5).pdf","substitution_structure"
"M3_QUAD_150_S06_Q079","M3_QUADRATIC_EQUATION","260711_이차방정식(5).pdf","discriminant_root_count"
"M3_QUAD_150_S06_Q080","M3_QUADRATIC_EQUATION","260711_이차방정식(5).pdf","double_root_condition|discriminant_root_count"
"M3_QUAD_150_S06_Q081","M3_QUADRATIC_EQUATION","260711_이차방정식(5).pdf","double_root_condition|discriminant_root_count"
"M3_QUAD_150_S06_Q082","M3_QUADRATIC_EQUATION","260711_이차방정식(5).pdf","double_root_condition|discriminant_root_count"
"M3_QUAD_150_S06_Q083","M3_QUADRATIC_EQUATION","260711_이차방정식(5).pdf","double_root_condition|discriminant_root_count"
"M3_QUAD_150_S06_Q084","M3_QUADRATIC_EQUATION","260711_이차방정식(5).pdf","discriminant_parameter_range|discriminant_root_count"
"M3_QUAD_150_S06_Q085","M3_QUADRATIC_EQUATION","260711_이차방정식(5).pdf","discriminant_parameter_range|discriminant_root_count"
"M3_QUAD_150_S06_Q086","M3_QUADRATIC_EQUATION","260711_이차방정식(5).pdf","double_root_condition|discriminant_root_count"
"M3_QUAD_150_S06_Q087","M3_QUADRATIC_EQUATION","260711_이차방정식(5).pdf","discriminant_parameter_range|discriminant_root_count"
"M3_QUAD_150_S06_Q088","M3_QUADRATIC_EQUATION","260711_이차방정식(5).pdf","discriminant_parameter_range|discriminant_root_count"
"M3_QUAD_150_S06_Q089","M3_QUADRATIC_EQUATION","260711_이차방정식(5).pdf","quadratic_construction"
"M3_QUAD_150_S06_Q090","M3_QUADRATIC_EQUATION","260711_이차방정식(5).pdf","quadratic_construction"
"M3_QUAD_150_S06_Q091","M3_QUADRATIC_EQUATION","260711_이차방정식(5).pdf","quadratic_construction"
"M3_QUAD_150_S06_Q092","M3_QUADRATIC_EQUATION","260711_이차방정식(5).pdf","quadratic_construction"
"M3_QUAD_150_S06_Q093","M3_QUADRATIC_EQUATION","260711_이차방정식(5).pdf","quadratic_construction|vietas_relation"
"M3_QUAD_150_S06_Q094","M3_QUADRATIC_EQUATION","260711_이차방정식(5).pdf","quadratic_construction|vietas_relation"
"M3_QUAD_150_S06_Q095","M3_QUADRATIC_EQUATION","260711_이차방정식(5).pdf","quadratic_construction|vietas_relation"
"M3_QUAD_150_S06_Q096","M3_QUADRATIC_EQUATION","260711_이차방정식(5).pdf","quadratic_construction"
"M3_QUAD_150_S06_Q097","M3_QUADRATIC_EQUATION","260711_이차방정식(5).pdf","quadratic_construction|vietas_relation"
"M3_QUAD_150_S06_Q102","M3_QUADRATIC_EQUATION","260711_이차방정식(5).pdf","irrational_conjugate"
"M3_QUAD_150_S06_Q103","M3_QUADRATIC_EQUATION","260711_이차방정식(5).pdf","irrational_conjugate"
"M3_QUAD_150_S06_Q104","M3_QUADRATIC_EQUATION","260711_이차방정식(5).pdf","irrational_conjugate"
"M3_QUAD_150_S06_Q105","M3_QUADRATIC_EQUATION","260711_이차방정식(5).pdf","irrational_conjugate"
"M3_QUAD_150_S06_Q106","M3_QUADRATIC_EQUATION","260711_이차방정식(5).pdf","number_word_problem"
"M3_QUAD_150_S06_Q107","M3_QUADRATIC_EQUATION","260711_이차방정식(5).pdf","number_word_problem"
"M3_QUAD_150_S06_Q108","M3_QUADRATIC_EQUATION","260711_이차방정식(5).pdf","number_word_problem"
"M3_QUAD_150_S06_Q109","M3_QUADRATIC_EQUATION","260711_이차방정식(5).pdf","consecutive_number_model"
"M3_QUAD_150_S06_Q110","M3_QUADRATIC_EQUATION","260711_이차방정식(5).pdf","consecutive_number_model"
"M3_QUAD_150_S06_Q111","M3_QUADRATIC_EQUATION","260711_이차방정식(5).pdf","consecutive_number_model"
"M3_QUAD_150_S06_Q112","M3_QUADRATIC_EQUATION","260711_이차방정식(5).pdf","consecutive_number_model"
"M3_QUAD_150_S06_Q113","M3_QUADRATIC_EQUATION","260711_이차방정식(5).pdf","ratio_concentration_model"
"M3_QUAD_150_S06_Q114","M3_QUADRATIC_EQUATION","260711_이차방정식(5).pdf","ratio_concentration_model"
"M3_QUAD_150_S06_Q115","M3_QUADRATIC_EQUATION","260711_이차방정식(5).pdf","ratio_concentration_model"
"M3_QUAD_150_S06_Q116","M3_QUADRATIC_EQUATION","260711_이차방정식(5).pdf","ratio_concentration_model"
"M3_QUAD_150_S06_Q117","M3_QUADRATIC_EQUATION","260711_이차방정식(5).pdf","ratio_concentration_model"
"M3_QUAD_150_S06_Q118","M3_QUADRATIC_EQUATION","260711_이차방정식(5).pdf","age_count_model"
"M3_QUAD_150_S06_Q119","M3_QUADRATIC_EQUATION","260711_이차방정식(5).pdf","age_count_model"
"M3_QUAD_150_S06_Q120","M3_QUADRATIC_EQUATION","260711_이차방정식(5).pdf","age_count_model"
"M3_QUAD_150_S06_Q121","M3_QUADRATIC_EQUATION","260711_이차방정식(5).pdf","motion_height_model"
"M3_QUAD_150_S06_Q122","M3_QUADRATIC_EQUATION","260711_이차방정식(5).pdf","motion_height_model"
"M3_QUAD_150_S06_Q123","M3_QUADRATIC_EQUATION","260711_이차방정식(5).pdf","motion_height_model"
"M3_QUAD_150_S06_Q124","M3_QUADRATIC_EQUATION","260711_이차방정식(5).pdf","motion_height_model"
"M3_QUAD_150_S06_Q125","M3_QUADRATIC_EQUATION","260711_이차방정식(5).pdf","geometry_model"
"M3_QUAD_150_S06_Q126","M3_QUADRATIC_EQUATION","260711_이차방정식(5).pdf","geometry_model"
"M3_QUAD_150_S06_Q127","M3_QUADRATIC_EQUATION","260711_이차방정식(5).pdf","geometry_model"
"M3_QUAD_150_S06_Q128","M3_QUADRATIC_EQUATION","260711_이차방정식(5).pdf","geometry_model"
"M3_QUAD_150_S06_Q129","M3_QUADRATIC_EQUATION","260711_이차방정식(5).pdf","geometry_model"
"M3_QUAD_150_S06_Q130","M3_QUADRATIC_EQUATION","260711_이차방정식(5).pdf","geometry_model"
"M3_QUAD_150_S06_Q131","M3_QUADRATIC_EQUATION","260711_이차방정식(5).pdf","geometry_model"
"M3_QUAD_150_S06_Q132","M3_QUADRATIC_EQUATION","260711_이차방정식(5).pdf","geometry_model"
"M3_QUAD_150_S06_Q133","M3_QUADRATIC_EQUATION","260711_이차방정식(5).pdf","geometry_model"
"M3_QUAD_150_S06_Q134","M3_QUADRATIC_EQUATION","260711_이차방정식(5).pdf","geometry_model"
"M3_QUAD_150_S06_Q135","M3_QUADRATIC_EQUATION","260711_이차방정식(5).pdf","geometry_model"
"M3_QUAD_150_S06_Q136","M3_QUADRATIC_EQUATION","260711_이차방정식(5).pdf","geometry_model"
"M3_QUAD_150_S06_Q137","M3_QUADRATIC_EQUATION","260711_이차방정식(5).pdf","geometry_model"
"M3_QUAD_150_S06_Q138","M3_QUADRATIC_EQUATION","260711_이차방정식(5).pdf","geometry_model"
"M3_QUAD_150_S06_Q139","M3_QUADRATIC_EQUATION","260711_이차방정식(5).pdf","geometry_model"
"M3_QUAD_150_S06_Q140","M3_QUADRATIC_EQUATION","260711_이차방정식(5).pdf","geometry_model"
"M3_QUAD_150_S06_Q141","M3_QUADRATIC_EQUATION","260711_이차방정식(5).pdf","geometry_model"
"M3_QUAD_150_S06_Q142","M3_QUADRATIC_EQUATION","260711_이차방정식(5).pdf","geometry_model"
"M3_QUAD_150_S06_Q143","M3_QUADRATIC_EQUATION","260711_이차방정식(5).pdf","geometry_model"
"M3_QUAD_150_S06_Q144","M3_QUADRATIC_EQUATION","260711_이차방정식(5).pdf","geometry_model"
"M3_QUAD_150_S06_Q145","M3_QUADRATIC_EQUATION","260711_이차방정식(5).pdf","geometry_model"
"M3_QUAD_150_S06_Q146","M3_QUADRATIC_EQUATION","260711_이차방정식(5).pdf","geometry_model"
"M3_QUAD_150_S06_Q147","M3_QUADRATIC_EQUATION","260711_이차방정식(5).pdf","geometry_model"
"M3_QUAD_150_S06_Q148","M3_QUADRATIC_EQUATION","260711_이차방정식(5).pdf","geometry_model"
"M3_QUAD_150_S06_Q149","M3_QUADRATIC_EQUATION","260711_이차방정식(5).pdf","geometry_model"
"M3_QUAD_150_S06_Q150","M3_QUADRATIC_EQUATION","260711_이차방정식(5).pdf","geometry_model"
"M3_QFUNC_150_S04_Q007","M3_QUADRATIC_FUNCTION","260711_이차함수(3).pdf","quadratic_function|function_value|coefficient"
"M3_QFUNC_150_S04_Q008","M3_QUADRATIC_FUNCTION","260711_이차함수(3).pdf","quadratic_function|function_value|coefficient"
"M3_QFUNC_150_S04_Q009","M3_QUADRATIC_FUNCTION","260711_이차함수(3).pdf","quadratic_function|function_value|coefficient"
"M3_QFUNC_150_S04_Q010","M3_QUADRATIC_FUNCTION","260711_이차함수(3).pdf","quadratic_function|function_value|coefficient"
"M3_QFUNC_150_S04_Q011","M3_QUADRATIC_FUNCTION","260711_이차함수(3).pdf","graph_interpretation|vertex_axis|parabola|graph_reading"
"M3_QFUNC_150_S04_Q014","M3_QUADRATIC_FUNCTION","260711_이차함수(3).pdf","graph_interpretation|vertex_axis|parabola|graph_reading"
"M3_QFUNC_150_S04_Q020","M3_QUADRATIC_FUNCTION","260711_이차함수(3).pdf","graph_interpretation|vertex_axis|parabola"
"M3_QFUNC_150_S04_Q026","M3_QUADRATIC_FUNCTION","260711_이차함수(3).pdf","graph_interpretation|vertex_axis|parabola|equation_from_conditions|graph_reading"
"M3_QFUNC_150_S04_Q032","M3_QUADRATIC_FUNCTION","260711_이차함수(3).pdf","graph_interpretation|vertex_axis|parabola|translation"
"M3_QFUNC_150_S04_Q034","M3_QUADRATIC_FUNCTION","260711_이차함수(3).pdf","graph_interpretation|vertex_axis|parabola|translation"
"M3_QFUNC_150_S04_Q035","M3_QUADRATIC_FUNCTION","260711_이차함수(3).pdf","graph_interpretation|vertex_axis|parabola|translation"
"M3_QFUNC_150_S04_Q036","M3_QUADRATIC_FUNCTION","260711_이차함수(3).pdf","graph_interpretation|vertex_axis|parabola|translation"
"M3_QFUNC_150_S04_Q038","M3_QUADRATIC_FUNCTION","260711_이차함수(3).pdf","graph_interpretation|vertex_axis|parabola|translation"
"M3_QFUNC_150_S04_Q039","M3_QUADRATIC_FUNCTION","260711_이차함수(3).pdf","graph_interpretation|vertex_axis|parabola|translation"
"M3_QFUNC_150_S04_Q040","M3_QUADRATIC_FUNCTION","260711_이차함수(3).pdf","graph_interpretation|vertex_axis|parabola|translation"
"M3_QFUNC_150_S04_Q041","M3_QUADRATIC_FUNCTION","260711_이차함수(3).pdf","graph_interpretation|vertex_axis|parabola|translation"
"M3_QFUNC_150_S04_Q042","M3_QUADRATIC_FUNCTION","260711_이차함수(3).pdf","graph_interpretation|vertex_axis|parabola|translation"
"M3_QFUNC_150_S04_Q043","M3_QUADRATIC_FUNCTION","260711_이차함수(3).pdf","graph_interpretation|vertex_axis|parabola|translation"
"M3_QFUNC_150_S04_Q046","M3_QUADRATIC_FUNCTION","260711_이차함수(3).pdf","graph_interpretation|vertex_axis|parabola|translation"
"M3_QFUNC_150_S04_Q047","M3_QUADRATIC_FUNCTION","260711_이차함수(3).pdf","graph_interpretation|vertex_axis|parabola|translation|graph_reading"
"M3_QFUNC_150_S04_Q048","M3_QUADRATIC_FUNCTION","260711_이차함수(3).pdf","graph_interpretation|vertex_axis|parabola|translation"
"M3_QFUNC_150_S04_Q076","M3_QUADRATIC_FUNCTION","260711_이차함수(3).pdf","intercept|quadratic_equation|intersection|graph_reading"
"M3_QFUNC_150_S04_Q077","M3_QUADRATIC_FUNCTION","260711_이차함수(3).pdf","intercept|quadratic_equation|intersection"
"M3_QFUNC_150_S04_Q078","M3_QUADRATIC_FUNCTION","260711_이차함수(3).pdf","intercept|quadratic_equation|intersection"
"M3_QFUNC_150_S04_Q107","M3_QUADRATIC_FUNCTION","260711_이차함수(3).pdf","equation_from_conditions|coefficient_condition|substitution|graph_reading"
"M3_QFUNC_150_S04_Q108","M3_QUADRATIC_FUNCTION","260711_이차함수(3).pdf","equation_from_conditions|coefficient_condition|substitution|graph_reading"
"M3_QFUNC_150_S04_Q109","M3_QUADRATIC_FUNCTION","260711_이차함수(3).pdf","equation_from_conditions|coefficient_condition|substitution|graph_reading"
"M3_QFUNC_150_S04_Q118","M3_QUADRATIC_FUNCTION","260711_이차함수(3).pdf","equation_from_conditions|coefficient_condition|substitution|graph_reading"
"M3_QFUNC_150_S04_Q119","M3_QUADRATIC_FUNCTION","260711_이차함수(3).pdf","equation_from_conditions|coefficient_condition|substitution"
"M3_QFUNC_150_S04_Q120","M3_QUADRATIC_FUNCTION","260711_이차함수(3).pdf","equation_from_conditions|coefficient_condition|substitution|graph_reading"
"M3_QFUNC_150_S04_Q140","M3_QUADRATIC_FUNCTION","260711_이차함수(3).pdf","modeling|geometry_area|condition_translation|graph_reading"
"M3_QFUNC_150_S04_Q141","M3_QUADRATIC_FUNCTION","260711_이차함수(3).pdf","modeling|geometry_area|condition_translation|graph_reading"
"M3_QFUNC_150_S04_Q142","M3_QUADRATIC_FUNCTION","260711_이차함수(3).pdf","modeling|geometry_area|condition_translation|graph_reading"
"M3_QFUNC_150_S04_Q143","M3_QUADRATIC_FUNCTION","260711_이차함수(3).pdf","modeling|geometry_area|condition_translation|graph_reading"
"M3_QFUNC_150_S10_Q020","M3_QUADRATIC_FUNCTION","260711_이차함수(9).pdf","graph_interpretation|vertex_axis|parabola|equation_from_conditions|graph_reading"
"M3_QFUNC_150_S10_Q021","M3_QUADRATIC_FUNCTION","260711_이차함수(9).pdf","graph_interpretation|vertex_axis|parabola|equation_from_conditions|graph_reading"
"M3_QFUNC_150_S10_Q022","M3_QUADRATIC_FUNCTION","260711_이차함수(9).pdf","graph_interpretation|vertex_axis|parabola|equation_from_conditions|graph_reading"
"M3_QFUNC_150_S10_Q023","M3_QUADRATIC_FUNCTION","260711_이차함수(9).pdf","graph_interpretation|vertex_axis|parabola|equation_from_conditions|graph_reading"
"M3_QFUNC_150_S10_Q030","M3_QUADRATIC_FUNCTION","260711_이차함수(9).pdf","graph_interpretation|vertex_axis|parabola|translation"
"M3_QFUNC_150_S10_Q031","M3_QUADRATIC_FUNCTION","260711_이차함수(9).pdf","graph_interpretation|vertex_axis|parabola|translation"
"M3_QFUNC_150_S10_Q032","M3_QUADRATIC_FUNCTION","260711_이차함수(9).pdf","graph_interpretation|vertex_axis|parabola|translation"
"M3_QFUNC_150_S10_Q033","M3_QUADRATIC_FUNCTION","260711_이차함수(9).pdf","graph_interpretation|vertex_axis|parabola|translation"
"M3_QFUNC_150_S10_Q034","M3_QUADRATIC_FUNCTION","260711_이차함수(9).pdf","graph_interpretation|vertex_axis|parabola|translation|graph_reading"
"M3_QFUNC_150_S10_Q035","M3_QUADRATIC_FUNCTION","260711_이차함수(9).pdf","graph_interpretation|vertex_axis|parabola|translation"
"M3_QFUNC_150_S10_Q038","M3_QUADRATIC_FUNCTION","260711_이차함수(9).pdf","graph_interpretation|vertex_axis|parabola|translation"
"M3_QFUNC_150_S10_Q073","M3_QUADRATIC_FUNCTION","260711_이차함수(9).pdf","intercept|quadratic_equation|intersection"
"M3_QFUNC_150_S10_Q074","M3_QUADRATIC_FUNCTION","260711_이차함수(9).pdf","intercept|quadratic_equation|intersection"
"M3_QFUNC_150_S10_Q075","M3_QUADRATIC_FUNCTION","260711_이차함수(9).pdf","intercept|quadratic_equation|intersection|graph_reading"
"M3_QFUNC_150_S10_Q076","M3_QUADRATIC_FUNCTION","260711_이차함수(9).pdf","intercept|quadratic_equation|intersection"
"M3_QFUNC_150_S10_Q077","M3_QUADRATIC_FUNCTION","260711_이차함수(9).pdf","intercept|quadratic_equation|intersection"
"M3_QFUNC_150_S10_Q079","M3_QUADRATIC_FUNCTION","260711_이차함수(9).pdf","intercept|quadratic_equation|intersection|graph_reading"
"M3_QFUNC_150_S10_Q113","M3_QUADRATIC_FUNCTION","260711_이차함수(9).pdf","equation_from_conditions|coefficient_condition|substitution"
"M3_QFUNC_150_S10_Q114","M3_QUADRATIC_FUNCTION","260711_이차함수(9).pdf","equation_from_conditions|coefficient_condition|substitution|graph_reading"
"M3_QFUNC_150_S10_Q115","M3_QUADRATIC_FUNCTION","260711_이차함수(9).pdf","equation_from_conditions|coefficient_condition|substitution"
"M3_QFUNC_150_S10_Q116","M3_QUADRATIC_FUNCTION","260711_이차함수(9).pdf","equation_from_conditions|coefficient_condition|substitution"
"M3_QFUNC_150_S10_Q117","M3_QUADRATIC_FUNCTION","260711_이차함수(9).pdf","equation_from_conditions|coefficient_condition|substitution|graph_reading"
"M3_QFUNC_150_S10_Q118","M3_QUADRATIC_FUNCTION","260711_이차함수(9).pdf","equation_from_conditions|coefficient_condition|substitution"
"M3_QFUNC_150_S10_Q119","M3_QUADRATIC_FUNCTION","260711_이차함수(9).pdf","equation_from_conditions|coefficient_condition|substitution"
"M3_QFUNC_150_S10_Q120","M3_QUADRATIC_FUNCTION","260711_이차함수(9).pdf","equation_from_conditions|coefficient_condition|substitution"
"M3_QFUNC_150_S10_Q121","M3_QUADRATIC_FUNCTION","260711_이차함수(9).pdf","equation_from_conditions|coefficient_condition|substitution"
"M3_QFUNC_150_S10_Q140","M3_QUADRATIC_FUNCTION","260711_이차함수(9).pdf","modeling|geometry_area|condition_translation|graph_reading"
"M3_QFUNC_150_S10_Q141","M3_QUADRATIC_FUNCTION","260711_이차함수(9).pdf","modeling|geometry_area|condition_translation|graph_reading"
"M3_QFUNC_150_S10_Q142","M3_QUADRATIC_FUNCTION","260711_이차함수(9).pdf","modeling|geometry_area|condition_translation|graph_reading"
"M3_QFUNC_150_S10_Q143","M3_QUADRATIC_FUNCTION","260711_이차함수(9).pdf","modeling|geometry_area|condition_translation|graph_reading"
"M3_QFUNC_150_S10_Q144","M3_QUADRATIC_FUNCTION","260711_이차함수(9).pdf","modeling|geometry_area|condition_translation|graph_reading"
"M3_QFUNC_150_S10_Q145","M3_QUADRATIC_FUNCTION","260711_이차함수(9).pdf","modeling|geometry_area|condition_translation|graph_reading"
"M3_QFUNC_150_S10_Q146","M3_QUADRATIC_FUNCTION","260711_이차함수(9).pdf","modeling|geometry_area|condition_translation|graph_reading"
"M3_QFUNC_150_S10_Q147","M3_QUADRATIC_FUNCTION","260711_이차함수(9).pdf","modeling|geometry_area|condition_translation|graph_reading"
"M3_REAL_150_S07_Q001","M3_REAL_NUMBER_CALC","260711_실수와 그 계산(6).pdf","sqrt_definition_property"
"M3_REAL_150_S07_Q002","M3_REAL_NUMBER_CALC","260711_실수와 그 계산(6).pdf","sqrt_definition_property|application_or_complexity"
"M3_REAL_150_S07_Q003","M3_REAL_NUMBER_CALC","260711_실수와 그 계산(6).pdf","sqrt_definition_property|application_or_complexity"
"M3_REAL_150_S07_Q004","M3_REAL_NUMBER_CALC","260711_실수와 그 계산(6).pdf","sqrt_definition_property|application_or_complexity"
"M3_REAL_150_S07_Q005","M3_REAL_NUMBER_CALC","260711_실수와 그 계산(6).pdf","sqrt_definition_property|application_or_complexity"
"M3_REAL_150_S07_Q006","M3_REAL_NUMBER_CALC","260711_실수와 그 계산(6).pdf","sqrt_definition_property"
"M3_REAL_150_S07_Q007","M3_REAL_NUMBER_CALC","260711_실수와 그 계산(6).pdf","sqrt_definition_property"
"M3_REAL_150_S07_Q008","M3_REAL_NUMBER_CALC","260711_실수와 그 계산(6).pdf","sqrt_definition_property"
"M3_REAL_150_S07_Q009","M3_REAL_NUMBER_CALC","260711_실수와 그 계산(6).pdf","sqrt_definition_property"
"M3_REAL_150_S07_Q010","M3_REAL_NUMBER_CALC","260711_실수와 그 계산(6).pdf","sqrt_definition_property"
"M3_REAL_150_S07_Q011","M3_REAL_NUMBER_CALC","260711_실수와 그 계산(6).pdf","sqrt_definition_property"
"M3_REAL_150_S07_Q012","M3_REAL_NUMBER_CALC","260711_실수와 그 계산(6).pdf","sqrt_definition_property"
"M3_REAL_150_S07_Q013","M3_REAL_NUMBER_CALC","260711_실수와 그 계산(6).pdf","sqrt_definition_property"
"M3_REAL_150_S07_Q014","M3_REAL_NUMBER_CALC","260711_실수와 그 계산(6).pdf","sqrt_definition_property"
"M3_REAL_150_S07_Q015","M3_REAL_NUMBER_CALC","260711_실수와 그 계산(6).pdf","real_number_operation"
"M3_REAL_150_S07_Q016","M3_REAL_NUMBER_CALC","260711_실수와 그 계산(6).pdf","real_number_operation"
"M3_REAL_150_S07_Q017","M3_REAL_NUMBER_CALC","260711_실수와 그 계산(6).pdf","real_number_operation"
"M3_REAL_150_S07_Q018","M3_REAL_NUMBER_CALC","260711_실수와 그 계산(6).pdf","real_number_operation"
"M3_REAL_150_S07_Q019","M3_REAL_NUMBER_CALC","260711_실수와 그 계산(6).pdf","sqrt_definition_property"
"M3_REAL_150_S07_Q020","M3_REAL_NUMBER_CALC","260711_실수와 그 계산(6).pdf","sqrt_definition_property"
"M3_REAL_150_S07_Q021","M3_REAL_NUMBER_CALC","260711_실수와 그 계산(6).pdf","sqrt_definition_property"
"M3_REAL_150_S07_Q022","M3_REAL_NUMBER_CALC","260711_실수와 그 계산(6).pdf","sqrt_definition_property"
"M3_REAL_150_S07_Q023","M3_REAL_NUMBER_CALC","260711_실수와 그 계산(6).pdf","sqrt_definition_property"
"M3_REAL_150_S07_Q024","M3_REAL_NUMBER_CALC","260711_실수와 그 계산(6).pdf","sqrt_definition_property|application_or_complexity"
"M3_REAL_150_S07_Q025","M3_REAL_NUMBER_CALC","260711_실수와 그 계산(6).pdf","sqrt_definition_property|application_or_complexity"
"M3_REAL_150_S07_Q026","M3_REAL_NUMBER_CALC","260711_실수와 그 계산(6).pdf","sqrt_definition_property|application_or_complexity"
"M3_REAL_150_S07_Q027","M3_REAL_NUMBER_CALC","260711_실수와 그 계산(6).pdf","sqrt_definition_property|application_or_complexity"
"M3_REAL_150_S07_Q028","M3_REAL_NUMBER_CALC","260711_실수와 그 계산(6).pdf","condition_inequality"
"M3_REAL_150_S07_Q029","M3_REAL_NUMBER_CALC","260711_실수와 그 계산(6).pdf","condition_inequality"
"M3_REAL_150_S07_Q030","M3_REAL_NUMBER_CALC","260711_실수와 그 계산(6).pdf","condition_inequality|application_or_complexity"
"M3_REAL_150_S07_Q031","M3_REAL_NUMBER_CALC","260711_실수와 그 계산(6).pdf","condition_inequality"
"M3_REAL_150_S07_Q032","M3_REAL_NUMBER_CALC","260711_실수와 그 계산(6).pdf","condition_inequality"
"M3_REAL_150_S07_Q033","M3_REAL_NUMBER_CALC","260711_실수와 그 계산(6).pdf","condition_inequality|application_or_complexity"
"M3_REAL_150_S07_Q034","M3_REAL_NUMBER_CALC","260711_실수와 그 계산(6).pdf","condition_inequality"
"M3_REAL_150_S07_Q035","M3_REAL_NUMBER_CALC","260711_실수와 그 계산(6).pdf","condition_inequality|application_or_complexity"
"M3_REAL_150_S07_Q036","M3_REAL_NUMBER_CALC","260711_실수와 그 계산(6).pdf","condition_inequality"
"M3_REAL_150_S07_Q037","M3_REAL_NUMBER_CALC","260711_실수와 그 계산(6).pdf","condition_inequality"
"M3_REAL_150_S07_Q038","M3_REAL_NUMBER_CALC","260711_실수와 그 계산(6).pdf","condition_inequality"
"M3_REAL_150_S07_Q039","M3_REAL_NUMBER_CALC","260711_실수와 그 계산(6).pdf","order_relation"
"M3_REAL_150_S07_Q040","M3_REAL_NUMBER_CALC","260711_실수와 그 계산(6).pdf","order_relation"
"M3_REAL_150_S07_Q041","M3_REAL_NUMBER_CALC","260711_실수와 그 계산(6).pdf","order_relation"
"M3_REAL_150_S07_Q042","M3_REAL_NUMBER_CALC","260711_실수와 그 계산(6).pdf","order_relation"
"M3_REAL_150_S07_Q043","M3_REAL_NUMBER_CALC","260711_실수와 그 계산(6).pdf","condition_inequality|application_or_complexity"
"M3_REAL_150_S07_Q044","M3_REAL_NUMBER_CALC","260711_실수와 그 계산(6).pdf","condition_inequality|application_or_complexity"
"M3_REAL_150_S07_Q045","M3_REAL_NUMBER_CALC","260711_실수와 그 계산(6).pdf","condition_inequality|application_or_complexity"
"M3_REAL_150_S07_Q046","M3_REAL_NUMBER_CALC","260711_실수와 그 계산(6).pdf","condition_inequality"
"M3_REAL_150_S07_Q047","M3_REAL_NUMBER_CALC","260711_실수와 그 계산(6).pdf","condition_inequality|application_or_complexity"
"M3_REAL_150_S07_Q048","M3_REAL_NUMBER_CALC","260711_실수와 그 계산(6).pdf","condition_inequality|application_or_complexity"
"M3_REAL_150_S07_Q049","M3_REAL_NUMBER_CALC","260711_실수와 그 계산(6).pdf","condition_inequality|application_or_complexity"
"M3_REAL_150_S07_Q050","M3_REAL_NUMBER_CALC","260711_실수와 그 계산(6).pdf","condition_inequality|application_or_complexity"
"M3_REAL_150_S07_Q051","M3_REAL_NUMBER_CALC","260711_실수와 그 계산(6).pdf","real_number_classification"
"M3_REAL_150_S07_Q052","M3_REAL_NUMBER_CALC","260711_실수와 그 계산(6).pdf","real_number_classification|application_or_complexity"
"M3_REAL_150_S07_Q053","M3_REAL_NUMBER_CALC","260711_실수와 그 계산(6).pdf","real_number_classification"
"M3_REAL_150_S07_Q054","M3_REAL_NUMBER_CALC","260711_실수와 그 계산(6).pdf","real_number_classification"
"M3_REAL_150_S07_Q055","M3_REAL_NUMBER_CALC","260711_실수와 그 계산(6).pdf","real_number_classification"
"M3_REAL_150_S07_Q056","M3_REAL_NUMBER_CALC","260711_실수와 그 계산(6).pdf","geometry_application"
"M3_REAL_150_S07_Q057","M3_REAL_NUMBER_CALC","260711_실수와 그 계산(6).pdf","geometry_application|application_or_complexity"
"M3_REAL_150_S07_Q058","M3_REAL_NUMBER_CALC","260711_실수와 그 계산(6).pdf","geometry_application|application_or_complexity"
"M3_REAL_150_S07_Q059","M3_REAL_NUMBER_CALC","260711_실수와 그 계산(6).pdf","geometry_application|application_or_complexity"
"M3_REAL_150_S07_Q060","M3_REAL_NUMBER_CALC","260711_실수와 그 계산(6).pdf","geometry_application|application_or_complexity"
"M3_REAL_150_S07_Q061","M3_REAL_NUMBER_CALC","260711_실수와 그 계산(6).pdf","geometry_application|application_or_complexity"
"M3_REAL_150_S07_Q062","M3_REAL_NUMBER_CALC","260711_실수와 그 계산(6).pdf","geometry_application|application_or_complexity"
"M3_REAL_150_S07_Q063","M3_REAL_NUMBER_CALC","260711_실수와 그 계산(6).pdf","geometry_application|application_or_complexity"
"M3_REAL_150_S07_Q064","M3_REAL_NUMBER_CALC","260711_실수와 그 계산(6).pdf","order_relation"
"M3_REAL_150_S07_Q065","M3_REAL_NUMBER_CALC","260711_실수와 그 계산(6).pdf","order_relation"
"M3_REAL_150_S07_Q066","M3_REAL_NUMBER_CALC","260711_실수와 그 계산(6).pdf","order_relation"
"M3_REAL_150_S07_Q067","M3_REAL_NUMBER_CALC","260711_실수와 그 계산(6).pdf","order_relation"
"M3_REAL_150_S07_Q068","M3_REAL_NUMBER_CALC","260711_실수와 그 계산(6).pdf","order_relation"
"M3_REAL_150_S07_Q069","M3_REAL_NUMBER_CALC","260711_실수와 그 계산(6).pdf","radical_multiply_divide"
"M3_REAL_150_S07_Q070","M3_REAL_NUMBER_CALC","260711_실수와 그 계산(6).pdf","radical_multiply_divide"
"M3_REAL_150_S07_Q071","M3_REAL_NUMBER_CALC","260711_실수와 그 계산(6).pdf","radical_multiply_divide"
"M3_REAL_150_S07_Q072","M3_REAL_NUMBER_CALC","260711_실수와 그 계산(6).pdf","radical_multiply_divide"
"M3_REAL_150_S07_Q073","M3_REAL_NUMBER_CALC","260711_실수와 그 계산(6).pdf","radical_multiply_divide"
"M3_REAL_150_S07_Q074","M3_REAL_NUMBER_CALC","260711_실수와 그 계산(6).pdf","radical_multiply_divide"
"M3_REAL_150_S07_Q075","M3_REAL_NUMBER_CALC","260711_실수와 그 계산(6).pdf","radical_multiply_divide|application_or_complexity"
"M3_REAL_150_S07_Q076","M3_REAL_NUMBER_CALC","260711_실수와 그 계산(6).pdf","radical_multiply_divide|application_or_complexity"
"M3_REAL_150_S07_Q077","M3_REAL_NUMBER_CALC","260711_실수와 그 계산(6).pdf","radical_multiply_divide|application_or_complexity"
"M3_REAL_150_S07_Q078","M3_REAL_NUMBER_CALC","260711_실수와 그 계산(6).pdf","radical_multiply_divide"
"M3_REAL_150_S07_Q079","M3_REAL_NUMBER_CALC","260711_실수와 그 계산(6).pdf","radical_multiply_divide"
"M3_REAL_150_S07_Q080","M3_REAL_NUMBER_CALC","260711_실수와 그 계산(6).pdf","radical_multiply_divide"
"M3_REAL_150_S07_Q081","M3_REAL_NUMBER_CALC","260711_실수와 그 계산(6).pdf","radical_multiply_divide"
"M3_REAL_150_S07_Q082","M3_REAL_NUMBER_CALC","260711_실수와 그 계산(6).pdf","radical_multiply_divide"
"M3_REAL_150_S07_Q083","M3_REAL_NUMBER_CALC","260711_실수와 그 계산(6).pdf","radical_multiply_divide"
"M3_REAL_150_S07_Q084","M3_REAL_NUMBER_CALC","260711_실수와 그 계산(6).pdf","radical_multiply_divide"
"M3_REAL_150_S07_Q085","M3_REAL_NUMBER_CALC","260711_실수와 그 계산(6).pdf","radical_multiply_divide"
"M3_REAL_150_S07_Q086","M3_REAL_NUMBER_CALC","260711_실수와 그 계산(6).pdf","radical_multiply_divide"
"M3_REAL_150_S07_Q087","M3_REAL_NUMBER_CALC","260711_실수와 그 계산(6).pdf","sqrt_table_estimation"
"M3_REAL_150_S07_Q088","M3_REAL_NUMBER_CALC","260711_실수와 그 계산(6).pdf","sqrt_table_estimation"
"M3_REAL_150_S07_Q089","M3_REAL_NUMBER_CALC","260711_실수와 그 계산(6).pdf","sqrt_table_estimation"
"M3_REAL_150_S07_Q090","M3_REAL_NUMBER_CALC","260711_실수와 그 계산(6).pdf","sqrt_table_estimation"
"M3_REAL_150_S07_Q091","M3_REAL_NUMBER_CALC","260711_실수와 그 계산(6).pdf","symbol_expression"
"M3_REAL_150_S07_Q092","M3_REAL_NUMBER_CALC","260711_실수와 그 계산(6).pdf","symbol_expression"
"M3_REAL_150_S07_Q093","M3_REAL_NUMBER_CALC","260711_실수와 그 계산(6).pdf","symbol_expression"
"M3_REAL_150_S07_Q094","M3_REAL_NUMBER_CALC","260711_실수와 그 계산(6).pdf","symbol_expression"
"M3_REAL_150_S07_Q095","M3_REAL_NUMBER_CALC","260711_실수와 그 계산(6).pdf","rationalization"
"M3_REAL_150_S07_Q096","M3_REAL_NUMBER_CALC","260711_실수와 그 계산(6).pdf","rationalization|application_or_complexity"
"M3_REAL_150_S07_Q097","M3_REAL_NUMBER_CALC","260711_실수와 그 계산(6).pdf","rationalization|application_or_complexity"
"M3_REAL_150_S07_Q098","M3_REAL_NUMBER_CALC","260711_실수와 그 계산(6).pdf","rationalization|application_or_complexity"
"M3_REAL_150_S07_Q099","M3_REAL_NUMBER_CALC","260711_실수와 그 계산(6).pdf","radical_multiply_divide"
"M3_REAL_150_S07_Q100","M3_REAL_NUMBER_CALC","260711_실수와 그 계산(6).pdf","radical_multiply_divide|application_or_complexity"
"M3_REAL_150_S07_Q101","M3_REAL_NUMBER_CALC","260711_실수와 그 계산(6).pdf","radical_add_subtract"
"M3_REAL_150_S07_Q102","M3_REAL_NUMBER_CALC","260711_실수와 그 계산(6).pdf","radical_add_subtract"
"M3_REAL_150_S07_Q103","M3_REAL_NUMBER_CALC","260711_실수와 그 계산(6).pdf","geometry_application|application_or_complexity"
"M3_REAL_150_S07_Q104","M3_REAL_NUMBER_CALC","260711_실수와 그 계산(6).pdf","geometry_application|application_or_complexity"
"M3_REAL_150_S07_Q105","M3_REAL_NUMBER_CALC","260711_실수와 그 계산(6).pdf","geometry_application|application_or_complexity"
"M3_REAL_150_S07_Q106","M3_REAL_NUMBER_CALC","260711_실수와 그 계산(6).pdf","geometry_application|application_or_complexity"
"M3_REAL_150_S07_Q107","M3_REAL_NUMBER_CALC","260711_실수와 그 계산(6).pdf","geometry_application"
"M3_REAL_150_S07_Q108","M3_REAL_NUMBER_CALC","260711_실수와 그 계산(6).pdf","geometry_application|application_or_complexity"
"M3_REAL_150_S07_Q109","M3_REAL_NUMBER_CALC","260711_실수와 그 계산(6).pdf","geometry_application|application_or_complexity"
"M3_REAL_150_S07_Q110","M3_REAL_NUMBER_CALC","260711_실수와 그 계산(6).pdf","geometry_application|application_or_complexity"
"M3_REAL_150_S07_Q111","M3_REAL_NUMBER_CALC","260711_실수와 그 계산(6).pdf","geometry_application|application_or_complexity"
"M3_REAL_150_S07_Q112","M3_REAL_NUMBER_CALC","260711_실수와 그 계산(6).pdf","radical_add_subtract"
"M3_REAL_150_S07_Q113","M3_REAL_NUMBER_CALC","260711_실수와 그 계산(6).pdf","radical_add_subtract"
"M3_REAL_150_S07_Q114","M3_REAL_NUMBER_CALC","260711_실수와 그 계산(6).pdf","radical_add_subtract"
"M3_REAL_150_S07_Q115","M3_REAL_NUMBER_CALC","260711_실수와 그 계산(6).pdf","radical_add_subtract"
"M3_REAL_150_S07_Q116","M3_REAL_NUMBER_CALC","260711_실수와 그 계산(6).pdf","radical_add_subtract"
"M3_REAL_150_S07_Q117","M3_REAL_NUMBER_CALC","260711_실수와 그 계산(6).pdf","radical_add_subtract"
"M3_REAL_150_S07_Q118","M3_REAL_NUMBER_CALC","260711_실수와 그 계산(6).pdf","radical_add_subtract|application_or_complexity"
"M3_REAL_150_S07_Q119","M3_REAL_NUMBER_CALC","260711_실수와 그 계산(6).pdf","radical_add_subtract|application_or_complexity"
"M3_REAL_150_S07_Q120","M3_REAL_NUMBER_CALC","260711_실수와 그 계산(6).pdf","radical_add_subtract|application_or_complexity"
"M3_REAL_150_S07_Q121","M3_REAL_NUMBER_CALC","260711_실수와 그 계산(6).pdf","rationalization"
"M3_REAL_150_S07_Q122","M3_REAL_NUMBER_CALC","260711_실수와 그 계산(6).pdf","rationalization"
"M3_REAL_150_S07_Q123","M3_REAL_NUMBER_CALC","260711_실수와 그 계산(6).pdf","rationalization"
"M3_REAL_150_S07_Q124","M3_REAL_NUMBER_CALC","260711_실수와 그 계산(6).pdf","rationalization"
"M3_REAL_150_S07_Q125","M3_REAL_NUMBER_CALC","260711_실수와 그 계산(6).pdf","rationalization"
"M3_REAL_150_S07_Q126","M3_REAL_NUMBER_CALC","260711_실수와 그 계산(6).pdf","radical_add_subtract"
"M3_REAL_150_S07_Q127","M3_REAL_NUMBER_CALC","260711_실수와 그 계산(6).pdf","radical_add_subtract"
"M3_REAL_150_S07_Q128","M3_REAL_NUMBER_CALC","260711_실수와 그 계산(6).pdf","radical_add_subtract"
"M3_REAL_150_S07_Q129","M3_REAL_NUMBER_CALC","260711_실수와 그 계산(6).pdf","radical_add_subtract"
"M3_REAL_150_S07_Q130","M3_REAL_NUMBER_CALC","260711_실수와 그 계산(6).pdf","radical_add_subtract"
"M3_REAL_150_S07_Q131","M3_REAL_NUMBER_CALC","260711_실수와 그 계산(6).pdf","condition_inequality|application_or_complexity"
"M3_REAL_150_S07_Q132","M3_REAL_NUMBER_CALC","260711_실수와 그 계산(6).pdf","condition_inequality|application_or_complexity"
"M3_REAL_150_S07_Q133","M3_REAL_NUMBER_CALC","260711_실수와 그 계산(6).pdf","condition_inequality|application_or_complexity"
"M3_REAL_150_S07_Q134","M3_REAL_NUMBER_CALC","260711_실수와 그 계산(6).pdf","condition_inequality|application_or_complexity"
"M3_REAL_150_S07_Q135","M3_REAL_NUMBER_CALC","260711_실수와 그 계산(6).pdf","integer_decimal_part|application_or_complexity"
"M3_REAL_150_S07_Q136","M3_REAL_NUMBER_CALC","260711_실수와 그 계산(6).pdf","integer_decimal_part|application_or_complexity"
"M3_REAL_150_S07_Q137","M3_REAL_NUMBER_CALC","260711_실수와 그 계산(6).pdf","integer_decimal_part|application_or_complexity"
"M3_REAL_150_S07_Q138","M3_REAL_NUMBER_CALC","260711_실수와 그 계산(6).pdf","integer_decimal_part|application_or_complexity"
"M3_REAL_150_S07_Q139","M3_REAL_NUMBER_CALC","260711_실수와 그 계산(6).pdf","integer_decimal_part|application_or_complexity"
"M3_REAL_150_S07_Q140","M3_REAL_NUMBER_CALC","260711_실수와 그 계산(6).pdf","geometry_application|application_or_complexity"
"M3_REAL_150_S07_Q141","M3_REAL_NUMBER_CALC","260711_실수와 그 계산(6).pdf","geometry_application|application_or_complexity"
"M3_REAL_150_S07_Q142","M3_REAL_NUMBER_CALC","260711_실수와 그 계산(6).pdf","geometry_application|application_or_complexity"
"M3_REAL_150_S07_Q143","M3_REAL_NUMBER_CALC","260711_실수와 그 계산(6).pdf","geometry_application|application_or_complexity"
"M3_REAL_150_S07_Q144","M3_REAL_NUMBER_CALC","260711_실수와 그 계산(6).pdf","geometry_application|application_or_complexity"
"M3_REAL_150_S07_Q145","M3_REAL_NUMBER_CALC","260711_실수와 그 계산(6).pdf","geometry_application"
"M3_REAL_150_S07_Q146","M3_REAL_NUMBER_CALC","260711_실수와 그 계산(6).pdf","geometry_application"
"M3_REAL_150_S07_Q147","M3_REAL_NUMBER_CALC","260711_실수와 그 계산(6).pdf","geometry_application"
"M3_REAL_150_S07_Q148","M3_REAL_NUMBER_CALC","260711_실수와 그 계산(6).pdf","order_relation"
"M3_REAL_150_S07_Q149","M3_REAL_NUMBER_CALC","260711_실수와 그 계산(6).pdf","order_relation|application_or_complexity"
"M3_REAL_150_S07_Q150","M3_REAL_NUMBER_CALC","260711_실수와 그 계산(6).pdf","order_relation|application_or_complexity"
"M3_TRIG_72_S11_Q001","M3_TRIGONOMETRIC_RATIO","260711_삼각비(10).pdf","trigonometric_ratio|coordinate_geometry|line_slope"
"M3_TRIG_72_S11_Q002","M3_TRIGONOMETRIC_RATIO","260711_삼각비(10).pdf","trigonometric_ratio|quarter_circle|unit_quadrant|visual_geometry_interpretation"
"M3_TRIG_72_S11_Q003","M3_TRIGONOMETRIC_RATIO","260711_삼각비(10).pdf","trigonometric_ratio|quarter_circle|unit_quadrant|visual_geometry_interpretation"
"M3_TRIG_72_S11_Q004","M3_TRIGONOMETRIC_RATIO","260711_삼각비(10).pdf","trigonometric_ratio|quarter_circle|unit_quadrant|visual_geometry_interpretation"
"M3_TRIG_72_S11_Q005","M3_TRIGONOMETRIC_RATIO","260711_삼각비(10).pdf","trigonometric_ratio|quarter_circle|unit_quadrant|visual_geometry_interpretation"
"M3_TRIG_72_S11_Q006","M3_TRIGONOMETRIC_RATIO","260711_삼각비(10).pdf","trigonometric_ratio|quarter_circle|unit_quadrant|visual_geometry_interpretation"
"M3_TRIG_72_S11_Q007","M3_TRIGONOMETRIC_RATIO","260711_삼각비(10).pdf","trigonometric_ratio|quarter_circle|unit_quadrant|visual_geometry_interpretation"
"M3_TRIG_72_S11_Q008","M3_TRIGONOMETRIC_RATIO","260711_삼각비(10).pdf","trigonometric_ratio|quarter_circle|unit_quadrant|visual_geometry_interpretation"
"M3_TRIG_72_S11_Q009","M3_TRIGONOMETRIC_RATIO","260711_삼각비(10).pdf","trigonometric_ratio|quarter_circle|unit_quadrant|visual_geometry_interpretation"
"M3_TRIG_72_S11_Q010","M3_TRIGONOMETRIC_RATIO","260711_삼각비(10).pdf","trigonometric_ratio|quarter_circle|unit_quadrant|visual_geometry_interpretation"
"M3_TRIG_72_S11_Q011","M3_TRIGONOMETRIC_RATIO","260711_삼각비(10).pdf","trigonometric_ratio|quarter_circle|unit_quadrant|visual_geometry_interpretation"
"M3_TRIG_72_S11_Q012","M3_TRIGONOMETRIC_RATIO","260711_삼각비(10).pdf","trigonometric_ratio|length_calculation|visual_geometry_interpretation"
"M3_TRIG_72_S11_Q013","M3_TRIGONOMETRIC_RATIO","260711_삼각비(10).pdf","trigonometric_ratio|length_calculation|visual_geometry_interpretation"
"M3_TRIG_72_S11_Q014","M3_TRIGONOMETRIC_RATIO","260711_삼각비(10).pdf","trigonometric_ratio|length_calculation|visual_geometry_interpretation"
"M3_TRIG_72_S11_Q015","M3_TRIGONOMETRIC_RATIO","260711_삼각비(10).pdf","trigonometric_ratio|length_calculation|visual_geometry_interpretation"
"M3_TRIG_72_S11_Q016","M3_TRIGONOMETRIC_RATIO","260711_삼각비(10).pdf","trigonometric_ratio|length_calculation|visual_geometry_interpretation"
"M3_TRIG_72_S11_Q017","M3_TRIGONOMETRIC_RATIO","260711_삼각비(10).pdf","trigonometric_ratio|length_calculation|visual_geometry_interpretation"
"M3_TRIG_72_S11_Q018","M3_TRIGONOMETRIC_RATIO","260711_삼각비(10).pdf","trigonometric_ratio|length_calculation|visual_geometry_interpretation"
"M3_TRIG_72_S11_Q019","M3_TRIGONOMETRIC_RATIO","260711_삼각비(10).pdf","trigonometric_ratio|length_calculation|visual_geometry_interpretation"
"M3_TRIG_72_S11_Q020","M3_TRIGONOMETRIC_RATIO","260711_삼각비(10).pdf","trigonometric_ratio|length_calculation|visual_geometry_interpretation"
"M3_TRIG_72_S11_Q021","M3_TRIGONOMETRIC_RATIO","260711_삼각비(10).pdf","trigonometric_ratio|real_world_modeling|length_calculation|visual_geometry_interpretation"
"M3_TRIG_72_S11_Q022","M3_TRIGONOMETRIC_RATIO","260711_삼각비(10).pdf","trigonometric_ratio|real_world_modeling|length_calculation|visual_geometry_interpretation"
"M3_TRIG_72_S11_Q023","M3_TRIGONOMETRIC_RATIO","260711_삼각비(10).pdf","trigonometric_ratio|real_world_modeling|length_calculation|visual_geometry_interpretation"
"M3_TRIG_72_S11_Q024","M3_TRIGONOMETRIC_RATIO","260711_삼각비(10).pdf","trigonometric_ratio|real_world_modeling|length_calculation|visual_geometry_interpretation"
"M3_TRIG_72_S11_Q025","M3_TRIGONOMETRIC_RATIO","260711_삼각비(10).pdf","trigonometric_ratio|real_world_modeling|length_calculation|visual_geometry_interpretation"
"M3_TRIG_72_S11_Q026","M3_TRIGONOMETRIC_RATIO","260711_삼각비(10).pdf","trigonometric_ratio|real_world_modeling|length_calculation|visual_geometry_interpretation"
"M3_TRIG_72_S11_Q027","M3_TRIGONOMETRIC_RATIO","260711_삼각비(10).pdf","trigonometric_ratio|real_world_modeling|length_calculation|visual_geometry_interpretation"
"M3_TRIG_72_S11_Q028","M3_TRIGONOMETRIC_RATIO","260711_삼각비(10).pdf","trigonometric_ratio|real_world_modeling|length_calculation|visual_geometry_interpretation"
"M3_TRIG_72_S11_Q029","M3_TRIGONOMETRIC_RATIO","260711_삼각비(10).pdf","trigonometric_ratio|real_world_modeling|length_calculation|visual_geometry_interpretation"
"M3_TRIG_72_S11_Q030","M3_TRIGONOMETRIC_RATIO","260711_삼각비(10).pdf","trigonometric_ratio|real_world_modeling|length_calculation|visual_geometry_interpretation"
"M3_TRIG_72_S11_Q031","M3_TRIGONOMETRIC_RATIO","260711_삼각비(10).pdf","trigonometric_ratio|real_world_modeling|length_calculation|visual_geometry_interpretation"
"M3_TRIG_72_S11_Q032","M3_TRIGONOMETRIC_RATIO","260711_삼각비(10).pdf","trigonometric_ratio|real_world_modeling|length_calculation|visual_geometry_interpretation"
"M3_TRIG_72_S11_Q033","M3_TRIGONOMETRIC_RATIO","260711_삼각비(10).pdf","trigonometric_ratio|real_world_modeling|length_calculation|visual_geometry_interpretation"
"M3_TRIG_72_S11_Q034","M3_TRIGONOMETRIC_RATIO","260711_삼각비(10).pdf","trigonometric_ratio|real_world_modeling|length_calculation|visual_geometry_interpretation"
"M3_TRIG_72_S11_Q035","M3_TRIGONOMETRIC_RATIO","260711_삼각비(10).pdf","trigonometric_ratio|real_world_modeling|length_calculation|visual_geometry_interpretation"
"M3_TRIG_72_S11_Q036","M3_TRIGONOMETRIC_RATIO","260711_삼각비(10).pdf","trigonometric_ratio|real_world_modeling|length_calculation|visual_geometry_interpretation"
"M3_TRIG_72_S11_Q037","M3_TRIGONOMETRIC_RATIO","260711_삼각비(10).pdf","trigonometric_ratio|real_world_modeling|length_calculation"
"M3_TRIG_72_S11_Q038","M3_TRIGONOMETRIC_RATIO","260711_삼각비(10).pdf","trigonometric_ratio|real_world_modeling|length_calculation|visual_geometry_interpretation"
"M3_TRIG_72_S11_Q039","M3_TRIGONOMETRIC_RATIO","260711_삼각비(10).pdf","trigonometric_ratio|real_world_modeling|length_calculation|visual_geometry_interpretation"
"M3_TRIG_72_S11_Q040","M3_TRIGONOMETRIC_RATIO","260711_삼각비(10).pdf","trigonometric_ratio|real_world_modeling|length_calculation|visual_geometry_interpretation"
"M3_TRIG_72_S11_Q041","M3_TRIGONOMETRIC_RATIO","260711_삼각비(10).pdf","trigonometric_ratio|real_world_modeling|length_calculation|visual_geometry_interpretation"
"M3_TRIG_72_S11_Q042","M3_TRIGONOMETRIC_RATIO","260711_삼각비(10).pdf","trigonometric_ratio|real_world_modeling|length_calculation|visual_geometry_interpretation"
"M3_TRIG_72_S11_Q043","M3_TRIGONOMETRIC_RATIO","260711_삼각비(10).pdf","trigonometric_ratio|real_world_modeling|length_calculation"
"M3_TRIG_72_S11_Q044","M3_TRIGONOMETRIC_RATIO","260711_삼각비(10).pdf","trigonometric_ratio|real_world_modeling|length_calculation|visual_geometry_interpretation"
"M3_TRIG_72_S11_Q045","M3_TRIGONOMETRIC_RATIO","260711_삼각비(10).pdf","trigonometric_ratio|acute_triangle|area|visual_geometry_interpretation"
"M3_TRIG_72_S11_Q046","M3_TRIGONOMETRIC_RATIO","260711_삼각비(10).pdf","trigonometric_ratio|acute_triangle|area|visual_geometry_interpretation"
"M3_TRIG_72_S11_Q047","M3_TRIGONOMETRIC_RATIO","260711_삼각비(10).pdf","trigonometric_ratio|acute_triangle|area|visual_geometry_interpretation"
"M3_TRIG_72_S11_Q048","M3_TRIGONOMETRIC_RATIO","260711_삼각비(10).pdf","trigonometric_ratio|acute_triangle|area|visual_geometry_interpretation"
"M3_TRIG_72_S11_Q049","M3_TRIGONOMETRIC_RATIO","260711_삼각비(10).pdf","trigonometric_ratio|acute_triangle|area|visual_geometry_interpretation"
"M3_TRIG_72_S11_Q050","M3_TRIGONOMETRIC_RATIO","260711_삼각비(10).pdf","trigonometric_ratio|acute_triangle|area|visual_geometry_interpretation"
"M3_TRIG_72_S11_Q051","M3_TRIGONOMETRIC_RATIO","260711_삼각비(10).pdf","trigonometric_ratio|acute_triangle|area|visual_geometry_interpretation"
"M3_TRIG_72_S11_Q052","M3_TRIGONOMETRIC_RATIO","260711_삼각비(10).pdf","trigonometric_ratio|acute_triangle|area|visual_geometry_interpretation"
"M3_TRIG_72_S11_Q053","M3_TRIGONOMETRIC_RATIO","260711_삼각비(10).pdf","trigonometric_ratio|acute_triangle|area|visual_geometry_interpretation"
"M3_TRIG_72_S11_Q054","M3_TRIGONOMETRIC_RATIO","260711_삼각비(10).pdf","trigonometric_ratio|acute_triangle|area|visual_geometry_interpretation"
"M3_TRIG_72_S11_Q055","M3_TRIGONOMETRIC_RATIO","260711_삼각비(10).pdf","trigonometric_ratio|acute_triangle|area|visual_geometry_interpretation"
"M3_TRIG_72_S11_Q056","M3_TRIGONOMETRIC_RATIO","260711_삼각비(10).pdf","trigonometric_ratio|acute_triangle|area|visual_geometry_interpretation"
"M3_TRIG_72_S11_Q057","M3_TRIGONOMETRIC_RATIO","260711_삼각비(10).pdf","trigonometric_ratio|acute_triangle|area|visual_geometry_interpretation"
"M3_TRIG_72_S11_Q058","M3_TRIGONOMETRIC_RATIO","260711_삼각비(10).pdf","trigonometric_ratio|acute_triangle|area"
"M3_TRIG_72_S11_Q059","M3_TRIGONOMETRIC_RATIO","260711_삼각비(10).pdf","trigonometric_ratio|acute_triangle|area|visual_geometry_interpretation"
"M3_TRIG_72_S11_Q060","M3_TRIGONOMETRIC_RATIO","260711_삼각비(10).pdf","trigonometric_ratio|acute_triangle|area|visual_geometry_interpretation"
"M3_TRIG_72_S11_Q061","M3_TRIGONOMETRIC_RATIO","260711_삼각비(10).pdf","trigonometric_ratio|acute_triangle|area|visual_geometry_interpretation"
"M3_TRIG_72_S11_Q062","M3_TRIGONOMETRIC_RATIO","260711_삼각비(10).pdf","trigonometric_ratio|acute_triangle|area|visual_geometry_interpretation"
"M3_TRIG_72_S11_Q063","M3_TRIGONOMETRIC_RATIO","260711_삼각비(10).pdf","trigonometric_ratio|acute_triangle|area|visual_geometry_interpretation"
"M3_TRIG_72_S11_Q064","M3_TRIGONOMETRIC_RATIO","260711_삼각비(10).pdf","trigonometric_ratio|acute_triangle|area|visual_geometry_interpretation"
"M3_TRIG_72_S11_Q065","M3_TRIGONOMETRIC_RATIO","260711_삼각비(10).pdf","trigonometric_ratio|acute_triangle|area|visual_geometry_interpretation"
"M3_TRIG_72_S11_Q066","M3_TRIGONOMETRIC_RATIO","260711_삼각비(10).pdf","trigonometric_ratio|acute_triangle|area|visual_geometry_interpretation"
"M3_TRIG_72_S11_Q067","M3_TRIGONOMETRIC_RATIO","260711_삼각비(10).pdf","trigonometric_ratio|acute_triangle|area|visual_geometry_interpretation"
"M3_TRIG_72_S11_Q068","M3_TRIGONOMETRIC_RATIO","260711_삼각비(10).pdf","trigonometric_ratio|acute_triangle|area|visual_geometry_interpretation"
"M3_TRIG_72_S11_Q069","M3_TRIGONOMETRIC_RATIO","260711_삼각비(10).pdf","trigonometric_ratio|acute_triangle|area|visual_geometry_interpretation"
"M3_TRIG_72_S11_Q070","M3_TRIGONOMETRIC_RATIO","260711_삼각비(10).pdf","trigonometric_ratio|acute_triangle|area|visual_geometry_interpretation"
"M3_TRIG_72_S11_Q071","M3_TRIGONOMETRIC_RATIO","260711_삼각비(10).pdf","trigonometric_ratio|acute_triangle|area|visual_geometry_interpretation"
"M3_TRIG_72_S11_Q072","M3_TRIGONOMETRIC_RATIO","260711_삼각비(10).pdf","trigonometric_ratio|acute_triangle|area|visual_geometry_interpretation"
"M3_TRIG_150_S07_Q001","M3_TRIGONOMETRIC_RATIO","260711_삼각비(6).pdf","trigonometric_ratio|ratio_conversion|symbolic_condition_interpretation"
"M3_TRIG_150_S07_Q002","M3_TRIGONOMETRIC_RATIO","260711_삼각비(6).pdf","trigonometric_ratio|ratio_conversion"
"M3_TRIG_150_S07_Q003","M3_TRIGONOMETRIC_RATIO","260711_삼각비(6).pdf","trigonometric_ratio|ratio_conversion"
"M3_TRIG_150_S07_Q004","M3_TRIGONOMETRIC_RATIO","260711_삼각비(6).pdf","trigonometric_ratio|ratio_conversion"
"M3_TRIG_150_S07_Q005","M3_TRIGONOMETRIC_RATIO","260711_삼각비(6).pdf","trigonometric_ratio|ratio_conversion|symbolic_condition_interpretation"
"M3_TRIG_150_S07_Q006","M3_TRIGONOMETRIC_RATIO","260711_삼각비(6).pdf","trigonometric_ratio|ratio_conversion|symbolic_condition_interpretation"
"M3_TRIG_150_S07_Q007","M3_TRIGONOMETRIC_RATIO","260711_삼각비(6).pdf","trigonometric_ratio|right_triangle|similarity|new_trend|visual_interpretation"
"M3_TRIG_150_S07_Q008","M3_TRIGONOMETRIC_RATIO","260711_삼각비(6).pdf","trigonometric_ratio|right_triangle|similarity|new_trend|visual_interpretation"
"M3_TRIG_150_S07_Q009","M3_TRIGONOMETRIC_RATIO","260711_삼각비(6).pdf","trigonometric_ratio|right_triangle|similarity|visual_interpretation"
"M3_TRIG_150_S07_Q010","M3_TRIGONOMETRIC_RATIO","260711_삼각비(6).pdf","trigonometric_ratio|right_triangle|similarity|visual_interpretation"
"M3_TRIG_150_S07_Q011","M3_TRIGONOMETRIC_RATIO","260711_삼각비(6).pdf","trigonometric_ratio|right_triangle|similarity|visual_interpretation"
"M3_TRIG_150_S07_Q012","M3_TRIGONOMETRIC_RATIO","260711_삼각비(6).pdf","trigonometric_ratio|right_triangle|similarity|visual_interpretation"
"M3_TRIG_150_S07_Q013","M3_TRIGONOMETRIC_RATIO","260711_삼각비(6).pdf","trigonometric_ratio|right_triangle|similarity|new_trend|visual_interpretation"
"M3_TRIG_150_S07_Q014","M3_TRIGONOMETRIC_RATIO","260711_삼각비(6).pdf","trigonometric_ratio|right_triangle|similarity|visual_interpretation"
"M3_TRIG_150_S07_Q015","M3_TRIGONOMETRIC_RATIO","260711_삼각비(6).pdf","trigonometric_ratio|right_triangle|similarity|visual_interpretation"
"M3_TRIG_150_S07_Q016","M3_TRIGONOMETRIC_RATIO","260711_삼각비(6).pdf","trigonometric_ratio|right_triangle|similarity|visual_interpretation"
"M3_TRIG_150_S07_Q017","M3_TRIGONOMETRIC_RATIO","260711_삼각비(6).pdf","trigonometric_ratio|right_triangle|similarity|visual_interpretation"
"M3_TRIG_150_S07_Q018","M3_TRIGONOMETRIC_RATIO","260711_삼각비(6).pdf","trigonometric_ratio|right_triangle|similarity|visual_interpretation"
"M3_TRIG_150_S07_Q019","M3_TRIGONOMETRIC_RATIO","260711_삼각비(6).pdf","trigonometric_ratio|right_triangle|similarity|visual_interpretation"
"M3_TRIG_150_S07_Q020","M3_TRIGONOMETRIC_RATIO","260711_삼각비(6).pdf","trigonometric_ratio|coordinate_geometry|line_slope|visual_interpretation"
"M3_TRIG_150_S07_Q021","M3_TRIGONOMETRIC_RATIO","260711_삼각비(6).pdf","trigonometric_ratio|coordinate_geometry|line_slope"
"M3_TRIG_150_S07_Q022","M3_TRIGONOMETRIC_RATIO","260711_삼각비(6).pdf","trigonometric_ratio|coordinate_geometry|line_slope"
"M3_TRIG_150_S07_Q023","M3_TRIGONOMETRIC_RATIO","260711_삼각비(6).pdf","trigonometric_ratio|coordinate_geometry|line_slope"
"M3_TRIG_150_S07_Q024","M3_TRIGONOMETRIC_RATIO","260711_삼각비(6).pdf","trigonometric_ratio|coordinate_geometry|line_slope|visual_interpretation"
"M3_TRIG_150_S07_Q025","M3_TRIGONOMETRIC_RATIO","260711_삼각비(6).pdf","trigonometric_ratio|coordinate_geometry|line_slope|visual_interpretation"
"M3_TRIG_150_S07_Q026","M3_TRIGONOMETRIC_RATIO","260711_삼각비(6).pdf","trigonometric_ratio|plane_geometry|visual_interpretation"
"M3_TRIG_150_S07_Q027","M3_TRIGONOMETRIC_RATIO","260711_삼각비(6).pdf","trigonometric_ratio|plane_geometry|visual_interpretation"
"M3_TRIG_150_S07_Q028","M3_TRIGONOMETRIC_RATIO","260711_삼각비(6).pdf","trigonometric_ratio|plane_geometry|visual_interpretation"
"M3_TRIG_150_S07_Q029","M3_TRIGONOMETRIC_RATIO","260711_삼각비(6).pdf","trigonometric_ratio|plane_geometry|visual_interpretation"
"M3_TRIG_150_S07_Q030","M3_TRIGONOMETRIC_RATIO","260711_삼각비(6).pdf","trigonometric_ratio|plane_geometry|visual_interpretation"
"M3_TRIG_150_S07_Q031","M3_TRIGONOMETRIC_RATIO","260711_삼각비(6).pdf","trigonometric_ratio|plane_geometry|visual_interpretation"
"M3_TRIG_150_S07_Q032","M3_TRIGONOMETRIC_RATIO","260711_삼각비(6).pdf","trigonometric_ratio|solid_geometry|new_trend"
"M3_TRIG_150_S07_Q033","M3_TRIGONOMETRIC_RATIO","260711_삼각비(6).pdf","trigonometric_ratio|solid_geometry|visual_interpretation"
"M3_TRIG_150_S07_Q034","M3_TRIGONOMETRIC_RATIO","260711_삼각비(6).pdf","trigonometric_ratio|solid_geometry|visual_interpretation"
"M3_TRIG_150_S07_Q035","M3_TRIGONOMETRIC_RATIO","260711_삼각비(6).pdf","trigonometric_ratio|solid_geometry|new_trend|visual_interpretation"
"M3_TRIG_150_S07_Q036","M3_TRIGONOMETRIC_RATIO","260711_삼각비(6).pdf","trigonometric_ratio|solid_geometry|new_trend|visual_interpretation"
"M3_TRIG_150_S07_Q037","M3_TRIGONOMETRIC_RATIO","260711_삼각비(6).pdf","trigonometric_ratio|solid_geometry|new_trend|visual_interpretation"
"M3_TRIG_150_S07_Q038","M3_TRIGONOMETRIC_RATIO","260711_삼각비(6).pdf","trigonometric_ratio|special_angles|symbolic_condition_interpretation"
"M3_TRIG_150_S07_Q039","M3_TRIGONOMETRIC_RATIO","260711_삼각비(6).pdf","trigonometric_ratio|special_angles|symbolic_condition_interpretation"
"M3_TRIG_150_S07_Q040","M3_TRIGONOMETRIC_RATIO","260711_삼각비(6).pdf","trigonometric_ratio|special_angles|symbolic_condition_interpretation"
"M3_TRIG_150_S07_Q041","M3_TRIGONOMETRIC_RATIO","260711_삼각비(6).pdf","trigonometric_ratio|special_angles|symbolic_condition_interpretation"
"M3_TRIG_150_S07_Q042","M3_TRIGONOMETRIC_RATIO","260711_삼각비(6).pdf","trigonometric_ratio|special_angles|symbolic_condition_interpretation|visual_interpretation"
"M3_TRIG_150_S07_Q043","M3_TRIGONOMETRIC_RATIO","260711_삼각비(6).pdf","trigonometric_ratio|special_angles|symbolic_condition_interpretation"
"M3_TRIG_150_S07_Q044","M3_TRIGONOMETRIC_RATIO","260711_삼각비(6).pdf","trigonometric_ratio|special_angles|length_calculation|visual_interpretation"
"M3_TRIG_150_S07_Q045","M3_TRIGONOMETRIC_RATIO","260711_삼각비(6).pdf","trigonometric_ratio|special_angles|length_calculation|visual_interpretation"
"M3_TRIG_150_S07_Q046","M3_TRIGONOMETRIC_RATIO","260711_삼각비(6).pdf","trigonometric_ratio|special_angles|length_calculation|visual_interpretation"
"M3_TRIG_150_S07_Q047","M3_TRIGONOMETRIC_RATIO","260711_삼각비(6).pdf","trigonometric_ratio|special_angles|length_calculation|visual_interpretation"
"M3_TRIG_150_S07_Q048","M3_TRIGONOMETRIC_RATIO","260711_삼각비(6).pdf","trigonometric_ratio|special_angles|length_calculation|visual_interpretation"
"M3_TRIG_150_S07_Q049","M3_TRIGONOMETRIC_RATIO","260711_삼각비(6).pdf","trigonometric_ratio|special_angles|length_calculation|visual_interpretation"
"M3_TRIG_150_S07_Q050","M3_TRIGONOMETRIC_RATIO","260711_삼각비(6).pdf","trigonometric_ratio|special_angles|length_calculation|visual_interpretation"
"M3_TRIG_150_S07_Q051","M3_TRIGONOMETRIC_RATIO","260711_삼각비(6).pdf","trigonometric_ratio|special_angles|ratio_conversion|visual_interpretation"
"M3_TRIG_150_S07_Q052","M3_TRIGONOMETRIC_RATIO","260711_삼각비(6).pdf","trigonometric_ratio|special_angles|ratio_conversion|visual_interpretation"
"M3_TRIG_150_S07_Q053","M3_TRIGONOMETRIC_RATIO","260711_삼각비(6).pdf","trigonometric_ratio|special_angles|ratio_conversion|symbolic_condition_interpretation|visual_interpretation"
"M3_TRIG_150_S07_Q054","M3_TRIGONOMETRIC_RATIO","260711_삼각비(6).pdf","trigonometric_ratio|special_angles|ratio_conversion"
"M3_TRIG_150_S07_Q055","M3_TRIGONOMETRIC_RATIO","260711_삼각비(6).pdf","trigonometric_ratio|special_angles|ratio_conversion"
"M3_TRIG_150_S07_Q056","M3_TRIGONOMETRIC_RATIO","260711_삼각비(6).pdf","trigonometric_ratio|special_angles|ratio_conversion"
"M3_TRIG_150_S07_Q057","M3_TRIGONOMETRIC_RATIO","260711_삼각비(6).pdf","trigonometric_ratio|special_angles|visual_interpretation"
"M3_TRIG_150_S07_Q058","M3_TRIGONOMETRIC_RATIO","260711_삼각비(6).pdf","trigonometric_ratio|special_angles|visual_interpretation"
"M3_TRIG_150_S07_Q059","M3_TRIGONOMETRIC_RATIO","260711_삼각비(6).pdf","trigonometric_ratio|special_angles|visual_interpretation"
"M3_TRIG_150_S07_Q060","M3_TRIGONOMETRIC_RATIO","260711_삼각비(6).pdf","trigonometric_ratio|special_angles|visual_interpretation"
"M3_TRIG_150_S07_Q061","M3_TRIGONOMETRIC_RATIO","260711_삼각비(6).pdf","trigonometric_ratio|special_angles|visual_interpretation"
"M3_TRIG_150_S07_Q062","M3_TRIGONOMETRIC_RATIO","260711_삼각비(6).pdf","trigonometric_ratio|special_angles|visual_interpretation"
"M3_TRIG_150_S07_Q063","M3_TRIGONOMETRIC_RATIO","260711_삼각비(6).pdf","trigonometric_ratio|quarter_circle|unit_quadrant|visual_interpretation"
"M3_TRIG_150_S07_Q064","M3_TRIGONOMETRIC_RATIO","260711_삼각비(6).pdf","trigonometric_ratio|quarter_circle|unit_quadrant|visual_interpretation"
"M3_TRIG_150_S07_Q065","M3_TRIGONOMETRIC_RATIO","260711_삼각비(6).pdf","trigonometric_ratio|quarter_circle|unit_quadrant|visual_interpretation"
"M3_TRIG_150_S07_Q066","M3_TRIGONOMETRIC_RATIO","260711_삼각비(6).pdf","trigonometric_ratio|quarter_circle|unit_quadrant|visual_interpretation"
"M3_TRIG_150_S07_Q067","M3_TRIGONOMETRIC_RATIO","260711_삼각비(6).pdf","trigonometric_ratio|quarter_circle|unit_quadrant|visual_interpretation"
"M3_TRIG_150_S07_Q068","M3_TRIGONOMETRIC_RATIO","260711_삼각비(6).pdf","trigonometric_ratio|quarter_circle|unit_quadrant|visual_interpretation"
"M3_TRIG_150_S07_Q069","M3_TRIGONOMETRIC_RATIO","260711_삼각비(6).pdf","trigonometric_ratio|trig_monotonicity"
"M3_TRIG_150_S07_Q070","M3_TRIGONOMETRIC_RATIO","260711_삼각비(6).pdf","trigonometric_ratio|trig_monotonicity"
"M3_TRIG_150_S07_Q071","M3_TRIGONOMETRIC_RATIO","260711_삼각비(6).pdf","trigonometric_ratio|trig_monotonicity|symbolic_condition_interpretation"
"M3_TRIG_150_S07_Q072","M3_TRIGONOMETRIC_RATIO","260711_삼각비(6).pdf","trigonometric_ratio|trig_monotonicity|visual_interpretation"
"M3_TRIG_150_S07_Q073","M3_TRIGONOMETRIC_RATIO","260711_삼각비(6).pdf","trigonometric_ratio|trig_monotonicity"
"M3_TRIG_150_S07_Q074","M3_TRIGONOMETRIC_RATIO","260711_삼각비(6).pdf","trigonometric_ratio|trig_monotonicity|visual_interpretation"
"M3_TRIG_150_S07_Q075","M3_TRIGONOMETRIC_RATIO","260711_삼각비(6).pdf","trigonometric_ratio|trig_monotonicity|symbolic_condition_interpretation"
"M3_TRIG_150_S07_Q076","M3_TRIGONOMETRIC_RATIO","260711_삼각비(6).pdf","trigonometric_ratio|trig_monotonicity|symbolic_condition_interpretation"
"M3_TRIG_150_S07_Q077","M3_TRIGONOMETRIC_RATIO","260711_삼각비(6).pdf","trigonometric_ratio|trig_monotonicity"
"M3_TRIG_150_S07_Q078","M3_TRIGONOMETRIC_RATIO","260711_삼각비(6).pdf","trigonometric_ratio|trig_monotonicity"
"M3_TRIG_150_S07_Q079","M3_TRIGONOMETRIC_RATIO","260711_삼각비(6).pdf","trigonometric_ratio|trig_monotonicity|symbolic_condition_interpretation"
"M3_TRIG_150_S07_Q080","M3_TRIGONOMETRIC_RATIO","260711_삼각비(6).pdf","trigonometric_ratio|trig_monotonicity"
"M3_TRIG_150_S07_Q081","M3_TRIGONOMETRIC_RATIO","260711_삼각비(6).pdf","trigonometric_ratio|trig_monotonicity|symbolic_condition_interpretation"
"M3_TRIG_150_S07_Q082","M3_TRIGONOMETRIC_RATIO","260711_삼각비(6).pdf","trigonometric_ratio|trig_table|length_calculation|new_trend|visual_interpretation"
"M3_TRIG_150_S07_Q083","M3_TRIGONOMETRIC_RATIO","260711_삼각비(6).pdf","trigonometric_ratio|length_calculation|visual_interpretation"
"M3_TRIG_150_S07_Q084","M3_TRIGONOMETRIC_RATIO","260711_삼각비(6).pdf","trigonometric_ratio|length_calculation|new_trend|visual_interpretation"
"M3_TRIG_150_S07_Q085","M3_TRIGONOMETRIC_RATIO","260711_삼각비(6).pdf","trigonometric_ratio|length_calculation|visual_interpretation"
"M3_TRIG_150_S07_Q086","M3_TRIGONOMETRIC_RATIO","260711_삼각비(6).pdf","trigonometric_ratio|length_calculation|visual_interpretation"
"M3_TRIG_150_S07_Q087","M3_TRIGONOMETRIC_RATIO","260711_삼각비(6).pdf","trigonometric_ratio|length_calculation|new_trend|visual_interpretation"
"M3_TRIG_150_S07_Q088","M3_TRIGONOMETRIC_RATIO","260711_삼각비(6).pdf","trigonometric_ratio|length_calculation|visual_interpretation"
"M3_TRIG_150_S07_Q089","M3_TRIGONOMETRIC_RATIO","260711_삼각비(6).pdf","trigonometric_ratio|solid_geometry|length_calculation|visual_interpretation"
"M3_TRIG_150_S07_Q090","M3_TRIGONOMETRIC_RATIO","260711_삼각비(6).pdf","trigonometric_ratio|solid_geometry|length_calculation|visual_interpretation"
"M3_TRIG_150_S07_Q091","M3_TRIGONOMETRIC_RATIO","260711_삼각비(6).pdf","trigonometric_ratio|solid_geometry|length_calculation|visual_interpretation"
"M3_TRIG_150_S07_Q092","M3_TRIGONOMETRIC_RATIO","260711_삼각비(6).pdf","trigonometric_ratio|solid_geometry|length_calculation|new_trend|visual_interpretation"
"M3_TRIG_150_S07_Q093","M3_TRIGONOMETRIC_RATIO","260711_삼각비(6).pdf","trigonometric_ratio|solid_geometry|length_calculation|visual_interpretation"
"M3_TRIG_150_S07_Q094","M3_TRIGONOMETRIC_RATIO","260711_삼각비(6).pdf","trigonometric_ratio|solid_geometry|length_calculation|visual_interpretation"
"M3_TRIG_150_S07_Q095","M3_TRIGONOMETRIC_RATIO","260711_삼각비(6).pdf","trigonometric_ratio|real_world_modeling|length_calculation|new_trend|visual_interpretation"
"M3_TRIG_150_S07_Q096","M3_TRIGONOMETRIC_RATIO","260711_삼각비(6).pdf","trigonometric_ratio|real_world_modeling|length_calculation|visual_interpretation"
"M3_TRIG_150_S07_Q097","M3_TRIGONOMETRIC_RATIO","260711_삼각비(6).pdf","trigonometric_ratio|real_world_modeling|length_calculation|visual_interpretation"
"M3_TRIG_150_S07_Q098","M3_TRIGONOMETRIC_RATIO","260711_삼각비(6).pdf","trigonometric_ratio|real_world_modeling|length_calculation|visual_interpretation"
"M3_TRIG_150_S07_Q099","M3_TRIGONOMETRIC_RATIO","260711_삼각비(6).pdf","trigonometric_ratio|real_world_modeling|length_calculation|new_trend|visual_interpretation"
"M3_TRIG_150_S07_Q100","M3_TRIGONOMETRIC_RATIO","260711_삼각비(6).pdf","trigonometric_ratio|real_world_modeling|length_calculation|visual_interpretation"
"M3_TRIG_150_S07_Q101","M3_TRIGONOMETRIC_RATIO","260711_삼각비(6).pdf","trigonometric_ratio|general_triangle|length_calculation|angle_determination|visual_interpretation"
"M3_TRIG_150_S07_Q102","M3_TRIGONOMETRIC_RATIO","260711_삼각비(6).pdf","trigonometric_ratio|general_triangle|length_calculation|angle_determination|visual_interpretation"
"M3_TRIG_150_S07_Q103","M3_TRIGONOMETRIC_RATIO","260711_삼각비(6).pdf","trigonometric_ratio|general_triangle|length_calculation|angle_determination|visual_interpretation"
"M3_TRIG_150_S07_Q104","M3_TRIGONOMETRIC_RATIO","260711_삼각비(6).pdf","trigonometric_ratio|general_triangle|length_calculation|angle_determination|visual_interpretation"
"M3_TRIG_150_S07_Q105","M3_TRIGONOMETRIC_RATIO","260711_삼각비(6).pdf","trigonometric_ratio|general_triangle|length_calculation|angle_determination|visual_interpretation"
"M3_TRIG_150_S07_Q106","M3_TRIGONOMETRIC_RATIO","260711_삼각비(6).pdf","trigonometric_ratio|general_triangle|length_calculation|angle_determination|visual_interpretation"
"M3_TRIG_150_S07_Q107","M3_TRIGONOMETRIC_RATIO","260711_삼각비(6).pdf","trigonometric_ratio|acute_triangle|triangle_height|visual_interpretation"
"M3_TRIG_150_S07_Q108","M3_TRIGONOMETRIC_RATIO","260711_삼각비(6).pdf","trigonometric_ratio|acute_triangle|triangle_height|visual_interpretation"
"M3_TRIG_150_S07_Q109","M3_TRIGONOMETRIC_RATIO","260711_삼각비(6).pdf","trigonometric_ratio|acute_triangle|triangle_height|visual_interpretation"
"M3_TRIG_150_S07_Q110","M3_TRIGONOMETRIC_RATIO","260711_삼각비(6).pdf","trigonometric_ratio|acute_triangle|triangle_height|visual_interpretation"
"M3_TRIG_150_S07_Q111","M3_TRIGONOMETRIC_RATIO","260711_삼각비(6).pdf","trigonometric_ratio|acute_triangle|triangle_height|visual_interpretation"
"M3_TRIG_150_S07_Q112","M3_TRIGONOMETRIC_RATIO","260711_삼각비(6).pdf","trigonometric_ratio|acute_triangle|triangle_height|visual_interpretation"
"M3_TRIG_150_S07_Q113","M3_TRIGONOMETRIC_RATIO","260711_삼각비(6).pdf","trigonometric_ratio|obtuse_triangle|triangle_height|visual_interpretation"
"M3_TRIG_150_S07_Q114","M3_TRIGONOMETRIC_RATIO","260711_삼각비(6).pdf","trigonometric_ratio|obtuse_triangle|triangle_height|visual_interpretation"
"M3_TRIG_150_S07_Q115","M3_TRIGONOMETRIC_RATIO","260711_삼각비(6).pdf","trigonometric_ratio|obtuse_triangle|triangle_height|visual_interpretation"
"M3_TRIG_150_S07_Q116","M3_TRIGONOMETRIC_RATIO","260711_삼각비(6).pdf","trigonometric_ratio|obtuse_triangle|triangle_height|visual_interpretation"
"M3_TRIG_150_S07_Q117","M3_TRIGONOMETRIC_RATIO","260711_삼각비(6).pdf","trigonometric_ratio|obtuse_triangle|triangle_height|visual_interpretation"
"M3_TRIG_150_S07_Q118","M3_TRIGONOMETRIC_RATIO","260711_삼각비(6).pdf","trigonometric_ratio|obtuse_triangle|triangle_height|visual_interpretation"
"M3_TRIG_150_S07_Q119","M3_TRIGONOMETRIC_RATIO","260711_삼각비(6).pdf","trigonometric_ratio|acute_triangle|area|visual_interpretation"
"M3_TRIG_150_S07_Q120","M3_TRIGONOMETRIC_RATIO","260711_삼각비(6).pdf","trigonometric_ratio|acute_triangle|area|visual_interpretation"
"M3_TRIG_150_S07_Q121","M3_TRIGONOMETRIC_RATIO","260711_삼각비(6).pdf","trigonometric_ratio|acute_triangle|area|visual_interpretation"
"M3_TRIG_150_S07_Q122","M3_TRIGONOMETRIC_RATIO","260711_삼각비(6).pdf","trigonometric_ratio|acute_triangle|area|visual_interpretation"
"M3_TRIG_150_S07_Q123","M3_TRIGONOMETRIC_RATIO","260711_삼각비(6).pdf","trigonometric_ratio|acute_triangle|area|visual_interpretation"
"M3_TRIG_150_S07_Q124","M3_TRIGONOMETRIC_RATIO","260711_삼각비(6).pdf","trigonometric_ratio|acute_triangle|area|visual_interpretation"
"M3_TRIG_150_S07_Q125","M3_TRIGONOMETRIC_RATIO","260711_삼각비(6).pdf","trigonometric_ratio|obtuse_triangle|area|visual_interpretation"
"M3_TRIG_150_S07_Q126","M3_TRIGONOMETRIC_RATIO","260711_삼각비(6).pdf","trigonometric_ratio|obtuse_triangle|area|visual_interpretation"
"M3_TRIG_150_S07_Q127","M3_TRIGONOMETRIC_RATIO","260711_삼각비(6).pdf","trigonometric_ratio|obtuse_triangle|area|visual_interpretation"
"M3_TRIG_150_S07_Q128","M3_TRIGONOMETRIC_RATIO","260711_삼각비(6).pdf","trigonometric_ratio|obtuse_triangle|area|visual_interpretation"
"M3_TRIG_150_S07_Q129","M3_TRIGONOMETRIC_RATIO","260711_삼각비(6).pdf","trigonometric_ratio|obtuse_triangle|area|visual_interpretation"
"M3_TRIG_150_S07_Q130","M3_TRIGONOMETRIC_RATIO","260711_삼각비(6).pdf","trigonometric_ratio|obtuse_triangle|area|visual_interpretation"
"M3_TRIG_150_S07_Q131","M3_TRIGONOMETRIC_RATIO","260711_삼각비(6).pdf","trigonometric_ratio|polygon_area|area|visual_interpretation"
"M3_TRIG_150_S07_Q132","M3_TRIGONOMETRIC_RATIO","260711_삼각비(6).pdf","trigonometric_ratio|polygon_area|area|new_trend|visual_interpretation"
"M3_TRIG_150_S07_Q133","M3_TRIGONOMETRIC_RATIO","260711_삼각비(6).pdf","trigonometric_ratio|polygon_area|area|visual_interpretation"
"M3_TRIG_150_S07_Q134","M3_TRIGONOMETRIC_RATIO","260711_삼각비(6).pdf","trigonometric_ratio|polygon_area|area|visual_interpretation"
"M3_TRIG_150_S07_Q135","M3_TRIGONOMETRIC_RATIO","260711_삼각비(6).pdf","trigonometric_ratio|polygon_area|area|new_trend|visual_interpretation"
"M3_TRIG_150_S07_Q136","M3_TRIGONOMETRIC_RATIO","260711_삼각비(6).pdf","trigonometric_ratio|polygon_area|area|visual_interpretation"
"M3_TRIG_150_S07_Q137","M3_TRIGONOMETRIC_RATIO","260711_삼각비(6).pdf","trigonometric_ratio|regular_polygon|polygon_area|area|new_trend|visual_interpretation"
"M3_TRIG_150_S07_Q138","M3_TRIGONOMETRIC_RATIO","260711_삼각비(6).pdf","trigonometric_ratio|parallelogram_area|area|visual_interpretation"
"M3_TRIG_150_S07_Q139","M3_TRIGONOMETRIC_RATIO","260711_삼각비(6).pdf","trigonometric_ratio|parallelogram_area|area|new_trend|visual_interpretation"
"M3_TRIG_150_S07_Q140","M3_TRIGONOMETRIC_RATIO","260711_삼각비(6).pdf","trigonometric_ratio|parallelogram_area|area|visual_interpretation"
"M3_TRIG_150_S07_Q141","M3_TRIGONOMETRIC_RATIO","260711_삼각비(6).pdf","trigonometric_ratio|parallelogram_area|area|visual_interpretation"
"M3_TRIG_150_S07_Q142","M3_TRIGONOMETRIC_RATIO","260711_삼각비(6).pdf","trigonometric_ratio|parallelogram_area|area|visual_interpretation"
"M3_TRIG_150_S07_Q143","M3_TRIGONOMETRIC_RATIO","260711_삼각비(6).pdf","trigonometric_ratio|parallelogram_area|area|visual_interpretation"
"M3_TRIG_150_S07_Q144","M3_TRIGONOMETRIC_RATIO","260711_삼각비(6).pdf","trigonometric_ratio|quadrilateral_area|area|visual_interpretation"
"M3_TRIG_150_S07_Q145","M3_TRIGONOMETRIC_RATIO","260711_삼각비(6).pdf","trigonometric_ratio|quadrilateral_area|area|visual_interpretation"
"M3_TRIG_150_S07_Q146","M3_TRIGONOMETRIC_RATIO","260711_삼각비(6).pdf","trigonometric_ratio|quadrilateral_area|area|visual_interpretation"
"M3_TRIG_150_S07_Q147","M3_TRIGONOMETRIC_RATIO","260711_삼각비(6).pdf","trigonometric_ratio|quadrilateral_area|area|visual_interpretation"
"M3_TRIG_150_S07_Q148","M3_TRIGONOMETRIC_RATIO","260711_삼각비(6).pdf","trigonometric_ratio|quadrilateral_area|area|visual_interpretation"
"M3_TRIG_150_S07_Q149","M3_TRIGONOMETRIC_RATIO","260711_삼각비(6).pdf","trigonometric_ratio|quadrilateral_area|area|visual_interpretation"
"M3_TRIG_150_S07_Q150","M3_TRIGONOMETRIC_RATIO","260711_삼각비(6).pdf","trigonometric_ratio|quadrilateral_area|area|visual_interpretation"
"M3_TRIG_150_S01_Q001","M3_TRIGONOMETRIC_RATIO","260711_삼각비.pdf","trigonometric_ratio|visual_interpretation"
"M3_TRIG_150_S01_Q002","M3_TRIGONOMETRIC_RATIO","260711_삼각비.pdf","trigonometric_ratio|visual_interpretation"
"M3_TRIG_150_S01_Q003","M3_TRIGONOMETRIC_RATIO","260711_삼각비.pdf","trigonometric_ratio|visual_interpretation"
"M3_TRIG_150_S01_Q004","M3_TRIGONOMETRIC_RATIO","260711_삼각비.pdf","trigonometric_ratio|visual_interpretation"
"M3_TRIG_150_S01_Q005","M3_TRIGONOMETRIC_RATIO","260711_삼각비.pdf","trigonometric_ratio|length_calculation|visual_interpretation"
"M3_TRIG_150_S01_Q006","M3_TRIGONOMETRIC_RATIO","260711_삼각비.pdf","trigonometric_ratio|length_calculation|visual_interpretation"
"M3_TRIG_150_S01_Q007","M3_TRIGONOMETRIC_RATIO","260711_삼각비.pdf","trigonometric_ratio|length_calculation|visual_interpretation"
"M3_TRIG_150_S01_Q008","M3_TRIGONOMETRIC_RATIO","260711_삼각비.pdf","trigonometric_ratio|length_calculation|visual_interpretation"
"M3_TRIG_150_S01_Q009","M3_TRIGONOMETRIC_RATIO","260711_삼각비.pdf","trigonometric_ratio|ratio_conversion|symbolic_condition_interpretation"
"M3_TRIG_150_S01_Q010","M3_TRIGONOMETRIC_RATIO","260711_삼각비.pdf","trigonometric_ratio|ratio_conversion|visual_interpretation"
"M3_TRIG_150_S01_Q011","M3_TRIGONOMETRIC_RATIO","260711_삼각비.pdf","trigonometric_ratio|ratio_conversion|visual_interpretation"
"M3_TRIG_150_S01_Q012","M3_TRIGONOMETRIC_RATIO","260711_삼각비.pdf","trigonometric_ratio|ratio_conversion|symbolic_condition_interpretation"
"M3_TRIG_150_S01_Q013","M3_TRIGONOMETRIC_RATIO","260711_삼각비.pdf","trigonometric_ratio|right_triangle|similarity|visual_interpretation"
"M3_TRIG_150_S01_Q014","M3_TRIGONOMETRIC_RATIO","260711_삼각비.pdf","trigonometric_ratio|right_triangle|similarity|visual_interpretation"
"M3_TRIG_150_S01_Q015","M3_TRIGONOMETRIC_RATIO","260711_삼각비.pdf","trigonometric_ratio|right_triangle|similarity|visual_interpretation"
"M3_TRIG_150_S01_Q016","M3_TRIGONOMETRIC_RATIO","260711_삼각비.pdf","trigonometric_ratio|right_triangle|similarity|visual_interpretation"
"M3_TRIG_150_S01_Q017","M3_TRIGONOMETRIC_RATIO","260711_삼각비.pdf","trigonometric_ratio|right_triangle|similarity|visual_interpretation"
"M3_TRIG_150_S01_Q018","M3_TRIGONOMETRIC_RATIO","260711_삼각비.pdf","trigonometric_ratio|right_triangle|similarity|visual_interpretation"
"M3_TRIG_150_S01_Q019","M3_TRIGONOMETRIC_RATIO","260711_삼각비.pdf","trigonometric_ratio|right_triangle|similarity|visual_interpretation"
"M3_TRIG_150_S01_Q020","M3_TRIGONOMETRIC_RATIO","260711_삼각비.pdf","trigonometric_ratio|right_triangle|similarity|new_trend|visual_interpretation"
"M3_TRIG_150_S01_Q021","M3_TRIGONOMETRIC_RATIO","260711_삼각비.pdf","trigonometric_ratio|right_triangle|similarity|visual_interpretation"
"M3_TRIG_150_S01_Q022","M3_TRIGONOMETRIC_RATIO","260711_삼각비.pdf","trigonometric_ratio|coordinate_geometry|line_slope|visual_interpretation"
"M3_TRIG_150_S01_Q023","M3_TRIGONOMETRIC_RATIO","260711_삼각비.pdf","trigonometric_ratio|coordinate_geometry|line_slope|visual_interpretation"
"M3_TRIG_150_S01_Q024","M3_TRIGONOMETRIC_RATIO","260711_삼각비.pdf","trigonometric_ratio|coordinate_geometry|line_slope|visual_interpretation"
"M3_TRIG_150_S01_Q025","M3_TRIGONOMETRIC_RATIO","260711_삼각비.pdf","trigonometric_ratio|coordinate_geometry|line_slope|visual_interpretation"
"M3_TRIG_150_S01_Q026","M3_TRIGONOMETRIC_RATIO","260711_삼각비.pdf","trigonometric_ratio|plane_geometry|visual_interpretation"
"M3_TRIG_150_S01_Q027","M3_TRIGONOMETRIC_RATIO","260711_삼각비.pdf","trigonometric_ratio|plane_geometry|visual_interpretation"
"M3_TRIG_150_S01_Q028","M3_TRIGONOMETRIC_RATIO","260711_삼각비.pdf","trigonometric_ratio|plane_geometry|visual_interpretation"
"M3_TRIG_150_S01_Q029","M3_TRIGONOMETRIC_RATIO","260711_삼각비.pdf","trigonometric_ratio|plane_geometry|visual_interpretation"
"M3_TRIG_150_S01_Q030","M3_TRIGONOMETRIC_RATIO","260711_삼각비.pdf","trigonometric_ratio|plane_geometry|visual_interpretation"
"M3_TRIG_150_S01_Q031","M3_TRIGONOMETRIC_RATIO","260711_삼각비.pdf","trigonometric_ratio|solid_geometry|visual_interpretation"
"M3_TRIG_150_S01_Q032","M3_TRIGONOMETRIC_RATIO","260711_삼각비.pdf","trigonometric_ratio|solid_geometry|visual_interpretation"
"M3_TRIG_150_S01_Q033","M3_TRIGONOMETRIC_RATIO","260711_삼각비.pdf","trigonometric_ratio|solid_geometry|visual_interpretation"
"M3_TRIG_150_S01_Q034","M3_TRIGONOMETRIC_RATIO","260711_삼각비.pdf","trigonometric_ratio|solid_geometry|visual_interpretation"
"M3_TRIG_150_S01_Q035","M3_TRIGONOMETRIC_RATIO","260711_삼각비.pdf","trigonometric_ratio|solid_geometry|new_trend|visual_interpretation"
"M3_TRIG_150_S01_Q036","M3_TRIGONOMETRIC_RATIO","260711_삼각비.pdf","trigonometric_ratio|circle_geometry|visual_interpretation"
"M3_TRIG_150_S01_Q037","M3_TRIGONOMETRIC_RATIO","260711_삼각비.pdf","trigonometric_ratio|circle_geometry|visual_interpretation"
"M3_TRIG_150_S01_Q038","M3_TRIGONOMETRIC_RATIO","260711_삼각비.pdf","trigonometric_ratio|circle_geometry|visual_interpretation"
"M3_TRIG_150_S01_Q039","M3_TRIGONOMETRIC_RATIO","260711_삼각비.pdf","trigonometric_ratio|special_angles|symbolic_condition_interpretation"
"M3_TRIG_150_S01_Q040","M3_TRIGONOMETRIC_RATIO","260711_삼각비.pdf","trigonometric_ratio|special_angles|symbolic_condition_interpretation"
"M3_TRIG_150_S01_Q041","M3_TRIGONOMETRIC_RATIO","260711_삼각비.pdf","trigonometric_ratio|special_angles|symbolic_condition_interpretation"
"M3_TRIG_150_S01_Q042","M3_TRIGONOMETRIC_RATIO","260711_삼각비.pdf","trigonometric_ratio|special_angles|symbolic_condition_interpretation"
"M3_TRIG_150_S01_Q043","M3_TRIGONOMETRIC_RATIO","260711_삼각비.pdf","trigonometric_ratio|special_angles|angle_determination|symbolic_condition_interpretation"
"M3_TRIG_150_S01_Q044","M3_TRIGONOMETRIC_RATIO","260711_삼각비.pdf","trigonometric_ratio|special_angles|angle_determination|symbolic_condition_interpretation"
"M3_TRIG_150_S01_Q045","M3_TRIGONOMETRIC_RATIO","260711_삼각비.pdf","trigonometric_ratio|special_angles|angle_determination|symbolic_condition_interpretation"
"M3_TRIG_150_S01_Q046","M3_TRIGONOMETRIC_RATIO","260711_삼각비.pdf","trigonometric_ratio|special_angles|angle_determination|symbolic_condition_interpretation"
"M3_TRIG_150_S01_Q047","M3_TRIGONOMETRIC_RATIO","260711_삼각비.pdf","trigonometric_ratio|special_angles|length_calculation|visual_interpretation"
"M3_TRIG_150_S01_Q048","M3_TRIGONOMETRIC_RATIO","260711_삼각비.pdf","trigonometric_ratio|special_angles|length_calculation|visual_interpretation"
"M3_TRIG_150_S01_Q049","M3_TRIGONOMETRIC_RATIO","260711_삼각비.pdf","trigonometric_ratio|special_angles|length_calculation|visual_interpretation"
"M3_TRIG_150_S01_Q050","M3_TRIGONOMETRIC_RATIO","260711_삼각비.pdf","trigonometric_ratio|special_angles|length_calculation|visual_interpretation"
"M3_TRIG_150_S01_Q051","M3_TRIGONOMETRIC_RATIO","260711_삼각비.pdf","trigonometric_ratio|solid_geometry|special_angles|visual_interpretation"
"M3_TRIG_150_S01_Q052","M3_TRIGONOMETRIC_RATIO","260711_삼각비.pdf","trigonometric_ratio|solid_geometry|special_angles|visual_interpretation"
"M3_TRIG_150_S01_Q053","M3_TRIGONOMETRIC_RATIO","260711_삼각비.pdf","trigonometric_ratio|solid_geometry|special_angles|visual_interpretation"
"M3_TRIG_150_S01_Q054","M3_TRIGONOMETRIC_RATIO","260711_삼각비.pdf","trigonometric_ratio|solid_geometry|special_angles|visual_interpretation"
"M3_TRIG_150_S01_Q055","M3_TRIGONOMETRIC_RATIO","260711_삼각비.pdf","trigonometric_ratio|special_angles|ratio_conversion|visual_interpretation"
"M3_TRIG_150_S01_Q056","M3_TRIGONOMETRIC_RATIO","260711_삼각비.pdf","trigonometric_ratio|special_angles|ratio_conversion|symbolic_condition_interpretation"
"M3_TRIG_150_S01_Q057","M3_TRIGONOMETRIC_RATIO","260711_삼각비.pdf","trigonometric_ratio|special_angles|ratio_conversion|symbolic_condition_interpretation"
"M3_TRIG_150_S01_Q058","M3_TRIGONOMETRIC_RATIO","260711_삼각비.pdf","trigonometric_ratio|special_angles|ratio_conversion|symbolic_condition_interpretation"
"M3_TRIG_150_S01_Q059","M3_TRIGONOMETRIC_RATIO","260711_삼각비.pdf","trigonometric_ratio|special_angles|ratio_conversion|symbolic_condition_interpretation"
"M3_TRIG_150_S01_Q060","M3_TRIGONOMETRIC_RATIO","260711_삼각비.pdf","trigonometric_ratio|coordinate_geometry|line_slope|new_trend|symbolic_condition_interpretation"
"M3_TRIG_150_S01_Q061","M3_TRIGONOMETRIC_RATIO","260711_삼각비.pdf","trigonometric_ratio|coordinate_geometry|line_slope|symbolic_condition_interpretation"
"M3_TRIG_150_S01_Q062","M3_TRIGONOMETRIC_RATIO","260711_삼각비.pdf","trigonometric_ratio|coordinate_geometry|line_slope|symbolic_condition_interpretation"
"M3_TRIG_150_S01_Q063","M3_TRIGONOMETRIC_RATIO","260711_삼각비.pdf","trigonometric_ratio|coordinate_geometry|line_slope|visual_interpretation"
"M3_TRIG_150_S01_Q064","M3_TRIGONOMETRIC_RATIO","260711_삼각비.pdf","trigonometric_ratio|special_angles|visual_interpretation"
"M3_TRIG_150_S01_Q065","M3_TRIGONOMETRIC_RATIO","260711_삼각비.pdf","trigonometric_ratio|special_angles|visual_interpretation"
"M3_TRIG_150_S01_Q066","M3_TRIGONOMETRIC_RATIO","260711_삼각비.pdf","trigonometric_ratio|special_angles|visual_interpretation"
"M3_TRIG_150_S01_Q067","M3_TRIGONOMETRIC_RATIO","260711_삼각비.pdf","trigonometric_ratio|special_angles|visual_interpretation"
"M3_TRIG_150_S01_Q068","M3_TRIGONOMETRIC_RATIO","260711_삼각비.pdf","trigonometric_ratio|quarter_circle|unit_quadrant|visual_interpretation"
"M3_TRIG_150_S01_Q069","M3_TRIGONOMETRIC_RATIO","260711_삼각비.pdf","trigonometric_ratio|quarter_circle|unit_quadrant|visual_interpretation"
"M3_TRIG_150_S01_Q070","M3_TRIGONOMETRIC_RATIO","260711_삼각비.pdf","trigonometric_ratio|quarter_circle|unit_quadrant|visual_interpretation"
"M3_TRIG_150_S01_Q071","M3_TRIGONOMETRIC_RATIO","260711_삼각비.pdf","trigonometric_ratio|quarter_circle|unit_quadrant|visual_interpretation"
"M3_TRIG_150_S01_Q072","M3_TRIGONOMETRIC_RATIO","260711_삼각비.pdf","trigonometric_ratio|special_angles|symbolic_condition_interpretation"
"M3_TRIG_150_S01_Q073","M3_TRIGONOMETRIC_RATIO","260711_삼각비.pdf","trigonometric_ratio|special_angles|symbolic_condition_interpretation"
"M3_TRIG_150_S01_Q074","M3_TRIGONOMETRIC_RATIO","260711_삼각비.pdf","trigonometric_ratio|special_angles|visual_interpretation"
"M3_TRIG_150_S01_Q075","M3_TRIGONOMETRIC_RATIO","260711_삼각비.pdf","trigonometric_ratio|special_angles|visual_interpretation"
"M3_TRIG_150_S01_Q076","M3_TRIGONOMETRIC_RATIO","260711_삼각비.pdf","trigonometric_ratio|trig_monotonicity|symbolic_condition_interpretation"
"M3_TRIG_150_S01_Q077","M3_TRIGONOMETRIC_RATIO","260711_삼각비.pdf","trigonometric_ratio|trig_monotonicity|visual_interpretation"
"M3_TRIG_150_S01_Q078","M3_TRIGONOMETRIC_RATIO","260711_삼각비.pdf","trigonometric_ratio|trig_monotonicity|visual_interpretation"
"M3_TRIG_150_S01_Q079","M3_TRIGONOMETRIC_RATIO","260711_삼각비.pdf","trigonometric_ratio|trig_monotonicity|symbolic_condition_interpretation"
"M3_TRIG_150_S01_Q080","M3_TRIGONOMETRIC_RATIO","260711_삼각비.pdf","trigonometric_ratio|trig_monotonicity|symbolic_condition_interpretation"
"M3_TRIG_150_S01_Q081","M3_TRIGONOMETRIC_RATIO","260711_삼각비.pdf","trigonometric_ratio|trig_monotonicity|symbolic_condition_interpretation"
"M3_TRIG_150_S01_Q082","M3_TRIGONOMETRIC_RATIO","260711_삼각비.pdf","trigonometric_ratio|trig_monotonicity|symbolic_condition_interpretation"
"M3_TRIG_150_S01_Q083","M3_TRIGONOMETRIC_RATIO","260711_삼각비.pdf","trigonometric_ratio|trig_monotonicity|symbolic_condition_interpretation"
"M3_TRIG_150_S01_Q084","M3_TRIGONOMETRIC_RATIO","260711_삼각비.pdf","trigonometric_ratio|trig_table|visual_interpretation"
"M3_TRIG_150_S01_Q085","M3_TRIGONOMETRIC_RATIO","260711_삼각비.pdf","trigonometric_ratio|trig_table|visual_interpretation"
"M3_TRIG_150_S01_Q086","M3_TRIGONOMETRIC_RATIO","260711_삼각비.pdf","trigonometric_ratio|trig_table|visual_interpretation"
"M3_TRIG_150_S01_Q087","M3_TRIGONOMETRIC_RATIO","260711_삼각비.pdf","trigonometric_ratio|trig_table|visual_interpretation"
"M3_TRIG_150_S01_Q088","M3_TRIGONOMETRIC_RATIO","260711_삼각비.pdf","trigonometric_ratio|trig_table|angle_determination|visual_interpretation"
"M3_TRIG_150_S01_Q089","M3_TRIGONOMETRIC_RATIO","260711_삼각비.pdf","trigonometric_ratio|trig_table|angle_determination|visual_interpretation"
"M3_TRIG_150_S01_Q090","M3_TRIGONOMETRIC_RATIO","260711_삼각비.pdf","trigonometric_ratio|trig_table|angle_determination|visual_interpretation"
"M3_TRIG_150_S01_Q091","M3_TRIGONOMETRIC_RATIO","260711_삼각비.pdf","trigonometric_ratio|trig_table|angle_determination|visual_interpretation"
"M3_TRIG_150_S01_Q092","M3_TRIGONOMETRIC_RATIO","260711_삼각비.pdf","trigonometric_ratio|trig_table|length_calculation|visual_interpretation"
"M3_TRIG_150_S01_Q093","M3_TRIGONOMETRIC_RATIO","260711_삼각비.pdf","trigonometric_ratio|trig_table|length_calculation|visual_interpretation"
"M3_TRIG_150_S01_Q094","M3_TRIGONOMETRIC_RATIO","260711_삼각비.pdf","trigonometric_ratio|trig_table|length_calculation|new_trend|visual_interpretation"
"M3_TRIG_150_S01_Q095","M3_TRIGONOMETRIC_RATIO","260711_삼각비.pdf","trigonometric_ratio|trig_table|length_calculation|visual_interpretation"
"M3_TRIG_150_S01_Q096","M3_TRIGONOMETRIC_RATIO","260711_삼각비.pdf","trigonometric_ratio|trig_table|length_calculation|visual_interpretation"
"M3_TRIG_150_S01_Q097","M3_TRIGONOMETRIC_RATIO","260711_삼각비.pdf","trigonometric_ratio|length_calculation|visual_interpretation"
"M3_TRIG_150_S01_Q098","M3_TRIGONOMETRIC_RATIO","260711_삼각비.pdf","trigonometric_ratio|length_calculation|new_trend|visual_interpretation"
"M3_TRIG_150_S01_Q099","M3_TRIGONOMETRIC_RATIO","260711_삼각비.pdf","trigonometric_ratio|solid_geometry|length_calculation|visual_interpretation"
"M3_TRIG_150_S01_Q100","M3_TRIGONOMETRIC_RATIO","260711_삼각비.pdf","trigonometric_ratio|solid_geometry|length_calculation|new_trend|visual_interpretation"
"M3_TRIG_150_S01_Q101","M3_TRIGONOMETRIC_RATIO","260711_삼각비.pdf","trigonometric_ratio|solid_geometry|length_calculation|visual_interpretation"
"M3_TRIG_150_S01_Q102","M3_TRIGONOMETRIC_RATIO","260711_삼각비.pdf","trigonometric_ratio|solid_geometry|length_calculation|visual_interpretation"
"M3_TRIG_150_S01_Q103","M3_TRIGONOMETRIC_RATIO","260711_삼각비.pdf","trigonometric_ratio|real_world_modeling|length_calculation|visual_interpretation"
"M3_TRIG_150_S01_Q104","M3_TRIGONOMETRIC_RATIO","260711_삼각비.pdf","trigonometric_ratio|real_world_modeling|length_calculation|visual_interpretation"
"M3_TRIG_150_S01_Q105","M3_TRIGONOMETRIC_RATIO","260711_삼각비.pdf","trigonometric_ratio|real_world_modeling|length_calculation|visual_interpretation"
"M3_TRIG_150_S01_Q106","M3_TRIGONOMETRIC_RATIO","260711_삼각비.pdf","trigonometric_ratio|real_world_modeling|length_calculation|new_trend|visual_interpretation"
"M3_TRIG_150_S01_Q107","M3_TRIGONOMETRIC_RATIO","260711_삼각비.pdf","trigonometric_ratio|real_world_modeling|length_calculation|visual_interpretation"
"M3_TRIG_150_S01_Q108","M3_TRIGONOMETRIC_RATIO","260711_삼각비.pdf","trigonometric_ratio|real_world_modeling|length_calculation|visual_interpretation"
"M3_TRIG_150_S01_Q109","M3_TRIGONOMETRIC_RATIO","260711_삼각비.pdf","trigonometric_ratio|real_world_modeling|length_calculation|visual_interpretation"
"M3_TRIG_150_S01_Q110","M3_TRIGONOMETRIC_RATIO","260711_삼각비.pdf","trigonometric_ratio|real_world_modeling|length_calculation|visual_interpretation"
"M3_TRIG_150_S01_Q111","M3_TRIGONOMETRIC_RATIO","260711_삼각비.pdf","trigonometric_ratio|real_world_modeling|length_calculation|visual_interpretation"
"M3_TRIG_150_S01_Q112","M3_TRIGONOMETRIC_RATIO","260711_삼각비.pdf","trigonometric_ratio|general_triangle|length_calculation|angle_determination|visual_interpretation"
"M3_TRIG_150_S01_Q113","M3_TRIGONOMETRIC_RATIO","260711_삼각비.pdf","trigonometric_ratio|general_triangle|length_calculation|angle_determination|visual_interpretation"
"M3_TRIG_150_S01_Q114","M3_TRIGONOMETRIC_RATIO","260711_삼각비.pdf","trigonometric_ratio|general_triangle|length_calculation|angle_determination|visual_interpretation"
"M3_TRIG_150_S01_Q115","M3_TRIGONOMETRIC_RATIO","260711_삼각비.pdf","trigonometric_ratio|general_triangle|length_calculation|angle_determination|visual_interpretation"
"M3_TRIG_150_S01_Q116","M3_TRIGONOMETRIC_RATIO","260711_삼각비.pdf","trigonometric_ratio|general_triangle|length_calculation|angle_determination|visual_interpretation"
"M3_TRIG_150_S01_Q117","M3_TRIGONOMETRIC_RATIO","260711_삼각비.pdf","trigonometric_ratio|general_triangle|length_calculation|angle_determination|new_trend|visual_interpretation"
"M3_TRIG_150_S01_Q118","M3_TRIGONOMETRIC_RATIO","260711_삼각비.pdf","trigonometric_ratio|general_triangle|length_calculation|angle_determination|new_trend|visual_interpretation"
"M3_TRIG_150_S01_Q119","M3_TRIGONOMETRIC_RATIO","260711_삼각비.pdf","trigonometric_ratio|general_triangle|length_calculation|angle_determination|new_trend|visual_interpretation"
"M3_TRIG_150_S01_Q120","M3_TRIGONOMETRIC_RATIO","260711_삼각비.pdf","trigonometric_ratio|acute_triangle|triangle_height|visual_interpretation"
"M3_TRIG_150_S01_Q121","M3_TRIGONOMETRIC_RATIO","260711_삼각비.pdf","trigonometric_ratio|acute_triangle|triangle_height|visual_interpretation"
"M3_TRIG_150_S01_Q122","M3_TRIGONOMETRIC_RATIO","260711_삼각비.pdf","trigonometric_ratio|acute_triangle|triangle_height|visual_interpretation"
"M3_TRIG_150_S01_Q123","M3_TRIGONOMETRIC_RATIO","260711_삼각비.pdf","trigonometric_ratio|acute_triangle|triangle_height|visual_interpretation"
"M3_TRIG_150_S01_Q124","M3_TRIGONOMETRIC_RATIO","260711_삼각비.pdf","trigonometric_ratio|acute_triangle|triangle_height|visual_interpretation"
"M3_TRIG_150_S01_Q125","M3_TRIGONOMETRIC_RATIO","260711_삼각비.pdf","trigonometric_ratio|obtuse_triangle|triangle_height|visual_interpretation"
"M3_TRIG_150_S01_Q126","M3_TRIGONOMETRIC_RATIO","260711_삼각비.pdf","trigonometric_ratio|obtuse_triangle|triangle_height|visual_interpretation"
"M3_TRIG_150_S01_Q127","M3_TRIGONOMETRIC_RATIO","260711_삼각비.pdf","trigonometric_ratio|obtuse_triangle|triangle_height|visual_interpretation"
"M3_TRIG_150_S01_Q128","M3_TRIGONOMETRIC_RATIO","260711_삼각비.pdf","trigonometric_ratio|obtuse_triangle|triangle_height|visual_interpretation"
"M3_TRIG_150_S01_Q129","M3_TRIGONOMETRIC_RATIO","260711_삼각비.pdf","trigonometric_ratio|obtuse_triangle|triangle_height|visual_interpretation"
"M3_TRIG_150_S01_Q130","M3_TRIGONOMETRIC_RATIO","260711_삼각비.pdf","trigonometric_ratio|acute_triangle|area|visual_interpretation"
"M3_TRIG_150_S01_Q131","M3_TRIGONOMETRIC_RATIO","260711_삼각비.pdf","trigonometric_ratio|acute_triangle|area|visual_interpretation"
"M3_TRIG_150_S01_Q132","M3_TRIGONOMETRIC_RATIO","260711_삼각비.pdf","trigonometric_ratio|acute_triangle|area|visual_interpretation"
"M3_TRIG_150_S01_Q133","M3_TRIGONOMETRIC_RATIO","260711_삼각비.pdf","trigonometric_ratio|obtuse_triangle|area|visual_interpretation"
"M3_TRIG_150_S01_Q134","M3_TRIGONOMETRIC_RATIO","260711_삼각비.pdf","trigonometric_ratio|obtuse_triangle|area|visual_interpretation"
"M3_TRIG_150_S01_Q135","M3_TRIGONOMETRIC_RATIO","260711_삼각비.pdf","trigonometric_ratio|obtuse_triangle|area|visual_interpretation"
"M3_TRIG_150_S01_Q136","M3_TRIGONOMETRIC_RATIO","260711_삼각비.pdf","trigonometric_ratio|polygon_area|area|visual_interpretation"
"M3_TRIG_150_S01_Q137","M3_TRIGONOMETRIC_RATIO","260711_삼각비.pdf","trigonometric_ratio|polygon_area|area|new_trend|visual_interpretation"
"M3_TRIG_150_S01_Q138","M3_TRIGONOMETRIC_RATIO","260711_삼각비.pdf","trigonometric_ratio|polygon_area|area|visual_interpretation"
"M3_TRIG_150_S01_Q139","M3_TRIGONOMETRIC_RATIO","260711_삼각비.pdf","trigonometric_ratio|regular_polygon|polygon_area|area|visual_interpretation"
"M3_TRIG_150_S01_Q140","M3_TRIGONOMETRIC_RATIO","260711_삼각비.pdf","trigonometric_ratio|regular_polygon|polygon_area|area|new_trend|visual_interpretation"
"M3_TRIG_150_S01_Q141","M3_TRIGONOMETRIC_RATIO","260711_삼각비.pdf","trigonometric_ratio|regular_polygon|polygon_area|area|visual_interpretation"
"M3_TRIG_150_S01_Q142","M3_TRIGONOMETRIC_RATIO","260711_삼각비.pdf","trigonometric_ratio|regular_polygon|polygon_area|area|visual_interpretation"
"M3_TRIG_150_S01_Q143","M3_TRIGONOMETRIC_RATIO","260711_삼각비.pdf","trigonometric_ratio|parallelogram_area|area|new_trend|visual_interpretation"
"M3_TRIG_150_S01_Q144","M3_TRIGONOMETRIC_RATIO","260711_삼각비.pdf","trigonometric_ratio|parallelogram_area|area|visual_interpretation"
"M3_TRIG_150_S01_Q145","M3_TRIGONOMETRIC_RATIO","260711_삼각비.pdf","trigonometric_ratio|parallelogram_area|area|new_trend|visual_interpretation"
"M3_TRIG_150_S01_Q146","M3_TRIGONOMETRIC_RATIO","260711_삼각비.pdf","trigonometric_ratio|parallelogram_area|area|visual_interpretation"
"M3_TRIG_150_S01_Q147","M3_TRIGONOMETRIC_RATIO","260711_삼각비.pdf","trigonometric_ratio|quadrilateral_area|area|visual_interpretation"
"M3_TRIG_150_S01_Q148","M3_TRIGONOMETRIC_RATIO","260711_삼각비.pdf","trigonometric_ratio|quadrilateral_area|area|visual_interpretation"
"M3_TRIG_150_S01_Q149","M3_TRIGONOMETRIC_RATIO","260711_삼각비.pdf","trigonometric_ratio|quadrilateral_area|area|visual_interpretation"
"M3_TRIG_150_S01_Q150","M3_TRIGONOMETRIC_RATIO","260711_삼각비.pdf","trigonometric_ratio|quadrilateral_area|area|visual_interpretation"
