task_id,subject,subject_raw,level,source,covered,evidence_class,evidence_class_legacy,evidence_scope,subject_concepts,matched_terms,concept_name,concept_display_name,title_overlap,comma_display,fallback_derived,fallback_sources
assessment_task_be547751b6,공통수학1,공통수학1,I_or_other,textbook_plus_legacy,true,clean,clean,both,"[""행렬"",""경우의 수""]","[""경우의 수"",""부등식"",""행렬""]","경우의 수, 순열, 조합",경우의 수,false,false,false,[]
assessment_task_0022c813a0,공통수학1,공통수학1,I_or_other,subject_fallback,false,fallback,fallback,none,"[""공통수학1""]",[],,,false,false,false,[]
assessment_task_5b54eafc9a,공통수학1,공통수학1,I_or_other,subject_fallback,false,fallback,fallback,none,"[""공통수학1""]",[],,,false,false,false,[]
assessment_task_282b25eb92,통합사회1,통합사회1,I_or_other,textbook_concept_dictionary,true,clean,clean,both,"[""윤리적 관점""]","[""윤리적 관점""]",,윤리적 관점,false,false,false,[]
assessment_task_1a49e16ecb,통합사회1,통합사회1,I_or_other,textbook_concept_dictionary,true,clean,clean,both,"[""윤리적 관점"",""통합적 관점과 행복""]","[""윤리적 관점"",""통합적 관점"",""해결 방안""]",통합적 관점과 행복,통합적 관점과 행복,false,false,false,[]
assessment_task_8e864defde,통합과학1,통합과학1,I_or_other,textbook_concept_dictionary,true,clean,clean,both,"[""원소"",""물질 구성과 분류""]","[""결합"",""오류"",""우주"",""원소""]",물질 구성과 분류,물질 구성과 분류,false,false,false,[]
assessment_task_159540d822,통합과학1,통합과학1,I_or_other,textbook_plus_legacy,true,clean,clean,both,"[""지구 시스템""]","[""지구시스템"",""오류"",""지구"",""지구 시스템""]",지구시스템,지구시스템,false,false,false,[]
assessment_task_816d13f6c9,과학탐구실험1,과학탐구실험1,I_or_other,textbook_concept_dictionary,true,record_only,record_only,record,"[""해석"",""자료 수집·분석·결론 도출""]","[""해석""]",자료 수집·분석·결론 도출,자료 수집·분석·결론 도출,false,false,false,[]
assessment_task_354c946978,과학탐구실험1,과학탐구실험1,I_or_other,textbook_concept_dictionary,true,record_only,record_only,record,"[""해석"",""자료 수집·분석·결론 도출""]","[""해석""]",자료 수집·분석·결론 도출,자료 수집·분석·결론 도출,false,false,false,[]
assessment_task_b55fa63813,과학탐구실험1,과학탐구실험1,I_or_other,textbook_concept_dictionary,true,record_only,record_only,record,"[""해석"",""자료 수집·분석·결론 도출""]","[""해석""]",자료 수집·분석·결론 도출,자료 수집·분석·결론 도출,false,false,false,[]
assessment_task_d299112da1,과학탐구실험1,과학탐구실험1,I_or_other,textbook_concept_dictionary,true,clean,clean,both,"[""화학 반응""]","[""화학 반응""]",,화학 반응,false,false,false,[]
assessment_task_254b338b97,정보,정보,I_or_other,textbook_concept_dictionary,true,clean,clean,both,"[""빅 데이터"",""시각화""]","[""빅 데이터"",""시각화""]",,빅 데이터,false,false,false,[]
assessment_task_ca804522f6,정보,정보,I_or_other,textbook_plus_legacy,true,clean,clean,both,"[""문제 해결"",""정렬"",""알고리즘"",""자료와 정보의 분석""]","[""문제 해결"",""알고리즘"",""효율성"",""정렬"",""탐색""]",자료와 정보의 분석,자료와 정보의 분석,false,false,false,[]
assessment_task_216f9c3919,정보,정보,I_or_other,textbook_plus_legacy,true,clean,clean,both,"[""반복문"",""조건문"",""프로그래밍과 자동화""]","[""디지털"",""반복문"",""조건문"",""반복""]",프로그래밍과 자동화,프로그래밍과 자동화,false,false,false,[]
assessment_task_910c025ec8,대수,대수,I_or_other,textbook_plus_legacy,true,clean,clean,both,"[""함수""]","[""로그함수"",""지수함수"",""로그"",""지수"",""함수""]",로그함수의 뜻과 그래프,로그함수의 뜻과 그래프,false,false,false,[]
assessment_task_94c38fe6a4,대수,대수,I_or_other,subject_fallback,false,fallback,fallback,none,"[""대수""]",[],,,false,false,false,[]
assessment_task_6d2d9823bd,확률과 통계,확률과 통계,I_or_other,textbook_plus_legacy,true,clean,clean,both,"[""경우의 수"",""순열과 조합""]","[""경우의 수"",""확률""]",순열과 조합,순열과 조합,false,false,false,[]
assessment_task_f314540bdd,확률과 통계,확률과 통계,I_or_other,textbook_plus_legacy,true,clean,clean,both,"[""사건"",""확률변수"",""확률의 뜻과 기본 성질""]","[""확률변수"",""독립"",""사건"",""확률"",""사건의 독립성""]",확률의 뜻과 기본 성질,확률의 뜻과 기본 성질,false,false,false,[]
assessment_task_3fec8025cd,물리,물리학,I_or_other,textbook_concept_dictionary,true,clean,clean,both,"[""뉴턴 운동 법칙"",""등가속도 운동"",""힘과 운동""]","[""뉴턴 운동 법칙"",""등가속도 운동"",""가속도"",""속도""]",힘과 운동,힘과 운동,false,false,false,[]
assessment_task_cd554c7c6b,물리,물리학,I_or_other,textbook_plus_legacy,true,clean,clean,both,"[""뉴턴 운동 법칙"",""등가속도 운동"",""에너지 보존"",""힘과 운동""]","[""역학적 에너지 보존"",""뉴턴 운동 법칙"",""등가속도 운동"",""역학적 에너지"",""가속도"",""속도"",""에너지 보존""]",힘과 운동,힘과 운동,false,false,false,[]
assessment_task_6d8b43615e,화학,화학,I_or_other,legacy_dictionary,true,clean,clean,both,"[""화학 평형""]","[""화학 평형""]",,,false,false,false,[]
assessment_task_702fc33378,화학,화학,I_or_other,textbook_concept_dictionary,true,clean,clean,both,"[""계수비"",""몰"",""물질의 양과 화학 반응식""]","[""화학 반응식"",""계수비"",""반응식"",""금속"",""몰""]",물질의 양과 화학 반응식,물질의 양과 화학 반응식,false,false,false,[]
assessment_task_41fc2e060e,생명과학,생명과학,I_or_other,textbook_plus_legacy,true,clean,clean,both,"[""유전적 다양성"",""감수 분열"",""생식과 생명의 연속성""]","[""유전적 다양성"",""감수 분열"",""생식 세포"",""DNA"",""다양성"",""염색체"",""유전자"",""복제""]",생식과 생명의 연속성,생식과 생명의 연속성,false,false,false,[]
assessment_task_1d52b093eb,생명과학,생명과학,I_or_other,textbook_concept_dictionary,true,clean,clean,both,"[""막전위"",""뉴런"",""신경 자극 전도와 전달""]","[""막전위"",""뉴런"",""세포"",""전달""]",신경 자극 전도와 전달,신경 자극 전도와 전달,false,false,false,[]
assessment_task_462ab23b70,지구과학,지구과학,I_or_other,textbook_concept_dictionary,true,clean,clean,both,"[""표면 온도"",""H-R도"",""별의 특성과 진화""]","[""표면 온도"",""H-R도"",""광도""]",별의 특성과 진화,별의 특성과 진화,false,false,false,[]
assessment_task_1ec80a2bcd,지구과학,지구과학,I_or_other,textbook_concept_dictionary,true,clean,clean,both,"[""지층과 지질시대""]","[""생성 순서"",""지층""]",지층과 지질시대,지층과 지질시대,false,false,false,[]
assessment_task_6b5c95ef33,융합과학 탐구,융합과학 탐구,I_or_other,textbook_concept_dictionary,true,clean,clean,both,"[""데이터"",""신뢰성""]","[""데이터"",""신뢰성"",""생활"",""시간""]",,데이터,false,false,true,"[""통합과학2"",""통합과학1""]"
assessment_task_78ca92f0e8,융합과학 탐구,융합과학 탐구,I_or_other,textbook_concept_dictionary,true,clean,clean,both,"[""데이터"",""연속성""]","[""데이터"",""연속성"",""시간""]",,데이터,false,false,true,"[""통합과학2"",""생명과학"",""통합과학1""]"
assessment_task_29baa1f458,융합과학 탐구,융합과학 탐구,I_or_other,textbook_concept_dictionary,true,clean,clean,both,"[""필요성"",""윤리""]","[""필요성"",""윤리""]",,필요성,false,false,true,"[""통합과학2""]"
assessment_task_7f82e97a99,융합과학 탐구,융합과학 탐구,I_or_other,textbook_concept_dictionary,true,clean,clean,both,"[""데이터"",""시간""]","[""데이터"",""시간"",""전달"",""표준""]",,데이터,false,false,true,"[""통합과학2"",""통합과학1"",""생명과학""]"
assessment_task_2cbad0ddb4,융합과학 탐구,융합과학 탐구,I_or_other,textbook_concept_dictionary,true,clean,clean,both,"[""데이터"",""단위""]","[""데이터"",""단위"",""시간""]",,데이터,false,false,true,"[""통합과학2"",""통합과학1""]"
assessment_task_5b5034ca5a,확률과 통계,확률과 통계,I_or_other,textbook_concept_dictionary,true,clean,clean,both,"[""순열과 조합""]","[""순열과 조합"",""이항정리"",""순열"",""조합""]",순열과 조합,순열과 조합,false,false,false,[]
assessment_task_849f8a2f1e,확률과 통계,확률과 통계,I_or_other,subject_fallback,false,fallback,fallback,none,"[""확률과 통계""]",[],,,false,false,false,[]
assessment_task_d2ae98918e,확률과 통계,확률과 통계,I_or_other,textbook_plus_legacy,true,clean,clean,both,"[""사건"",""조건부확률"",""확률의 뜻과 기본 성질""]","[""조건부확률"",""덧셈정리"",""여사건"",""사건"",""확률""]",확률의 뜻과 기본 성질,확률의 뜻과 기본 성질,false,false,false,[]
assessment_task_20747a8c36,물리,물리학Ⅱ,II,subject_fallback,false,fallback,fallback,none,"[""물리""]",[],,,false,false,false,[]
assessment_task_e85d7ad12f,물리,물리학Ⅱ,II,textbook_concept_dictionary,true,record_only,record_only,record,"[""전기력"",""전하"",""물질의 전기적 특성""]","[""전기력"",""전하""]",물질의 전기적 특성,물질의 전기적 특성,false,false,false,[]
assessment_task_84f975491d,물리,물리학Ⅱ,II,textbook_concept_dictionary,true,clean,clean,both,"[""뉴턴 운동 법칙"",""힘과 운동""]","[""뉴턴 운동 법칙""]",힘과 운동,힘과 운동,false,false,false,[]
assessment_task_f95ce54765,화학,화학Ⅱ,II,legacy_dictionary,true,clean,clean,both,"[""화학 평형""]","[""화학 평형""]",,,false,false,false,[]
assessment_task_6e818cd72e,화학,화학Ⅱ,II,textbook_concept_dictionary,true,record_only,record_only,record,"[""몰 농도""]","[""몰 농도""]",,몰 농도,false,false,false,[]
assessment_task_470fc6180d,생명과학,생명과학Ⅱ,II,subject_fallback,false,fallback,fallback,none,"[""생명과학""]",[],,,false,false,false,[]
assessment_task_0c614c69e3,생명과학,생명과학Ⅱ,II,textbook_plus_legacy,true,clean,clean,both,"[""반응 속도"",""효소""]","[""반응 속도"",""효소""]",,반응 속도,false,false,false,[]
assessment_task_e3032a8201,지구과학,지구과학Ⅱ,II,subject_fallback,false,fallback,fallback,none,"[""지구과학""]",[],,,false,false,false,[]
assessment_task_d477f146f3,지구과학,지구과학Ⅱ,II,textbook_concept_dictionary,true,clean,clean,both,"[""태양계 천체의 관측과 운동""]","[""관측""]",태양계 천체의 관측과 운동,태양계 천체의 관측과 운동,false,false,false,[]
assessment_task_706ef52938,정보,정보,I_or_other,textbook_plus_legacy,true,clean,clean,both,"[""알고리즘""]","[""알고리즘""]",알고리즘 설계와 분석,알고리즘 설계와 분석,false,false,false,[]
assessment_task_5f831eadb0,정보,정보,I_or_other,textbook_concept_dictionary,true,clean,clean,both,"[""인공지능""]","[""인공지능""]",,인공지능,false,false,false,[]
assessment_task_7c48213633,정보,정보,I_or_other,textbook_concept_dictionary,true,clean,clean,both,"[""컴퓨팅 시스템과 네트워크""]","[""컴퓨팅 시스템"",""디지털""]",컴퓨팅 시스템과 네트워크,컴퓨팅 시스템과 네트워크,false,false,false,[]
assessment_task_316cc9219a,미적분1,미적분 II,I_or_other,textbook_plus_legacy,true,record_only,record_only,record,"[""수열"",""적분"",""극한""]","[""수열의 극한"",""극한"",""수열"",""적분""]",수열의 극한,수열의 극한,false,false,false,[]
assessment_task_3b7cbca4ce,미적분1,미적분 II,I_or_other,subject_fallback,false,fallback,fallback,none,"[""미적분1""]",[],,,false,false,false,[]
assessment_task_02976934c0,물리,고급 물리학,I_or_other,subject_fallback,false,fallback,fallback,none,"[""물리""]",[],,,false,false,false,[]
assessment_task_25802fcc74,물리,고급 물리학,I_or_other,subject_fallback,false,fallback,fallback,none,"[""물리""]",[],,,false,false,false,[]
assessment_task_58a5f97636,물리,고급 물리학,I_or_other,subject_fallback,false,fallback,fallback,none,"[""물리""]",[],,,false,false,false,[]
assessment_task_382d1ee38d,물리,고급 물리학,I_or_other,subject_fallback,false,fallback,fallback,none,"[""물리""]",[],,,false,false,false,[]
assessment_task_dba144ac30,화학,고급 화학,I_or_other,textbook_concept_dictionary,true,clean,clean,both,"[""원자의 구조""]","[""원자의 구조""]",원자의 구조,원자의 구조,false,false,false,[]
assessment_task_129970ac65,화학,고급 화학,I_or_other,legacy_dictionary,true,record_only,record_only,record,"[""반응 속도""]","[""반응 속도""]",,,false,false,false,[]
assessment_task_25741bd545,화학,고급 화학,I_or_other,legacy_dictionary,true,clean,clean,both,"[""반응 속도""]","[""반응 속도""]",,,false,false,false,[]
assessment_task_72a996daa0,생명과학,고급 생명과학,I_or_other,textbook_concept_dictionary,true,clean,clean,both,"[""광합성""]","[""광합성""]",,광합성,false,false,false,[]
assessment_task_d01f9f4467,생명과학,고급 생명과학,I_or_other,textbook_plus_legacy,true,record_only,record_only,record,"[""유전""]","[""유전자"",""유전""]",유전자와 염색체,유전자와 염색체,false,false,false,[]
assessment_task_fe9a542450,생명과학,고급 생명과학,I_or_other,textbook_concept_dictionary,true,clean,clean,both,"[""호르몬"",""신경계와 항상성""]","[""호르몬""]",신경계와 항상성,신경계와 항상성,false,false,false,[]
assessment_task_74920ae1ec,지구과학,고급 지구과학,I_or_other,subject_fallback,false,fallback,fallback,none,"[""지구과학""]",[],,,false,false,false,[]
assessment_task_ee93f58321,지구과학,고급 지구과학,I_or_other,textbook_concept_dictionary,true,clean,clean,both,"[""운동""]","[""운동""]",,운동,false,false,false,[]
assessment_task_f918de4fa5,미적분1,AP 미적분학 I,I_or_other,subject_fallback,false,fallback,fallback,none,"[""미적분1""]",[],,,false,false,false,[]
assessment_task_0eb78f0a87,미적분1,AP 미적분학 I,I_or_other,textbook_plus_legacy,true,clean,clean,both,"[""적분""]","[""적분""]",,적분,false,false,false,[]
assessment_task_39f7248629,물리,AP 일반물리학 I,I_or_other,textbook_plus_legacy,true,clean,clean,both,"[""운동량 보존"",""힘과 운동""]","[""운동량 보존"",""운동량""]",힘과 운동,힘과 운동,false,false,false,[]
assessment_task_e29d879be1,물리,AP 일반물리학 I,I_or_other,textbook_concept_dictionary,true,record_only,record_only,record,"[""전하"",""물질의 전기적 특성""]","[""전하""]",물질의 전기적 특성,물질의 전기적 특성,false,false,false,[]
assessment_task_838f8c2668,물리,AP 일반물리학 I,I_or_other,subject_fallback,false,fallback,fallback,none,"[""물리""]",[],,,false,false,false,[]
assessment_task_c95fa85ea6,화학,AP 일반화학 I,I_or_other,subject_fallback,false,fallback,fallback,none,"[""화학""]",[],,,false,false,false,[]
assessment_task_55e9924ff5,화학,AP 일반화학 I,I_or_other,subject_fallback,false,fallback,fallback,none,"[""화학""]",[],,,false,false,false,[]
assessment_task_b61779fa95,정보,정보과학,I_or_other,textbook_plus_legacy,true,clean,clean,both,"[""알고리즘""]","[""알고리즘""]",알고리즘 설계와 분석,알고리즘 설계와 분석,false,false,false,[]
assessment_task_4d88e3ed44,정보,정보과학,I_or_other,textbook_plus_legacy,true,clean,clean,both,"[""알고리즘""]","[""알고리즘""]",알고리즘 설계와 분석,알고리즘 설계와 분석,false,false,false,[]
assessment_task_a894cab453,정보,정보과학,I_or_other,textbook_plus_legacy,true,clean,clean,both,"[""수행 시간"",""알고리즘""]","[""수행 시간"",""알고리즘"",""정보 과학""]",알고리즘 설계와 분석,알고리즘 설계와 분석,false,false,false,[]
assessment_task_384111888f,물리,프로젝트기반연구Ⅱ-센서 기반 라디오 존데 시스템 설계 및 대기 물리 데이터 수집,II,subject_fallback,false,fallback,fallback,none,"[""물리""]",[],,,false,false,false,[]
assessment_task_ca2abc561b,물리,프로젝트기반연구Ⅱ-센서 기반 라디오 존데 시스템 설계 및 대기 물리 데이터 수집,II,subject_fallback,false,fallback,fallback,none,"[""물리""]",[],,,false,false,false,[]
assessment_task_090b0c07a3,물리,프로젝트기반연구Ⅱ-센서 기반 라디오 존데 시스템 설계 및 대기 물리 데이터 수집,II,subject_fallback,false,fallback,fallback,none,"[""물리""]",[],,,false,false,false,[]
assessment_task_059cee343d,물리,고급물리학Ⅱ,II,subject_fallback,false,fallback,fallback,none,"[""물리""]",[],,,false,false,false,[]
assessment_task_a75d000438,물리,고급물리학Ⅱ,II,subject_fallback,false,fallback,fallback,none,"[""물리""]",[],,,false,false,false,[]
assessment_task_3a6123c756,물리,고급물리학Ⅱ,II,subject_fallback,false,fallback,fallback,none,"[""물리""]",[],,,false,false,false,[]
assessment_task_fb7868e561,물리,물리기반 융합세미나Ⅰ,I_or_other,subject_fallback,false,fallback,fallback,none,"[""물리""]",[],,,false,false,false,[]
assessment_task_56ccafd3b6,물리,물리기반 융합세미나Ⅰ,I_or_other,subject_fallback,false,fallback,fallback,none,"[""물리""]",[],,,false,false,false,[]
assessment_task_e5b8cc0d24,물리,물리기반 융합세미나Ⅰ,I_or_other,subject_fallback,false,fallback,fallback,none,"[""물리""]",[],,,false,false,false,[]
assessment_task_3ab2a14bfc,물리,물리 첨단기기활용법,I_or_other,subject_fallback,false,fallback,fallback,none,"[""물리""]",[],,,false,false,false,[]
assessment_task_d286409718,물리,물리 첨단기기활용법,I_or_other,subject_fallback,false,fallback,fallback,none,"[""물리""]",[],,,false,false,false,[]
assessment_task_68c66c165f,물리,물리 첨단기기활용법,I_or_other,subject_fallback,false,fallback,fallback,none,"[""물리""]",[],,,false,false,false,[]
assessment_task_9bd2b84a0f,물리,물리학 및 실험 Ⅰ,I_or_other,subject_fallback,false,fallback,fallback,none,"[""물리""]",[],,,false,false,false,[]
assessment_task_2800de5a6d,물리,물리학 및 실험 Ⅰ,I_or_other,subject_fallback,false,fallback,fallback,none,"[""물리""]",[],,,false,false,false,[]
assessment_task_ff84c42886,물리,물리학 및 실험 Ⅰ,I_or_other,subject_fallback,false,fallback,fallback,none,"[""물리""]",[],,,false,false,false,[]
assessment_task_5d61ebb257,물리,물리학 및 실험 Ⅰ,I_or_other,subject_fallback,false,fallback,fallback,none,"[""물리""]",[],,,false,false,false,[]
assessment_task_69c4bbeba5,물리,물리학 및 실험Ⅲ,I_or_other,subject_fallback,false,fallback,fallback,none,"[""물리""]",[],,,false,false,false,[]
assessment_task_717de6c3ec,물리,물리학 및 실험Ⅲ,I_or_other,subject_fallback,false,fallback,fallback,none,"[""물리""]",[],,,false,false,false,[]
assessment_task_c964b55f46,물리,물리학 및 실험Ⅲ,I_or_other,subject_fallback,false,fallback,fallback,none,"[""물리""]",[],,,false,false,false,[]
assessment_task_c68c78dd63,물리,물리학 및 실험Ⅲ,I_or_other,subject_fallback,false,fallback,fallback,none,"[""물리""]",[],,,false,false,false,[]
assessment_task_8a895cd51d,물리,일반물리학Ⅱ,II,subject_fallback,false,fallback,fallback,none,"[""물리""]",[],,,false,false,false,[]
assessment_task_74073465f7,물리,일반물리학Ⅱ,II,subject_fallback,false,fallback,fallback,none,"[""물리""]",[],,,false,false,false,[]
assessment_task_021826abf8,물리,일반물리학Ⅱ,II,subject_fallback,false,fallback,fallback,none,"[""물리""]",[],,,false,false,false,[]
assessment_task_25c359e4b4,물리,일반물리학실험Ⅱ,II,subject_fallback,false,fallback,fallback,none,"[""물리""]",[],,,false,false,false,[]
assessment_task_d7a508ae03,물리,일반물리학실험Ⅱ,II,subject_fallback,false,fallback,fallback,none,"[""물리""]",[],,,false,false,false,[]
assessment_task_c50627e0a9,생명과학,생명과학 및 실험 Ⅰ,I_or_other,subject_fallback,false,fallback,fallback,none,"[""생명과학""]",[],,,false,false,false,[]
assessment_task_8a39597563,생명과학,생명과학 및 실험 Ⅰ,I_or_other,subject_fallback,false,fallback,fallback,none,"[""생명과학""]",[],,,false,false,false,[]
assessment_task_88cfcabfea,생명과학,생명과학 및 실험 Ⅲ,I_or_other,subject_fallback,false,fallback,fallback,none,"[""생명과학""]",[],,,false,false,false,[]
assessment_task_6108cfb6fb,생명과학,생명과학 및 실험 Ⅲ,I_or_other,subject_fallback,false,fallback,fallback,none,"[""생명과학""]",[],,,false,false,false,[]
assessment_task_df8094d9f9,생명과학,생명과학 첨단기기활용법,I_or_other,subject_fallback,false,fallback,fallback,none,"[""생명과학""]",[],,,false,false,false,[]
assessment_task_c0bbc28710,생명과학,생명과학 첨단기기활용법,I_or_other,subject_fallback,false,fallback,fallback,none,"[""생명과학""]",[],,,false,false,false,[]
assessment_task_399bcce62c,생명과학,생명과학 첨단기기활용법,I_or_other,subject_fallback,false,fallback,fallback,none,"[""생명과학""]",[],,,false,false,false,[]
assessment_task_e74d202462,생명과학,생명과학탐구실습,I_or_other,textbook_concept_dictionary,true,clean,clean,both,"[""분류"",""진화와 생물 다양성""]","[""분류""]",진화와 생물 다양성,진화와 생물 다양성,false,false,false,[]
assessment_task_ca471bafef,생명과학,생명과학탐구실습,I_or_other,subject_fallback,false,fallback,fallback,none,"[""생명과학""]",[],,,false,false,false,[]
assessment_task_6307d32905,생명과학,생명과학탐구실습,I_or_other,subject_fallback,false,fallback,fallback,none,"[""생명과학""]",[],,,false,false,false,[]
assessment_task_1d97510c9a,생명과학,생명과학탐구실습,I_or_other,subject_fallback,false,fallback,fallback,none,"[""생명과학""]",[],,,false,false,false,[]
assessment_task_4867a9c96f,생명과학,생명과학탐구실습,I_or_other,subject_fallback,false,fallback,fallback,none,"[""생명과학""]",[],,,false,false,false,[]
assessment_task_d5062f66d3,정보,생명정보학,I_or_other,subject_fallback,false,fallback,fallback,none,"[""정보""]",[],,,false,false,false,[]
assessment_task_3a490780df,정보,생명정보학,I_or_other,subject_fallback,false,fallback,fallback,none,"[""정보""]",[],,,false,false,false,[]
assessment_task_841b747928,정보,생명정보학,I_or_other,subject_fallback,false,fallback,fallback,none,"[""정보""]",[],,,false,false,false,[]
assessment_task_b2887d7f6d,정보,생명정보학,I_or_other,subject_fallback,false,fallback,fallback,none,"[""정보""]",[],,,false,false,false,[]
assessment_task_782e543950,생명과학,창발적 사고와 생명과학 문제해결Ⅰ,I_or_other,subject_fallback,false,fallback,fallback,none,"[""생명과학""]",[],,,false,false,false,[]
assessment_task_eb0d68ee50,생명과학,창발적 사고와 생명과학 문제해결Ⅰ,I_or_other,subject_fallback,false,fallback,fallback,none,"[""생명과학""]",[],,,false,false,false,[]
assessment_task_175fd48c7c,대수,선형대수학,I_or_other,subject_fallback,false,fallback,fallback,none,"[""대수""]",[],,,false,false,false,[]
assessment_task_fb810bf4a2,대수,선형대수학,I_or_other,subject_fallback,false,fallback,fallback,none,"[""대수""]",[],,,false,false,false,[]
assessment_task_18bf0c70b5,대수,선형대수학,I_or_other,subject_fallback,false,fallback,fallback,none,"[""대수""]",[],,,false,false,false,[]
assessment_task_4cb7d3ec07,대수,선형대수학,I_or_other,subject_fallback,false,fallback,fallback,none,"[""대수""]",[],,,false,false,false,[]
assessment_task_88846624e7,확률과 통계,확률과 통계,I_or_other,subject_fallback,false,fallback,fallback,none,"[""확률과 통계""]",[],,,false,false,false,[]
assessment_task_9d0c194b06,확률과 통계,확률과 통계,I_or_other,subject_fallback,false,fallback,fallback,none,"[""확률과 통계""]",[],,,false,false,false,[]
assessment_task_19389c824c,확률과 통계,확률과 통계,I_or_other,textbook_concept_dictionary,true,clean,clean,both,"[""확률의 뜻과 기본 성질""]","[""확률""]",확률의 뜻과 기본 성질,확률의 뜻과 기본 성질,false,false,false,[]
assessment_task_5866818570,확률과 통계,확률과 통계,I_or_other,subject_fallback,false,fallback,fallback,none,"[""확률과 통계""]",[],,,false,false,false,[]
assessment_task_a47e57594a,확률과 통계,확률과 통계,I_or_other,subject_fallback,false,fallback,fallback,none,"[""확률과 통계""]",[],,,false,false,false,[]
assessment_task_2edc39cbe3,정보,정보과학개론,I_or_other,textbook_concept_dictionary,true,clean,clean,both,"[""정보 과학"",""효율성""]","[""정보 과학"",""효율성""]",,정보 과학,false,false,false,[]
assessment_task_371d14699d,정보,정보과학개론,I_or_other,textbook_concept_dictionary,true,clean,clean,both,"[""정보 과학"",""효율성""]","[""정보 과학"",""효율성""]",,정보 과학,false,false,false,[]
assessment_task_1c63410462,정보,정보과학개론,I_or_other,textbook_concept_dictionary,true,clean,clean,both,"[""문제 해결"",""자료와 정보의 분석""]","[""문제 해결"",""정보 과학"",""효율성""]",자료와 정보의 분석,자료와 정보의 분석,false,false,false,[]
assessment_task_a09fdaf379,정보,정보과학개론,I_or_other,textbook_concept_dictionary,true,clean,clean,both,"[""문제 해결"",""자료와 정보의 분석""]","[""문제 해결"",""정보 과학"",""효율성""]",자료와 정보의 분석,자료와 정보의 분석,false,false,false,[]
assessment_task_00b18dc091,정보,정보과학프로젝트Ⅰ,I_or_other,textbook_concept_dictionary,true,clean,clean,both,"[""정보 과학"",""효율성""]","[""정보 과학"",""효율성""]",,정보 과학,false,false,false,[]
assessment_task_a67ad37a92,정보,정보과학프로젝트Ⅰ,I_or_other,textbook_concept_dictionary,true,clean,clean,both,"[""정보 과학"",""효율성""]","[""정보 과학"",""효율성""]",,정보 과학,false,false,false,[]
assessment_task_23b88157f6,정보,정보과학프로젝트Ⅰ,I_or_other,textbook_concept_dictionary,true,clean,clean,both,"[""정보 과학"",""효율성""]","[""정보 과학"",""효율성""]",,정보 과학,false,false,false,[]
assessment_task_fc951089e2,정보,정보과학프로젝트Ⅰ,I_or_other,textbook_concept_dictionary,true,clean,clean,both,"[""정보 과학"",""효율성""]","[""정보 과학"",""효율성""]",,정보 과학,false,false,false,[]
assessment_task_29100083d4,지구과학,지구과학 및 실험Ⅰ,I_or_other,textbook_concept_dictionary,true,clean,clean,both,"[""망원경""]","[""망원경""]",,망원경,false,false,false,[]
assessment_task_21f4931d24,지구과학,지구과학 및 실험Ⅰ,I_or_other,subject_fallback,false,fallback,fallback,none,"[""지구과학""]",[],,,false,false,false,[]
assessment_task_8fa889e3ce,지구과학,지구과학 및 실험Ⅰ,I_or_other,textbook_plus_legacy,true,clean,clean,both,"[""기후 변화""]","[""기후 변화"",""기후""]",,기후 변화,false,false,false,[]
assessment_task_85bd89894e,화학,일반화학Ⅱ,II,subject_fallback,false,fallback,fallback,none,"[""화학""]",[],,,false,false,false,[]
assessment_task_a955360a8a,화학,일반화학Ⅱ,II,subject_fallback,false,fallback,fallback,none,"[""화학""]",[],,,false,false,false,[]
assessment_task_bd7b04942d,화학,일반화학실험Ⅱ,II,subject_fallback,false,fallback,fallback,none,"[""화학""]",[],,,false,false,false,[]
assessment_task_0a1e43ba90,화학,일반화학실험Ⅱ,II,subject_fallback,false,fallback,fallback,none,"[""화학""]",[],,,false,false,false,[]
assessment_task_2b929a462c,화학,일반화학실험Ⅱ,II,subject_fallback,false,fallback,fallback,none,"[""화학""]",[],,,false,false,false,[]
assessment_task_00215eee40,화학,일반화학실험Ⅱ,II,subject_fallback,false,fallback,fallback,none,"[""화학""]",[],,,false,false,false,[]
assessment_task_6351a9a4fe,화학,일반화학실험Ⅱ,II,subject_fallback,false,fallback,fallback,none,"[""화학""]",[],,,false,false,false,[]
assessment_task_bc0153bb16,화학,화학 및 실험Ⅰ,I_or_other,subject_fallback,false,fallback,fallback,none,"[""화학""]",[],,,false,false,false,[]
assessment_task_5f66d9e339,화학,화학 및 실험Ⅰ,I_or_other,subject_fallback,false,fallback,fallback,none,"[""화학""]",[],,,false,false,false,[]
assessment_task_8d53a4ef39,화학,화학 및 실험Ⅰ,I_or_other,subject_fallback,false,fallback,fallback,none,"[""화학""]",[],,,false,false,false,[]
assessment_task_209765e44f,화학,화학 및 실험 Ⅲ,I_or_other,subject_fallback,false,fallback,fallback,none,"[""화학""]",[],,,false,false,false,[]
assessment_task_e09fef3889,화학,화학 및 실험 Ⅲ,I_or_other,subject_fallback,false,fallback,fallback,none,"[""화학""]",[],,,false,false,false,[]
assessment_task_2d6b47e6a0,화학,화학 및 실험 Ⅲ,I_or_other,subject_fallback,false,fallback,fallback,none,"[""화학""]",[],,,false,false,false,[]
assessment_task_69c366019c,화학,화학 이슈와 토론Ⅰ,I_or_other,subject_fallback,false,fallback,fallback,none,"[""화학""]",[],,,false,false,false,[]
assessment_task_561d9cce23,화학,화학 이슈와 토론Ⅰ,I_or_other,subject_fallback,false,fallback,fallback,none,"[""화학""]",[],,,false,false,false,[]
assessment_task_47b7b9997d,화학,화학 이슈와 토론Ⅰ,I_or_other,subject_fallback,false,fallback,fallback,none,"[""화학""]",[],,,false,false,false,[]
assessment_task_feb6db9fe8,화학,화학 이슈와 토론Ⅰ,I_or_other,subject_fallback,false,fallback,fallback,none,"[""화학""]",[],,,false,false,false,[]
assessment_task_9a1abdb847,화학,화학첨단기기활용법Ⅰ,I_or_other,subject_fallback,false,fallback,fallback,none,"[""화학""]",[],,,false,false,false,[]
assessment_task_03a3396853,화학,화학첨단기기활용법Ⅰ,I_or_other,subject_fallback,false,fallback,fallback,none,"[""화학""]",[],,,false,false,false,[]
assessment_task_1f041c76fe,화학,화학첨단기기활용법Ⅰ,I_or_other,subject_fallback,false,fallback,fallback,none,"[""화학""]",[],,,false,false,false,[]
assessment_task_2214e45ea9,화학,화학첨단기기활용법Ⅰ,I_or_other,subject_fallback,false,fallback,fallback,none,"[""화학""]",[],,,false,false,false,[]
assessment_task_6f75c93008,대수,대수,I_or_other,textbook_plus_legacy,true,clean,clean,both,"[""함수""]","[""로그함수"",""지수함수"",""로그"",""지수"",""함수""]",로그함수의 뜻과 그래프,로그함수의 뜻과 그래프,false,false,false,[]
assessment_task_0bc9b80e50,대수,대수,I_or_other,textbook_plus_legacy,true,clean,clean,both,"[""함수"",""수열""]","[""로그함수"",""지수함수"",""로그"",""수열"",""지수"",""함수""]",로그함수의 뜻과 그래프,로그함수의 뜻과 그래프,false,false,false,[]
assessment_task_66c6aee7a4,미적분1,미적분I,I_or_other,subject_fallback,false,fallback,fallback,none,"[""미적분1""]",[],,,false,false,false,[]
assessment_task_0e684e3f66,물리,물리학,I_or_other,textbook_plus_legacy,true,clean,clean,both,"[""운동량 보존"",""힘과 운동""]","[""운동량 보존"",""운동량""]",힘과 운동,힘과 운동,false,false,false,[]
assessment_task_3877e51aa3,물리,물리학,I_or_other,subject_fallback,false,fallback,fallback,none,"[""물리""]",[],,,false,false,false,[]
assessment_task_a97edf0950,생명과학,생명과학,I_or_other,textbook_concept_dictionary,true,clean,clean,both,"[""전달""]","[""전달""]",,전달,false,false,false,[]
assessment_task_8de1231dce,생명과학,생명과학,I_or_other,subject_fallback,false,fallback,fallback,none,"[""생명과학""]",[],,,false,false,false,[]
assessment_task_07105051f8,지구과학,지구과학,I_or_other,subject_fallback,false,fallback,fallback,none,"[""지구과학""]",[],,,false,false,false,[]
assessment_task_fbc5c60e6a,지구과학,지구과학,I_or_other,textbook_concept_dictionary,true,clean,clean,both,"[""수온 염분도"",""용존 산소량"",""해수의 성질""]","[""수온 염분도"",""용존 산소량"",""용존 산소"",""표층 염분"",""밀도"",""수온"",""염분""]",해수의 성질,해수의 성질,false,false,false,[]
assessment_task_c37e0b2e2b,인공지능 기초,인공지능 기초,I_or_other,textbook_concept_dictionary,true,clean,clean,both,"[""사회 변화"",""인공지능"",""정보 사회""]","[""사회 변화"",""인공지능"",""탐색""]",정보 사회,정보 사회,false,false,true,"[""정보""]"
assessment_task_d44a766e42,인공지능 기초,인공지능 기초,I_or_other,textbook_plus_legacy,true,clean,clean,both,"[""프로그래밍 언어"",""알고리즘"",""프로그래밍과 자동화""]","[""프로그래밍 언어"",""문제 해결"",""알고리즘"",""인공지능"",""모델""]",프로그래밍과 자동화,프로그래밍과 자동화,false,false,false,"[""정보""]"
assessment_task_2b9657f753,물리,물리학II,II,subject_fallback,false,fallback,fallback,none,"[""물리""]",[],,,false,false,false,[]
assessment_task_aee126b80a,화학,화학II,II,subject_fallback,false,fallback,fallback,none,"[""화학""]",[],,,false,false,false,[]
assessment_task_2d47d68235,생명과학,생명과학II,II,textbook_concept_dictionary,true,clean,clean,both,"[""전달""]","[""전달""]",,전달,false,false,false,[]
assessment_task_f944e592aa,지구과학,지구과학II,II,textbook_plus_legacy,true,clean,clean,both,"[""기후 변화""]","[""기후 변화"",""기후""]",,기후 변화,false,false,false,[]
assessment_task_e6b57d2e77,지구과학,지구과학II,II,subject_fallback,false,fallback,fallback,none,"[""지구과학""]",[],,,false,false,false,[]
assessment_task_8bdf0077bb,지구과학,지구과학II,II,subject_fallback,false,fallback,fallback,none,"[""지구과학""]",[],,,false,false,false,[]
assessment_task_c8525c16fe,기하,기하,I_or_other,textbook_concept_dictionary,true,clean,clean,both,"[""포물선"",""이차곡선과 자취 해석""]","[""공간 좌표"",""공간도형"",""이차곡선"",""포물선"",""좌표""]",이차곡선과 자취 해석,이차곡선과 자취 해석,false,false,false,[]
assessment_task_3279c70c87,기하,기하,I_or_other,subject_fallback,false,fallback,fallback,none,"[""기하""]",[],,,false,false,false,[]
assessment_task_f552cff430,미적분1,미적분 I,I_or_other,textbook_plus_legacy,true,clean,clean,both,"[""함수"",""미분"",""적분"",""수열의 극한""]","[""극한"",""적분"",""함수"",""미분""]",수열의 극한,수열의 극한,false,false,false,[]
assessment_task_9285d8db7f,미적분1,미적분 I,I_or_other,textbook_plus_legacy,true,clean,clean,both,"[""함수"",""미분"",""적분"",""수열의 극한""]","[""극한"",""적분"",""함수"",""미분""]",수열의 극한,수열의 극한,false,false,false,[]
assessment_task_b1d3baca1e,정보,정보,I_or_other,textbook_concept_dictionary,true,clean,clean,both,"[""인공지능"",""디지털""]","[""인공지능"",""디지털""]",,인공지능,false,false,false,[]
assessment_task_0ec4245fe5,정보,정보,I_or_other,textbook_concept_dictionary,true,clean,clean,both,"[""시각화""]","[""시각화""]",,시각화,false,false,false,[]
assessment_task_e4f0d895eb,정보,정보,I_or_other,textbook_plus_legacy,true,clean,clean,both,"[""인공지능"",""AI"",""알고리즘"",""정보 사회""]","[""문제 해결"",""알고리즘"",""인공지능"",""AI""]",정보 사회,정보 사회,false,false,false,[]
assessment_task_de9b5429d1,기하,기하,I_or_other,textbook_plus_legacy,true,clean,clean,both,"[""벡터""]","[""공간도형"",""이차곡선"",""벡터""]",평면벡터와 벡터의 연산,평면벡터와 벡터의 연산,false,false,false,[]
assessment_task_08e62baa62,화학,화학 II,II,subject_fallback,false,fallback,fallback,none,"[""화학""]",[],,,false,false,false,[]
assessment_task_5479e36e9f,화학,화학 II,II,textbook_plus_legacy,true,clean,clean,both,"[""반응 엔탈피"",""화학 기술"",""화학 평형""]","[""반응 엔탈피"",""화학 기술"",""화학 평형""]",,반응 엔탈피,false,false,false,[]
assessment_task_d8e7980dbb,지구과학,지구과학,I_or_other,textbook_concept_dictionary,true,clean,clean,both,"[""중위도 저기압"",""날씨의 변화""]","[""중위도 저기압"",""저기압"",""기압""]",날씨의 변화,날씨의 변화,false,false,false,[]
assessment_task_85e18dda3b,지구과학,지구과학,I_or_other,textbook_concept_dictionary,true,clean,clean,both,"[""지질공원"",""판 구조와 암석 변화""]","[""지질공원"",""한반도""]",판 구조와 암석 변화,판 구조와 암석 변화,false,false,false,[]
assessment_task_102edd4906,물리,물리학,I_or_other,textbook_concept_dictionary,true,clean,clean,both,"[""등가속도 직선 운동"",""등가속도 운동"",""힘과 운동""]","[""등가속도 직선 운동"",""등가속도 운동"",""힘과 운동"",""가속도"",""속도""]",힘과 운동,힘과 운동,false,false,false,[]
assessment_task_4c7c0a4273,물리,물리학,I_or_other,textbook_concept_dictionary,true,clean,clean,both,"[""힘과 운동""]","[""힘과 운동""]",힘과 운동,힘과 운동,false,false,false,[]
assessment_task_0fc34a843d,생명과학,생명과학,I_or_other,textbook_plus_legacy,true,clean,clean,both,"[""항원-항체 반응"",""항상성"",""면역과 백신""]","[""항원-항체 반응"",""항상성"",""항원"",""항체""]",면역과 백신,면역과 백신,false,false,false,[]
assessment_task_d256a6ed87,생명과학,생명과학,I_or_other,textbook_concept_dictionary,true,clean,clean,both,"[""생명 시스템""]","[""생명 시스템""]",,생명 시스템,false,false,false,[]
assessment_task_32d8c55e4f,화학,화학,I_or_other,textbook_concept_dictionary,true,clean,clean,both,"[""루이스 전자점식"",""극성"",""화학 결합""]","[""루이스 전자점식"",""분자의 극성"",""분자 구조"",""전자점식"",""극성"",""전자""]",화학 결합,화학 결합,false,false,false,[]
assessment_task_8f631771ff,화학,화학,I_or_other,legacy_dictionary,true,clean,clean,both,"[""화학 평형""]","[""화학 평형""]",,,false,false,false,[]
assessment_task_ae3941762b,물리,물리학 II,II,subject_fallback,false,fallback,fallback,none,"[""물리""]",[],,,false,false,false,[]
assessment_task_3d1ca1343c,생명과학,생명과학 II,II,textbook_plus_legacy,true,clean,clean,both,"[""유전자 발현"",""유전자와 염색체""]","[""유전자 발현"",""유전자"",""세포"",""유전""]",유전자와 염색체,유전자와 염색체,false,false,false,[]
assessment_task_b0e91ca753,지구과학,지구과학 II,II,textbook_concept_dictionary,true,clean,clean,both,"[""태양계 천체의 관측과 운동""]","[""관측""]",태양계 천체의 관측과 운동,태양계 천체의 관측과 운동,false,false,false,[]
assessment_task_d98dbec86a,공통수학1,공통수학1,I_or_other,textbook_plus_legacy,true,clean,clean,both,"[""최대"",""최소"",""함수""]","[""이차함수"",""최대"",""최소"",""함수""]",이차방정식과 이차함수,이차방정식과 이차함수,false,false,false,[]
assessment_task_08e39b1062,공통수학1,공통수학1,I_or_other,textbook_concept_dictionary,true,clean,clean,both,"[""여러 가지 방정식과 부등식""]","[""부등식""]",여러 가지 방정식과 부등식,여러 가지 방정식과 부등식,false,false,false,[]
assessment_task_294144d0e6,공통수학2,공통수학2,I_or_other,textbook_concept_dictionary,true,clean,clean,both,"[""좌표평면"",""평행"",""평면좌표와 직선의 방정식""]","[""원의 방정식"",""좌표평면"",""평행이동"",""이동"",""좌표"",""평행""]",평면좌표와 직선의 방정식,평면좌표와 직선의 방정식,false,false,false,[]
assessment_task_c19062e81c,공통수학2,공통수학2,I_or_other,textbook_concept_dictionary,true,clean,clean,both,"[""명제""]","[""명제""]",,명제,false,false,false,[]
assessment_task_0fec9decf0,과학탐구실험1,과학탐구실험1,I_or_other,textbook_concept_dictionary,true,clean,clean,both,"[""질량이 다른 물체"",""갈릴레이의 경사면 실험과 낙하 운동""]","[""질량이 다른 물체"",""낙하 운동"",""단위""]",갈릴레이의 경사면 실험과 낙하 운동,갈릴레이의 경사면 실험과 낙하 운동,false,false,false,[]
assessment_task_1adef58177,과학탐구실험1,과학탐구실험1,I_or_other,textbook_concept_dictionary,true,clean,clean,both,"[""원소"",""멘델레예프의 주기율표 만들기""]","[""과학의 본성"",""주기율표"",""원소""]",멘델레예프의 주기율표 만들기,멘델레예프의 주기율표 만들기,false,false,false,[]
assessment_task_a591826920,과학탐구실험1,과학탐구실험1,I_or_other,textbook_concept_dictionary,true,clean,clean,both,"[""우리 선조들의 과학 기술 발전 사례 찾기""]","[""기술 발전 사례"",""발전""]",우리 선조들의 과학 기술 발전 사례 찾기,우리 선조들의 과학 기술 발전 사례 찾기,false,false,false,[]
assessment_task_a933bf4cf3,과학탐구실험1,과학탐구실험1,I_or_other,textbook_concept_dictionary,true,clean,clean,both,"[""연역적 탐구"",""파스퇴르의 생물속생설 도출 과정 재연하기""]","[""생물속생설"",""연역적 탐구"",""파스퇴르"",""구름"",""분류""]",파스퇴르의 생물속생설 도출 과정 재연하기,파스퇴르의 생물속생설 도출 과정 재연하기,false,false,false,[]
assessment_task_68a76087fe,과학탐구실험2,과학탐구실험2,I_or_other,textbook_concept_dictionary,true,clean,clean,both,"[""과학의 유용성""]","[""과학의 유용성"",""유용성""]",,과학의 유용성,false,false,false,[]
assessment_task_9e3f1cefa1,과학탐구실험2,과학탐구실험2,I_or_other,textbook_concept_dictionary,true,clean,clean,both,"[""내진 설계와 구조 안정성 탐구""]","[""내진 설계"",""구조물""]",내진 설계와 구조 안정성 탐구,내진 설계와 구조 안정성 탐구,false,false,false,[]
assessment_task_9438c6ec8e,과학탐구실험2,과학탐구실험2,I_or_other,legacy_dictionary,true,clean,clean,both,"[""에너지 전환""]","[""에너지 전환""]",,,false,false,false,[]
assessment_task_f0426c6d7f,과학탐구실험2,과학탐구실험2,I_or_other,textbook_concept_dictionary,true,clean,clean,both,"[""연구 윤리"",""안전"",""우주 개발 사례 조사를 통해 과학 기술의 발전 방향 평가하기""]","[""연구 윤리"",""안전""]",우주 개발 사례 조사를 통해 과학 기술의 발전 방향 평가하기,우주 개발 사례 조사를 통해 과학 기술의 발전 방향 평가하기,false,false,false,[]
assessment_task_ed7f58f8f7,통합과학1,통합과학1,I_or_other,textbook_concept_dictionary,true,clean,clean,both,"[""결합"",""물질의 규칙성과 성질""]","[""성질 비교"",""결합"",""성질""]",물질의 규칙성과 성질,물질의 규칙성과 성질,false,false,false,[]
assessment_task_22d05185f4,통합과학1,통합과학1,I_or_other,subject_fallback,false,fallback,fallback,none,"[""통합과학1""]",[],,,false,false,false,[]
assessment_task_e8f613536f,통합사회1,통합사회1,I_or_other,textbook_concept_dictionary,true,clean,clean,both,"[""해결 방안"",""인권 보장과 시민 참여""]","[""윤리적 관점"",""해결 방안""]",인권 보장과 시민 참여,인권 보장과 시민 참여,false,false,false,[]
assessment_task_81e78689a4,통합사회1,통합사회1,I_or_other,textbook_concept_dictionary,true,clean,clean,both,"[""문제 해결"",""통합적 관점과 행복""]","[""문제 해결""]",통합적 관점과 행복,통합적 관점과 행복,false,false,false,[]
assessment_task_fde5f70cde,통합사회1,통합사회1,I_or_other,subject_fallback,false,fallback,fallback,none,"[""통합사회1""]",[],,,false,false,false,[]
assessment_task_27f8f20cc6,물리,물리학,I_or_other,textbook_concept_dictionary,true,clean,clean,both,"[""등가속도 직선 운동"",""힘과 운동""]","[""등가속도 직선 운동"",""가속도"",""속도""]",힘과 운동,힘과 운동,false,false,false,[]
assessment_task_4085fe2990,물리,물리학,I_or_other,subject_fallback,false,fallback,fallback,none,"[""물리""]",[],,,false,false,false,[]
assessment_task_67d27f9ac8,물리,물리학,I_or_other,subject_fallback,false,fallback,fallback,none,"[""물리""]",[],,,false,false,false,[]
assessment_task_2ed6f80c78,미적분1,미적분Ⅰ,I_or_other,textbook_plus_legacy,true,clean,clean,both,"[""함수"",""극한""]","[""극한"",""함수""]",수열의 극한,수열의 극한,false,false,false,[]
assessment_task_d80d57ffc9,미적분1,미적분Ⅰ,I_or_other,textbook_plus_legacy,true,clean,clean,both,"[""그래프 개형"",""함수"",""미분""]","[""그래프 개형"",""함수"",""미분""]",,그래프 개형,false,false,false,[]
assessment_task_b9a4226937,생명과학,생명과학,I_or_other,textbook_concept_dictionary,true,clean,clean,both,"[""군집""]","[""군집""]",,군집,false,false,false,[]
assessment_task_3f5f93b8ff,생명과학,생명과학,I_or_other,textbook_concept_dictionary,true,clean,clean,both,"[""신경계""]","[""신경계""]",,신경계,false,false,false,[]
assessment_task_123fb95b32,세포와 물질대사,세포와 물질대사,I_or_other,textbook_concept_dictionary,true,clean,clean,both,"[""세포막"",""세포의 구조와 물질 이동""]","[""세포막""]",세포의 구조와 물질 이동,세포의 구조와 물질 이동,false,false,false,[]
assessment_task_62ecf3ec2e,세포와 물질대사,세포와 물질대사,I_or_other,subject_fallback,false,fallback,fallback,none,"[""세포와 물질대사""]",[],,,false,false,false,[]
assessment_task_e0a3c9a968,세포와 물질대사,세포와 물질대사,I_or_other,textbook_concept_dictionary,true,clean,clean,both,"[""광합성과 세포 호흡""]","[""세포 호흡"",""광합성""]",광합성과 세포 호흡,광합성과 세포 호흡,false,false,false,[]
assessment_task_dd7f6e084f,화학,화학,I_or_other,subject_fallback,false,fallback,fallback,none,"[""화학""]",[],,,false,false,false,[]
assessment_task_aeb6ad37e4,화학,화학,I_or_other,textbook_concept_dictionary,true,clean,clean,both,"[""결합의 극성"",""전기음성도"",""화학 결합""]","[""결합의 극성"",""전기음성도"",""전자쌍 반발"",""분자 구조"",""전자쌍"",""극성"",""전자""]",화학 결합,화학 결합,false,false,false,[]
assessment_task_f3bb615893,화학,화학,I_or_other,subject_fallback,false,fallback,fallback,none,"[""화학""]",[],,,false,false,false,[]
assessment_task_952382941d,물리,고급 물리학,I_or_other,textbook_concept_dictionary,true,clean,clean,both,"[""가속도"",""힘과 운동""]","[""가속도"",""속도""]",힘과 운동,힘과 운동,false,false,false,[]
assessment_task_71d1b4f0f0,물리,고급 물리학,I_or_other,textbook_concept_dictionary,true,clean,clean,both,"[""가속도"",""힘과 운동""]","[""용수철 진자"",""가속도"",""속도""]",힘과 운동,힘과 운동,false,false,false,[]
assessment_task_f813d10e41,물리,고급 물리학,I_or_other,textbook_concept_dictionary,true,clean,clean,both,"[""역학적 에너지""]","[""역학적 에너지""]",,역학적 에너지,false,false,false,[]
assessment_task_a78250bdfe,물리,고급 물리학,I_or_other,subject_fallback,false,fallback,fallback,none,"[""물리""]",[],,,false,false,false,[]
assessment_task_fb45ec1572,생명과학,고급 생명과학,I_or_other,textbook_concept_dictionary,true,clean,clean,both,"[""광합성""]","[""광합성""]",,광합성,false,false,false,[]
assessment_task_f8e7acd7d2,생명과학,고급 생명과학,I_or_other,textbook_concept_dictionary,true,clean,clean,both,"[""세포 호흡"",""물질대사와 에너지""]","[""세포 호흡"",""세포""]",물질대사와 에너지,물질대사와 에너지,false,false,false,[]
assessment_task_5d1fb97a4c,생명과학,고급 생명과학,I_or_other,textbook_plus_legacy,true,clean,clean,both,"[""유전""]","[""유전자"",""형질"",""유전""]",유전자와 염색체,유전자와 염색체,false,false,false,[]
assessment_task_d45d106d7e,생명과학,고급 생명과학,I_or_other,subject_fallback,false,fallback,fallback,none,"[""생명과학""]",[],,,false,false,false,[]
assessment_task_a98c989aec,화학,고급 화학,I_or_other,textbook_concept_dictionary,true,clean,clean,both,"[""화학 결합""]","[""화학 결합""]",화학 결합,화학 결합,false,false,false,[]
assessment_task_e6147b0e97,화학,고급 화학,I_or_other,textbook_concept_dictionary,true,clean,clean,both,"[""끓는점"",""분자의 구조와 성질""]","[""끓는점""]",분자의 구조와 성질,분자의 구조와 성질,false,false,false,[]
assessment_task_2f0426e343,화학,고급 화학,I_or_other,textbook_concept_dictionary,true,clean,clean,both,"[""중화 반응"",""화학 반응과 열의 출입""]","[""중화 반응"",""pH"",""염기"",""중화""]",화학 반응과 열의 출입,화학 반응과 열의 출입,false,false,false,[]
assessment_task_e742969331,화학,고급 화학,I_or_other,textbook_plus_legacy,true,clean,clean,both,"[""산화 환원"",""화학 반응과 열의 출입""]","[""산화 환원"",""산화"",""환원"",""산화·환원""]",화학 반응과 열의 출입,화학 반응과 열의 출입,false,false,false,[]
assessment_task_c3459c186f,물리,물리학Ⅱ,II,textbook_concept_dictionary,true,clean,clean,both,"[""등속 원운동""]","[""등속 원운동""]",,등속 원운동,false,false,false,[]
assessment_task_f1fd7b6b5b,물리,물리학Ⅱ,II,textbook_concept_dictionary,true,clean,clean,both,"[""전기력"",""물질의 전기적 특성""]","[""전기력""]",물질의 전기적 특성,물질의 전기적 특성,false,false,false,[]
assessment_task_9011123f4c,생명과학,생명과학Ⅱ,II,subject_fallback,false,fallback,fallback,none,"[""생명과학""]",[],,,false,false,false,[]
assessment_task_56007a7f5a,생명과학,생명과학Ⅱ,II,textbook_concept_dictionary,true,clean,clean,both,"[""세포"",""생명과학의 이해""]","[""세포""]",생명과학의 이해,생명과학의 이해,false,false,false,[]
assessment_task_a95162d007,생명과학,생명과학Ⅱ,II,subject_fallback,false,fallback,fallback,none,"[""생명과학""]",[],,,false,false,false,[]
assessment_task_e999308299,생명과학,생명과학Ⅱ,II,textbook_plus_legacy,true,clean,clean,both,"[""ATP"",""효소"",""물질대사와 에너지""]","[""ATP"",""효소""]",물질대사와 에너지,물질대사와 에너지,false,false,false,[]
assessment_task_378002fe24,정보,정보과학,I_or_other,subject_fallback,false,fallback,fallback,none,"[""정보""]",[],,,false,false,false,[]
assessment_task_2916701afb,정보,정보과학,I_or_other,subject_fallback,false,fallback,fallback,none,"[""정보""]",[],,,false,false,false,[]
assessment_task_3907834a30,정보,정보과학,I_or_other,textbook_concept_dictionary,true,clean,clean,both,"[""회로"",""피지컬 컴퓨팅""]","[""컴퓨팅 시스템"",""피지컬 컴퓨팅"",""회로""]",피지컬 컴퓨팅,피지컬 컴퓨팅,false,false,false,[]
assessment_task_817aa2049b,정보,정보과학,I_or_other,textbook_concept_dictionary,true,clean,clean,both,"[""컴퓨팅 시스템과 네트워크""]","[""컴퓨팅 시스템"",""피지컬 컴퓨팅""]",컴퓨팅 시스템과 네트워크,컴퓨팅 시스템과 네트워크,false,false,false,[]
assessment_task_2ff7e641a3,지구과학,지구과학Ⅱ,II,subject_fallback,false,fallback,fallback,none,"[""지구과학""]",[],,,false,false,false,[]
assessment_task_e005470fa6,지구과학,지구과학Ⅱ,II,subject_fallback,false,fallback,fallback,none,"[""지구과학""]",[],,,false,false,false,[]
assessment_task_38a5d7e465,화학,화학Ⅱ,II,textbook_concept_dictionary,true,clean,clean,both,"[""분자량"",""물질의 양과 화학 반응식""]","[""분자량""]",물질의 양과 화학 반응식,물질의 양과 화학 반응식,false,false,false,[]
assessment_task_2af3870d4b,화학,화학Ⅱ,II,subject_fallback,false,fallback,fallback,none,"[""화학""]",[],,,false,false,false,[]
assessment_task_9d0cf0e49c,공통수학1,공통수학1,I_or_other,textbook_concept_dictionary,true,clean,clean,both,"[""다항식의 연산""]","[""다항식""]",다항식의 연산,다항식의 연산,false,false,false,[]
assessment_task_6d0c12459b,공통수학1,공통수학1,I_or_other,textbook_plus_legacy,true,clean,clean,both,"[""경우의 수""]","[""경우의 수"",""부등식"",""순열""]","경우의 수, 순열, 조합",경우의 수,false,false,false,[]
assessment_task_88723d1288,통합사회1,통합사회1,I_or_other,textbook_concept_dictionary,true,clean,clean,both,"[""통합적 관점과 행복""]","[""통합적 관점""]",통합적 관점과 행복,통합적 관점과 행복,false,false,false,[]
assessment_task_be0f213188,통합사회1,통합사회1,I_or_other,textbook_concept_dictionary,true,clean,clean,both,"[""통합적 관점과 행복""]","[""행복""]",통합적 관점과 행복,통합적 관점과 행복,false,false,false,[]
assessment_task_1352d90f83,통합과학1,통합과학1,I_or_other,textbook_concept_dictionary,true,clean,clean,both,"[""기본량과 단위""]","[""기본량과 단위"",""기본량"",""단위""]",기본량과 단위,기본량과 단위,false,false,false,[]
assessment_task_3941710af1,통합과학1,통합과학1,I_or_other,textbook_concept_dictionary,true,clean,clean,both,"[""생존"",""지권""]","[""생존"",""지권""]",,생존,false,false,false,[]
assessment_task_2a6ba41e0b,대수,대수,I_or_other,textbook_plus_legacy,true,clean,clean,both,"[""로그의 성질"",""함수"",""로그의 뜻과 성질""]","[""로그의 성질"",""지수의 확장"",""거듭제곱"",""로그함수"",""지수함수"",""로그"",""지수"",""함수""]",로그의 뜻과 성질,로그의 뜻과 성질,false,false,false,[]
assessment_task_953bc579e9,대수,대수,I_or_other,legacy_dictionary,true,clean,clean,both,"[""함수""]","[""함수""]",,,false,false,false,[]
assessment_task_818c436188,생명과학,생명과학,I_or_other,subject_fallback,false,fallback,fallback,none,"[""생명과학""]",[],,,false,false,false,[]
assessment_task_a1f71ffe5e,생명과학,생명과학,I_or_other,textbook_concept_dictionary,true,clean,clean,both,"[""항원-항체 반응"",""면역과 백신""]","[""항원-항체 반응"",""항원"",""항체""]",면역과 백신,면역과 백신,false,false,false,[]
assessment_task_c7f8ddfccc,지구과학,지구과학,I_or_other,textbook_concept_dictionary,true,clean,clean,both,"[""심층 순환"",""해수의 순환""]","[""심층 순환""]",해수의 순환,해수의 순환,false,false,false,[]
assessment_task_811ec9c3d3,지구과학,지구과학,I_or_other,textbook_concept_dictionary,true,clean,clean,both,"[""지질공원"",""판 구조와 암석 변화""]","[""지질공원""]",판 구조와 암석 변화,판 구조와 암석 변화,false,false,false,[]
assessment_task_aa1037632d,과학탐구실험1,과학탐구실험1,I_or_other,textbook_concept_dictionary,true,clean,clean,both,"[""과학의 본성"",""우리 선조들의 과학 기술 발전 사례 찾기""]","[""과학의 본성"",""단위""]",우리 선조들의 과학 기술 발전 사례 찾기,우리 선조들의 과학 기술 발전 사례 찾기,false,false,false,[]
assessment_task_f155024c8b,과학탐구실험1,과학탐구실험1,I_or_other,textbook_plus_legacy,true,clean,clean,both,"[""기후 변화""]","[""관측 자료"",""기후 변화"",""빅데이터"",""관측"",""예측""]",관측 자료(빅데이터)를 활용하여 한반도의 기후 변화 경향성 파악하기,관측 자료(빅데이터)를 활용하여 한반도의 기후 변화 경향성 파악하기,false,false,false,[]
assessment_task_1330c4119a,과학탐구실험1,과학탐구실험1,I_or_other,subject_fallback,false,fallback,fallback,none,"[""과학탐구실험1""]",[],,,false,false,false,[]
assessment_task_643f50c00d,공통수학1,공통수학1,I_or_other,subject_fallback,false,fallback,fallback,none,"[""공통수학1""]",[],,,false,false,false,[]
assessment_task_3076e0613b,공통수학1,공통수학1,I_or_other,subject_fallback,false,fallback,fallback,none,"[""공통수학1""]",[],,,false,false,false,[]
assessment_task_80668c9c25,공통수학1,공통수학1,I_or_other,subject_fallback,false,fallback,fallback,none,"[""공통수학1""]",[],,,false,false,false,[]
assessment_task_2afdbdaa50,통합사회1,통합사회1,I_or_other,textbook_concept_dictionary,true,clean,clean,both,"[""통합적 관점과 행복""]","[""통합적 관점"",""해결 방안""]",통합적 관점과 행복,통합적 관점과 행복,false,false,false,[]
assessment_task_b34fcea9ed,통합사회1,통합사회1,I_or_other,textbook_concept_dictionary,true,clean,clean,both,"[""환경 문제"",""기후"",""자연환경과 인간의 공존""]","[""문제 해결"",""자연환경"",""해결 노력"",""환경 문제"",""문화권"",""기후""]",자연환경과 인간의 공존,자연환경과 인간의 공존,false,false,false,[]
assessment_task_0f5d82125e,통합사회1,통합사회1,I_or_other,subject_fallback,false,fallback,fallback,none,"[""통합사회1""]",[],,,false,false,false,[]
assessment_task_2a4d95fb14,통합과학1,통합과학1,I_or_other,textbook_concept_dictionary,true,clean,clean,both,"[""운동"",""역학 시스템""]","[""운동""]",역학 시스템,역학 시스템,false,false,false,[]
assessment_task_9073a1a7d2,통합과학1,통합과학1,I_or_other,subject_fallback,false,fallback,fallback,none,"[""통합과학1""]",[],,,false,false,false,[]
assessment_task_a83a58076d,과학탐구실험1,과학탐구실험1,I_or_other,subject_fallback,false,fallback,fallback,none,"[""과학탐구실험1""]",[],,,false,false,false,[]
assessment_task_f3daf27dc0,과학탐구실험1,과학탐구실험1,I_or_other,textbook_concept_dictionary,true,clean,clean,both,"[""과학의 본성"",""우리 선조들의 과학 기술 발전 사례 찾기""]","[""과학의 본성"",""갈릴레이"",""과학사""]",우리 선조들의 과학 기술 발전 사례 찾기,우리 선조들의 과학 기술 발전 사례 찾기,false,false,false,[]
assessment_task_2fe41b6dbe,과학탐구실험1,과학탐구실험1,I_or_other,textbook_concept_dictionary,true,clean,clean,both,"[""가설""]","[""가설""]",,가설,false,false,false,[]
assessment_task_ebc474d050,정보,정보,I_or_other,textbook_concept_dictionary,true,clean,clean,both,"[""문제 해결"",""자료와 정보의 분석""]","[""문제 해결""]",자료와 정보의 분석,자료와 정보의 분석,false,false,false,[]
assessment_task_cac521709b,정보,정보,I_or_other,textbook_plus_legacy,true,clean,clean,both,"[""알고리즘""]","[""문제 해결"",""알고리즘""]",알고리즘 설계와 분석,알고리즘 설계와 분석,false,false,false,[]
assessment_task_5ce2bf6394,정보,정보,I_or_other,textbook_concept_dictionary,true,clean,clean,both,"[""빅 데이터"",""시각화""]","[""빅 데이터"",""시각화""]",,빅 데이터,false,false,false,[]
assessment_task_067566ccbb,정보,정보,I_or_other,textbook_concept_dictionary,true,clean,clean,both,"[""사물인터넷""]","[""사물인터넷""]",,사물인터넷,false,false,false,[]
assessment_task_eb5329e5f0,대수,대수,I_or_other,subject_fallback,false,fallback,fallback,none,"[""대수""]",[],,,false,false,false,[]
assessment_task_dbca3765ee,대수,대수,I_or_other,subject_fallback,false,fallback,fallback,none,"[""대수""]",[],,,false,false,false,[]
assessment_task_ad68a7a545,대수,대수,I_or_other,subject_fallback,false,fallback,fallback,none,"[""대수""]",[],,,false,false,false,[]
assessment_task_5d13441976,데이터 과학,데이터과학,I_or_other,textbook_concept_dictionary,true,clean,clean,both,"[""데이터"",""시각화""]","[""데이터"",""시각화""]",,데이터,false,false,true,"[""확률과 통계"",""정보""]"
assessment_task_e78b6fe322,데이터 과학,데이터과학,I_or_other,textbook_plus_legacy,true,clean,clean,both,"[""모델링"",""추상화와 문제 분해""]","[""데이터"",""모델링"",""모델""]",추상화와 문제 분해,추상화와 문제 분해,false,false,false,"[""확률과 통계"",""정보""]"
assessment_task_0101f8559b,데이터 과학,데이터과학,I_or_other,textbook_concept_dictionary,true,clean,clean,both,"[""데이터""]","[""데이터""]",,데이터,false,false,true,"[""확률과 통계""]"
assessment_task_4512bd6ebd,데이터 과학,데이터과학,I_or_other,textbook_concept_dictionary,true,clean,clean,both,"[""문제 해결"",""자료와 정보의 분석""]","[""문제 해결"",""사회 변화"",""데이터""]",자료와 정보의 분석,자료와 정보의 분석,false,false,true,"[""정보"",""확률과 통계""]"
assessment_task_6c8d25e862,미적분1,미적분Ⅰ,I_or_other,textbook_plus_legacy,true,clean,clean,both,"[""함수"",""미분"",""극한""]","[""극한"",""함수"",""미분""]",수열의 극한,수열의 극한,false,false,false,[]
assessment_task_b1bc0beb74,미적분1,미적분Ⅰ,I_or_other,textbook_plus_legacy,true,clean,clean,both,"[""함수"",""미분"",""적분"",""수열의 극한""]","[""극한"",""적분"",""함수"",""미분""]",수열의 극한,수열의 극한,false,false,false,[]
assessment_task_876218f0f1,미적분1,미적분Ⅰ,I_or_other,textbook_plus_legacy,true,clean,clean,both,"[""함수"",""미분"",""극한""]","[""극한"",""함수"",""미분""]",수열의 극한,수열의 극한,false,false,false,[]
assessment_task_550cb711b4,물리,물리학,I_or_other,textbook_concept_dictionary,true,clean,clean,both,"[""뉴턴 운동 법칙"",""가속도"",""힘과 운동""]","[""뉴턴 운동 법칙"",""가속도"",""속도""]",힘과 운동,힘과 운동,false,false,false,[]
assessment_task_74b9df69b2,물리,물리학,I_or_other,subject_fallback,false,fallback,fallback,none,"[""물리""]",[],,,false,false,false,[]
assessment_task_bdd59fc6ce,물리,물리학,I_or_other,subject_fallback,false,fallback,fallback,none,"[""물리""]",[],,,false,false,false,[]
assessment_task_7c1d7ad812,화학,화학,I_or_other,subject_fallback,false,fallback,fallback,none,"[""화학""]",[],,,false,false,false,[]
assessment_task_7f451cf9c3,화학,화학,I_or_other,subject_fallback,false,fallback,fallback,none,"[""화학""]",[],,,false,false,false,[]
assessment_task_925ae7fac0,생명과학,생명과학,I_or_other,textbook_concept_dictionary,true,clean,clean,both,"[""대사성 질환"",""생활 습관"",""물질대사와 건강""]","[""기관계의 통합적 작용"",""대사성 질환"",""물질대사"",""생활 습관"",""기관계"",""예방""]",물질대사와 건강,물질대사와 건강,false,false,false,[]
assessment_task_cfece5d374,생명과학,생명과학,I_or_other,textbook_concept_dictionary,true,clean,clean,both,"[""백신"",""예방""]","[""백신"",""예방""]",,백신,false,false,false,[]
assessment_task_10e142e5ee,생명과학,생명과학,I_or_other,subject_fallback,false,fallback,fallback,none,"[""생명과학""]",[],,,false,false,false,[]
assessment_task_71d091437c,지구과학,지구과학,I_or_other,textbook_plus_legacy,true,clean,clean,both,"[""기후 시스템"",""기후 변화""]","[""기후 시스템"",""기후 변화"",""기후""]",지구의 기후 변화,지구의 기후 변화,false,false,false,[]
assessment_task_d52deda696,지구과학,지구과학,I_or_other,legacy_dictionary,true,clean,clean,both,"[""지구 시스템""]","[""지구 시스템""]",,,false,false,false,[]
assessment_task_326f3cce31,대수,인공지능을 위한 선형대수학,I_or_other,textbook_concept_dictionary,true,clean,clean,both,"[""로그의 뜻과 성질""]","[""로그""]",로그의 뜻과 성질,로그의 뜻과 성질,false,false,false,[]
assessment_task_3c2d5eac7e,대수,인공지능을 위한 선형대수학,I_or_other,subject_fallback,false,fallback,fallback,none,"[""대수""]",[],,,false,false,false,[]
assessment_task_702bacb8ce,대수,인공지능을 위한 선형대수학,I_or_other,subject_fallback,false,fallback,fallback,none,"[""대수""]",[],,,false,false,false,[]
assessment_task_4225396a3f,정보,인공지능 기반 생물정보학 기초와 활용,I_or_other,textbook_plus_legacy,true,clean,clean,both,"[""알고리즘""]","[""알고리즘"",""모델"",""탐색""]",알고리즘 설계와 분석,알고리즘 설계와 분석,false,false,false,[]
assessment_task_4b75b13372,정보,인공지능 기반 생물정보학 기초와 활용,I_or_other,textbook_plus_legacy,true,clean,clean,both,"[""정렬"",""유전""]","[""정렬"",""유전""]",,정렬,false,false,false,[]
assessment_task_9032a6d405,정보,인공지능 기반 생물정보학 기초와 활용,I_or_other,textbook_concept_dictionary,true,clean,clean,both,"[""데이터베이스"",""IP""]","[""데이터베이스"",""IP"",""모델""]",,데이터베이스,false,false,false,[]
assessment_task_dae9a62b5d,정보,인공지능 기반 생물정보학 기초와 활용,I_or_other,textbook_concept_dictionary,true,clean,clean,both,"[""시각화"",""탐색"",""자료와 정보의 분석""]","[""Python"",""시각화"",""탐색""]",자료와 정보의 분석,자료와 정보의 분석,false,false,false,[]
assessment_task_0cd0e3dde8,정보,인공지능 기반 생물정보학 기초와 활용,I_or_other,textbook_concept_dictionary,true,clean,clean,both,"[""Python"",""IP""]","[""Python"",""IP"",""탐색""]",,Python,false,false,false,[]
assessment_task_d50d29289b,기하,기하,I_or_other,subject_fallback,false,fallback,fallback,none,"[""기하""]",[],,,false,false,false,[]
assessment_task_564f141d93,기하,기하,I_or_other,textbook_concept_dictionary,true,record_only,record_only,record,"[""공간도형""]","[""공간도형""]",,공간도형,false,false,false,[]
assessment_task_8aa9a28fdb,기하,기하,I_or_other,textbook_concept_dictionary,true,record_only,record_only,record,"[""중심""]","[""중심""]",,중심,false,false,false,[]
assessment_task_219d43ca8e,물리,물리학Ⅱ,II,subject_fallback,false,fallback,fallback,none,"[""물리""]",[],,,false,false,false,[]
assessment_task_cb25c712c0,물리,물리학Ⅱ,II,textbook_concept_dictionary,true,clean,clean,both,"[""역학적 에너지""]","[""역학적 에너지""]",,역학적 에너지,false,false,false,[]
assessment_task_a7a6e29f71,물리,물리학Ⅱ,II,textbook_concept_dictionary,true,clean,clean,both,"[""전류"",""물질의 자기적 특성""]","[""전류""]",물질의 자기적 특성,물질의 자기적 특성,false,false,false,[]
assessment_task_2dfe8d6f7d,화학,화학Ⅱ,II,textbook_concept_dictionary,true,clean,clean,both,"[""물질의 양과 화학 반응식""]","[""화학 반응식"",""반응식""]",물질의 양과 화학 반응식,물질의 양과 화학 반응식,false,false,false,[]
assessment_task_53412f3131,화학,화학Ⅱ,II,legacy_dictionary,true,clean,clean,both,"[""효소""]","[""효소""]",,,false,false,false,[]
assessment_task_511930dcdc,화학,화학Ⅱ,II,subject_fallback,false,fallback,fallback,none,"[""화학""]",[],,,false,false,false,[]
assessment_task_abdc1f5ffc,생명과학,생명과학 Ⅱ,II,textbook_concept_dictionary,true,clean,clean,both,"[""세포"",""생명과학의 이해""]","[""세포""]",생명과학의 이해,생명과학의 이해,false,false,false,[]
assessment_task_4248e44cca,생명과학,생명과학 Ⅱ,II,textbook_concept_dictionary,true,clean,clean,both,"[""광합성""]","[""광합성""]",,광합성,false,false,false,[]
assessment_task_a890044770,생명과학,생명과학 Ⅱ,II,subject_fallback,false,fallback,fallback,none,"[""생명과학""]",[],,,false,false,false,[]
assessment_task_661ab19736,지구과학,지구과학Ⅱ,II,textbook_concept_dictionary,true,clean,clean,both,"[""부정합"",""지층과 지질시대""]","[""생성 순서"",""부정합"",""지층""]",지층과 지질시대,지층과 지질시대,false,false,false,[]
assessment_task_f2bc2984c4,지구과학,지구과학Ⅱ,II,subject_fallback,false,fallback,fallback,none,"[""지구과학""]",[],,,false,false,false,[]
assessment_task_316890efc8,지구과학,지구과학Ⅱ,II,subject_fallback,false,fallback,fallback,none,"[""지구과학""]",[],,,false,false,false,[]
assessment_task_403961ffe0,인공지능 기초,인공지능기초,I_or_other,textbook_concept_dictionary,true,clean,clean,both,"[""모델""]","[""모델""]",,모델,false,false,true,"[""정보""]"
assessment_task_8ee29d0a46,인공지능 기초,인공지능기초,I_or_other,textbook_concept_dictionary,true,clean,clean,both,"[""문제 해결"",""자료와 정보의 분석""]","[""문제 해결"",""인공지능"",""모델""]",자료와 정보의 분석,자료와 정보의 분석,false,false,true,"[""정보""]"
assessment_task_1d1882e60c,인공지능 기초,인공지능기초,I_or_other,subject_fallback,false,fallback,fallback,none,"[""인공지능 기초""]",[],,,false,false,false,[]
assessment_task_32de62f671,인공지능 기초,인공지능기초,I_or_other,textbook_concept_dictionary,true,clean,clean,both,"[""미래직업"",""인공지능"",""정보 사회""]","[""미래직업"",""인공지능""]",정보 사회,정보 사회,false,false,true,"[""정보""]"
assessment_task_b126d31a9f,통합사회1,통합사회1,I_or_other,textbook_concept_dictionary,true,clean,clean,both,"[""통합적 관점과 행복""]","[""통합적 관점""]",통합적 관점과 행복,통합적 관점과 행복,false,false,false,[]
assessment_task_5132414cfa,물질과 에너지,물질과 에너지,I_or_other,subject_fallback,false,fallback,fallback,none,"[""물질과 에너지""]",[],,,false,false,false,[]
assessment_task_d1eac499bf,물질과 에너지,물질과 에너지,I_or_other,subject_fallback,false,fallback,fallback,none,"[""물질과 에너지""]",[],,,false,false,false,[]
assessment_task_21c28a863f,물질과 에너지,물질과 에너지,I_or_other,subject_fallback,false,fallback,fallback,none,"[""물질과 에너지""]",[],,,false,false,false,[]
assessment_task_f6ad5bd5e7,역학과 에너지,역학과 에너지,I_or_other,textbook_concept_dictionary,true,clean,clean,both,"[""포물선 운동"",""자료 분석"",""시공간과 운동""]","[""포물선 운동"",""자료 분석""]",시공간과 운동,시공간과 운동,false,false,false,[]
assessment_task_5806f01085,역학과 에너지,역학과 에너지,I_or_other,textbook_concept_dictionary,true,clean,clean,both,"[""가속도"",""변위"",""용수철 진자와 단진동""]","[""용수철 진자"",""자료 분석"",""가속도"",""변위"",""진자""]",용수철 진자와 단진동,용수철 진자와 단진동,false,false,false,[]
assessment_task_8adb04057c,정보,정보,I_or_other,textbook_concept_dictionary,true,clean,clean,both,"[""문제 해결"",""자료 분석"",""자료와 정보의 분석""]","[""문제 해결"",""의사소통"",""인공지능"",""자료 분석"",""디지털"",""소통""]",자료와 정보의 분석,자료와 정보의 분석,false,false,false,[]
assessment_task_1d7a9a3081,정보,정보,I_or_other,textbook_concept_dictionary,true,clean,clean,both,"[""문제 해결"",""자료 분석"",""자료와 정보의 분석""]","[""Python"",""문제 해결"",""자료 분석""]",자료와 정보의 분석,자료와 정보의 분석,false,false,false,[]
assessment_task_ed863da15a,미적분1,고급미적분,I_or_other,subject_fallback,false,fallback,fallback,none,"[""미적분1""]",[],,,false,false,false,[]
assessment_task_6219d40801,미적분1,고급미적분,I_or_other,textbook_plus_legacy,true,clean,clean,both,"[""수열""]","[""수열""]",수열의 극한,수열의 극한,false,false,false,[]
assessment_task_f690f9f75e,화학,고급화학,I_or_other,subject_fallback,false,fallback,fallback,none,"[""화학""]",[],,,false,false,false,[]
assessment_task_c5bc23c772,생명과학,고급생명과학,I_or_other,subject_fallback,false,fallback,fallback,none,"[""생명과학""]",[],,,false,false,false,[]
assessment_task_41182c8527,인공지능 기초,인공지능 기초,I_or_other,textbook_plus_legacy,true,clean,clean,both,"[""문제 해결"",""자료 분석"",""알고리즘"",""자료와 정보의 분석""]","[""문제 해결"",""알고리즘"",""의사소통"",""자료 분석"",""모델"",""소통""]",자료와 정보의 분석,자료와 정보의 분석,false,false,false,"[""정보""]"
assessment_task_5bc697743d,인공지능 기초,인공지능 기초,I_or_other,textbook_concept_dictionary,true,clean,clean,both,"[""의사소통"",""협업"",""컴퓨팅 시스템과 네트워크""]","[""문제 해결"",""의사소통"",""인공지능"",""자료 분석"",""AI"",""소통"",""협업""]",컴퓨팅 시스템과 네트워크,컴퓨팅 시스템과 네트워크,false,false,true,"[""정보""]"
assessment_task_b4660a31b4,미적분1,AP 미적분학Ⅰ,I_or_other,subject_fallback,false,fallback,fallback,none,"[""미적분1""]",[],,,false,false,false,[]
assessment_task_a92f91719b,물리,AP일반물리 Ⅰ,I_or_other,subject_fallback,false,fallback,fallback,none,"[""물리""]",[],,,false,false,false,[]
assessment_task_97444b2bc5,물리,AP일반물리 Ⅰ,I_or_other,textbook_plus_legacy,true,clean,clean,both,"[""파동""]","[""파동""]",파동의 성질과 활용,파동의 성질과 활용,false,false,false,[]
assessment_task_55034f802e,화학,화학Ⅰ,I_or_other,subject_fallback,false,fallback,fallback,none,"[""화학""]",[],,,false,false,false,[]
assessment_task_aba6334dca,화학,화학Ⅰ,I_or_other,textbook_concept_dictionary,true,clean,clean,both,"[""원자의 구조""]","[""원자의 구조""]",원자의 구조,원자의 구조,false,false,false,[]
assessment_task_e6f58699b4,화학,화학Ⅰ,I_or_other,subject_fallback,false,fallback,fallback,none,"[""화학""]",[],,,false,false,false,[]
assessment_task_6e64a8fe39,물리,물리Ⅰ,I_or_other,subject_fallback,false,fallback,fallback,none,"[""물리""]",[],,,false,false,false,[]
assessment_task_8616dd3b28,물리,물리Ⅰ,I_or_other,subject_fallback,false,fallback,fallback,none,"[""물리""]",[],,,false,false,false,[]
assessment_task_a0a385e1af,화학,화학실험Ⅰ,I_or_other,subject_fallback,false,fallback,fallback,none,"[""화학""]",[],,,false,false,false,[]
assessment_task_fa74d45e10,화학,화학실험Ⅰ,I_or_other,subject_fallback,false,fallback,fallback,none,"[""화학""]",[],,,false,false,false,[]
assessment_task_448d16b7aa,화학,화학실험Ⅰ,I_or_other,textbook_concept_dictionary,true,clean,clean,both,"[""원소의 주기적 성질""]","[""원소의 주기적 성질"",""주기""]",원소의 주기적 성질,원소의 주기적 성질,false,false,false,[]
assessment_task_9e5604130d,화학,화학실험Ⅰ,I_or_other,subject_fallback,false,fallback,fallback,none,"[""화학""]",[],,,false,false,false,[]
assessment_task_24e8066d61,생명과학,생명과학Ⅰ,I_or_other,textbook_concept_dictionary,true,record_only,record_only,record,"[""전달""]","[""전달""]",,전달,false,false,false,[]
assessment_task_83be0f8731,생명과학,생명과학Ⅰ,I_or_other,subject_fallback,false,fallback,fallback,none,"[""생명과학""]",[],,,false,false,false,[]
assessment_task_70c0668380,지구과학,지구과학Ⅰ,I_or_other,subject_fallback,false,fallback,fallback,none,"[""지구과학""]",[],,,false,false,false,[]
assessment_task_72e383fa7a,지구과학,지구과학Ⅰ,I_or_other,textbook_concept_dictionary,true,clean,clean,both,"[""태양계 천체의 관측과 운동""]","[""관측""]",태양계 천체의 관측과 운동,태양계 천체의 관측과 운동,false,false,false,[]
assessment_task_9eaa05d3e1,지구과학,지구과학Ⅰ,I_or_other,textbook_concept_dictionary,true,clean,clean,both,"[""행성"",""태양계 천체의 관측과 운동""]","[""태양계"",""행성""]",태양계 천체의 관측과 운동,태양계 천체의 관측과 운동,false,false,false,[]
assessment_task_17901ec784,정보,정보과학Ⅰ,I_or_other,subject_fallback,false,fallback,fallback,none,"[""정보""]",[],,,false,false,false,[]
assessment_task_03ee841410,정보,정보과학Ⅰ,I_or_other,textbook_plus_legacy,true,clean,clean,both,"[""프로그래밍 언어"",""알고리즘"",""프로그래밍과 자동화""]","[""프로그래밍 언어"",""알고리즘""]",프로그래밍과 자동화,프로그래밍과 자동화,false,false,false,[]
assessment_task_d4b6125465,정보,정보과학Ⅰ,I_or_other,textbook_concept_dictionary,true,clean,clean,both,"[""프로그래밍 언어"",""프로그래밍과 자동화""]","[""프로그래밍 언어"",""문제 해결""]",프로그래밍과 자동화,프로그래밍과 자동화,false,false,false,[]
assessment_task_66eb86035a,생명과학,생명과학실험I,I_or_other,subject_fallback,false,fallback,fallback,none,"[""생명과학""]",[],,,false,false,false,[]
assessment_task_0330be0137,생명과학,생명과학실험I,I_or_other,subject_fallback,false,fallback,fallback,none,"[""생명과학""]",[],,,false,false,false,[]
assessment_task_51547e5df7,생명과학,생명과학실험I,I_or_other,subject_fallback,false,fallback,fallback,none,"[""생명과학""]",[],,,false,false,false,[]
assessment_task_5a63273684,물리,물리실험Ⅰ,I_or_other,legacy_dictionary,true,record_only,record_only,record,"[""데이터 처리""]","[""데이터 처리""]",,,false,false,false,[]
assessment_task_9fb30aac59,물리,물리실험Ⅰ,I_or_other,subject_fallback,false,fallback,fallback,none,"[""물리""]",[],,,false,false,false,[]
assessment_task_2b3f2deea4,화학,화학 Ⅲ,I_or_other,legacy_dictionary,true,clean,clean,both,"[""반응 속도""]","[""반응 속도""]",,,false,false,false,[]
assessment_task_110906c194,화학,화학 Ⅲ,I_or_other,subject_fallback,false,fallback,fallback,none,"[""화학""]",[],,,false,false,false,[]
assessment_task_a530bba39d,물리,물리Ⅲ,I_or_other,subject_fallback,false,fallback,fallback,none,"[""물리""]",[],,,false,false,false,[]
assessment_task_df1d979265,물리,물리Ⅲ,I_or_other,subject_fallback,false,fallback,fallback,none,"[""물리""]",[],,,false,false,false,[]
assessment_task_3ca08334e4,확률과 통계,확률과 통계,I_or_other,subject_fallback,false,fallback,fallback,none,"[""확률과 통계""]",[],,,false,false,false,[]
assessment_task_66aa4753b4,확률과 통계,확률과 통계,I_or_other,subject_fallback,false,fallback,fallback,none,"[""확률과 통계""]",[],,,false,false,false,[]
assessment_task_455e3e3b8f,생명과학,생명과학Ⅲ,I_or_other,subject_fallback,false,fallback,fallback,none,"[""생명과학""]",[],,,false,false,false,[]
assessment_task_bd769958a5,생명과학,생명과학Ⅲ,I_or_other,textbook_concept_dictionary,true,clean,clean,both,"[""세포 호흡"",""물질대사와 에너지""]","[""세포 호흡"",""세포""]",물질대사와 에너지,물질대사와 에너지,false,false,false,[]
assessment_task_876b5a44f5,생명과학,생명과학Ⅲ,I_or_other,subject_fallback,false,fallback,fallback,none,"[""생명과학""]",[],,,false,false,false,[]
assessment_task_4d4b7431c6,생명과학,생명과학 최신 연구 동향,I_or_other,subject_fallback,false,fallback,fallback,none,"[""생명과학""]",[],,,false,false,false,[]
assessment_task_e718ec93d1,생명과학,생명과학 최신 연구 동향,I_or_other,subject_fallback,false,fallback,fallback,none,"[""생명과학""]",[],,,false,false,false,[]
assessment_task_2d116f5fff,생명과학,생명과학 최신 연구 동향,I_or_other,subject_fallback,false,fallback,fallback,none,"[""생명과학""]",[],,,false,false,false,[]
assessment_task_5829767669,화학,일반화학Ⅱ,II,subject_fallback,false,fallback,fallback,none,"[""화학""]",[],,,false,false,false,[]
assessment_task_764f14fe55,화학,일반화학Ⅱ,II,legacy_dictionary,true,clean,clean,both,"[""반응 속도""]","[""반응 속도""]",,,false,false,false,[]
assessment_task_bc565293e5,화학,일반화학Ⅱ,II,subject_fallback,false,fallback,fallback,none,"[""화학""]",[],,,false,false,false,[]
assessment_task_2f0a95eeba,화학,일반화학Ⅱ,II,textbook_plus_legacy,true,clean,clean,both,"[""산화 환원"",""화학 반응과 열의 출입""]","[""산화 환원"",""산화"",""환원"",""산화·환원""]",화학 반응과 열의 출입,화학 반응과 열의 출입,false,false,false,[]
assessment_task_7929e39851,물리,일반물리학Ⅱ,II,subject_fallback,false,fallback,fallback,none,"[""물리""]",[],,,false,false,false,[]
assessment_task_f93959786c,물리,일반물리학Ⅱ,II,subject_fallback,false,fallback,fallback,none,"[""물리""]",[],,,false,false,false,[]
assessment_task_52d5247c01,화학,일반화학실험Ⅱ,II,subject_fallback,false,fallback,fallback,none,"[""화학""]",[],,,false,false,false,[]
assessment_task_d45be9fae5,화학,일반화학실험Ⅱ,II,subject_fallback,false,fallback,fallback,none,"[""화학""]",[],,,false,false,false,[]
assessment_task_dd28c9dcb6,생명과학,일반생명과학Ⅱ,II,subject_fallback,false,fallback,fallback,none,"[""생명과학""]",[],,,false,false,false,[]
assessment_task_e9afc94cf7,생명과학,일반생명과학Ⅱ,II,subject_fallback,false,fallback,fallback,none,"[""생명과학""]",[],,,false,false,false,[]
assessment_task_77b12817c5,생명과학,일반생명과학Ⅱ,II,subject_fallback,false,fallback,fallback,none,"[""생명과학""]",[],,,false,false,false,[]
assessment_task_eeecfde6e4,정보,정보과학 프로젝트,I_or_other,textbook_concept_dictionary,true,clean,clean,both,"[""IoT""]","[""IoT""]",,IoT,false,false,false,[]
assessment_task_8b5363aed8,정보,정보과학 프로젝트,I_or_other,textbook_concept_dictionary,true,clean,clean,both,"[""문제 해결"",""자료와 정보의 분석""]","[""문제 해결""]",자료와 정보의 분석,자료와 정보의 분석,false,false,false,[]
assessment_task_284476a26b,정보,정보과학 프로젝트,I_or_other,textbook_concept_dictionary,true,clean,clean,both,"[""문제 해결"",""자료와 정보의 분석""]","[""사물인터넷"",""문제 해결""]",자료와 정보의 분석,자료와 정보의 분석,false,false,false,[]
assessment_task_9622acaecf,물리,일반물리학실험Ⅱ,II,subject_fallback,false,fallback,fallback,none,"[""물리""]",[],,,false,false,false,[]
assessment_task_e44a63761b,물리,공학물리 프로젝트,I_or_other,textbook_concept_dictionary,true,clean,clean,both,"[""뉴턴 운동 법칙"",""힘과 운동""]","[""뉴턴 운동 법칙""]",힘과 운동,힘과 운동,false,false,false,[]
assessment_task_57b08e2373,물리,공학물리 프로젝트,I_or_other,textbook_concept_dictionary,true,record_only,record_only,record,"[""전류"",""물질의 자기적 특성""]","[""전류""]",물질의 자기적 특성,물질의 자기적 특성,false,false,false,[]
assessment_task_47f4a3d072,생명과학,일반생명과학실험Ⅱ,II,subject_fallback,false,fallback,fallback,none,"[""생명과학""]",[],,,false,false,false,[]
assessment_task_62cef7679c,생명과학,일반생명과학실험Ⅱ,II,subject_fallback,false,fallback,fallback,none,"[""생명과학""]",[],,,false,false,false,[]
assessment_task_afdad48554,생명과학,일반생명과학실험Ⅱ,II,subject_fallback,false,fallback,fallback,none,"[""생명과학""]",[],,,false,false,false,[]
assessment_task_065dc4c0bc,미적분1,미적분학Ⅱ,I_or_other,subject_fallback,false,fallback,fallback,none,"[""미적분1""]",[],,,false,false,false,[]
assessment_task_325569beba,미적분1,미적분학Ⅱ,I_or_other,subject_fallback,false,fallback,fallback,none,"[""미적분1""]",[],,,false,false,false,[]
assessment_task_37ad7327e9,지구과학,지구과학Ⅲ,I_or_other,textbook_concept_dictionary,true,clean,clean,both,"[""외부 은하"",""우주 팽창"",""은하와 우주의 진화""]","[""관측 자료"",""외부 은하"",""우주 팽창"",""은하 관측"",""관측"",""은하""]",은하와 우주의 진화,은하와 우주의 진화,false,false,false,[]
assessment_task_659ca58b8f,지구과학,지구과학Ⅲ,I_or_other,textbook_concept_dictionary,true,clean,clean,both,"[""외부 은하"",""은하와 우주의 진화""]","[""별의 진화"",""외부 은하"",""은하""]",은하와 우주의 진화,은하와 우주의 진화,false,false,false,[]
assessment_task_33c94c47f0,지구과학,지구과학Ⅲ,I_or_other,subject_fallback,false,fallback,fallback,none,"[""지구과학""]",[],,,false,false,false,[]
assessment_task_2420b70e97,공통수학1,공통수학1,I_or_other,textbook_plus_legacy,true,record_only,record_only,both,"[""함수"",""모델링"",""복소수와 이차방정식""]","[""여러 가지 방정식과 부등식"",""이차방정식과 이차함수"",""복소수와 이차방정식"",""이차방정식"",""이차함수"",""다항식"",""모델링"",""복소수""]",복소수와 이차방정식,복소수와 이차방정식,false,false,false,[]
assessment_task_4e5b126a2f,공통수학1,공통수학1,I_or_other,textbook_plus_legacy,true,clean,clean,both,"[""행렬"",""경우의 수""]","[""경우의 수"",""행렬""]","경우의 수, 순열, 조합",경우의 수,false,false,false,[]
assessment_task_383a9b27de,공통수학1,공통수학1,I_or_other,subject_fallback,false,fallback,fallback,none,"[""공통수학1""]",[],,,false,false,false,[]
assessment_task_cad1990014,공통수학2,공통수학2,I_or_other,textbook_plus_legacy,true,clean,clean,both,"[""논리"",""함수"",""모델링"",""명제""]","[""논리"",""명제"",""직선"",""집합"",""패턴"",""함수"",""모델링""]",명제,명제,false,false,false,[]
assessment_task_6502c65cb2,공통수학2,공통수학2,I_or_other,textbook_concept_dictionary,true,clean,clean,both,"[""대칭이동"",""평행이동"",""도형의 이동""]","[""도형의 이동"",""대칭이동"",""평행이동"",""대칭"",""이동"",""패턴"",""평행""]",도형의 이동,도형의 이동,false,false,false,[]
assessment_task_fce0c835fe,공통수학2,공통수학2,I_or_other,textbook_concept_dictionary,true,clean,clean,both,"[""논리"",""증명"",""명제""]","[""논리"",""명제"",""증명""]",명제,명제,false,false,false,[]
assessment_task_71d633ca4c,통합과학1,통합과학1,I_or_other,textbook_concept_dictionary,true,record_only,record_only,record,"[""결합"",""물질의 규칙성과 성질""]","[""결합"",""성질""]",물질의 규칙성과 성질,물질의 규칙성과 성질,false,false,false,[]
assessment_task_aa43ae7fe3,통합과학1,통합과학1,I_or_other,textbook_concept_dictionary,true,clean,clean,both,"[""데이터 분석"",""과학의 측정과 우리 사회""]","[""데이터 분석""]",과학의 측정과 우리 사회,과학의 측정과 우리 사회,false,false,false,[]
assessment_task_d1fc072f70,통합과학2,통합과학2,I_or_other,textbook_concept_dictionary,true,clean,clean,both,"[""과학의 역할""]","[""과학의 역할""]",,과학의 역할,false,false,false,[]
assessment_task_e0f6680cb8,통합사회1,통합사회1,I_or_other,subject_fallback,false,fallback,fallback,none,"[""통합사회1""]",[],,,false,false,false,[]
assessment_task_c3731ad5ff,통합사회1,통합사회1,I_or_other,textbook_concept_dictionary,true,clean,clean,both,"[""해결 방안"",""인권 보장과 시민 참여""]","[""문제 해결"",""해결 방안"",""정의""]",인권 보장과 시민 참여,인권 보장과 시민 참여,false,false,false,[]
assessment_task_3655661bcd,기하,기하,I_or_other,textbook_plus_legacy,true,clean,clean,both,"[""좌표"",""벡터"",""모델링""]","[""평면의 방정식"",""거리"",""벡터"",""좌표"",""직선"",""평면"",""모델링""]",평면벡터와 벡터의 연산,평면벡터와 벡터의 연산,false,false,false,[]
assessment_task_47c024dcc2,기하,기하,I_or_other,subject_fallback,false,fallback,fallback,none,"[""기하""]",[],,,false,false,false,[]
assessment_task_dce7fe86d9,물리,물리학,I_or_other,subject_fallback,false,fallback,fallback,none,"[""물리""]",[],,,false,false,false,[]
assessment_task_c803919271,미적분1,미적분1,I_or_other,textbook_plus_legacy,true,clean,clean,both,"[""적분"",""미분""]","[""적분"",""미분""]",,적분,false,false,false,[]
assessment_task_6fb10436bd,미적분1,미적분1,I_or_other,textbook_plus_legacy,true,clean,clean,both,"[""적분"",""미분""]","[""적분"",""미분""]",,적분,false,false,false,[]
assessment_task_1f2b1a6742,미적분1,미적분1,I_or_other,subject_fallback,false,fallback,fallback,none,"[""미적분1""]",[],,,false,false,false,[]
assessment_task_95a5012b7b,화학,화학,I_or_other,subject_fallback,false,fallback,fallback,none,"[""화학""]",[],,,false,false,false,[]
assessment_task_a4773a1098,화학,화학,I_or_other,subject_fallback,false,fallback,fallback,none,"[""화학""]",[],,,false,false,false,[]
assessment_task_d0f58137f6,물리,물리학2,II,textbook_plus_legacy,true,clean,clean,both,"[""자기장"",""파동"",""물질의 자기적 특성""]","[""자기장"",""관성"",""파동""]",물질의 자기적 특성,물질의 자기적 특성,false,false,false,[]
assessment_task_00365bf2d2,물리,물리학2,II,textbook_concept_dictionary,true,record_only,record_only,record,"[""관성"",""힘과 운동""]","[""관성""]",힘과 운동,힘과 운동,false,false,false,[]
assessment_task_3c97ab9330,생명과학,생명과학2,II,subject_fallback,false,fallback,fallback,none,"[""생명과학""]",[],,,false,false,false,[]
assessment_task_7bba3c0f84,생명과학,생명과학2,II,textbook_concept_dictionary,true,clean,clean,both,"[""광합성""]","[""광합성""]",,광합성,false,false,false,[]
assessment_task_51817dc322,지구과학,지구과학,I_or_other,textbook_concept_dictionary,true,clean,clean,both,"[""태양계 천체의 관측과 운동""]","[""관측""]",태양계 천체의 관측과 운동,태양계 천체의 관측과 운동,false,false,false,[]
assessment_task_44302e9439,지구과학,지구과학,I_or_other,subject_fallback,false,fallback,fallback,none,"[""지구과학""]",[],,,false,false,false,[]
assessment_task_82700bb8bb,화학,화학2,II,subject_fallback,false,fallback,fallback,none,"[""화학""]",[],,,false,false,false,[]
assessment_task_e9a13776a0,화학,화학2,II,textbook_concept_dictionary,true,record_only,record_only,record,"[""반응식""]","[""반응식""]",,반응식,false,false,false,[]
assessment_task_4be8ff5590,공통수학1,공통수학1,I_or_other,textbook_plus_legacy,true,clean,clean,both,"[""이차부등식"",""함수"",""여러 가지 방정식과 부등식""]","[""이차부등식"",""이차함수"",""부등식"",""함수""]",여러 가지 방정식과 부등식,여러 가지 방정식과 부등식,false,false,false,[]
assessment_task_1f67784f05,공통수학1,공통수학1,I_or_other,textbook_plus_legacy,true,clean,clean,both,"[""행렬"",""경우의 수"",""모델링""]","[""경우의 수"",""모델링"",""행렬""]","경우의 수, 순열, 조합",경우의 수,false,false,false,[]
assessment_task_09c1397b1a,통합사회1,통합사회1,I_or_other,textbook_concept_dictionary,true,clean,clean,both,"[""윤리적 관점"",""통합적 관점과 행복""]","[""윤리적 관점"",""통합적 관점"",""해결 방안"",""정의""]",통합적 관점과 행복,통합적 관점과 행복,false,false,false,[]
assessment_task_e410ae102c,통합사회1,통합사회1,I_or_other,textbook_concept_dictionary,true,clean,clean,both,"[""해결 방안"",""인권 보장과 시민 참여""]","[""해결 방안""]",인권 보장과 시민 참여,인권 보장과 시민 참여,false,false,false,[]
assessment_task_b96e6a5c47,통합과학1,통합과학1,I_or_other,textbook_concept_dictionary,true,clean,clean,both,"[""세포""]","[""세포""]",,세포,false,false,false,[]
assessment_task_7dd368a0dc,통합과학1,통합과학1,I_or_other,textbook_plus_legacy,true,clean,clean,both,"[""운동"",""지진"",""지구 시스템"",""역학 시스템""]","[""운동"",""지구"",""지진"",""지구 시스템""]",역학 시스템,역학 시스템,false,false,false,[]
assessment_task_2463d090b8,과학탐구실험1,과학탐구실험1,I_or_other,textbook_concept_dictionary,true,clean,clean,both,"[""원자량"",""원소"",""멘델레예프의 주기율표 만들기""]","[""과학의 본성"",""주기율표"",""원자량"",""원소""]",멘델레예프의 주기율표 만들기,멘델레예프의 주기율표 만들기,false,false,false,[]
assessment_task_5159e0659d,과학탐구실험1,과학탐구실험1,I_or_other,textbook_concept_dictionary,true,clean,clean,both,"[""손전등을 이용하여 뉴턴의 프리즘 실험 구현하기""]","[""연역적 탐구"",""탐구 방법"",""탐구 주제"",""프리즘"",""결론"",""뉴턴""]",손전등을 이용하여 뉴턴의 프리즘 실험 구현하기,손전등을 이용하여 뉴턴의 프리즘 실험 구현하기,false,false,false,[]
assessment_task_4b7acd0789,정보,정보와 디지털 문해력,I_or_other,textbook_concept_dictionary,true,clean,clean,both,"[""자료 수집"",""탐색"",""자료와 정보의 분석""]","[""개인 정보"",""자료 수집"",""디지털"",""탐색""]",자료와 정보의 분석,자료와 정보의 분석,false,false,false,[]
assessment_task_c60dd8c3b4,정보,정보와 디지털 문해력,I_or_other,textbook_concept_dictionary,true,clean,clean,both,"[""디지털 정보"",""자료와 정보의 표현""]","[""디지털 정보"",""디지털"",""탐색""]",자료와 정보의 표현,자료와 정보의 표현,false,false,false,[]
assessment_task_0f25876849,대수,대수,I_or_other,textbook_plus_legacy,true,clean,clean,both,"[""함수"",""로그의 뜻과 성질""]","[""로그"",""지수"",""함수""]",로그의 뜻과 성질,로그의 뜻과 성질,false,false,false,[]
assessment_task_c28a859b9e,대수,대수,I_or_other,textbook_plus_legacy,true,clean,clean,both,"[""함수"",""수열""]","[""로그"",""수열"",""지수"",""함수""]",등차수열과 등비수열,등차수열과 등비수열,false,false,false,[]
assessment_task_2d95775662,미적분1,미적분Ⅰ,I_or_other,textbook_plus_legacy,true,clean,clean,both,"[""변화율"",""함수""]","[""변화율"",""함수""]",,변화율,false,false,false,[]
assessment_task_d9dba71928,미적분1,미적분Ⅰ,I_or_other,textbook_plus_legacy,true,clean,clean,both,"[""모델링""]","[""모델링""]",,모델링,false,false,false,[]
assessment_task_4460bc4764,물리,물리학,I_or_other,textbook_plus_legacy,true,clean,clean,both,"[""뉴턴 운동 법칙"",""운동량"",""힘과 운동""]","[""뉴턴 운동 법칙"",""운동량"",""충격량""]",힘과 운동,힘과 운동,false,false,false,[]
assessment_task_9122f542f3,물리,물리학,I_or_other,subject_fallback,false,fallback,fallback,none,"[""물리""]",[],,,false,false,false,[]
assessment_task_c425770b2b,화학,화학,I_or_other,textbook_concept_dictionary,true,record_only,record_only,record,"[""반도체""]","[""반도체""]",,반도체,false,false,false,[]
assessment_task_38fda01db7,화학,화학,I_or_other,textbook_concept_dictionary,true,clean,clean,both,"[""중화 반응"",""적정"",""화학 반응과 열의 출입""]","[""중화 반응"",""적정"",""중화""]",화학 반응과 열의 출입,화학 반응과 열의 출입,false,false,false,[]
assessment_task_9141dafcb5,생명과학,생명과학,I_or_other,subject_fallback,false,fallback,fallback,none,"[""생명과학""]",[],,,false,false,false,[]
assessment_task_c5d2f8d1dc,생명과학,생명과학,I_or_other,textbook_concept_dictionary,true,clean,clean,both,"[""항원-항체 반응"",""면역과 백신""]","[""항원-항체 반응"",""항원"",""항체""]",면역과 백신,면역과 백신,false,false,false,[]
assessment_task_3c88938f72,지구과학,지구과학,I_or_other,textbook_concept_dictionary,true,clean,clean,both,"[""위성"",""태양계 천체의 관측과 운동""]","[""위성 영상"",""관측"",""위성""]",태양계 천체의 관측과 운동,태양계 천체의 관측과 운동,false,false,false,[]
assessment_task_1cf4e19b4f,지구과학,지구과학,I_or_other,textbook_concept_dictionary,true,clean,clean,both,"[""지구 온난화""]","[""지구 온난화""]",,지구 온난화,false,false,false,[]
assessment_task_924d37c20c,인공지능 기초,인공지능 기초,I_or_other,textbook_plus_legacy,true,clean,clean,both,"[""알고리즘"",""데이터 처리""]","[""알고리즘"",""모델"",""데이터 처리""]",알고리즘 설계와 분석,알고리즘 설계와 분석,false,false,false,"[""정보""]"
assessment_task_065c0932ee,인공지능 기초,인공지능 기초,I_or_other,textbook_concept_dictionary,true,clean,clean,both,"[""문제 해결"",""시각화"",""자료와 정보의 분석""]","[""문제 해결"",""인공지능"",""시각화"",""모델"",""탐색""]",자료와 정보의 분석,자료와 정보의 분석,false,false,true,"[""정보""]"
assessment_task_aaa527d0c7,확률과 통계,확률과 통계,I_or_other,textbook_plus_legacy,true,clean,clean,both,"[""경우의 수"",""순열과 조합""]","[""경우의 수"",""확률""]",순열과 조합,순열과 조합,false,false,false,[]
assessment_task_e28f642296,확률과 통계,확률과 통계,I_or_other,textbook_concept_dictionary,true,clean,clean,both,"[""이항분포와 정규분포""]","[""정규분포"",""분포"",""탐색""]",이항분포와 정규분포,이항분포와 정규분포,false,false,false,[]
assessment_task_3013898265,물리,물리학Ⅱ,II,subject_fallback,false,fallback,fallback,none,"[""물리""]",[],,,false,false,false,[]
assessment_task_a8da599341,물리,물리학Ⅱ,II,subject_fallback,false,fallback,fallback,none,"[""물리""]",[],,,false,false,false,[]
assessment_task_ffe37abae2,화학,화학Ⅱ,II,legacy_dictionary,true,clean,clean,both,"[""화학 평형""]","[""화학 평형""]",,,false,false,false,[]
assessment_task_00774189f9,화학,화학Ⅱ,II,subject_fallback,false,fallback,fallback,none,"[""화학""]",[],,,false,false,false,[]
assessment_task_25f5a05f7c,생명과학,생명과학Ⅱ,II,subject_fallback,false,fallback,fallback,none,"[""생명과학""]",[],,,false,false,false,[]
assessment_task_7b64f17147,생명과학,생명과학Ⅱ,II,subject_fallback,false,fallback,fallback,none,"[""생명과학""]",[],,,false,false,false,[]
assessment_task_0655631af2,지구과학,지구과학Ⅱ,II,subject_fallback,false,fallback,fallback,none,"[""지구과학""]",[],,,false,false,false,[]
assessment_task_063d800821,지구과학,지구과학Ⅱ,II,textbook_concept_dictionary,true,clean,clean,both,"[""케플러 법칙"",""공전"",""태양계 천체의 관측과 운동""]","[""케플러 법칙"",""공전"",""위성"",""질량"",""행성""]",태양계 천체의 관측과 운동,태양계 천체의 관측과 운동,false,false,false,[]
assessment_task_6b97496212,데이터 과학,데이터과학과 머신러닝,I_or_other,textbook_plus_legacy,true,clean,clean,both,"[""알고리즘""]","[""문제 해결"",""알고리즘"",""데이터"",""모델""]",알고리즘 설계와 분석,알고리즘 설계와 분석,false,false,false,"[""정보"",""확률과 통계""]"
assessment_task_82f014d789,데이터 과학,데이터과학과 머신러닝,I_or_other,textbook_plus_legacy,true,clean,clean,both,"[""문제 해결"",""시각화"",""알고리즘"",""자료와 정보의 분석""]","[""문제 해결"",""알고리즘"",""데이터"",""시각화"",""AI"",""모델"",""변수"",""분포""]",자료와 정보의 분석,자료와 정보의 분석,false,false,false,"[""정보"",""확률과 통계""]"
assessment_task_a7bd4bdd80,데이터 과학,데이터과학과 머신러닝,I_or_other,textbook_concept_dictionary,true,clean,clean,both,"[""인공지능"",""AI"",""정보 사회""]","[""인공지능"",""데이터"",""AI"",""탐색""]",정보 사회,정보 사회,false,false,true,"[""정보"",""확률과 통계""]"
assessment_task_9c8b06866a,화학,고급화학,I_or_other,subject_fallback,false,fallback,fallback,none,"[""화학""]",[],,,false,false,false,[]
assessment_task_5fa5701c8a,화학,고급화학,I_or_other,legacy_dictionary,true,clean,clean,both,"[""반응 속도""]","[""반응 속도""]",,,false,false,false,[]
assessment_task_1a340efce5,생명과학,고급생명과학,I_or_other,textbook_plus_legacy,true,clean,clean,both,"[""에너지 전환"",""유전"",""물질대사와 에너지""]","[""에너지 전환"",""유전 정보"",""세포"",""유전""]",물질대사와 에너지,물질대사와 에너지,false,false,false,[]
assessment_task_4cf50a84a3,생명과학,고급생명과학,I_or_other,subject_fallback,false,fallback,fallback,none,"[""생명과학""]",[],,,false,false,false,[]
assessment_task_0f5be68f62,정보,정보과제연구,I_or_other,textbook_plus_legacy,true,clean,clean,both,"[""알고리즘""]","[""문제 해결"",""알고리즘"",""모델""]",알고리즘 설계와 분석,알고리즘 설계와 분석,false,false,false,[]
assessment_task_bc6d5a31b1,정보,정보과제연구,I_or_other,textbook_concept_dictionary,true,clean,clean,both,"[""문제 해결"",""자료와 정보의 분석""]","[""문제 해결""]",자료와 정보의 분석,자료와 정보의 분석,false,false,false,[]
assessment_task_57d78fc664,정보,정보과제연구,I_or_other,subject_fallback,false,fallback,fallback,none,"[""정보""]",[],,,false,false,false,[]
assessment_task_a328bafc58,물리,물리학Ⅰ,I_or_other,subject_fallback,false,fallback,fallback,none,"[""물리""]",[],,,false,false,false,[]
assessment_task_06c248bdbd,물리,물리학Ⅰ,I_or_other,subject_fallback,false,fallback,fallback,none,"[""물리""]",[],,,false,false,false,[]
assessment_task_51426dddd9,화학,화학Ⅰ,I_or_other,subject_fallback,false,fallback,fallback,none,"[""화학""]",[],,,false,false,false,[]
assessment_task_9e16b30213,화학,화학Ⅰ,I_or_other,subject_fallback,false,fallback,fallback,none,"[""화학""]",[],,,false,false,false,[]
assessment_task_a98a81e3db,생명과학,생명과학Ⅰ,I_or_other,textbook_concept_dictionary,true,clean,clean,both,"[""세포"",""생명과학의 이해""]","[""세포""]",생명과학의 이해,생명과학의 이해,false,false,false,[]
assessment_task_e611635a5a,생명과학,생명과학Ⅰ,I_or_other,textbook_plus_legacy,true,clean,clean,both,"[""반응 속도"",""효소""]","[""반응 속도"",""효소""]",,반응 속도,false,false,false,[]
assessment_task_837756ee50,지구과학,지구과학Ⅰ,I_or_other,textbook_concept_dictionary,true,clean,clean,both,"[""라니냐"",""엘니뇨"",""지구의 기후 변화""]","[""환경 변화"",""라니냐"",""엘니뇨"",""기후""]",지구의 기후 변화,지구의 기후 변화,false,false,false,[]
assessment_task_9712c0bfee,지구과학,지구과학Ⅰ,I_or_other,textbook_concept_dictionary,true,clean,clean,both,"[""태양계 천체의 관측과 운동""]","[""관측""]",태양계 천체의 관측과 운동,태양계 천체의 관측과 운동,false,false,false,[]
assessment_task_a6891c9f15,정보,정보과학Ⅰ,I_or_other,textbook_plus_legacy,true,clean,clean,both,"[""알고리즘""]","[""문제 해결"",""알고리즘""]",알고리즘 설계와 분석,알고리즘 설계와 분석,false,false,false,[]
assessment_task_2c5fc4b668,정보,정보과학Ⅰ,I_or_other,textbook_plus_legacy,true,clean,clean,both,"[""효율성"",""함수"",""알고리즘""]","[""문제 해결"",""알고리즘"",""효율성"",""공유"",""함수""]",알고리즘 설계와 분석,알고리즘 설계와 분석,false,false,false,[]
assessment_task_df5059373f,인공지능 기초,인공지능,I_or_other,textbook_plus_legacy,true,clean,clean,both,"[""문제 해결"",""시각화"",""알고리즘"",""자료와 정보의 분석""]","[""문제 해결"",""알고리즘"",""인공지능"",""시각화"",""탐색""]",자료와 정보의 분석,자료와 정보의 분석,false,false,false,"[""정보""]"
assessment_task_29c7d1129b,인공지능 기초,인공지능,I_or_other,textbook_plus_legacy,true,clean,clean,both,"[""알고리즘""]","[""알고리즘"",""모델""]",알고리즘 설계와 분석,알고리즘 설계와 분석,false,false,false,"[""정보""]"
assessment_task_e1dbc265bc,물리,일반물리학Ⅰ,I_or_other,subject_fallback,false,fallback,fallback,none,"[""물리""]",[],,,false,false,false,[]
assessment_task_c7971d5794,물리,일반물리학Ⅰ,I_or_other,subject_fallback,false,fallback,fallback,none,"[""물리""]",[],,,false,false,false,[]
assessment_task_95d69529f7,화학,일반화학Ⅰ,I_or_other,textbook_concept_dictionary,true,record_only,record_only,record,"[""극성""]","[""극성""]",,극성,false,false,false,[]
assessment_task_3ea9f86ed4,화학,일반화학Ⅰ,I_or_other,subject_fallback,false,fallback,fallback,none,"[""화학""]",[],,,false,false,false,[]
assessment_task_4ec1760bf3,물리,일반물리학실험Ⅰ,I_or_other,subject_fallback,false,fallback,fallback,none,"[""물리""]",[],,,false,false,false,[]
assessment_task_61395f1499,물리,일반물리학실험Ⅰ,I_or_other,subject_fallback,false,fallback,fallback,none,"[""물리""]",[],,,false,false,false,[]
assessment_task_66e26a1c9e,화학,일반화학실험Ⅰ,I_or_other,subject_fallback,false,fallback,fallback,none,"[""화학""]",[],,,false,false,false,[]
assessment_task_b51cbad8a6,화학,일반화학실험Ⅰ,I_or_other,subject_fallback,false,fallback,fallback,none,"[""화학""]",[],,,false,false,false,[]
assessment_task_27859a9ff7,생명과학,일반생명과학Ⅰ,I_or_other,textbook_concept_dictionary,true,record_only,record_only,record,"[""전달""]","[""전달""]",,전달,false,false,false,[]
assessment_task_78fc897c03,생명과학,일반생명과학Ⅰ,I_or_other,subject_fallback,false,fallback,fallback,none,"[""생명과학""]",[],,,false,false,false,[]
assessment_task_5b2a08fed8,생명과학,일반생명과학실험Ⅰ,I_or_other,subject_fallback,false,fallback,fallback,none,"[""생명과학""]",[],,,false,false,false,[]
assessment_task_1afae8e853,생명과학,일반생명과학실험Ⅰ,I_or_other,subject_fallback,false,fallback,fallback,none,"[""생명과학""]",[],,,false,false,false,[]
assessment_task_86ecf870a5,지구과학,일반지구과학실험Ⅰ,I_or_other,subject_fallback,false,fallback,fallback,none,"[""지구과학""]",[],,,false,false,false,[]
assessment_task_9681eae897,지구과학,일반지구과학실험Ⅰ,I_or_other,textbook_concept_dictionary,true,clean,clean,both,"[""태양계 천체의 관측과 운동""]","[""관측""]",태양계 천체의 관측과 운동,태양계 천체의 관측과 운동,false,false,false,[]
assessment_task_388d3b15b9,지구과학,일반지구과학실험Ⅰ,I_or_other,textbook_concept_dictionary,true,clean,clean,both,"[""망원경"",""태양계 천체의 관측과 운동""]","[""망원경"",""관측""]",태양계 천체의 관측과 운동,태양계 천체의 관측과 운동,false,false,false,[]
assessment_task_505751bc16,화학,기초유기화학,I_or_other,subject_fallback,false,fallback,fallback,none,"[""화학""]",[],,,false,false,false,[]
assessment_task_a95b34fd8f,화학,기초유기화학,I_or_other,textbook_concept_dictionary,true,record_only,record_only,record,"[""극성""]","[""극성""]",,극성,false,false,false,[]
assessment_task_fbfbd44b58,물리,물리학세미나Ⅰ,I_or_other,subject_fallback,false,fallback,fallback,none,"[""물리""]",[],,,false,false,false,[]
assessment_task_0b9c992454,물리,물리학세미나Ⅰ,I_or_other,subject_fallback,false,fallback,fallback,none,"[""물리""]",[],,,false,false,false,[]
assessment_task_73b4364cde,생명과학,생명과학세미나Ⅰ,I_or_other,textbook_concept_dictionary,true,clean,clean,both,"[""전달""]","[""전달""]",,전달,false,false,false,[]
assessment_task_f4e7f045d0,생명과학,생명과학세미나Ⅰ,I_or_other,subject_fallback,false,fallback,fallback,none,"[""생명과학""]",[],,,false,false,false,[]
assessment_task_cf0fe73050,대수,선형대수학,I_or_other,subject_fallback,false,fallback,fallback,none,"[""대수""]",[],,,false,false,false,[]
assessment_task_75f8fc4a95,공통수학1,공통수학1,I_or_other,subject_fallback,false,fallback,fallback,none,"[""공통수학1""]",[],,,false,false,false,[]
assessment_task_6b17a92d1a,공통수학1,공통수학1,I_or_other,textbook_plus_legacy,true,clean,clean,both,"[""경우의 수""]","[""경우의 수"",""부등식""]","경우의 수, 순열, 조합",경우의 수,false,false,false,[]
assessment_task_5673e665d4,공통수학2,공통수학2,I_or_other,subject_fallback,false,fallback,fallback,none,"[""공통수학2""]",[],,,false,false,false,[]
assessment_task_1e61bc572e,공통수학2,공통수학2,I_or_other,textbook_plus_legacy,true,clean,clean,both,"[""논리"",""함수""]","[""논리"",""함수""]",,논리,false,false,false,[]
assessment_task_9938fc9555,통합과학1,통합과학1,I_or_other,textbook_plus_legacy,true,clean,clean,both,"[""상호작용"",""권역"",""지구 시스템""]","[""데이터 분석"",""지구시스템"",""상호작용"",""관측"",""권역"",""지구"",""지구 시스템""]",지구시스템,지구시스템,false,false,false,[]
assessment_task_a4de5c791a,통합과학1,통합과학1,I_or_other,textbook_concept_dictionary,true,clean,clean,both,"[""충격 완화""]","[""충격 완화""]",,충격 완화,false,false,false,[]
assessment_task_00027468e0,통합과학2,통합과학2,I_or_other,textbook_concept_dictionary,true,clean,clean,both,"[""상호작용"",""생물과 환경""]","[""상호작용"",""생물"",""환경""]",생물과 환경,생물과 환경,false,false,false,[]
assessment_task_9db359f196,통합과학2,통합과학2,I_or_other,textbook_plus_legacy,true,clean,clean,both,"[""산화·환원"",""산화와 환원""]","[""산화"",""생활"",""환원"",""산화·환원""]",산화와 환원,산화와 환원,false,false,false,[]
assessment_task_c208626390,물리,물리학,I_or_other,subject_fallback,false,fallback,fallback,none,"[""물리""]",[],,,false,false,false,[]
assessment_task_1ad4148e55,물리,물리학,I_or_other,subject_fallback,false,fallback,fallback,none,"[""물리""]",[],,,false,false,false,[]
assessment_task_97d56dff84,화학,화학,I_or_other,subject_fallback,false,fallback,fallback,none,"[""화학""]",[],,,false,false,false,[]
assessment_task_83e61d9b65,화학,화학,I_or_other,textbook_concept_dictionary,true,clean,clean,both,"[""아세트산"",""식초"",""탄소 화합물의 유용성""]","[""아세트산"",""식초"",""적정"",""중화""]",탄소 화합물의 유용성,탄소 화합물의 유용성,false,false,false,[]
assessment_task_fc2a70a1f7,정보,정보,I_or_other,textbook_concept_dictionary,true,clean,clean,both,"[""아두이노"",""회로"",""피지컬 컴퓨팅""]","[""컴퓨팅 사고력"",""문제 해결"",""아두이노"",""회로""]",피지컬 컴퓨팅,피지컬 컴퓨팅,false,false,false,[]
assessment_task_64795b6df5,정보,정보,I_or_other,textbook_plus_legacy,true,clean,clean,both,"[""알고리즘""]","[""알고리즘""]",알고리즘 설계와 분석,알고리즘 설계와 분석,false,false,false,[]
assessment_task_f526b7b7e7,물리,물리학주제토론,I_or_other,subject_fallback,false,fallback,fallback,none,"[""물리""]",[],,,false,false,false,[]
assessment_task_2345e9a023,물리,물리학주제토론,I_or_other,subject_fallback,false,fallback,fallback,none,"[""물리""]",[],,,false,false,false,[]
assessment_task_b315df3705,화학,화학 주제 토론,I_or_other,subject_fallback,false,fallback,fallback,none,"[""화학""]",[],,,false,false,false,[]
assessment_task_4b4051e3fc,화학,화학 주제 토론,I_or_other,subject_fallback,false,fallback,fallback,none,"[""화학""]",[],,,false,false,false,[]
assessment_task_9a2d138e4b,생명과학,고급 생명과학,I_or_other,textbook_concept_dictionary,true,clean,clean,both,"[""물질대사"",""생명과학의 이해""]","[""물질 순환"",""물질대사""]",생명과학의 이해,생명과학의 이해,false,false,false,[]
assessment_task_1313a05e1b,생명과학,고급 생명과학,I_or_other,textbook_concept_dictionary,true,record_only,record_only,record,"[""전달""]","[""전달""]",,전달,false,false,false,[]
assessment_task_11d9b6bed0,지구과학,고급지구과학,I_or_other,textbook_concept_dictionary,true,clean,clean,both,"[""망원경"",""태양계 천체의 관측과 운동""]","[""망원경"",""관측"",""기후"",""밀도""]",태양계 천체의 관측과 운동,태양계 천체의 관측과 운동,false,false,false,[]
assessment_task_eafc39cc1c,지구과학,고급지구과학,I_or_other,textbook_concept_dictionary,true,clean,clean,both,"[""관측 자료"",""위성"",""태양계 천체의 관측과 운동""]","[""관측 자료"",""관측"",""위성""]",태양계 천체의 관측과 운동,태양계 천체의 관측과 운동,false,false,false,[]
assessment_task_08c0deb503,데이터 과학,데이터 과학,I_or_other,textbook_plus_legacy,true,clean,clean,both,"[""분석 과정"",""탐색"",""데이터 처리"",""자료와 정보의 분석""]","[""분석 과정"",""데이터"",""정보"",""탐색"",""데이터 처리""]",자료와 정보의 분석,자료와 정보의 분석,false,false,false,"[""정보"",""확률과 통계""]"
assessment_task_36aa1f972b,데이터 과학,데이터 과학,I_or_other,textbook_concept_dictionary,true,clean,clean,both,"[""문제 해결"",""탐색"",""자료와 정보의 분석""]","[""문제 해결"",""데이터"",""모델"",""탐색""]",자료와 정보의 분석,자료와 정보의 분석,false,false,true,"[""정보"",""확률과 통계""]"
assessment_task_1fd21c2d86,미적분1,AP 미적분학Ⅰ,I_or_other,textbook_plus_legacy,true,clean,clean,both,"[""모델링"",""미분""]","[""모델링"",""미분""]",,모델링,false,false,false,[]
assessment_task_5d3ec6833a,미적분1,AP 미적분학Ⅰ,I_or_other,textbook_plus_legacy,true,clean,clean,both,"[""적분""]","[""적분""]",,적분,false,false,false,[]
assessment_task_799b42b7f4,물리,AP일반물리학I,I_or_other,textbook_plus_legacy,true,clean,clean,both,"[""뉴턴 운동 법칙"",""운동량 보존"",""벡터"",""힘과 운동""]","[""뉴턴 운동 법칙"",""운동량 보존"",""운동량"",""벡터"",""모델링""]",힘과 운동,힘과 운동,false,false,false,[]
assessment_task_d90e1fe802,물리,AP일반물리학I,I_or_other,subject_fallback,false,fallback,fallback,none,"[""물리""]",[],,,false,false,false,[]
assessment_task_4c678cabb9,화학,AP일반화학Ⅰ,I_or_other,subject_fallback,false,fallback,fallback,none,"[""화학""]",[],,,false,false,false,[]
assessment_task_7e518c11e9,화학,AP일반화학Ⅰ,I_or_other,textbook_plus_legacy,true,clean,clean,both,"[""보어 모형"",""오비탈"",""함수"",""현대의 원자 모형과 전자 배치""]","[""모형 비교"",""보어 모형"",""전자 배치"",""화학 결합"",""오비탈"",""전자"",""함수"",""파동""]",현대의 원자 모형과 전자 배치,현대의 원자 모형과 전자 배치,false,false,false,[]
assessment_task_20f7b6468a,과학과제 연구,과학과제 연구,I_or_other,textbook_concept_dictionary,true,clean,clean,both,"[""해석"",""자료 수집·분석·결론 도출""]","[""데이터"",""해석""]",자료 수집·분석·결론 도출,자료 수집·분석·결론 도출,false,false,true,"[""과학탐구실험2"",""과학탐구실험1""]"
assessment_task_811ac03930,과학과제 연구,과학과제 연구,I_or_other,textbook_concept_dictionary,true,clean,clean,both,"[""참고 문헌"",""탐구 보고서 작성""]","[""참고 문헌""]",탐구 보고서 작성,탐구 보고서 작성,false,false,true,"[""과학탐구실험1""]"
assessment_task_1b6d9f19df,과학과제 연구,과학과제 연구,I_or_other,textbook_concept_dictionary,true,clean,clean,both,"[""데이터 수집"",""첨단 센서와 디지털 정보 탐구""]","[""데이터 수집"",""참고 문헌"",""데이터"",""해석""]",첨단 센서와 디지털 정보 탐구,첨단 센서와 디지털 정보 탐구,false,false,true,"[""과학탐구실험2"",""과학탐구실험1""]"
assessment_task_4db6638270,공통수학1,공통수학1,I_or_other,textbook_plus_legacy,true,clean,clean,both,"[""행렬"",""다항식의 연산""]","[""다항식"",""행렬""]",다항식의 연산,다항식의 연산,false,false,false,[]
assessment_task_69bb8675c2,공통수학1,공통수학1,I_or_other,textbook_plus_legacy,true,clean,clean,both,"[""행렬"",""다항식의 연산""]","[""다항식"",""행렬""]",다항식의 연산,다항식의 연산,false,false,false,[]
assessment_task_6c9acdeeb4,공통수학1,공통수학1,I_or_other,textbook_plus_legacy,true,clean,clean,both,"[""행렬"",""다항식의 연산""]","[""다항식"",""행렬""]",다항식의 연산,다항식의 연산,false,false,false,[]
assessment_task_2259ae2dee,통합사회1,통합사회1,I_or_other,textbook_concept_dictionary,true,clean,clean,both,"[""문화 상대주의"",""보편 윤리"",""문화 다양성과 세계화""]","[""문화 상대주의"",""보편 윤리"",""삶의 방식"",""세계 문화"",""문화권""]",문화 다양성과 세계화,문화 다양성과 세계화,false,false,false,[]
assessment_task_5dcf514eff,통합사회1,통합사회1,I_or_other,textbook_concept_dictionary,true,clean,clean,both,"[""도시화"",""산업화"",""생활 공간 변화와 지역 이해""]","[""문제 해결"",""생활 공간"",""생활 양식"",""해결 방안"",""공동체"",""도시화"",""산업화"",""협력""]",생활 공간 변화와 지역 이해,생활 공간 변화와 지역 이해,false,false,false,[]
assessment_task_80b8a7973c,통합과학1,통합과학1,I_or_other,textbook_concept_dictionary,true,clean,clean,both,"[""상호작용"",""지구시스템""]","[""상호작용""]",지구시스템,지구시스템,false,false,false,[]
assessment_task_794341003a,통합과학1,통합과학1,I_or_other,textbook_concept_dictionary,true,clean,clean,both,"[""상호작용"",""지구시스템""]","[""상호작용"",""규칙성""]",지구시스템,지구시스템,false,false,false,[]
assessment_task_4cb2ea7dfe,대수,대수,I_or_other,textbook_plus_legacy,true,clean,clean,both,"[""함수"",""수열"",""모델링""]","[""로그함수"",""지수함수"",""로그"",""수열"",""지수"",""함수"",""모델링""]",로그함수의 뜻과 그래프,로그함수의 뜻과 그래프,false,false,false,[]
assessment_task_edbd2adb7d,대수,대수,I_or_other,textbook_plus_legacy,true,clean,clean,both,"[""함수"",""수열""]","[""로그함수"",""지수함수"",""로그"",""수열"",""지수"",""함수""]",로그함수의 뜻과 그래프,로그함수의 뜻과 그래프,false,false,false,[]
assessment_task_0846e73338,대수,대수,I_or_other,textbook_plus_legacy,true,clean,clean,both,"[""함수"",""수열""]","[""로그함수"",""지수함수"",""로그"",""수열"",""지수"",""함수""]",로그함수의 뜻과 그래프,로그함수의 뜻과 그래프,false,false,false,[]
assessment_task_6185d5e611,과학탐구실험1,과학탐구실험1,I_or_other,textbook_concept_dictionary,true,clean,clean,both,"[""가설 설정과 탐구 설계""]","[""탐구 설계"",""정확성"",""협력""]",가설 설정과 탐구 설계,가설 설정과 탐구 설계,false,false,false,[]
assessment_task_f108383e72,과학탐구실험1,과학탐구실험1,I_or_other,textbook_concept_dictionary,true,clean,clean,both,"[""일반화"",""자료 수집·분석·결론 도출""]","[""멘델레예프의 주기율표 만들기"",""탐구 보고서 작성"",""멘델레예프"",""탐구 보고서"",""가설 설정"",""결론 도출"",""과학 마술"",""시나리오""]",자료 수집·분석·결론 도출,자료 수집·분석·결론 도출,false,false,false,[]
assessment_task_270e0f4053,과학탐구실험1,과학탐구실험1,I_or_other,textbook_concept_dictionary,true,clean,clean,both,"[""변인"",""가설 설정과 탐구 설계""]","[""변인""]",가설 설정과 탐구 설계,가설 설정과 탐구 설계,false,false,false,[]
assessment_task_328b9cbe04,확률과 통계,확률과 통계,I_or_other,subject_fallback,false,fallback,fallback,none,"[""확률과 통계""]",[],,,false,false,false,[]
assessment_task_5e0e729341,확률과 통계,확률과 통계,I_or_other,textbook_concept_dictionary,true,clean,clean,both,"[""판단""]","[""판단""]",,판단,false,false,false,[]
assessment_task_ac369e1ad4,공통수학1,공통수학1,I_or_other,subject_fallback,false,fallback,fallback,none,"[""공통수학1""]",[],,,false,false,false,[]
assessment_task_0f933e1c6f,공통수학1,공통수학1,I_or_other,subject_fallback,false,fallback,fallback,none,"[""공통수학1""]",[],,,false,false,false,[]
assessment_task_4396efbbc9,공통수학1,공통수학1,I_or_other,subject_fallback,false,fallback,fallback,none,"[""공통수학1""]",[],,,false,false,false,[]
assessment_task_47c55e194b,과학탐구실험1,과학탐구실험1,I_or_other,textbook_concept_dictionary,true,clean,clean,both,"[""대조"",""변인"",""가설 설정과 탐구 설계""]","[""연역적 탐구"",""가설 설정"",""탐구 방법"",""탐구 설계"",""과학사"",""가설"",""대조"",""변인""]",가설 설정과 탐구 설계,가설 설정과 탐구 설계,false,false,false,[]
assessment_task_14a5b2bcc7,과학탐구실험1,과학탐구실험1,I_or_other,textbook_concept_dictionary,true,clean,clean,both,"[""해석"",""자료 수집·분석·결론 도출""]","[""관측 자료"",""관측"",""시연"",""해석""]",자료 수집·분석·결론 도출,자료 수집·분석·결론 도출,false,false,false,[]
assessment_task_976215aa9f,통합과학1,통합과학1,I_or_other,textbook_concept_dictionary,true,clean,clean,both,"[""비금속"",""원소"",""물질 구성과 분류""]","[""주기율표"",""비금속"",""금속"",""성질"",""운동"",""원소""]",물질 구성과 분류,물질 구성과 분류,false,false,false,[]
assessment_task_ef0524e65e,통합과학1,통합과학1,I_or_other,textbook_concept_dictionary,true,clean,clean,both,"[""주기성"",""규칙성 발견과 주기율표""]","[""전자 배치"",""주기율표"",""규칙성"",""주기성"",""결합"",""성질"",""원소""]",규칙성 발견과 주기율표,규칙성 발견과 주기율표,false,false,false,[]
assessment_task_bc140fc223,통합과학1,통합과학1,I_or_other,subject_fallback,false,fallback,fallback,none,"[""통합과학1""]",[],,,false,false,false,[]
assessment_task_d2066cffdb,통합사회1,통합사회1,I_or_other,textbook_concept_dictionary,true,clean,clean,both,"[""환경 문제"",""자연환경과 인간의 공존""]","[""지속 가능한 발전"",""문제 해결"",""자연환경"",""환경 문제"",""공동체"",""공존"",""평화""]",자연환경과 인간의 공존,자연환경과 인간의 공존,false,false,false,[]
assessment_task_a1d5e3ab20,통합사회1,통합사회1,I_or_other,textbook_concept_dictionary,true,clean,clean,both,"[""생활 공간 변화와 지역 이해""]","[""생활 공간"",""해결 방안""]",생활 공간 변화와 지역 이해,생활 공간 변화와 지역 이해,false,false,false,[]
assessment_task_f55b328958,통합사회1,통합사회1,I_or_other,textbook_concept_dictionary,true,clean,clean,both,"[""자연환경과 인간의 공존""]","[""자연환경"",""문화권"",""기업""]",자연환경과 인간의 공존,자연환경과 인간의 공존,false,false,false,[]
assessment_task_888571eb7a,대수,대수,I_or_other,subject_fallback,false,fallback,fallback,none,"[""대수""]",[],,,false,false,false,[]
assessment_task_c8827287fb,대수,대수,I_or_other,subject_fallback,false,fallback,fallback,none,"[""대수""]",[],,,false,false,false,[]
assessment_task_96287e5333,대수,대수,I_or_other,subject_fallback,false,fallback,fallback,none,"[""대수""]",[],,,false,false,false,[]
assessment_task_e68cba4804,확률과 통계,확률과통계,I_or_other,subject_fallback,false,fallback,fallback,none,"[""확률과 통계""]",[],,,false,false,false,[]
assessment_task_a288a469b0,확률과 통계,확률과통계,I_or_other,subject_fallback,false,fallback,fallback,none,"[""확률과 통계""]",[],,,false,false,false,[]
assessment_task_4a6919a368,확률과 통계,확률과통계,I_or_other,subject_fallback,false,fallback,fallback,none,"[""확률과 통계""]",[],,,false,false,false,[]
assessment_task_5ec60d00a5,물리,물리학Ⅰ,I_or_other,subject_fallback,false,fallback,fallback,none,"[""물리""]",[],,,false,false,false,[]
assessment_task_84a312282d,물리,물리학Ⅰ,I_or_other,subject_fallback,false,fallback,fallback,none,"[""물리""]",[],,,false,false,false,[]
assessment_task_002c031537,물리,물리학Ⅰ,I_or_other,subject_fallback,false,fallback,fallback,none,"[""물리""]",[],,,false,false,false,[]
assessment_task_a49b895386,화학,화학Ⅰ,I_or_other,subject_fallback,false,fallback,fallback,none,"[""화학""]",[],,,false,false,false,[]
assessment_task_74a472ea1e,화학,화학Ⅰ,I_or_other,subject_fallback,false,fallback,fallback,none,"[""화학""]",[],,,false,false,false,[]
assessment_task_088aa09c7b,생명과학,생명과학Ⅰ,I_or_other,subject_fallback,false,fallback,fallback,none,"[""생명과학""]",[],,,false,false,false,[]
assessment_task_18bab0559f,생명과학,생명과학Ⅰ,I_or_other,subject_fallback,false,fallback,fallback,none,"[""생명과학""]",[],,,false,false,false,[]
assessment_task_2035ca0590,생명과학,생명과학Ⅰ,I_or_other,textbook_concept_dictionary,true,clean,clean,both,"[""세포"",""생명과학의 이해""]","[""발생"",""세포""]",생명과학의 이해,생명과학의 이해,false,false,false,[]
assessment_task_8e563c6b4d,지구과학,지구과학Ⅰ,I_or_other,textbook_concept_dictionary,true,clean,clean,both,"[""밀도"",""해수의 성질""]","[""밀도""]",해수의 성질,해수의 성질,false,false,false,[]
assessment_task_12ed132776,지구과학,지구과학Ⅰ,I_or_other,textbook_concept_dictionary,true,clean,clean,both,"[""고기압과 저기압"",""일기도"",""날씨의 변화""]","[""고기압과 저기압"",""고기압"",""일기도"",""저기압"",""기압""]",날씨의 변화,날씨의 변화,false,false,false,[]
assessment_task_a850a5079f,지구과학,지구과학Ⅰ,I_or_other,textbook_concept_dictionary,true,clean,clean,both,"[""해수의 밀도"",""수온"",""해수의 성질""]","[""해수의 밀도"",""해수의 성질"",""밀도"",""수온""]",해수의 성질,해수의 성질,false,false,false,[]
assessment_task_f013165c9a,미적분1,기초미적분학,I_or_other,subject_fallback,false,fallback,fallback,none,"[""미적분1""]",[],,,false,false,false,[]
assessment_task_0d538fd1e8,미적분1,기초미적분학,I_or_other,subject_fallback,false,fallback,fallback,none,"[""미적분1""]",[],,,false,false,false,[]
assessment_task_844a210fe3,물리,일반물리학Ⅰ,I_or_other,subject_fallback,false,fallback,fallback,none,"[""물리""]",[],,,false,false,false,[]
assessment_task_f65e80c66a,물리,일반물리학Ⅰ,I_or_other,textbook_concept_dictionary,true,record_only,record_only,record,"[""관성"",""힘과 운동""]","[""관성""]",힘과 운동,힘과 운동,false,false,false,[]
assessment_task_3da5a2a714,물리,일반물리학실험Ⅰ,I_or_other,subject_fallback,false,fallback,fallback,none,"[""물리""]",[],,,false,false,false,[]
assessment_task_b1c735f9f1,물리,일반물리학실험Ⅰ,I_or_other,subject_fallback,false,fallback,fallback,none,"[""물리""]",[],,,false,false,false,[]
assessment_task_735202f852,물리,일반물리학실험Ⅰ,I_or_other,subject_fallback,false,fallback,fallback,none,"[""물리""]",[],,,false,false,false,[]
assessment_task_35102b51f9,물리,일반물리학실험Ⅰ,I_or_other,subject_fallback,false,fallback,fallback,none,"[""물리""]",[],,,false,false,false,[]
assessment_task_2783363a4c,물리,일반물리학실험Ⅰ,I_or_other,subject_fallback,false,fallback,fallback,none,"[""물리""]",[],,,false,false,false,[]
assessment_task_a6933a8163,물리,일반물리학실험Ⅰ,I_or_other,subject_fallback,false,fallback,fallback,none,"[""물리""]",[],,,false,false,false,[]
assessment_task_daeb120722,화학,일반화학Ⅰ,I_or_other,subject_fallback,false,fallback,fallback,none,"[""화학""]",[],,,false,false,false,[]
assessment_task_cb0141bf77,화학,일반화학Ⅰ,I_or_other,subject_fallback,false,fallback,fallback,none,"[""화학""]",[],,,false,false,false,[]
assessment_task_2a39f38b4c,화학,일반화학실험Ⅰ,I_or_other,subject_fallback,false,fallback,fallback,none,"[""화학""]",[],,,false,false,false,[]
assessment_task_fb12aa8b6a,화학,일반화학실험Ⅰ,I_or_other,subject_fallback,false,fallback,fallback,none,"[""화학""]",[],,,false,false,false,[]
assessment_task_77b0bd6297,화학,일반화학실험Ⅰ,I_or_other,subject_fallback,false,fallback,fallback,none,"[""화학""]",[],,,false,false,false,[]
assessment_task_3c8d5dbdb6,지구과학,일반지구과학,I_or_other,subject_fallback,false,fallback,fallback,none,"[""지구과학""]",[],,,false,false,false,[]
assessment_task_d6057ae34a,지구과학,일반지구과학,I_or_other,subject_fallback,false,fallback,fallback,none,"[""지구과학""]",[],,,false,false,false,[]
assessment_task_750f94f138,지구과학,일반지구과학,I_or_other,subject_fallback,false,fallback,fallback,none,"[""지구과학""]",[],,,false,false,false,[]
assessment_task_f8f385b1de,인공지능 기초,인공지능,I_or_other,textbook_plus_legacy,true,clean,clean,both,"[""함수"",""알고리즘""]","[""알고리즘"",""시각화"",""함수""]",알고리즘 설계와 분석,알고리즘 설계와 분석,false,false,false,"[""정보""]"
assessment_task_e5a5f7bba0,인공지능 기초,인공지능,I_or_other,textbook_plus_legacy,true,clean,clean,both,"[""함수"",""알고리즘""]","[""알고리즘"",""시각화"",""함수""]",알고리즘 설계와 분석,알고리즘 설계와 분석,false,false,false,"[""정보""]"
assessment_task_688a0ff554,인공지능 기초,인공지능,I_or_other,textbook_plus_legacy,true,clean,clean,both,"[""함수"",""알고리즘""]","[""알고리즘"",""시각화"",""함수""]",알고리즘 설계와 분석,알고리즘 설계와 분석,false,false,false,"[""정보""]"
assessment_task_8a2a1ab3e3,미적분1,미적분학Ⅰ,I_or_other,subject_fallback,false,fallback,fallback,none,"[""미적분1""]",[],,,false,false,false,[]
assessment_task_2a2b38e3d4,미적분1,미적분학Ⅰ,I_or_other,subject_fallback,false,fallback,fallback,none,"[""미적분1""]",[],,,false,false,false,[]
assessment_task_389bb04e0f,미적분1,미적분학Ⅰ,I_or_other,subject_fallback,false,fallback,fallback,none,"[""미적분1""]",[],,,false,false,false,[]
assessment_task_2247463777,미적분1,미적분학Ⅰ,I_or_other,subject_fallback,false,fallback,fallback,none,"[""미적분1""]",[],,,false,false,false,[]
assessment_task_c57c8e5263,화학,인공지능과 화학탐구,I_or_other,subject_fallback,false,fallback,fallback,none,"[""화학""]",[],,,false,false,false,[]
assessment_task_a57cc3a181,화학,인공지능과 화학탐구,I_or_other,subject_fallback,false,fallback,fallback,none,"[""화학""]",[],,,false,false,false,[]
assessment_task_226de5b873,화학,인공지능과 화학탐구,I_or_other,subject_fallback,false,fallback,fallback,none,"[""화학""]",[],,,false,false,false,[]
assessment_task_797130debd,데이터 과학,생활 속의 데이터 과학,I_or_other,textbook_plus_legacy,true,clean,clean,both,"[""문제 해결"",""시각화"",""데이터 처리"",""자료와 정보의 분석""]","[""문제 해결"",""데이터"",""시각화"",""AI"",""편향"",""데이터 처리""]",자료와 정보의 분석,자료와 정보의 분석,false,false,false,"[""정보"",""확률과 통계""]"
assessment_task_52d1ad44f3,데이터 과학,생활 속의 데이터 과학,I_or_other,textbook_concept_dictionary,true,clean,clean,both,"[""문제 해결"",""자료와 정보의 분석""]","[""문제 해결"",""데이터"",""AI""]",자료와 정보의 분석,자료와 정보의 분석,false,false,true,"[""정보"",""확률과 통계""]"
assessment_task_eb0660a85c,데이터 과학,생활 속의 데이터 과학,I_or_other,textbook_concept_dictionary,true,clean,clean,both,"[""문제 해결"",""분석 과정"",""자료와 정보의 분석""]","[""문제 해결"",""분석 과정"",""자료 해석"",""데이터"",""편향""]",자료와 정보의 분석,자료와 정보의 분석,false,false,true,"[""정보"",""확률과 통계""]"
assessment_task_dc71db67c8,물리,일반물리학Ⅱ,II,subject_fallback,false,fallback,fallback,none,"[""물리""]",[],,,false,false,false,[]
assessment_task_60c333d723,물리,일반물리학Ⅱ,II,subject_fallback,false,fallback,fallback,none,"[""물리""]",[],,,false,false,false,[]
assessment_task_dfb40ec7ab,물리,일반물리학실험Ⅱ,II,subject_fallback,false,fallback,fallback,none,"[""물리""]",[],,,false,false,false,[]
assessment_task_a5c2227957,물리,일반물리학실험Ⅱ,II,subject_fallback,false,fallback,fallback,none,"[""물리""]",[],,,false,false,false,[]
assessment_task_eb351e8624,물리,물리학토픽Ⅰ,I_or_other,subject_fallback,false,fallback,fallback,none,"[""물리""]",[],,,false,false,false,[]
assessment_task_7b03bd5c32,물리,물리학토픽Ⅰ,I_or_other,subject_fallback,false,fallback,fallback,none,"[""물리""]",[],,,false,false,false,[]
assessment_task_2e8468cbe3,물리,물리학토픽Ⅰ,I_or_other,subject_fallback,false,fallback,fallback,none,"[""물리""]",[],,,false,false,false,[]
assessment_task_57496c9080,화학,일반화학Ⅱ,II,subject_fallback,false,fallback,fallback,none,"[""화학""]",[],,,false,false,false,[]
assessment_task_bed164c95d,화학,일반화학Ⅱ,II,legacy_dictionary,true,record_only,record_only,record,"[""모델링""]","[""모델링""]",,,false,false,false,[]
assessment_task_f8c0a9d19c,화학,일반화학실험Ⅱ,II,subject_fallback,false,fallback,fallback,none,"[""화학""]",[],,,false,false,false,[]
assessment_task_e045093508,화학,일반화학실험Ⅱ,II,subject_fallback,false,fallback,fallback,none,"[""화학""]",[],,,false,false,false,[]
assessment_task_96e758c048,화학,일반화학실험Ⅱ,II,subject_fallback,false,fallback,fallback,none,"[""화학""]",[],,,false,false,false,[]
assessment_task_db8f1233b9,화학,화학토픽Ⅰ,I_or_other,subject_fallback,false,fallback,fallback,none,"[""화학""]",[],,,false,false,false,[]
assessment_task_e2ef392e5e,화학,화학토픽Ⅰ,I_or_other,subject_fallback,false,fallback,fallback,none,"[""화학""]",[],,,false,false,false,[]
assessment_task_65f7906b6c,화학,화학토픽Ⅰ,I_or_other,subject_fallback,false,fallback,fallback,none,"[""화학""]",[],,,false,false,false,[]
assessment_task_d69e43af1c,생명과학,심화생명과학,I_or_other,subject_fallback,false,fallback,fallback,none,"[""생명과학""]",[],,,false,false,false,[]
assessment_task_df9e000603,생명과학,심화생명과학,I_or_other,textbook_concept_dictionary,true,clean,clean,both,"[""면역"",""전달""]","[""면역"",""전달""]",,면역,false,false,false,[]
assessment_task_66be0fe763,생명과학,심화생명과학,I_or_other,textbook_concept_dictionary,true,clean,clean,both,"[""생체 모방 기술"",""생명과학의 이해""]","[""생체 모방 기술"",""생체 모방"",""전달""]",생명과학의 이해,생명과학의 이해,false,false,false,[]
assessment_task_03e77b8c8d,생명과학,심화생명과학실험,I_or_other,subject_fallback,false,fallback,fallback,none,"[""생명과학""]",[],,,false,false,false,[]
assessment_task_db05786e06,생명과학,심화생명과학실험,I_or_other,legacy_dictionary,true,record_only,record_only,record,"[""데이터 처리""]","[""데이터 처리""]",,,false,false,false,[]
assessment_task_9158ba8fa9,생명과학,심화생명과학실험,I_or_other,subject_fallback,false,fallback,fallback,none,"[""생명과학""]",[],,,false,false,false,[]
assessment_task_db6cee2016,생명과학,생명과학세미나Ⅰ,I_or_other,subject_fallback,false,fallback,fallback,none,"[""생명과학""]",[],,,false,false,false,[]
assessment_task_18cb4a1dbb,생명과학,생명과학세미나Ⅰ,I_or_other,textbook_concept_dictionary,true,record_only,record_only,record,"[""상호 작용""]","[""상호 작용""]",,상호 작용,false,false,false,[]
assessment_task_16e7141e0d,생명과학,생명과학세미나Ⅰ,I_or_other,textbook_plus_legacy,true,clean,clean,both,"[""분류"",""유전"",""진화와 생물 다양성""]","[""분류 기준"",""분류"",""유전""]",진화와 생물 다양성,진화와 생물 다양성,false,false,false,[]
assessment_task_d32ea26a25,지구과학,지구과학 토픽Ⅰ,I_or_other,subject_fallback,false,fallback,fallback,none,"[""지구과학""]",[],,,false,false,false,[]
assessment_task_76caac6f14,지구과학,지구과학 토픽Ⅰ,I_or_other,subject_fallback,false,fallback,fallback,none,"[""지구과학""]",[],,,false,false,false,[]
assessment_task_2abb414674,지구과학,지구과학 토픽Ⅰ,I_or_other,subject_fallback,false,fallback,fallback,none,"[""지구과학""]",[],,,false,false,false,[]
assessment_task_01c4db1185,대수,선형대수학,I_or_other,subject_fallback,false,fallback,fallback,none,"[""대수""]",[],,,false,false,false,[]
assessment_task_59b2df6e22,대수,선형대수학,I_or_other,subject_fallback,false,fallback,fallback,none,"[""대수""]",[],,,false,false,false,[]
assessment_task_6194390d11,대수,선형대수학,I_or_other,subject_fallback,false,fallback,fallback,none,"[""대수""]",[],,,false,false,false,[]
assessment_task_0f8dea413b,대수,선형대수학,I_or_other,legacy_dictionary,true,clean,clean,both,"[""모델링""]","[""모델링""]",,,false,false,false,[]
assessment_task_95fe1ac826,물리,물리학과 첨단기술,I_or_other,subject_fallback,false,fallback,fallback,none,"[""물리""]",[],,,false,false,false,[]
assessment_task_899962aadb,물리,물리학과 첨단기술,I_or_other,subject_fallback,false,fallback,fallback,none,"[""물리""]",[],,,false,false,false,[]
assessment_task_617d84b52a,물리,물리학과 첨단기술,I_or_other,subject_fallback,false,fallback,fallback,none,"[""물리""]",[],,,false,false,false,[]
assessment_task_cf729d7b9e,화학,첨단화학,I_or_other,subject_fallback,false,fallback,fallback,none,"[""화학""]",[],,,false,false,false,[]
assessment_task_bbda0ed877,화학,첨단화학,I_or_other,subject_fallback,false,fallback,fallback,none,"[""화학""]",[],,,false,false,false,[]
assessment_task_03862c5b29,화학,첨단화학,I_or_other,subject_fallback,false,fallback,fallback,none,"[""화학""]",[],,,false,false,false,[]
assessment_task_0691f94cb1,공통수학1,공통수학1,I_or_other,textbook_concept_dictionary,true,clean,clean,both,"[""항등식"",""나머지정리와 인수분해""]","[""다항식"",""항등식""]",나머지정리와 인수분해,나머지정리와 인수분해,false,false,false,[]
assessment_task_c81d16556b,공통수학1,공통수학1,I_or_other,subject_fallback,false,fallback,fallback,none,"[""공통수학1""]",[],,,false,false,false,[]
assessment_task_9bd25dbc9b,통합사회1,통합사회1,I_or_other,textbook_concept_dictionary,true,clean,clean,both,"[""문제 해결"",""통합적 관점과 행복""]","[""문제 해결"",""해결 방안"",""행복""]",통합적 관점과 행복,통합적 관점과 행복,false,false,false,[]
assessment_task_5b3cb73467,통합사회1,통합사회1,I_or_other,textbook_concept_dictionary,true,clean,clean,both,"[""생활 양식"",""기후"",""자연환경과 인간의 공존""]","[""생활 양식"",""기후""]",자연환경과 인간의 공존,자연환경과 인간의 공존,false,false,false,[]
assessment_task_789f76772a,통합과학1,통합과학1,I_or_other,textbook_plus_legacy,true,clean,clean,both,"[""운동"",""역학 시스템""]","[""역학 시스템"",""오류"",""운동"",""운동량""]",역학 시스템,역학 시스템,false,false,false,[]
assessment_task_905ae1c976,통합과학1,통합과학1,I_or_other,textbook_concept_dictionary,true,clean,clean,both,"[""결합"",""오류""]","[""결합"",""오류""]",,결합,false,false,false,[]
assessment_task_2ab213027a,과학탐구실험1,과학탐구실험1,I_or_other,textbook_concept_dictionary,true,clean,clean,both,"[""탐구 방법"",""탐구 보고서 작성""]","[""과학의 본성"",""탐구 보고서"",""탐구 방법"",""과학사"",""변인"",""해석""]",탐구 보고서 작성,탐구 보고서 작성,false,false,false,[]
assessment_task_b77c3d4a6b,과학탐구실험1,과학탐구실험1,I_or_other,textbook_concept_dictionary,true,clean,clean,both,"[""변인"",""가설 설정과 탐구 설계""]","[""패러다임"",""변인"",""해석""]",가설 설정과 탐구 설계,가설 설정과 탐구 설계,false,false,false,[]
assessment_task_c226885342,과학탐구실험1,과학탐구실험1,I_or_other,textbook_concept_dictionary,true,record_only,record_only,record,"[""변인"",""가설 설정과 탐구 설계""]","[""변인"",""해석""]",가설 설정과 탐구 설계,가설 설정과 탐구 설계,false,false,false,[]
assessment_task_04f7078e21,정보,정보,I_or_other,textbook_concept_dictionary,true,clean,clean,both,"[""문제 해결"",""자료 분석"",""자료와 정보의 분석""]","[""개인 정보"",""문제 해결"",""자료 분석"",""자료 수집"",""정보 보호"",""디지털"",""소통"",""탐색""]",자료와 정보의 분석,자료와 정보의 분석,false,false,false,[]
assessment_task_1a8b19d901,정보,정보,I_or_other,textbook_plus_legacy,true,clean,clean,both,"[""문제 해결"",""자료 분석"",""알고리즘"",""자료와 정보의 분석""]","[""컴퓨팅 사고력"",""문제 해결"",""알고리즘"",""자료 분석"",""효율성""]",자료와 정보의 분석,자료와 정보의 분석,false,false,false,[]
assessment_task_1887dc4080,대수,대수,I_or_other,subject_fallback,false,fallback,fallback,none,"[""대수""]",[],,,false,false,false,[]
assessment_task_e7d61688dc,대수,대수,I_or_other,textbook_concept_dictionary,true,clean,clean,both,"[""패턴""]","[""패턴""]",,패턴,false,false,false,[]
assessment_task_e574667396,미적분1,미적분Ⅰ,I_or_other,subject_fallback,false,fallback,fallback,none,"[""미적분1""]",[],,,false,false,false,[]
assessment_task_0fae2c5e47,미적분1,미적분Ⅰ,I_or_other,subject_fallback,false,fallback,fallback,none,"[""미적분1""]",[],,,false,false,false,[]
assessment_task_1ff57ec046,물리,물리학,I_or_other,textbook_plus_legacy,true,clean,clean,both,"[""충격 완화"",""운동량"",""힘과 운동""]","[""충격 완화"",""운동량"",""충격량""]",힘과 운동,힘과 운동,false,false,false,[]
assessment_task_02a4f16042,물리,물리학,I_or_other,subject_fallback,false,fallback,fallback,none,"[""물리""]",[],,,false,false,false,[]
assessment_task_5c49d4a561,화학,화학,I_or_other,subject_fallback,false,fallback,fallback,none,"[""화학""]",[],,,false,false,false,[]
assessment_task_c523c517bb,화학,화학,I_or_other,textbook_concept_dictionary,true,clean,clean,both,"[""물질의 양과 화학 반응식""]","[""화학 반응식"",""반응식""]",물질의 양과 화학 반응식,물질의 양과 화학 반응식,false,false,false,[]
assessment_task_3d25269c01,생명과학,생명과학,I_or_other,legacy_dictionary,true,clean,clean,both,"[""효소""]","[""효소""]",,,false,false,false,[]
assessment_task_32ad0d6b59,생명과학,생명과학,I_or_other,textbook_concept_dictionary,true,clean,clean,both,"[""DNA"",""복제"",""유전자와 염색체""]","[""DNA"",""복제""]",유전자와 염색체,유전자와 염색체,false,false,false,[]
assessment_task_6dd0a83455,지구과학,지구과학,I_or_other,textbook_concept_dictionary,true,clean,clean,both,"[""해수의 성질""]","[""해수의 성질""]",해수의 성질,해수의 성질,false,false,false,[]
assessment_task_37cee642d1,지구과학,지구과학,I_or_other,subject_fallback,false,fallback,fallback,none,"[""지구과학""]",[],,,false,false,false,[]
assessment_task_0eaaa40a10,인공지능 기초,인공지능 기초,I_or_other,textbook_concept_dictionary,true,clean,clean,both,"[""인공지능"",""모델""]","[""인공지능"",""모델""]",,인공지능,false,false,true,"[""정보""]"
assessment_task_2a16d3c2b1,인공지능 기초,인공지능 기초,I_or_other,textbook_concept_dictionary,true,clean,clean,both,"[""인공지능"",""모델""]","[""인공지능"",""모델""]",,인공지능,false,false,true,"[""정보""]"
assessment_task_38d86510c0,기하,기하,I_or_other,textbook_concept_dictionary,true,clean,clean,both,"[""이차곡선""]","[""이차곡선""]",,이차곡선,false,false,false,[]
assessment_task_e66124d215,기하,기하,I_or_other,textbook_plus_legacy,true,clean,clean,both,"[""벡터""]","[""평면벡터"",""벡터"",""평면""]",평면벡터와 벡터의 연산,평면벡터와 벡터의 연산,false,false,false,[]
assessment_task_c0c9424429,화학,화학Ⅱ,II,textbook_concept_dictionary,true,clean,clean,both,"[""염화 나트륨""]","[""염화 나트륨""]",,염화 나트륨,false,false,false,[]
assessment_task_7fcc468c0e,화학,화학Ⅱ,II,subject_fallback,false,fallback,fallback,none,"[""화학""]",[],,,false,false,false,[]
assessment_task_5b0791a116,지구과학,지구과학Ⅱ,II,textbook_concept_dictionary,true,record_only,record_only,record,"[""지층과 지질시대""]","[""지층""]",지층과 지질시대,지층과 지질시대,false,false,false,[]
assessment_task_84b4d1e522,지구과학,지구과학Ⅱ,II,subject_fallback,false,fallback,fallback,none,"[""지구과학""]",[],,,false,false,false,[]
assessment_task_0db948647a,물리,고급 물리학,I_or_other,subject_fallback,false,fallback,fallback,none,"[""물리""]",[],,,false,false,false,[]
assessment_task_01b8f42600,물리,고급 물리학,I_or_other,subject_fallback,false,fallback,fallback,none,"[""물리""]",[],,,false,false,false,[]
assessment_task_58219b1832,생명과학,고급 생명과학,I_or_other,subject_fallback,false,fallback,fallback,none,"[""생명과학""]",[],,,false,false,false,[]
assessment_task_22db258e8e,생명과학,고급 생명과학,I_or_other,subject_fallback,false,fallback,fallback,none,"[""생명과학""]",[],,,false,false,false,[]
assessment_task_60ee6fe978,과학과제 연구,과학과제 연구,I_or_other,textbook_concept_dictionary,true,clean,clean,both,"[""해석"",""자료 수집·분석·결론 도출""]","[""문제 해결"",""연구 윤리"",""결론"",""변인"",""해석""]",자료 수집·분석·결론 도출,자료 수집·분석·결론 도출,false,false,true,"[""과학탐구실험2"",""과학탐구실험1""]"
assessment_task_36f65f794a,과학과제 연구,과학과제 연구,I_or_other,textbook_concept_dictionary,true,clean,clean,both,"[""변인"",""가설 설정과 탐구 설계""]","[""과학적 근거"",""문제 해결"",""연구 윤리"",""가설"",""결론"",""변인"",""해석""]",가설 설정과 탐구 설계,가설 설정과 탐구 설계,false,false,true,"[""과학탐구실험2"",""과학탐구실험1""]"
assessment_task_f25f742be0,과학과제 연구,과학과제 연구,I_or_other,textbook_concept_dictionary,true,clean,clean,both,"[""가설"",""결론""]","[""가설"",""결론""]",,가설,false,false,true,"[""과학탐구실험1""]"
assessment_task_02f6896542,화학,고급 화학,I_or_other,textbook_plus_legacy,true,clean,clean,both,"[""오비탈"",""모델링"",""현대의 원자 모형과 전자 배치""]","[""오비탈"",""주기"",""모델링""]",현대의 원자 모형과 전자 배치,현대의 원자 모형과 전자 배치,false,false,false,[]
assessment_task_220869c3ca,화학,고급 화학,I_or_other,subject_fallback,false,fallback,fallback,none,"[""화학""]",[],,,false,false,false,[]
assessment_task_db8afa6f90,화학,고급 화학,I_or_other,subject_fallback,false,fallback,fallback,none,"[""화학""]",[],,,false,false,false,[]
assessment_task_f1d0548b60,공통수학1,공통수학1,I_or_other,subject_fallback,false,fallback,fallback,none,"[""공통수학1""]",[],,,false,false,false,[]
assessment_task_88fceaeb13,공통수학1,공통수학1,I_or_other,subject_fallback,false,fallback,fallback,none,"[""공통수학1""]",[],,,false,false,false,[]
assessment_task_260249b8b2,공통수학2,공통수학2,I_or_other,textbook_concept_dictionary,true,record_only,record_only,record,"[""논리""]","[""논리""]",,논리,false,false,false,[]
assessment_task_08f9aabfa4,공통수학2,공통수학2,I_or_other,textbook_concept_dictionary,true,record_only,record_only,record,"[""논리""]","[""논리""]",,논리,false,false,false,[]
assessment_task_58f4fe1a3f,통합과학1,통합과학1,I_or_other,textbook_concept_dictionary,true,clean,clean,both,"[""운동"",""역학 시스템""]","[""운동""]",역학 시스템,역학 시스템,false,false,false,[]
assessment_task_8f91741cec,통합과학2,통합과학2,I_or_other,textbook_concept_dictionary,true,clean,clean,both,"[""지시약"",""중화"",""산과 염기""]","[""온도 변화"",""지시약"",""센서"",""온도"",""중화""]",산과 염기,산과 염기,false,false,false,[]
assessment_task_231930527b,통합사회1,통합사회1,I_or_other,subject_fallback,false,fallback,fallback,none,"[""통합사회1""]",[],,,false,false,false,[]
assessment_task_452eaefa9a,융합과학 탐구,융합과학 탐구,I_or_other,textbook_concept_dictionary,true,clean,clean,both,"[""과학 기술 사회에서 빅데이터 활용""]","[""문제 해결"",""빅데이터"",""데이터"",""디지털""]",과학 기술 사회에서 빅데이터 활용,과학 기술 사회에서 빅데이터 활용,false,false,true,"[""통합과학2"",""통합과학1""]"
assessment_task_7cb3a148b7,융합과학 탐구,융합과학 탐구,I_or_other,textbook_concept_dictionary,true,clean,clean,both,"[""정확성"",""사회""]","[""정확성"",""사회""]",,정확성,false,false,true,"[""통합과학1"",""통합과학2""]"
assessment_task_c5776cdaf2,정보,정보과학,I_or_other,textbook_plus_legacy,true,clean,clean,both,"[""알고리즘""]","[""문제 해결"",""알고리즘"",""정보 과학""]",알고리즘 설계와 분석,알고리즘 설계와 분석,false,false,false,[]
assessment_task_24f7f831df,정보,정보과학,I_or_other,textbook_concept_dictionary,true,clean,clean,both,"[""인공지능"",""정보 과학"",""정보 사회""]","[""인공지능"",""정보 과학"",""디지털"",""공유"",""탐색""]",정보 사회,정보 사회,false,false,false,[]
assessment_task_cf7405753e,물리,고급 물리학,I_or_other,subject_fallback,false,fallback,fallback,none,"[""물리""]",[],,,false,false,false,[]
assessment_task_52e9e75c90,화학,고급 화학,I_or_other,textbook_concept_dictionary,true,clean,clean,both,"[""반응 엔탈피"",""열량"",""화학 반응과 열의 출입""]","[""반응 엔탈피"",""열량""]",화학 반응과 열의 출입,화학 반응과 열의 출입,false,false,false,[]
assessment_task_8cbc1520b9,화학,고급 화학,I_or_other,legacy_dictionary,true,clean,clean,both,"[""모델링""]","[""모델링""]",,,false,false,false,[]
assessment_task_1d1d7b2376,생명과학,고급 생명과학,I_or_other,subject_fallback,false,fallback,fallback,none,"[""생명과학""]",[],,,false,false,false,[]
assessment_task_08f181deb3,생명과학,고급 생명과학,I_or_other,textbook_concept_dictionary,true,clean,clean,both,"[""전달""]","[""전달""]",,전달,false,false,false,[]
assessment_task_a3efefa21c,지구과학,고급 지구과학,I_or_other,subject_fallback,false,fallback,fallback,none,"[""지구과학""]",[],,,false,false,false,[]
assessment_task_32045b0d26,인공지능 기초,인공지능 기초,I_or_other,textbook_concept_dictionary,true,clean,clean,both,"[""인공지능"",""모델""]","[""인공지능"",""모델""]",,인공지능,false,false,true,"[""정보""]"
assessment_task_785a764410,인공지능 기초,인공지능 기초,I_or_other,textbook_concept_dictionary,true,clean,clean,both,"[""문제 해결"",""자료 분석"",""자료와 정보의 분석""]","[""문제 해결"",""인공지능"",""자료 분석"",""디지털"",""모델""]",자료와 정보의 분석,자료와 정보의 분석,false,false,true,"[""정보""]"
assessment_task_a3380d2256,인공지능 기초,인공지능 기초,I_or_other,textbook_concept_dictionary,true,clean,clean,both,"[""자료와 정보의 표현""]","[""인공지능"",""정보""]",자료와 정보의 표현,자료와 정보의 표현,false,false,true,"[""정보""]"
assessment_task_8bde3c52cb,미적분1,미적분학Ⅰ(AP),I_or_other,subject_fallback,false,fallback,fallback,none,"[""미적분1""]",[],,,false,false,false,[]
assessment_task_4671bde527,물리,물리학 실험,I_or_other,subject_fallback,false,fallback,fallback,none,"[""물리""]",[],,,false,false,false,[]
assessment_task_691153b15f,물리,물리학 실험,I_or_other,subject_fallback,false,fallback,fallback,none,"[""물리""]",[],,,false,false,false,[]
assessment_task_6da6258f03,생명과학,생명과학 실험,I_or_other,subject_fallback,false,fallback,fallback,none,"[""생명과학""]",[],,,false,false,false,[]
assessment_task_b2c4590484,생명과학,생명과학 실험,I_or_other,subject_fallback,false,fallback,fallback,none,"[""생명과학""]",[],,,false,false,false,[]
assessment_task_36e0ba69cf,생명과학,생명과학 실험,I_or_other,subject_fallback,false,fallback,fallback,none,"[""생명과학""]",[],,,false,false,false,[]
assessment_task_6fd0baeaae,지구과학,지구과학 실험,I_or_other,subject_fallback,false,fallback,fallback,none,"[""지구과학""]",[],,,false,false,false,[]
assessment_task_9e79e8d107,지구과학,지구과학 실험,I_or_other,subject_fallback,false,fallback,fallback,none,"[""지구과학""]",[],,,false,false,false,[]
assessment_task_11a5ed857b,물리,일반물리학Ⅰ(AP),I_or_other,subject_fallback,false,fallback,fallback,none,"[""물리""]",[],,,false,false,false,[]
assessment_task_c589b4b94a,물리,일반물리학Ⅰ(AP),I_or_other,subject_fallback,false,fallback,fallback,none,"[""물리""]",[],,,false,false,false,[]
assessment_task_96894add29,화학,일반화학Ⅰ(AP),I_or_other,subject_fallback,false,fallback,fallback,none,"[""화학""]",[],,,false,false,false,[]
assessment_task_4795d87355,화학,일반화학Ⅰ(AP),I_or_other,subject_fallback,false,fallback,fallback,none,"[""화학""]",[],,,false,false,false,[]
assessment_task_969cb31bfd,정보,정보과제연구,I_or_other,textbook_plus_legacy,true,clean,clean,both,"[""알고리즘""]","[""문제 해결"",""알고리즘""]",알고리즘 설계와 분석,알고리즘 설계와 분석,false,false,false,[]
assessment_task_7d86ee6c51,정보,정보과제연구,I_or_other,textbook_concept_dictionary,true,clean,clean,both,"[""컴퓨팅 사고력""]","[""컴퓨팅 사고력""]",,컴퓨팅 사고력,false,false,false,[]
assessment_task_2447a425f2,공통수학1,공통수학1,I_or_other,legacy_dictionary,true,clean,clean,both,"[""함수""]","[""함수""]",,,false,false,false,[]
assessment_task_1d7417039e,공통수학1,공통수학1,I_or_other,textbook_plus_legacy,true,clean,clean,both,"[""경우의 수""]","[""경우의 수"",""부등식""]","경우의 수, 순열, 조합",경우의 수,false,false,false,[]
assessment_task_744bd88824,통합사회1,통합사회1,I_or_other,textbook_concept_dictionary,true,clean,clean,both,"[""문화 변동""]","[""문화 변동""]",,문화 변동,false,false,false,[]
assessment_task_1b156c6dc6,통합사회1,통합사회1,I_or_other,textbook_concept_dictionary,true,clean,clean,both,"[""해결 방안"",""인권 보장과 시민 참여""]","[""문제 해결"",""해결 방안"",""환경 문제""]",인권 보장과 시민 참여,인권 보장과 시민 참여,false,false,false,[]
assessment_task_ce84558837,통합과학1,통합과학1,I_or_other,textbook_concept_dictionary,true,clean,clean,both,"[""운동"",""역학 시스템""]","[""운동""]",역학 시스템,역학 시스템,false,false,false,[]
assessment_task_9f25ee9b21,통합과학1,통합과학1,I_or_other,textbook_plus_legacy,true,clean,clean,both,"[""에너지 흐름"",""물질 순환"",""지구 시스템""]","[""에너지 흐름"",""지구시스템"",""물질 순환"",""상호작용"",""정확성"",""지구"",""지구 시스템""]",지구시스템,지구시스템,false,false,false,[]
assessment_task_4652c1a84a,과학탐구실험1,과학탐구실험1,I_or_other,textbook_concept_dictionary,true,clean,clean,both,"[""질량이 다른 물체"",""갈릴레이의 경사면 실험과 낙하 운동""]","[""질량이 다른 물체"",""갈릴레이"",""낙하 운동"",""경사면"",""변인""]",갈릴레이의 경사면 실험과 낙하 운동,갈릴레이의 경사면 실험과 낙하 운동,false,false,false,[]
assessment_task_962d022cf7,과학탐구실험1,과학탐구실험1,I_or_other,textbook_concept_dictionary,true,clean,clean,both,"[""과학의 단위 및 도량형의 역사 추적하기""]","[""도량형""]",과학의 단위 및 도량형의 역사 추적하기,과학의 단위 및 도량형의 역사 추적하기,false,false,false,[]
assessment_task_476c205ec4,과학탐구실험1,과학탐구실험1,I_or_other,textbook_concept_dictionary,true,clean,clean,both,"[""변인"",""가설 설정과 탐구 설계""]","[""앙부일구"",""변인"",""해석""]",가설 설정과 탐구 설계,가설 설정과 탐구 설계,false,false,false,[]
assessment_task_7ac94c0af0,정보,정보,I_or_other,textbook_concept_dictionary,true,clean,clean,both,"[""프로그래밍 언어"",""제어 구조"",""프로그래밍과 자동화""]","[""프로그래밍 언어"",""문제 해결"",""자료 분석"",""제어 구조"",""디지털"",""입출력"",""자료형""]",프로그래밍과 자동화,프로그래밍과 자동화,false,false,false,[]
assessment_task_d7642fa2bd,정보,정보,I_or_other,textbook_concept_dictionary,true,clean,clean,both,"[""문제 해결"",""자료 분석"",""자료와 정보의 분석""]","[""문제 해결"",""자료 분석"",""디지털"",""시각화""]",자료와 정보의 분석,자료와 정보의 분석,false,false,false,[]
assessment_task_8344d9db5d,대수,대수,I_or_other,legacy_dictionary,true,clean,clean,both,"[""함수""]","[""함수""]",,,false,false,false,[]
assessment_task_6ac167f4af,데이터 과학,데이터 과학,I_or_other,textbook_concept_dictionary,true,clean,clean,both,"[""자료 분석"",""시각화"",""자료와 정보의 분석""]","[""자료 분석"",""데이터"",""디지털"",""시각화""]",자료와 정보의 분석,자료와 정보의 분석,false,false,true,"[""정보"",""확률과 통계""]"
assessment_task_c683b2002d,데이터 과학,데이터 과학,I_or_other,textbook_plus_legacy,true,clean,clean,both,"[""모델링"",""추상화와 문제 분해""]","[""문제 해결"",""데이터"",""모델링"",""모델""]",추상화와 문제 분해,추상화와 문제 분해,false,false,false,"[""정보"",""확률과 통계""]"
assessment_task_949393099d,확률과 통계,확률과 통계,I_or_other,subject_fallback,false,fallback,fallback,none,"[""확률과 통계""]",[],,,false,false,false,[]
assessment_task_18b3fee403,확률과 통계,확률과 통계,I_or_other,subject_fallback,false,fallback,fallback,none,"[""확률과 통계""]",[],,,false,false,false,[]
assessment_task_7b247754b0,물리,물리학,I_or_other,textbook_concept_dictionary,true,clean,clean,both,"[""속도"",""힘과 운동""]","[""속도""]",힘과 운동,힘과 운동,false,false,false,[]
assessment_task_1d1abfbed6,물리,물리학,I_or_other,textbook_concept_dictionary,true,clean,clean,both,"[""가속도"",""힘과 운동""]","[""가속도"",""속도""]",힘과 운동,힘과 운동,false,false,false,[]
assessment_task_a4768b8f26,전자기와 양자,전자기와 양자,I_or_other,textbook_concept_dictionary,true,clean,clean,both,"[""저항""]","[""저항""]",,저항,false,false,false,[]
assessment_task_bf83e3f472,전자기와 양자,전자기와 양자,I_or_other,textbook_concept_dictionary,true,clean,clean,both,"[""전위차"",""전기장과 자기장""]","[""전위차"",""전위""]",전기장과 자기장,전기장과 자기장,false,false,false,[]
assessment_task_e7d69fb113,물리,AP 물리학Ⅱ,II,textbook_plus_legacy,true,clean,clean,both,"[""전자기 유도"",""전류"",""물질의 자기적 특성""]","[""전자기 유도"",""전류""]",물질의 자기적 특성,물질의 자기적 특성,false,false,false,[]
assessment_task_ae76399446,물리,AP 물리학Ⅱ,II,textbook_concept_dictionary,true,clean,clean,both,"[""관성"",""힘과 운동""]","[""관성""]",힘과 운동,힘과 운동,false,false,false,[]
assessment_task_78073f93ca,물리,물리학,I_or_other,subject_fallback,false,fallback,fallback,none,"[""물리""]",[],,,false,false,false,[]
assessment_task_70897a79f0,물리,물리학,I_or_other,textbook_concept_dictionary,true,clean,clean,both,"[""관성"",""힘과 운동""]","[""관성""]",힘과 운동,힘과 운동,false,false,false,[]
assessment_task_6b868fa59a,물리,물리학I,I_or_other,subject_fallback,false,fallback,fallback,none,"[""물리""]",[],,,false,false,false,[]
assessment_task_0e6e008f27,물리,물리학I,I_or_other,textbook_plus_legacy,true,clean,clean,both,"[""운동량 보존"",""충돌"",""힘과 운동""]","[""운동 에너지"",""운동량 보존"",""운동량"",""충돌""]",힘과 운동,힘과 운동,false,false,false,[]
assessment_task_cad47a3e11,물리,현대 물리학I,I_or_other,subject_fallback,false,fallback,fallback,none,"[""물리""]",[],,,false,false,false,[]
assessment_task_4dd682dd70,물리,현대 물리학I,I_or_other,textbook_concept_dictionary,true,clean,clean,both,"[""광전 효과"",""빛과 물질의 이중성""]","[""광전 효과"",""파장""]",빛과 물질의 이중성,빛과 물질의 이중성,false,false,false,[]
assessment_task_31fc4baade,과학탐구실험1,과학탐구실험 1,I_or_other,textbook_concept_dictionary,true,record_only,record_only,record,"[""변인"",""가설 설정과 탐구 설계""]","[""정확성"",""변인"",""해석""]",가설 설정과 탐구 설계,가설 설정과 탐구 설계,false,false,false,[]
assessment_task_ebaf43f4a8,과학탐구실험1,과학탐구실험 1,I_or_other,textbook_concept_dictionary,true,record_only,record_only,record,"[""변인"",""가설 설정과 탐구 설계""]","[""정확성"",""변인"",""해석""]",가설 설정과 탐구 설계,가설 설정과 탐구 설계,false,false,false,[]
assessment_task_9565cb70cc,과학탐구실험1,과학탐구실험 1,I_or_other,textbook_plus_legacy,true,clean,clean,both,"[""효소"",""탐구 보고서 작성""]","[""탐구 보고서"",""화학 반응"",""정확성"",""해석"",""효소""]",탐구 보고서 작성,탐구 보고서 작성,false,false,false,[]
assessment_task_3498cd4613,과학탐구실험1,과학탐구실험 1,I_or_other,textbook_concept_dictionary,true,clean,clean,both,"[""변인"",""가설 설정과 탐구 설계""]","[""정확성"",""변인"",""원소"",""해석""]",가설 설정과 탐구 설계,가설 설정과 탐구 설계,false,false,false,[]
assessment_task_d8a9f2dd46,물리,AP 물리학Ⅰ-2,I_or_other,subject_fallback,false,fallback,fallback,none,"[""물리""]",[],,,false,false,false,[]
assessment_task_bbeca4abb2,물리,AP 물리학Ⅰ-2,I_or_other,subject_fallback,false,fallback,fallback,none,"[""물리""]",[],,,false,false,false,[]
assessment_task_8b567e4886,화학,AP 화학II,II,textbook_concept_dictionary,true,clean,clean,both,"[""적정"",""중화"",""화학 반응과 열의 출입""]","[""적정"",""중화""]",화학 반응과 열의 출입,화학 반응과 열의 출입,false,false,false,[]
assessment_task_b55086f8a3,화학,AP 화학II,II,subject_fallback,false,fallback,fallback,none,"[""화학""]",[],,,false,false,false,[]
assessment_task_a7dc73de42,화학,AP 화학II,II,subject_fallback,false,fallback,fallback,none,"[""화학""]",[],,,false,false,false,[]
assessment_task_8072475112,화학,AP 화학II,II,textbook_concept_dictionary,true,clean,clean,both,"[""적정"",""중화"",""화학 반응과 열의 출입""]","[""적정"",""중화""]",화학 반응과 열의 출입,화학 반응과 열의 출입,false,false,false,[]
assessment_task_3c06e36ae7,화학,AP 화학II,II,subject_fallback,false,fallback,fallback,none,"[""화학""]",[],,,false,false,false,[]
assessment_task_0a7b409f58,화학,AP 화학II,II,subject_fallback,false,fallback,fallback,none,"[""화학""]",[],,,false,false,false,[]
assessment_task_5003047687,화학,화학,I_or_other,subject_fallback,false,fallback,fallback,none,"[""화학""]",[],,,false,false,false,[]
assessment_task_bb93670b48,화학,화학,I_or_other,subject_fallback,false,fallback,fallback,none,"[""화학""]",[],,,false,false,false,[]
assessment_task_a90d29f5b7,화학,화학,I_or_other,textbook_concept_dictionary,true,clean,clean,both,"[""몰 질량"",""물질의 양과 화학 반응식""]","[""몰 질량""]",물질의 양과 화학 반응식,물질의 양과 화학 반응식,false,false,false,[]
assessment_task_3e10480d5c,화학,화학,I_or_other,subject_fallback,false,fallback,fallback,none,"[""화학""]",[],,,false,false,false,[]
assessment_task_eb0227a102,화학 반응의 세계,화학반응의 세계,I_or_other,subject_fallback,false,fallback,fallback,none,"[""화학 반응의 세계""]",[],,,false,false,false,[]
assessment_task_ae54e629f1,화학 반응의 세계,화학반응의 세계,I_or_other,subject_fallback,false,fallback,fallback,none,"[""화학 반응의 세계""]",[],,,false,false,false,[]
assessment_task_02ff95277c,화학,유기화학Ⅱ,II,subject_fallback,false,fallback,fallback,none,"[""화학""]",[],,,false,false,false,[]
assessment_task_2ccc4610a6,화학,유기화학Ⅱ,II,subject_fallback,false,fallback,fallback,none,"[""화학""]",[],,,false,false,false,[]
assessment_task_bcf9777a61,화학,고급화학,I_or_other,subject_fallback,false,fallback,fallback,none,"[""화학""]",[],,,false,false,false,[]
assessment_task_930c5f0e3c,화학,고급화학,I_or_other,subject_fallback,false,fallback,fallback,none,"[""화학""]",[],,,false,false,false,[]
assessment_task_64fdf66ec0,세포와 물질대사,세포와 물질대사,I_or_other,subject_fallback,false,fallback,fallback,none,"[""세포와 물질대사""]",[],,,false,false,false,[]
assessment_task_e338ac60ff,세포와 물질대사,세포와 물질대사,I_or_other,subject_fallback,false,fallback,fallback,none,"[""세포와 물질대사""]",[],,,false,false,false,[]
assessment_task_d1f4be7183,세포와 물질대사,세포와 물질대사,I_or_other,subject_fallback,false,fallback,fallback,none,"[""세포와 물질대사""]",[],,,false,false,false,[]
assessment_task_65a981f8df,생명과학,생명과학,I_or_other,subject_fallback,false,fallback,fallback,none,"[""생명과학""]",[],,,false,false,false,[]
assessment_task_64a81c1ca7,생명과학,생명과학,I_or_other,subject_fallback,false,fallback,fallback,none,"[""생명과학""]",[],,,false,false,false,[]
assessment_task_489779cd39,생명과학,생명과학,I_or_other,textbook_concept_dictionary,true,clean,clean,both,"[""전달""]","[""전달""]",,전달,false,false,false,[]
assessment_task_2aa6e47ce6,생명과학,생명과학,I_or_other,subject_fallback,false,fallback,fallback,none,"[""생명과학""]",[],,,false,false,false,[]
assessment_task_2d493c5d08,생명과학,생명과학,I_or_other,subject_fallback,false,fallback,fallback,none,"[""생명과학""]",[],,,false,false,false,[]
assessment_task_81f00cbffb,생명과학,생명과학,I_or_other,textbook_concept_dictionary,true,clean,clean,both,"[""전달""]","[""전달""]",,전달,false,false,false,[]
assessment_task_6ef5bb893a,생명과학,고급생명과학,I_or_other,subject_fallback,false,fallback,fallback,none,"[""생명과학""]",[],,,false,false,false,[]
assessment_task_cc95112da4,생명과학,고급생명과학,I_or_other,subject_fallback,false,fallback,fallback,none,"[""생명과학""]",[],,,false,false,false,[]
assessment_task_e7c405753e,생명과학,고급생명과학,I_or_other,textbook_concept_dictionary,true,clean,clean,both,"[""전달""]","[""전달""]",,전달,false,false,false,[]
assessment_task_cc1e582557,지구과학,지구과학,I_or_other,textbook_concept_dictionary,true,clean,clean,both,"[""환경 변화"",""지층과 지질시대""]","[""환경 변화""]",지층과 지질시대,지층과 지질시대,false,false,false,[]
assessment_task_894977488d,지구과학,지구과학,I_or_other,subject_fallback,false,fallback,fallback,none,"[""지구과학""]",[],,,false,false,false,[]
assessment_task_3977941158,지구과학,지구과학I,I_or_other,textbook_concept_dictionary,true,clean,clean,both,"[""환경 변화"",""지층과 지질시대""]","[""환경 변화""]",지층과 지질시대,지층과 지질시대,false,false,false,[]
assessment_task_4d6a90f26b,지구과학,지구과학I,I_or_other,subject_fallback,false,fallback,fallback,none,"[""지구과학""]",[],,,false,false,false,[]
assessment_task_af9d2665c6,미적분1,AP 미적분학 BC-III,I_or_other,subject_fallback,false,fallback,fallback,none,"[""미적분1""]",[],,,false,false,false,[]
assessment_task_528500b42a,미적분1,AP 미적분학 BC-III,I_or_other,textbook_plus_legacy,true,clean,clean,both,"[""미분"",""적분"",""모델링"",""급수""]","[""매개변수"",""모델링"",""급수"",""적분"",""미분""]",급수,급수,false,false,false,[]
assessment_task_dcab11e469,미적분1,AP 미적분학 BC-III,I_or_other,subject_fallback,false,fallback,fallback,none,"[""미적분1""]",[],,,false,false,false,[]
assessment_task_e6e35541df,미적분1,AP 미적분학 BC-I,I_or_other,subject_fallback,false,fallback,fallback,none,"[""미적분1""]",[],,,false,false,false,[]
assessment_task_82d2473ced,미적분1,AP 미적분학 BC-I,I_or_other,subject_fallback,false,fallback,fallback,none,"[""미적분1""]",[],,,false,false,false,[]
assessment_task_f7e963f97a,공통수학1,공통수학 1,I_or_other,subject_fallback,false,fallback,fallback,none,"[""공통수학1""]",[],,,false,false,false,[]
assessment_task_aca1ec2483,공통수학1,공통수학 1,I_or_other,subject_fallback,false,fallback,fallback,none,"[""공통수학1""]",[],,,false,false,false,[]
assessment_task_bee1c15f59,기하,기하,I_or_other,subject_fallback,false,fallback,fallback,none,"[""기하""]",[],,,false,false,false,[]
assessment_task_e6d77fe935,기하,기하,I_or_other,subject_fallback,false,fallback,fallback,none,"[""기하""]",[],,,false,false,false,[]
assessment_task_20d36507da,대수,대수,I_or_other,textbook_plus_legacy,true,clean,clean,both,"[""함수"",""수열""]","[""로그"",""수열"",""지수"",""함수""]",등차수열과 등비수열,등차수열과 등비수열,false,false,false,[]
assessment_task_c7b5b089a0,대수,대수,I_or_other,subject_fallback,false,fallback,fallback,none,"[""대수""]",[],,,false,false,false,[]
assessment_task_b0d347a53e,미적분1,미적분,I_or_other,textbook_plus_legacy,true,clean,clean,both,"[""함수"",""수열"",""미분""]","[""도함수의 활용"",""정적분의 활용"",""수열의 극한"",""도함수"",""정적분"",""극한"",""급수"",""수열""]",수열의 극한,수열의 극한,false,false,false,[]
assessment_task_55425e3010,미적분1,미적분,I_or_other,subject_fallback,false,fallback,fallback,none,"[""미적분1""]",[],,,false,false,false,[]
assessment_task_14329a524b,미적분1,미적분Ⅰ,I_or_other,subject_fallback,false,fallback,fallback,none,"[""미적분1""]",[],,,false,false,false,[]
assessment_task_09acd8dde3,미적분1,미적분Ⅰ,I_or_other,subject_fallback,false,fallback,fallback,none,"[""미적분1""]",[],,,false,false,false,[]
assessment_task_9347b272c7,미적분1,벡터 미적분학,I_or_other,textbook_plus_legacy,true,clean,clean,both,"[""발산"",""함수"",""미분"",""수열의 극한""]","[""면적"",""발산"",""적분"",""함수"",""미분"",""벡터""]",수열의 극한,수열의 극한,false,false,false,[]
assessment_task_1e7091da8c,미적분1,벡터 미적분학,I_or_other,legacy_dictionary,true,clean,clean,both,"[""벡터""]","[""벡터""]",,,false,false,false,[]
assessment_task_7da878fc8a,확률과 통계,확률과 통계,I_or_other,subject_fallback,false,fallback,fallback,none,"[""확률과 통계""]",[],,,false,false,false,[]
assessment_task_406cddcc29,확률과 통계,확률과 통계,I_or_other,textbook_concept_dictionary,true,clean,clean,both,"[""중복순열"",""중복조합"",""순열과 조합""]","[""같은 것이 있는 순열"",""이항정리"",""중복순열"",""중복조합"",""원순열"",""순열"",""조합"",""확률""]",순열과 조합,순열과 조합,false,false,false,[]
assessment_task_b6a0eee75d,공통수학1,공통수학1,I_or_other,textbook_plus_legacy,true,clean,clean,both,"[""최대·최소"",""교점"",""함수""]","[""근과 계수"",""이차함수"",""최대·최소"",""판별식"",""계수"",""교점"",""최대"",""최소""]",이차방정식과 이차함수,이차방정식과 이차함수,false,false,false,[]
assessment_task_85c3ac6903,공통수학1,공통수학1,I_or_other,textbook_plus_legacy,true,clean,clean,both,"[""함수""]","[""이차함수"",""다항식"",""판별식"",""함수""]",이차방정식과 이차함수,이차방정식과 이차함수,false,false,false,[]
assessment_task_0a4460261d,통합사회1,통합사회1,I_or_other,textbook_concept_dictionary,true,clean,clean,both,"[""윤리적 관점"",""통합적 관점과 행복""]","[""윤리적 관점"",""통합적 관점""]",통합적 관점과 행복,통합적 관점과 행복,false,false,false,[]
assessment_task_542f3329b5,통합사회1,통합사회1,I_or_other,textbook_concept_dictionary,true,clean,clean,both,"[""기후"",""자연환경과 인간의 공존""]","[""기후""]",자연환경과 인간의 공존,자연환경과 인간의 공존,false,false,false,[]
assessment_task_2f52db3035,통합사회1,통합사회1,I_or_other,textbook_concept_dictionary,true,clean,clean,both,"[""생활 양식"",""기후"",""자연환경과 인간의 공존""]","[""생활 양식"",""자연환경"",""기후"",""행복""]",자연환경과 인간의 공존,자연환경과 인간의 공존,false,false,false,[]
assessment_task_1f9adc99d1,통합과학1,통합과학1,I_or_other,textbook_plus_legacy,true,clean,clean,both,"[""반응"",""효소"",""생명 시스템""]","[""생명 시스템"",""정확성"",""반응"",""세포"",""효소""]",생명 시스템,생명 시스템,false,false,false,[]
assessment_task_d78a6f19eb,통합과학1,통합과학1,I_or_other,textbook_concept_dictionary,true,clean,clean,both,"[""에너지 흐름"",""지권"",""지구시스템""]","[""에너지 흐름"",""지구"",""지권"",""지진"",""추론""]",지구시스템,지구시스템,false,false,false,[]
assessment_task_39a02c83ef,과학탐구실험1,과학탐구실험1,I_or_other,textbook_concept_dictionary,true,clean,clean,both,"[""규칙성"",""원소"",""멘델레예프의 주기율표 만들기""]","[""과학의 본성"",""과학 마술"",""주기율표"",""화학 반응"",""규칙성"",""원소"",""협력""]",멘델레예프의 주기율표 만들기,멘델레예프의 주기율표 만들기,false,false,false,[]
assessment_task_62f05961c6,과학탐구실험1,과학탐구실험1,I_or_other,textbook_concept_dictionary,true,clean,clean,both,"[""원소"",""멘델레예프의 주기율표 만들기""]","[""과학의 본성"",""멘델레예프"",""과학 마술"",""시나리오"",""주기율표"",""분류"",""시연"",""원소""]",멘델레예프의 주기율표 만들기,멘델레예프의 주기율표 만들기,false,false,false,[]
assessment_task_0a65ae0c99,과학탐구실험1,과학탐구실험1,I_or_other,textbook_concept_dictionary,true,clean,clean,both,"[""가설 설정과 탐구 설계""]","[""연역적 탐구"",""가설 설정"",""탐구 방법"",""탐구 설계"",""과학사"",""가설""]",가설 설정과 탐구 설계,가설 설정과 탐구 설계,false,false,false,[]
assessment_task_cc3ea8d377,정보,정보과학,I_or_other,textbook_concept_dictionary,true,clean,clean,both,"[""문제 해결"",""자료와 정보의 분석""]","[""문제 해결"",""정보 과학"",""디지털""]",자료와 정보의 분석,자료와 정보의 분석,false,false,false,[]
assessment_task_87dfcbf595,정보,정보과학,I_or_other,textbook_plus_legacy,true,clean,clean,both,"[""반복 구조"",""함수"",""알고리즘 설계와 분석""]","[""문제 해결"",""반복 구조"",""정보 과학"",""디지털"",""반복"",""변수"",""함수""]",알고리즘 설계와 분석,알고리즘 설계와 분석,false,false,false,[]
assessment_task_46e279a894,정보,정보과학,I_or_other,textbook_plus_legacy,true,clean,clean,both,"[""변수"",""함수"",""프로그래밍과 자동화""]","[""정보 과학"",""변수"",""함수""]",프로그래밍과 자동화,프로그래밍과 자동화,false,false,false,[]
assessment_task_1cff18f07a,미적분1,미적분Ⅰ,I_or_other,textbook_plus_legacy,true,clean,clean,both,"[""함수"",""미분"",""극한""]","[""극한"",""함수"",""미분""]",수열의 극한,수열의 극한,false,false,false,[]
assessment_task_2f96d43549,미적분1,미적분Ⅰ,I_or_other,subject_fallback,false,fallback,fallback,none,"[""미적분1""]",[],,,false,false,false,[]
assessment_task_b5c1797c9b,기하,기하,I_or_other,textbook_concept_dictionary,true,clean,clean,both,"[""포물선"",""타원"",""이차곡선과 자취 해석""]","[""이차곡선"",""포물선"",""타원""]",이차곡선과 자취 해석,이차곡선과 자취 해석,false,false,false,[]
assessment_task_6eae4c911c,기하,기하,I_or_other,subject_fallback,false,fallback,fallback,none,"[""기하""]",[],,,false,false,false,[]
assessment_task_78840e6cc4,물리,물리학,I_or_other,textbook_concept_dictionary,true,clean,clean,both,"[""스펙트럼"",""에너지띠"",""물질의 전기적 특성""]","[""상대성 이론"",""광속 불변"",""스펙트럼"",""에너지띠"",""반도체"",""부도체"",""도체"",""파장""]",물질의 전기적 특성,물질의 전기적 특성,false,false,false,[]
assessment_task_51a508748c,물리,물리학,I_or_other,textbook_plus_legacy,true,clean,clean,both,"[""알짜힘"",""모델링"",""힘과 운동""]","[""알짜힘"",""모델링""]",힘과 운동,힘과 운동,false,false,false,[]
assessment_task_052a87be45,화학,화학,I_or_other,textbook_concept_dictionary,true,clean,clean,both,"[""용액 제조"",""몰 농도"",""물질의 양과 화학 반응식""]","[""용액 제조"",""몰 농도"",""용매"",""몰""]",물질의 양과 화학 반응식,물질의 양과 화학 반응식,false,false,false,[]
assessment_task_3d6b962cc9,화학,화학,I_or_other,textbook_concept_dictionary,true,clean,clean,both,"[""전자"",""원자의 구조""]","[""용액 제조"",""전자""]",원자의 구조,원자의 구조,false,false,false,[]
assessment_task_8e6b927483,생명과학,생명과학,I_or_other,subject_fallback,false,fallback,fallback,none,"[""생명과학""]",[],,,false,false,false,[]
assessment_task_73d2592e40,생명과학,생명과학,I_or_other,subject_fallback,false,fallback,fallback,none,"[""생명과학""]",[],,,false,false,false,[]
assessment_task_1cceca195a,생명과학,생명과학,I_or_other,textbook_concept_dictionary,true,clean,clean,both,"[""항원-항체 반응"",""면역과 백신""]","[""항원-항체 반응"",""항원"",""항체""]",면역과 백신,면역과 백신,false,false,false,[]
assessment_task_99c10b248a,지구과학,지구과학,I_or_other,textbook_plus_legacy,true,clean,clean,both,"[""상대 연령"",""절대 연령"",""기후 변화"",""지층과 지질시대""]","[""기후 변화"",""남방진동"",""상대 연령"",""은하 분류"",""절대 연령"",""환경 변화"",""H-R도"",""엘니뇨""]",지층과 지질시대,지층과 지질시대,false,false,false,[]
assessment_task_df7ce0b71f,지구과학,지구과학,I_or_other,textbook_concept_dictionary,true,clean,clean,both,"[""레이더 영상"",""날씨 예측"",""날씨의 변화""]","[""레이더 영상"",""날씨 예측"",""위성 영상"",""일기도"",""기압"",""위성""]",날씨의 변화,날씨의 변화,false,false,false,[]
assessment_task_b30c7f7c70,인공지능 기초,인공지능 기초,I_or_other,textbook_concept_dictionary,true,clean,clean,both,"[""문제 해결"",""탐색"",""자료와 정보의 분석""]","[""문제 해결"",""의사소통"",""인공지능"",""디지털"",""소통"",""탐색""]",자료와 정보의 분석,자료와 정보의 분석,false,false,true,"[""정보""]"
assessment_task_4c9e1542b4,인공지능 기초,인공지능 기초,I_or_other,textbook_plus_legacy,true,clean,clean,both,"[""문제 해결"",""시각화"",""알고리즘"",""자료와 정보의 분석""]","[""문제 해결"",""알고리즘"",""의사소통"",""인공지능"",""디지털"",""시각화"",""소통"",""탐색""]",자료와 정보의 분석,자료와 정보의 분석,false,false,false,"[""정보""]"
assessment_task_b31b451a80,인공지능 기초,인공지능 기초,I_or_other,textbook_concept_dictionary,true,clean,clean,both,"[""의사소통"",""컴퓨팅 시스템과 네트워크""]","[""Python"",""문제 해결"",""의사소통"",""인공지능"",""디지털"",""소통""]",컴퓨팅 시스템과 네트워크,컴퓨팅 시스템과 네트워크,false,false,true,"[""정보""]"
assessment_task_abb77a1b35,미적분1,미적분,I_or_other,textbook_plus_legacy,true,clean,clean,both,"[""부분적분법"",""치환적분법"",""함수"",""여러 가지 적분법""]","[""부분적분법"",""수열의 극한"",""치환적분법"",""로그함수"",""부분적분"",""지수함수"",""치환적분"",""모델링""]",여러 가지 적분법,여러 가지 적분법,false,false,false,[]
assessment_task_b7d21467f7,미적분1,미적분,I_or_other,textbook_plus_legacy,true,clean,clean,both,"[""부분적분법"",""치환적분법"",""함수"",""여러 가지 적분법""]","[""부분적분법"",""수열의 극한"",""치환적분법"",""로그함수"",""부분적분"",""지수함수"",""치환적분"",""극한""]",여러 가지 적분법,여러 가지 적분법,false,false,false,[]
assessment_task_1ad8c8a6d9,미적분1,미적분,I_or_other,textbook_plus_legacy,true,clean,clean,both,"[""부분적분법"",""치환적분법"",""함수"",""여러 가지 적분법""]","[""부분적분법"",""수열의 극한"",""치환적분법"",""로그함수"",""부분적분"",""지수함수"",""치환적분"",""극한""]",여러 가지 적분법,여러 가지 적분법,false,false,false,[]
assessment_task_281e89542e,화학,고급 화학,I_or_other,subject_fallback,false,fallback,fallback,none,"[""화학""]",[],,,false,false,false,[]
assessment_task_8f1d50b504,화학,고급 화학,I_or_other,subject_fallback,false,fallback,fallback,none,"[""화학""]",[],,,false,false,false,[]
assessment_task_7ba3ee3993,생명과학,고급생명과학,I_or_other,textbook_concept_dictionary,true,clean,clean,both,"[""자극 전달"",""신경 자극 전도와 전달""]","[""중추 신경계"",""자극 전달"",""신경계"",""전달""]",신경 자극 전도와 전달,신경 자극 전도와 전달,false,false,false,[]
assessment_task_8dc3ab9366,생명과학,고급생명과학,I_or_other,textbook_plus_legacy,true,clean,clean,both,"[""유전""]","[""염색체"",""유전자"",""세포"",""유전""]",유전자와 염색체,유전자와 염색체,false,false,false,[]
assessment_task_50db6369cc,생명과학,고급생명과학,I_or_other,subject_fallback,false,fallback,fallback,none,"[""생명과학""]",[],,,false,false,false,[]
assessment_task_00d145b589,물리,물리학 실험,I_or_other,subject_fallback,false,fallback,fallback,none,"[""물리""]",[],,,false,false,false,[]
assessment_task_a92d96f904,물리,물리학 실험,I_or_other,subject_fallback,false,fallback,fallback,none,"[""물리""]",[],,,false,false,false,[]
assessment_task_e182c3602b,물리,물리학 실험,I_or_other,subject_fallback,false,fallback,fallback,none,"[""물리""]",[],,,false,false,false,[]
assessment_task_f5cbb8e9df,화학,화학실험,I_or_other,subject_fallback,false,fallback,fallback,none,"[""화학""]",[],,,false,false,false,[]
assessment_task_0c93a46a6c,화학,화학실험,I_or_other,subject_fallback,false,fallback,fallback,none,"[""화학""]",[],,,false,false,false,[]
assessment_task_3e07adaec2,화학,화학실험,I_or_other,textbook_concept_dictionary,true,clean,clean,both,"[""염기"",""화학 반응에서의 동적 평형""]","[""염기""]",화학 반응에서의 동적 평형,화학 반응에서의 동적 평형,false,false,false,[]
assessment_task_c1b16a2b62,생명과학,생명과학실험,I_or_other,subject_fallback,false,fallback,fallback,none,"[""생명과학""]",[],,,false,false,false,[]
assessment_task_322387c2b2,생명과학,생명과학실험,I_or_other,textbook_plus_legacy,true,clean,clean,both,"[""세포"",""효소"",""생명과학의 이해""]","[""세포"",""형질"",""효소""]",생명과학의 이해,생명과학의 이해,false,false,false,[]
assessment_task_7133a97a0c,생명과학,생명과학실험,I_or_other,subject_fallback,false,fallback,fallback,none,"[""생명과학""]",[],,,false,false,false,[]
assessment_task_3a91a409c2,생명과학,생명과학실험,I_or_other,textbook_concept_dictionary,true,clean,clean,both,"[""세포"",""생명과학의 이해""]","[""세포"",""형질""]",생명과학의 이해,생명과학의 이해,false,false,false,[]
assessment_task_3a4ab6d727,과학과제 연구,과학과제 연구,I_or_other,textbook_concept_dictionary,true,record_only,record_only,record,"[""해석"",""자료 수집·분석·결론 도출""]","[""정확성"",""해석""]",자료 수집·분석·결론 도출,자료 수집·분석·결론 도출,false,false,true,"[""과학탐구실험1""]"
assessment_task_e80589263f,과학과제 연구,과학과제 연구,I_or_other,textbook_concept_dictionary,true,clean,clean,both,"[""참고 문헌"",""탐구 보고서 작성""]","[""참고 문헌""]",탐구 보고서 작성,탐구 보고서 작성,false,false,true,"[""과학탐구실험1""]"
assessment_task_fcab8e2d32,과학과제 연구,과학과제 연구,I_or_other,textbook_concept_dictionary,true,clean,clean,both,"[""해석"",""자료 수집·분석·결론 도출""]","[""정확성"",""해석""]",자료 수집·분석·결론 도출,자료 수집·분석·결론 도출,false,false,true,"[""과학탐구실험1""]"
assessment_task_24dd627b26,과학과제 연구,과학과제 연구,I_or_other,textbook_concept_dictionary,true,clean,clean,both,"[""탐구 방법"",""협력""]","[""탐구 방법"",""협력""]",,탐구 방법,false,false,true,"[""과학탐구실험1""]"
assessment_task_484b0fe7e5,화학,화학분석,I_or_other,subject_fallback,false,fallback,fallback,none,"[""화학""]",[],,,false,false,false,[]
assessment_task_cc368dc15b,화학,화학분석,I_or_other,subject_fallback,false,fallback,fallback,none,"[""화학""]",[],,,false,false,false,[]
assessment_task_31de3f86c1,정보,정보,I_or_other,textbook_plus_legacy,true,clean,clean,both,"[""자료 분석"",""정렬"",""알고리즘"",""자료와 정보의 분석""]","[""알고리즘"",""자료 분석"",""제어 구조"",""자료형"",""정렬"",""탐색""]",자료와 정보의 분석,자료와 정보의 분석,false,false,false,[]
assessment_task_f40edf4209,정보,정보,I_or_other,textbook_plus_legacy,true,clean,clean,both,"[""문제 해결"",""시각화"",""모델링"",""자료와 정보의 분석""]","[""문제 해결"",""빅 데이터"",""의사소통"",""모델링"",""시각화"",""자료형"",""모델"",""소통""]",자료와 정보의 분석,자료와 정보의 분석,false,false,false,[]
assessment_task_7958cb276a,기하,기하,I_or_other,textbook_concept_dictionary,true,clean,clean,both,"[""쌍곡선"",""포물선"",""이차곡선과 자취 해석""]","[""이차곡선"",""쌍곡선"",""포물선"",""타원""]",이차곡선과 자취 해석,이차곡선과 자취 해석,false,false,false,[]
assessment_task_b89d1bcd04,기하,기하,I_or_other,textbook_plus_legacy,true,clean,clean,both,"[""벡터의 덧셈"",""위치벡터"",""평면벡터와 벡터의 연산""]","[""구의 방정식"",""벡터의 내적"",""벡터의 덧셈"",""벡터의 성분"",""벡터의 연산"",""위치벡터"",""평면벡터"",""실수배""]",평면벡터와 벡터의 연산,평면벡터와 벡터의 연산,false,false,false,[]
assessment_task_0caad03999,대수,대수,I_or_other,subject_fallback,false,fallback,fallback,none,"[""대수""]",[],,,false,false,false,[]
assessment_task_a91445d887,대수,대수,I_or_other,subject_fallback,false,fallback,fallback,none,"[""대수""]",[],,,false,false,false,[]
assessment_task_0aa9968ada,데이터 과학,데이터 과학,I_or_other,textbook_plus_legacy,true,clean,clean,both,"[""문제 해결"",""시각화"",""모델링"",""자료와 정보의 분석""]","[""문제 해결"",""사회 변화"",""데이터"",""모델링"",""시각화"",""모델"",""탐색"",""판단""]",자료와 정보의 분석,자료와 정보의 분석,false,false,false,"[""정보"",""확률과 통계""]"
assessment_task_ee39740482,물리,물리학,I_or_other,textbook_plus_legacy,true,clean,clean,both,"[""뉴턴 운동 법칙"",""등가속도 운동"",""운동량"",""힘과 운동""]","[""역학적 에너지 보존"",""뉴턴 운동 법칙"",""등가속도 운동"",""역학적 에너지"",""운동 에너지"",""운동량 보존"",""가속도"",""알짜힘""]",힘과 운동,힘과 운동,false,false,false,[]
assessment_task_84af8451a3,물리,물리학,I_or_other,textbook_plus_legacy,true,clean,clean,both,"[""뉴턴 운동 법칙"",""등가속도 운동"",""운동량"",""힘과 운동""]","[""뉴턴 운동 법칙"",""등가속도 운동"",""운동량 보존"",""가속도"",""운동량"",""속도""]",힘과 운동,힘과 운동,false,false,false,[]
assessment_task_b21c9751c6,물리,물리학,I_or_other,subject_fallback,false,fallback,fallback,none,"[""물리""]",[],,,false,false,false,[]
assessment_task_abcd9a3d10,생명과학,생명과학,I_or_other,textbook_concept_dictionary,true,clean,clean,both,"[""대사성 질환"",""생활 습관"",""물질대사와 건강""]","[""기관계의 통합적 작용"",""소화·순환·호흡·배설"",""대사성 질환"",""물질대사"",""생활 습관"",""기관계"",""예방""]",물질대사와 건강,물질대사와 건강,false,false,false,[]
assessment_task_ddf452fad7,생명과학,생명과학,I_or_other,subject_fallback,false,fallback,fallback,none,"[""생명과학""]",[],,,false,false,false,[]
assessment_task_8c6f7c69ff,지구과학,지구과학,I_or_other,textbook_concept_dictionary,true,clean,clean,both,"[""방사성 동위 원소"",""상대 연령"",""지층과 지질시대""]","[""방사성 동위 원소"",""상대 연령"",""절대 연령"",""지층""]",지층과 지질시대,지층과 지질시대,false,false,false,[]
assessment_task_9600edba24,지구과학,지구과학,I_or_other,textbook_concept_dictionary,true,clean,clean,both,"[""절대 등급"",""H-R도"",""별의 특성과 진화""]","[""절대 등급"",""H-R도"",""분류""]",별의 특성과 진화,별의 특성과 진화,false,false,false,[]
assessment_task_3a9e9d6abf,화학,화학,I_or_other,textbook_concept_dictionary,true,clean,clean,both,"[""물질의 양과 화학 반응식""]","[""화학 반응식"",""반응식""]",물질의 양과 화학 반응식,물질의 양과 화학 반응식,false,false,false,[]
assessment_task_45edc4ce5b,화학,화학,I_or_other,textbook_concept_dictionary,true,clean,clean,both,"[""루이스 전자점식"",""전자쌍"",""화학 결합""]","[""루이스 전자점식"",""분자의 구조"",""분자의 극성"",""전자쌍 반발"",""전자점식"",""전자쌍"",""극성"",""전자""]",화학 결합,화학 결합,false,false,false,[]
assessment_task_de09e80673,물리,고급물리,I_or_other,textbook_plus_legacy,true,clean,clean,both,"[""역학적 에너지"",""퍼텐셜 에너지"",""벡터"",""에너지와 열""]","[""역학적 에너지"",""퍼텐셜 에너지"",""벡터""]",에너지와 열,에너지와 열,false,false,false,[]
assessment_task_a908acc06e,물리,고급물리,I_or_other,textbook_plus_legacy,true,clean,clean,both,"[""운동량 보존"",""관성"",""힘과 운동""]","[""운동량 보존"",""운동량"",""관성"",""충돌""]",힘과 운동,힘과 운동,false,false,false,[]
assessment_task_e5c393166e,물리,고급물리,I_or_other,textbook_plus_legacy,true,clean,clean,both,"[""운동량 보존"",""힘과 운동""]","[""용수철 진자"",""운동량 보존"",""운동량""]",힘과 운동,힘과 운동,false,false,false,[]
assessment_task_271b6b2516,데이터 과학,데이터과학과 머신러닝,I_or_other,textbook_plus_legacy,true,clean,clean,both,"[""문제 해결"",""시각화"",""데이터 처리"",""자료와 정보의 분석""]","[""문제 해결"",""데이터"",""시각화"",""정보"",""데이터 처리""]",자료와 정보의 분석,자료와 정보의 분석,false,false,false,"[""정보"",""확률과 통계""]"
assessment_task_fe84238808,데이터 과학,데이터과학과 머신러닝,I_or_other,textbook_concept_dictionary,true,clean,clean,both,"[""문제 해결"",""시각화"",""자료와 정보의 분석""]","[""문제 해결"",""의사소통"",""시각화"",""계수"",""모델"",""변수"",""소통"",""예측""]",자료와 정보의 분석,자료와 정보의 분석,false,false,true,"[""정보"",""확률과 통계""]"
assessment_task_f005f6a0f7,물리,물리학Ⅱ,II,textbook_plus_legacy,true,clean,clean,both,"[""뉴턴 운동 법칙"",""등가속도 운동"",""벡터"",""힘과 운동""]","[""뉴턴 운동 법칙"",""등가속도 운동"",""등속 원운동"",""가속도"",""알짜힘"",""속도"",""벡터""]",힘과 운동,힘과 운동,false,false,false,[]
assessment_task_cc49d6a72a,물리,물리학Ⅱ,II,subject_fallback,false,fallback,fallback,none,"[""물리""]",[],,,false,false,false,[]
assessment_task_3ceab49b81,물리,물리학실험,I_or_other,textbook_concept_dictionary,true,clean,clean,both,"[""등가속도 운동"",""힘과 운동""]","[""등가속도 운동"",""가속도"",""속도""]",힘과 운동,힘과 운동,false,false,false,[]
assessment_task_537db47b7a,물리,물리학실험,I_or_other,textbook_plus_legacy,true,clean,clean,both,"[""자기장"",""전류"",""운동량"",""물질의 자기적 특성""]","[""다이오드"",""운동량"",""자기장"",""전류""]",물질의 자기적 특성,물질의 자기적 특성,false,false,false,[]
assessment_task_e04233436b,물리,물리학실험,I_or_other,textbook_concept_dictionary,true,clean,clean,both,"[""전하"",""물질의 전기적 특성""]","[""전하""]",물질의 전기적 특성,물질의 전기적 특성,false,false,false,[]
assessment_task_5a67caaa8c,미적분1,미적분,I_or_other,textbook_plus_legacy,true,clean,clean,both,"[""수열"",""미분"",""극한""]","[""수열의 극한"",""극한"",""수열"",""미분""]",수열의 극한,수열의 극한,false,false,false,[]
assessment_task_740ddb3dde,미적분1,미적분,I_or_other,textbook_plus_legacy,true,clean,clean,both,"[""적분"",""미분""]","[""적분"",""미분""]",,적분,false,false,false,[]
assessment_task_dec228b996,생명과학,생명과학Ⅱ,II,textbook_concept_dictionary,true,clean,clean,both,"[""세포"",""생명과학의 이해""]","[""세포""]",생명과학의 이해,생명과학의 이해,false,false,false,[]
assessment_task_890766181f,생명과학,생명과학Ⅱ,II,textbook_concept_dictionary,true,clean,clean,both,"[""세포"",""생명과학의 이해""]","[""세포""]",생명과학의 이해,생명과학의 이해,false,false,false,[]
assessment_task_26dddf7c0c,지구과학,지구과학Ⅱ,II,subject_fallback,false,fallback,fallback,none,"[""지구과학""]",[],,,false,false,false,[]
assessment_task_ce3a646add,지구과학,지구과학Ⅱ,II,subject_fallback,false,fallback,fallback,none,"[""지구과학""]",[],,,false,false,false,[]
assessment_task_ab36fca2fb,화학,화학Ⅱ,II,textbook_concept_dictionary,true,clean,clean,both,"[""몰 농도"",""분자량"",""물질의 양과 화학 반응식""]","[""끓는점"",""몰 농도"",""분자량"",""몰""]",물질의 양과 화학 반응식,물질의 양과 화학 반응식,false,false,false,[]
assessment_task_7787f37ee1,화학,화학Ⅱ,II,textbook_concept_dictionary,true,clean,clean,both,"[""몰 농도"",""분자량"",""물질의 양과 화학 반응식""]","[""끓는점"",""몰 농도"",""분자량"",""몰""]",물질의 양과 화학 반응식,물질의 양과 화학 반응식,false,false,false,[]
assessment_task_b8a1ad51d5,확률과 통계,확률과 통계,I_or_other,textbook_concept_dictionary,true,clean,clean,both,"[""같은 것이 있는 순열"",""원순열"",""여러 가지 순열과 중복조합""]","[""같은 것이 있는 순열"",""원순열"",""순열""]",여러 가지 순열과 중복조합,여러 가지 순열과 중복조합,false,false,false,[]
assessment_task_1377e32e01,확률과 통계,확률과 통계,I_or_other,subject_fallback,false,fallback,fallback,none,"[""확률과 통계""]",[],,,false,false,false,[]
assessment_task_6dcbb44082,확률과 통계,확률과 통계,I_or_other,subject_fallback,false,fallback,fallback,none,"[""확률과 통계""]",[],,,false,false,false,[]
assessment_task_8392cc4dd7,미적분1,미적분학Ⅰ,I_or_other,subject_fallback,false,fallback,fallback,none,"[""미적분1""]",[],,,false,false,false,[]
assessment_task_043f6a6d72,미적분1,미적분학Ⅰ,I_or_other,subject_fallback,false,fallback,fallback,none,"[""미적분1""]",[],,,false,false,false,[]
assessment_task_5d85d66613,미적분1,미적분학Ⅱ,I_or_other,subject_fallback,false,fallback,fallback,none,"[""미적분1""]",[],,,false,false,false,[]
assessment_task_b8271255a3,미적분1,미적분학Ⅱ,I_or_other,subject_fallback,false,fallback,fallback,none,"[""미적분1""]",[],,,false,false,false,[]
assessment_task_ea85836040,대수,선형대수학,I_or_other,subject_fallback,false,fallback,fallback,none,"[""대수""]",[],,,false,false,false,[]
assessment_task_4fddc353e5,대수,선형대수학,I_or_other,subject_fallback,false,fallback,fallback,none,"[""대수""]",[],,,false,false,false,[]
assessment_task_dec1216df5,물리,물리학,I_or_other,subject_fallback,false,fallback,fallback,none,"[""물리""]",[],,,false,false,false,[]
assessment_task_aef3ce7507,물리,물리학Ⅲ,I_or_other,subject_fallback,false,fallback,fallback,none,"[""물리""]",[],,,false,false,false,[]
assessment_task_a05ffdbd7c,물리,물리학Ⅲ,I_or_other,subject_fallback,false,fallback,fallback,none,"[""물리""]",[],,,false,false,false,[]
assessment_task_b1adb171fc,물리,물리학실험,I_or_other,subject_fallback,false,fallback,fallback,none,"[""물리""]",[],,,false,false,false,[]
assessment_task_922a5d0ce4,물리,물리학실험,I_or_other,subject_fallback,false,fallback,fallback,none,"[""물리""]",[],,,false,false,false,[]
assessment_task_c51cbd8f7a,물리,물리학실험,I_or_other,subject_fallback,false,fallback,fallback,none,"[""물리""]",[],,,false,false,false,[]
assessment_task_8dcfaebc1e,물리,물리학실험,I_or_other,subject_fallback,false,fallback,fallback,none,"[""물리""]",[],,,false,false,false,[]
assessment_task_5270c31d57,물리,고급물리학실험,I_or_other,subject_fallback,false,fallback,fallback,none,"[""물리""]",[],,,false,false,false,[]
assessment_task_739434e14d,물리,고급물리학실험,I_or_other,subject_fallback,false,fallback,fallback,none,"[""물리""]",[],,,false,false,false,[]
assessment_task_746f6545c5,물리,고급물리학실험,I_or_other,subject_fallback,false,fallback,fallback,none,"[""물리""]",[],,,false,false,false,[]
assessment_task_f07307c731,물리,고급물리학실험,I_or_other,subject_fallback,false,fallback,fallback,none,"[""물리""]",[],,,false,false,false,[]
assessment_task_7d3f17943a,물리,고급물리학Ⅰ,I_or_other,subject_fallback,false,fallback,fallback,none,"[""물리""]",[],,,false,false,false,[]
assessment_task_9e61b4b429,물리,고급물리학Ⅱ,II,subject_fallback,false,fallback,fallback,none,"[""물리""]",[],,,false,false,false,[]
assessment_task_e87eaec1f8,물리,고급물리학Ⅱ,II,subject_fallback,false,fallback,fallback,none,"[""물리""]",[],,,false,false,false,[]
assessment_task_05d1379aac,화학,화학1,I_or_other,subject_fallback,false,fallback,fallback,none,"[""화학""]",[],,,false,false,false,[]
assessment_task_1f6a78add1,화학,화학1,I_or_other,subject_fallback,false,fallback,fallback,none,"[""화학""]",[],,,false,false,false,[]
assessment_task_565e2f9f54,화학,화학1,I_or_other,subject_fallback,false,fallback,fallback,none,"[""화학""]",[],,,false,false,false,[]
assessment_task_9bb267378b,화학,화학Ⅲ,I_or_other,subject_fallback,false,fallback,fallback,none,"[""화학""]",[],,,false,false,false,[]
assessment_task_abd02ca62a,화학,화학Ⅲ,I_or_other,subject_fallback,false,fallback,fallback,none,"[""화학""]",[],,,false,false,false,[]
assessment_task_10860b9b47,화학,화학Ⅲ,I_or_other,subject_fallback,false,fallback,fallback,none,"[""화학""]",[],,,false,false,false,[]
assessment_task_fc08c2ed62,화학,화학Ⅳ,I_or_other,subject_fallback,false,fallback,fallback,none,"[""화학""]",[],,,false,false,false,[]
assessment_task_64356acbe6,화학,화학Ⅳ,I_or_other,subject_fallback,false,fallback,fallback,none,"[""화학""]",[],,,false,false,false,[]
assessment_task_42b1afa96e,화학,화학Ⅳ,I_or_other,subject_fallback,false,fallback,fallback,none,"[""화학""]",[],,,false,false,false,[]
assessment_task_300f3a17ff,화학,고급화학I,I_or_other,subject_fallback,false,fallback,fallback,none,"[""화학""]",[],,,false,false,false,[]
assessment_task_f3af099a0f,화학,고급화학I,I_or_other,subject_fallback,false,fallback,fallback,none,"[""화학""]",[],,,false,false,false,[]
assessment_task_615f68bf8e,화학,고급화학II,II,subject_fallback,false,fallback,fallback,none,"[""화학""]",[],,,false,false,false,[]
assessment_task_08c684062a,화학,고급화학II,II,subject_fallback,false,fallback,fallback,none,"[""화학""]",[],,,false,false,false,[]
assessment_task_fa82f4db9f,화학,화학실험,I_or_other,subject_fallback,false,fallback,fallback,none,"[""화학""]",[],,,false,false,false,[]
assessment_task_cf656cc6d2,화학,화학실험,I_or_other,subject_fallback,false,fallback,fallback,none,"[""화학""]",[],,,false,false,false,[]
assessment_task_1be0669257,화학,화학실험,I_or_other,subject_fallback,false,fallback,fallback,none,"[""화학""]",[],,,false,false,false,[]
assessment_task_611a2c82ff,생명과학,생명과학1,I_or_other,subject_fallback,false,fallback,fallback,none,"[""생명과학""]",[],,,false,false,false,[]
assessment_task_802dcf271a,생명과학,생명과학1,I_or_other,subject_fallback,false,fallback,fallback,none,"[""생명과학""]",[],,,false,false,false,[]
assessment_task_f2d1f32057,생명과학,생명과학1,I_or_other,subject_fallback,false,fallback,fallback,none,"[""생명과학""]",[],,,false,false,false,[]
assessment_task_8ea2242f0c,생명과학,생명과학Ⅲ,I_or_other,subject_fallback,false,fallback,fallback,none,"[""생명과학""]",[],,,false,false,false,[]
assessment_task_3ba242c754,생명과학,생명과학Ⅲ,I_or_other,subject_fallback,false,fallback,fallback,none,"[""생명과학""]",[],,,false,false,false,[]
assessment_task_7e2ae2be5c,생명과학,생명과학Ⅲ,I_or_other,subject_fallback,false,fallback,fallback,none,"[""생명과학""]",[],,,false,false,false,[]
assessment_task_751ced5d9a,생명과학,생명과학Ⅲ,I_or_other,subject_fallback,false,fallback,fallback,none,"[""생명과학""]",[],,,false,false,false,[]
assessment_task_a6753dab52,생명과학,생명과학Ⅲ,I_or_other,subject_fallback,false,fallback,fallback,none,"[""생명과학""]",[],,,false,false,false,[]
assessment_task_e087ebb87a,생명과학,생명과학Ⅳ,I_or_other,subject_fallback,false,fallback,fallback,none,"[""생명과학""]",[],,,false,false,false,[]
assessment_task_09c3308feb,생명과학,생명과학Ⅳ,I_or_other,subject_fallback,false,fallback,fallback,none,"[""생명과학""]",[],,,false,false,false,[]
assessment_task_474994a59d,생명과학,생명과학실험,I_or_other,subject_fallback,false,fallback,fallback,none,"[""생명과학""]",[],,,false,false,false,[]
assessment_task_1fd5339ed2,생명과학,생명과학실험,I_or_other,subject_fallback,false,fallback,fallback,none,"[""생명과학""]",[],,,false,false,false,[]
assessment_task_422538b65d,생명과학,고급생명과학Ⅰ,I_or_other,subject_fallback,false,fallback,fallback,none,"[""생명과학""]",[],,,false,false,false,[]
assessment_task_bf20747281,생명과학,고급생명과학Ⅰ,I_or_other,subject_fallback,false,fallback,fallback,none,"[""생명과학""]",[],,,false,false,false,[]
assessment_task_f0c14e95b2,생명과학,고급생명과학Ⅰ,I_or_other,subject_fallback,false,fallback,fallback,none,"[""생명과학""]",[],,,false,false,false,[]
assessment_task_f751457721,생명과학,고급생명과학Ⅱ,II,subject_fallback,false,fallback,fallback,none,"[""생명과학""]",[],,,false,false,false,[]
assessment_task_d87d4318dd,생명과학,고급생명과학Ⅱ,II,subject_fallback,false,fallback,fallback,none,"[""생명과학""]",[],,,false,false,false,[]
assessment_task_f2c62e4887,생명과학,고급생명과학실험,I_or_other,subject_fallback,false,fallback,fallback,none,"[""생명과학""]",[],,,false,false,false,[]
assessment_task_871d20ad61,생명과학,고급생명과학실험,I_or_other,subject_fallback,false,fallback,fallback,none,"[""생명과학""]",[],,,false,false,false,[]
assessment_task_d5553621c7,생명과학,고급생명과학실험,I_or_other,subject_fallback,false,fallback,fallback,none,"[""생명과학""]",[],,,false,false,false,[]
assessment_task_5bc87d473f,지구과학,지구과학1,I_or_other,subject_fallback,false,fallback,fallback,none,"[""지구과학""]",[],,,false,false,false,[]
assessment_task_e489c32b0d,지구과학,지구과학1,I_or_other,subject_fallback,false,fallback,fallback,none,"[""지구과학""]",[],,,false,false,false,[]
assessment_task_8c6f62f8fb,지구과학,지구과학Ⅱ,II,subject_fallback,false,fallback,fallback,none,"[""지구과학""]",[],,,false,false,false,[]
assessment_task_cebf4eb4c3,지구과학,지구과학Ⅱ,II,subject_fallback,false,fallback,fallback,none,"[""지구과학""]",[],,,false,false,false,[]
assessment_task_b2fb600814,지구과학,지구과학Ⅲ,I_or_other,subject_fallback,false,fallback,fallback,none,"[""지구과학""]",[],,,false,false,false,[]
assessment_task_ef0e961de3,지구과학,지구과학Ⅲ,I_or_other,subject_fallback,false,fallback,fallback,none,"[""지구과학""]",[],,,false,false,false,[]
assessment_task_2a205b581a,지구과학,지구과학Ⅲ,I_or_other,subject_fallback,false,fallback,fallback,none,"[""지구과학""]",[],,,false,false,false,[]
assessment_task_7c5b80a866,지구과학,고급지구과학Ⅰ,I_or_other,subject_fallback,false,fallback,fallback,none,"[""지구과학""]",[],,,false,false,false,[]
assessment_task_935235fd0a,지구과학,지구과학실험,I_or_other,subject_fallback,false,fallback,fallback,none,"[""지구과학""]",[],,,false,false,false,[]
assessment_task_43e29bef57,지구과학,지구과학실험,I_or_other,subject_fallback,false,fallback,fallback,none,"[""지구과학""]",[],,,false,false,false,[]
assessment_task_f7d11cc488,지구과학,지구과학실험,I_or_other,textbook_concept_dictionary,true,clean,clean,both,"[""망원경""]","[""망원경""]",,망원경,false,false,false,[]
assessment_task_0240eb11d7,지구과학,지구과학실험,I_or_other,subject_fallback,false,fallback,fallback,none,"[""지구과학""]",[],,,false,false,false,[]
assessment_task_7954b763b3,데이터 과학,데이터과학,I_or_other,textbook_concept_dictionary,true,record_only,record_only,record,"[""자료 분석"",""자료와 정보의 분석""]","[""자료 분석""]",자료와 정보의 분석,자료와 정보의 분석,false,false,true,"[""정보""]"
assessment_task_451e933e25,데이터 과학,데이터과학,I_or_other,textbook_concept_dictionary,true,record_only,record_only,record,"[""자료 분석"",""자료와 정보의 분석""]","[""자료 분석""]",자료와 정보의 분석,자료와 정보의 분석,false,false,true,"[""정보""]"
assessment_task_894991eb91,인공지능 기초,인공지능,I_or_other,textbook_concept_dictionary,true,record_only,record_only,record,"[""문제 해결"",""자료 분석"",""자료와 정보의 분석""]","[""문제 해결"",""자료 분석""]",자료와 정보의 분석,자료와 정보의 분석,false,false,true,"[""정보""]"
assessment_task_180910ad2f,인공지능 기초,인공지능,I_or_other,textbook_concept_dictionary,true,record_only,record_only,record,"[""문제 해결"",""자료와 정보의 분석""]","[""문제 해결""]",자료와 정보의 분석,자료와 정보의 분석,false,false,true,"[""정보""]"
assessment_task_49d934531d,인공지능 기초,인공지능,I_or_other,textbook_concept_dictionary,true,record_only,record_only,record,"[""문제 해결"",""자료와 정보의 분석""]","[""문제 해결""]",자료와 정보의 분석,자료와 정보의 분석,false,false,true,"[""정보""]"
assessment_task_1034ce21ac,정보,창의융합특강XIX_생물정보학과파이썬,I_or_other,textbook_concept_dictionary,true,clean,clean,both,"[""문제 해결"",""자료 분석"",""자료와 정보의 분석""]","[""문제 해결"",""자료 분석""]",자료와 정보의 분석,자료와 정보의 분석,false,false,false,[]
assessment_task_41d693c068,정보,창의융합특강XIX_생물정보학과파이썬,I_or_other,textbook_concept_dictionary,true,record_only,record_only,record,"[""문제 해결"",""자료와 정보의 분석""]","[""문제 해결""]",자료와 정보의 분석,자료와 정보의 분석,false,false,false,[]
assessment_task_70354b7485,통합과학1,통합과학1,I_or_other,subject_fallback,false,fallback,fallback,none,"[""통합과학1""]",[],,,false,false,false,[]
assessment_task_bd43cb97f3,통합과학1,통합과학1,I_or_other,textbook_plus_legacy,true,clean,clean,both,"[""센서"",""운동량"",""과학의 측정과 우리 사회""]","[""센서"",""운동"",""운동량""]",과학의 측정과 우리 사회,과학의 측정과 우리 사회,false,false,false,[]
assessment_task_69cbf96868,과학탐구실험1,과학탐구실험1,I_or_other,textbook_concept_dictionary,true,clean,clean,both,"[""갈릴레이의 경사면 실험과 낙하 운동""]","[""낙하 운동""]",갈릴레이의 경사면 실험과 낙하 운동,갈릴레이의 경사면 실험과 낙하 운동,false,false,false,[]
assessment_task_716a71745a,과학탐구실험1,과학탐구실험1,I_or_other,subject_fallback,false,fallback,fallback,none,"[""과학탐구실험1""]",[],,,false,false,false,[]
assessment_task_e627c5db9f,과학탐구실험1,과학탐구실험1,I_or_other,textbook_concept_dictionary,true,clean,clean,both,"[""뉴턴""]","[""뉴턴""]",,뉴턴,false,false,false,[]
assessment_task_ba2ea377b8,정보,정보,I_or_other,textbook_plus_legacy,true,clean,clean,both,"[""모델링"",""알고리즘"",""추상화와 문제 분해""]","[""문제 해결"",""알고리즘"",""모델링"",""모델""]",추상화와 문제 분해,추상화와 문제 분해,false,false,false,[]
assessment_task_1f2910ffe6,정보,정보,I_or_other,textbook_concept_dictionary,true,clean,clean,both,"[""공유"",""컴퓨팅 시스템과 네트워크""]","[""정보 보안"",""정보 보호"",""디지털"",""공유""]",컴퓨팅 시스템과 네트워크,컴퓨팅 시스템과 네트워크,false,false,false,[]
assessment_task_40eda62d92,물리,물리학,I_or_other,textbook_concept_dictionary,true,clean,clean,both,"[""전하"",""물질의 전기적 특성""]","[""전하""]",물질의 전기적 특성,물질의 전기적 특성,false,false,false,[]
assessment_task_cf865eea14,물리,물리학,I_or_other,textbook_plus_legacy,true,clean,clean,both,"[""전자기파"",""파동""]","[""전자기파"",""파동""]",파동의 성질과 활용,파동의 성질과 활용,false,false,false,[]
assessment_task_69c448662a,화학,화학,I_or_other,subject_fallback,false,fallback,fallback,none,"[""화학""]",[],,,false,false,false,[]
assessment_task_7bba3a9cae,화학,화학,I_or_other,textbook_concept_dictionary,true,clean,clean,both,"[""아세트산"",""식초"",""탄소 화합물의 유용성""]","[""아세트산"",""식초"",""적정"",""중화""]",탄소 화합물의 유용성,탄소 화합물의 유용성,false,false,false,[]
assessment_task_7fa7b096da,생명과학,생명과학,I_or_other,subject_fallback,false,fallback,fallback,none,"[""생명과학""]",[],,,false,false,false,[]
assessment_task_f91ec140cd,생명과학,생명과학,I_or_other,textbook_concept_dictionary,true,clean,clean,both,"[""면역""]","[""면역""]",,면역,false,false,false,[]
assessment_task_86a44e14a5,지구과학,지구과학,I_or_other,subject_fallback,false,fallback,fallback,none,"[""지구과학""]",[],,,false,false,false,[]
assessment_task_d58cbcb97d,지구과학,지구과학,I_or_other,textbook_plus_legacy,true,clean,clean,both,"[""중위도 저기압"",""레이더 영상"",""기후 변화"",""날씨의 변화""]","[""중위도 저기압"",""날씨의 변화"",""레이더 영상"",""용존 산소량"",""태풍의 발생"",""기후 변화"",""남방진동"",""심층 순환""]",날씨의 변화,날씨의 변화,false,false,false,[]
assessment_task_43e3dd9790,인공지능 기초,인공지능 기초,I_or_other,textbook_plus_legacy,true,clean,clean,both,"[""알고리즘""]","[""알고리즘"",""인공지능""]",알고리즘 설계와 분석,알고리즘 설계와 분석,false,false,false,"[""정보""]"
assessment_task_ec8d4a963c,인공지능 기초,인공지능 기초,I_or_other,textbook_concept_dictionary,true,clean,clean,both,"[""인공지능""]","[""인공지능""]",,인공지능,false,false,true,"[""정보""]"
assessment_task_fbf0b67450,물리,물리학Ⅱ,II,textbook_plus_legacy,true,clean,clean,both,"[""뉴턴 운동 법칙"",""등가속도 운동"",""벡터"",""힘과 운동""]","[""뉴턴 운동 법칙"",""등가속도 운동"",""등속 원운동"",""운동 에너지"",""가속도"",""알짜힘"",""속도"",""벡터""]",힘과 운동,힘과 운동,false,false,false,[]
assessment_task_455a101935,물리,물리학Ⅱ,II,subject_fallback,false,fallback,fallback,none,"[""물리""]",[],,,false,false,false,[]
assessment_task_8fe4324b37,화학,화학Ⅱ,II,textbook_concept_dictionary,true,clean,clean,both,"[""분자량"",""물질의 양과 화학 반응식""]","[""분자량""]",물질의 양과 화학 반응식,물질의 양과 화학 반응식,false,false,false,[]
assessment_task_af6c59bb53,화학,화학Ⅱ,II,subject_fallback,false,fallback,fallback,none,"[""화학""]",[],,,false,false,false,[]
assessment_task_3478876751,생명과학,생명과학Ⅱ,II,subject_fallback,false,fallback,fallback,none,"[""생명과학""]",[],,,false,false,false,[]
assessment_task_3a26114f6a,생명과학,생명과학Ⅱ,II,subject_fallback,false,fallback,fallback,none,"[""생명과학""]",[],,,false,false,false,[]
assessment_task_519fb08403,생명과학,생명과학Ⅱ,II,textbook_concept_dictionary,true,clean,clean,both,"[""세포"",""생명과학의 이해""]","[""세포""]",생명과학의 이해,생명과학의 이해,false,false,false,[]
assessment_task_375e5effe3,생명과학,생명과학Ⅱ,II,textbook_concept_dictionary,true,clean,clean,both,"[""세포"",""생명과학의 이해""]","[""세포""]",생명과학의 이해,생명과학의 이해,false,false,false,[]
assessment_task_eef9024da4,지구과학,지구과학Ⅱ,II,subject_fallback,false,fallback,fallback,none,"[""지구과학""]",[],,,false,false,false,[]
assessment_task_197f7d2dcd,지구과학,지구과학Ⅱ,II,subject_fallback,false,fallback,fallback,none,"[""지구과학""]",[],,,false,false,false,[]
assessment_task_eae02323c1,융합과학 탐구,융합과학 탐구,I_or_other,textbook_concept_dictionary,true,clean,clean,both,"[""필요성""]","[""필요성""]",,필요성,false,false,true,"[""통합과학2""]"
assessment_task_884fbd387e,융합과학 탐구,융합과학 탐구,I_or_other,subject_fallback,false,fallback,fallback,none,"[""융합과학 탐구""]",[],,,false,false,false,[]
assessment_task_eb132e0108,융합과학 탐구,융합과학 탐구,I_or_other,textbook_concept_dictionary,true,clean,clean,both,"[""데이터""]","[""데이터""]",,데이터,false,false,true,"[""통합과학2""]"
assessment_task_699fb13c40,융합과학 탐구,융합과학 탐구,I_or_other,subject_fallback,false,fallback,fallback,none,"[""융합과학 탐구""]",[],,,false,false,false,[]
assessment_task_5cc8c35801,통합사회1,통합사회1,I_or_other,textbook_concept_dictionary,true,clean,clean,both,"[""통합적 관점과 행복""]","[""행복""]",통합적 관점과 행복,통합적 관점과 행복,false,false,false,[]
assessment_task_c8fa9daecd,통합사회1,통합사회1,I_or_other,textbook_concept_dictionary,true,clean,clean,both,"[""생태 중심주의"",""인간 중심주의"",""자연환경과 인간의 공존""]","[""생태 중심주의"",""인간 중심주의"",""자연환경"",""환경권"",""행복""]",자연환경과 인간의 공존,자연환경과 인간의 공존,false,false,false,[]
assessment_task_203ea32c29,통합사회1,통합사회1,I_or_other,textbook_concept_dictionary,true,clean,clean,both,"[""문제 해결"",""통합적 관점과 행복""]","[""문제 해결"",""환경 문제"",""공동체"",""기업"",""정부"",""행복""]",통합적 관점과 행복,통합적 관점과 행복,false,false,false,[]
assessment_task_c9c58bc25a,공통수학1,공통수학1,I_or_other,textbook_plus_legacy,true,clean,clean,both,"[""근과 계수의 관계"",""판별식"",""함수"",""복소수와 이차방정식""]","[""근과 계수의 관계"",""항등식의 성질"",""나머지정리"",""사차방정식"",""삼차방정식"",""이차방정식"",""근과 계수"",""이차함수""]",복소수와 이차방정식,복소수와 이차방정식,false,false,false,[]
assessment_task_d8d4812e58,공통수학1,공통수학1,I_or_other,textbook_plus_legacy,true,clean,clean,both,"[""행렬""]","[""행렬""]",행렬과 행렬의 연산,행렬과 행렬의 연산,false,false,false,[]
assessment_task_a3ff342a97,대수,대수,I_or_other,textbook_plus_legacy,true,clean,clean,both,"[""함수"",""수열""]","[""수열"",""함수""]",등차수열과 등비수열,등차수열과 등비수열,false,false,false,[]
assessment_task_89ef10f7b9,대수,대수,I_or_other,textbook_plus_legacy,true,clean,clean,both,"[""함수"",""수열""]","[""수열"",""함수""]",등차수열과 등비수열,등차수열과 등비수열,false,false,false,[]
assessment_task_20aa41ef6b,미적분1,미적분Ⅰ,I_or_other,textbook_plus_legacy,true,clean,clean,both,"[""극한""]","[""변화율"",""극한""]",수열의 극한,수열의 극한,false,false,false,[]
assessment_task_8e521d91ef,미적분1,미적분Ⅰ,I_or_other,textbook_plus_legacy,true,clean,clean,both,"[""극한""]","[""변화율"",""극한""]",수열의 극한,수열의 극한,false,false,false,[]
assessment_task_a41135f186,미적분1,미적분,I_or_other,subject_fallback,false,fallback,fallback,none,"[""미적분1""]",[],,,false,false,false,[]
assessment_task_b7e95924a3,미적분1,미적분,I_or_other,subject_fallback,false,fallback,fallback,none,"[""미적분1""]",[],,,false,false,false,[]
assessment_task_9337bdbe8f,미적분1,미적분학Ⅰ,I_or_other,subject_fallback,false,fallback,fallback,none,"[""미적분1""]",[],,,false,false,false,[]
assessment_task_fd2cd34a79,미적분1,미적분학Ⅰ,I_or_other,subject_fallback,false,fallback,fallback,none,"[""미적분1""]",[],,,false,false,false,[]
assessment_task_39dbef43e9,물리,기초물리학및실험Ⅰ,I_or_other,textbook_plus_legacy,true,clean,clean,both,"[""운동량""]","[""운동량""]",,운동량,false,false,false,[]
assessment_task_51bf95d10e,물리,기초물리학및실험Ⅰ,I_or_other,subject_fallback,false,fallback,fallback,none,"[""물리""]",[],,,false,false,false,[]
assessment_task_b8088e1d3e,물리,기초물리학및실험Ⅰ,I_or_other,subject_fallback,false,fallback,fallback,none,"[""물리""]",[],,,false,false,false,[]
assessment_task_c983dba4fc,물리,기초물리학및실험Ⅰ,I_or_other,subject_fallback,false,fallback,fallback,none,"[""물리""]",[],,,false,false,false,[]
assessment_task_d1690af72f,물리,기초물리학및실험Ⅲ,I_or_other,subject_fallback,false,fallback,fallback,none,"[""물리""]",[],,,false,false,false,[]
assessment_task_72daeec5f2,물리,기초물리학및실험Ⅲ,I_or_other,subject_fallback,false,fallback,fallback,none,"[""물리""]",[],,,false,false,false,[]
assessment_task_7056357a13,물리,기초물리학및실험Ⅲ,I_or_other,subject_fallback,false,fallback,fallback,none,"[""물리""]",[],,,false,false,false,[]
assessment_task_e378aa1e57,물리,기초물리학및실험Ⅲ,I_or_other,subject_fallback,false,fallback,fallback,none,"[""물리""]",[],,,false,false,false,[]
assessment_task_f5c5dae776,물리,고급물리학Ⅰ,I_or_other,textbook_concept_dictionary,true,record_only,record_only,record,"[""변압기"",""자기장"",""물질의 자기적 특성""]","[""전자기파"",""변압기"",""자기장"",""전류""]",물질의 자기적 특성,물질의 자기적 특성,false,false,false,[]
assessment_task_9a59d42842,물리,고급물리학Ⅰ,I_or_other,textbook_concept_dictionary,true,record_only,record_only,record,"[""변압기"",""자기장"",""물질의 자기적 특성""]","[""전자기파"",""변압기"",""자기장"",""전류""]",물질의 자기적 특성,물질의 자기적 특성,false,false,false,[]
assessment_task_1b1227e347,물리,고급물리학Ⅰ,I_or_other,textbook_concept_dictionary,true,record_only,record_only,record,"[""변압기"",""자기장"",""물질의 자기적 특성""]","[""전자기파"",""변압기"",""자기장"",""전류""]",물질의 자기적 특성,물질의 자기적 특성,false,false,false,[]
assessment_task_00f3167e81,물리,고급물리학실험Ⅰ,I_or_other,subject_fallback,false,fallback,fallback,none,"[""물리""]",[],,,false,false,false,[]
assessment_task_59e40168c2,물리,고급물리학실험Ⅰ,I_or_other,subject_fallback,false,fallback,fallback,none,"[""물리""]",[],,,false,false,false,[]
assessment_task_f1397782d2,물리,고급물리학실험Ⅰ,I_or_other,subject_fallback,false,fallback,fallback,none,"[""물리""]",[],,,false,false,false,[]
assessment_task_6ec3ef9622,물리,고급물리학실험Ⅰ,I_or_other,subject_fallback,false,fallback,fallback,none,"[""물리""]",[],,,false,false,false,[]
assessment_task_0c8608c4ed,화학,기초화학및실험Ⅰ,I_or_other,textbook_plus_legacy,true,record_only,record_only,record,"[""에너지 보존"",""물질의 양과 화학 반응식""]","[""화학 반응식"",""반응식"",""에너지 보존""]",물질의 양과 화학 반응식,물질의 양과 화학 반응식,false,false,false,[]
assessment_task_6a98e56200,화학,기초화학및실험Ⅰ,I_or_other,subject_fallback,false,fallback,fallback,none,"[""화학""]",[],,,false,false,false,[]
assessment_task_962d55658e,화학,기초화학및실험Ⅰ,I_or_other,textbook_plus_legacy,true,record_only,record_only,record,"[""몰"",""에너지 보존"",""물질의 양과 화학 반응식""]","[""화학 반응식"",""반응식"",""몰"",""에너지 보존""]",물질의 양과 화학 반응식,물질의 양과 화학 반응식,false,false,false,[]
assessment_task_a353c6d574,화학,기초화학및실험Ⅲ,I_or_other,textbook_plus_legacy,true,clean,clean,both,"[""산화 환원"",""중화 반응"",""데이터 처리"",""화학 반응과 열의 출입""]","[""산화 환원"",""중화 반응"",""산화"",""염기"",""적정"",""중화"",""환원"",""산화·환원""]",화학 반응과 열의 출입,화학 반응과 열의 출입,false,false,false,[]
assessment_task_e21ca8cfeb,화학,기초화학및실험Ⅲ,I_or_other,subject_fallback,false,fallback,fallback,none,"[""화학""]",[],,,false,false,false,[]
assessment_task_78f3dacae1,화학,고급화학Ⅰ,I_or_other,subject_fallback,false,fallback,fallback,none,"[""화학""]",[],,,false,false,false,[]
assessment_task_877e25377a,화학,고급화학Ⅰ,I_or_other,subject_fallback,false,fallback,fallback,none,"[""화학""]",[],,,false,false,false,[]
assessment_task_adee62a03a,화학,고급화학실험Ⅰ,I_or_other,textbook_concept_dictionary,true,record_only,record_only,record,"[""오비탈"",""현대의 원자 모형과 전자 배치""]","[""오비탈"",""금속"",""적정""]",현대의 원자 모형과 전자 배치,현대의 원자 모형과 전자 배치,false,false,false,[]
assessment_task_a00edd2d31,화학,고급화학실험Ⅰ,I_or_other,textbook_concept_dictionary,true,record_only,record_only,record,"[""금속"",""적정""]","[""금속"",""적정""]",,금속,false,false,false,[]
assessment_task_d5a8556efc,생명과학,기초생명과학및실험Ⅰ,I_or_other,subject_fallback,false,fallback,fallback,none,"[""생명과학""]",[],,,false,false,false,[]
assessment_task_765cb111b2,생명과학,기초생명과학및실험Ⅰ,I_or_other,subject_fallback,false,fallback,fallback,none,"[""생명과학""]",[],,,false,false,false,[]
assessment_task_f73b674010,생명과학,기초생명과학및실험Ⅰ,I_or_other,textbook_concept_dictionary,true,clean,clean,both,"[""세포"",""생명과학의 이해""]","[""세포""]",생명과학의 이해,생명과학의 이해,false,false,false,[]
assessment_task_87ab7306e4,생명과학,기초생명과학및실험Ⅲ,I_or_other,textbook_concept_dictionary,true,clean,clean,both,"[""진화""]","[""진화""]",,진화,false,false,false,[]
assessment_task_492c7dbfd7,생명과학,기초생명과학및실험Ⅲ,I_or_other,textbook_concept_dictionary,true,clean,clean,both,"[""분류"",""진화와 생물 다양성""]","[""기관계"",""분류""]",진화와 생물 다양성,진화와 생물 다양성,false,false,false,[]
assessment_task_5c19d6ac47,생명과학,기초생명과학및실험Ⅲ,I_or_other,textbook_concept_dictionary,true,clean,clean,both,"[""자극과 반응"",""생명과학의 이해""]","[""자극과 반응"",""호르몬""]",생명과학의 이해,생명과학의 이해,false,false,false,[]
assessment_task_ef058eb59b,생명과학,기초생명과학및실험Ⅲ,I_or_other,textbook_plus_legacy,true,clean,clean,both,"[""항상성"",""생명과학의 이해""]","[""항상성""]",생명과학의 이해,생명과학의 이해,false,false,false,[]
assessment_task_167152e615,생명과학,고급생명과학Ⅰ,I_or_other,textbook_concept_dictionary,true,record_only,record_only,record,"[""진화""]","[""진화""]",,진화,false,false,false,[]
assessment_task_65fd7d61de,생명과학,고급생명과학Ⅰ,I_or_other,textbook_plus_legacy,true,clean,clean,both,"[""상호 작용"",""유전""]","[""상호 작용"",""유전""]",,상호 작용,false,false,false,[]
assessment_task_05037f237a,생명과학,고급생명과학Ⅰ,I_or_other,textbook_concept_dictionary,true,record_only,record_only,record,"[""계통"",""진화""]","[""계통"",""진화""]",,계통,false,false,false,[]
assessment_task_44a179cf67,생명과학,고급생명과학실험Ⅰ,I_or_other,subject_fallback,false,fallback,fallback,none,"[""생명과학""]",[],,,false,false,false,[]
assessment_task_0e75487dd2,생명과학,고급생명과학실험Ⅰ,I_or_other,subject_fallback,false,fallback,fallback,none,"[""생명과학""]",[],,,false,false,false,[]
assessment_task_f850ea1489,생명과학,고급생명과학실험Ⅰ,I_or_other,subject_fallback,false,fallback,fallback,none,"[""생명과학""]",[],,,false,false,false,[]
assessment_task_06c705bf42,지구과학,기초지구과학및실험Ⅰ,I_or_other,textbook_concept_dictionary,true,clean,clean,both,"[""행성"",""태양계 천체의 관측과 운동""]","[""운동"",""행성""]",태양계 천체의 관측과 운동,태양계 천체의 관측과 운동,false,false,false,[]
assessment_task_88fb8e4524,지구과학,기초지구과학및실험Ⅰ,I_or_other,textbook_concept_dictionary,true,clean,clean,both,"[""절대 등급"",""주계열성"",""별의 특성과 진화""]","[""절대 등급"",""주계열성"",""표면 온도"",""H-R도"",""광도"",""밀도"",""분류"",""질량""]",별의 특성과 진화,별의 특성과 진화,false,false,false,[]
assessment_task_2b6765a3c7,지구과학,기초지구과학및실험Ⅰ,I_or_other,textbook_concept_dictionary,true,clean,clean,both,"[""공전"",""행성"",""태양계 천체의 관측과 운동""]","[""공전"",""관측"",""광도"",""밝기"",""행성""]",태양계 천체의 관측과 운동,태양계 천체의 관측과 운동,false,false,false,[]
assessment_task_3083e9d5a9,지구과학,기초지구과학및실험Ⅰ,I_or_other,textbook_concept_dictionary,true,clean,clean,both,"[""태양계 천체의 관측과 운동""]","[""관측""]",태양계 천체의 관측과 운동,태양계 천체의 관측과 운동,false,false,false,[]
assessment_task_382e94e7bf,지구과학,기초지구과학및실험Ⅰ,I_or_other,textbook_concept_dictionary,true,clean,clean,both,"[""외부 은하"",""우주 팽창"",""은하와 우주의 진화""]","[""외부 은하"",""우주 팽창"",""관측"",""은하""]",은하와 우주의 진화,은하와 우주의 진화,false,false,false,[]
assessment_task_47ebf290e4,지구과학,기초지구과학및실험Ⅲ,I_or_other,subject_fallback,false,fallback,fallback,none,"[""지구과학""]",[],,,false,false,false,[]
assessment_task_b8663e3cc4,지구과학,기초지구과학및실험Ⅲ,I_or_other,textbook_concept_dictionary,true,clean,clean,both,"[""변성암"",""화성암"",""판 구조와 암석 변화""]","[""변성암"",""화성암""]",판 구조와 암석 변화,판 구조와 암석 변화,false,false,false,[]
assessment_task_ebb3a47fc2,지구과학,기초지구과학및실험Ⅲ,I_or_other,textbook_concept_dictionary,true,clean,clean,both,"[""지층과 지질시대""]","[""지층""]",지층과 지질시대,지층과 지질시대,false,false,false,[]
assessment_task_a3569f33cb,지구과학,기초지구과학및실험Ⅲ,I_or_other,subject_fallback,false,fallback,fallback,none,"[""지구과학""]",[],,,false,false,false,[]
assessment_task_a54d204de0,지구시스템과학,지구시스템과학Ⅰ,I_or_other,textbook_plus_legacy,true,clean,clean,both,"[""편서풍 파동"",""기압"",""대기·해양 순환과 기후""]","[""편서풍 파동"",""편서풍"",""기압"",""파동""]",대기·해양 순환과 기후,대기·해양 순환과 기후,false,false,false,[]
assessment_task_a708545324,지구시스템과학,지구시스템과학Ⅰ,I_or_other,legacy_dictionary,true,record_only,record_only,record,"[""기후 변화""]","[""기후 변화""]",,,false,false,false,[]
assessment_task_5ec30e8415,지구시스템과학,지구시스템과학Ⅰ,I_or_other,textbook_concept_dictionary,true,clean,clean,both,"[""시각화""]","[""시각화""]",,시각화,false,false,false,[]
assessment_task_435ba8b880,정보,정보과학Ⅰ,I_or_other,textbook_plus_legacy,true,clean,clean,both,"[""재귀 함수"",""프로그래밍""]","[""프로그래밍 언어"",""컴퓨팅 사고력"",""문제 해결"",""재귀 함수"",""함수""]",프로그래밍,프로그래밍,false,false,false,[]
assessment_task_0d7b4c1918,정보,정보과학Ⅰ,I_or_other,textbook_concept_dictionary,true,record_only,record_only,record,"[""공유"",""컴퓨팅 시스템과 네트워크""]","[""공유""]",컴퓨팅 시스템과 네트워크,컴퓨팅 시스템과 네트워크,false,false,false,[]
assessment_task_d3455626b1,공통수학1,공통수학1,I_or_other,textbook_concept_dictionary,true,record_only,record_only,record,"[""계수"",""차수"",""다항식의 연산""]","[""근과 계수의 관계"",""삼차방정식"",""근과 계수"",""다항식"",""계수"",""조합"",""차수"",""항""]",다항식의 연산,다항식의 연산,false,false,false,[]
assessment_task_462dcd09e9,공통수학1,공통수학1,I_or_other,textbook_concept_dictionary,true,record_only,record_only,record,"[""분배법칙"",""나눗셈"",""다항식의 연산""]","[""다항식의 연산"",""나머지정리"",""분배법칙"",""인수정리"",""나눗셈"",""나머지"",""다항식"",""복소수""]",다항식의 연산,다항식의 연산,false,false,false,[]
assessment_task_6dddec60c8,공통수학1,공통수학1,I_or_other,subject_fallback,false,fallback,fallback,none,"[""공통수학1""]",[],,,false,false,false,[]
assessment_task_55f14e5a45,공통수학1,공통수학1,I_or_other,textbook_plus_legacy,true,clean,clean,both,"[""행렬"",""경우의 수""]","[""경우의 수"",""곱의 법칙"",""순열"",""조합"",""행렬""]","경우의 수, 순열, 조합",경우의 수,false,false,false,[]
assessment_task_c95f888470,공통수학2,공통수학2,I_or_other,textbook_concept_dictionary,true,clean,clean,both,"[""귀류법"",""결론"",""명제""]","[""귀류법"",""결론"",""논리"",""대우"",""명제"",""증명"",""집합""]",명제,명제,false,false,false,[]
assessment_task_7be9810b95,공통수학2,공통수학2,I_or_other,textbook_plus_legacy,true,clean,clean,both,"[""무리함수 그래프"",""유리함수 그래프"",""유리함수와 무리함수""]","[""무리함수 그래프"",""유리함수 그래프"",""무리함수"",""유리함수"",""점근선"",""함수""]",유리함수와 무리함수,유리함수와 무리함수,false,false,false,[]
assessment_task_3926127341,공통수학2,공통수학2,I_or_other,textbook_concept_dictionary,true,clean,clean,both,"[""원의 방정식""]","[""원의 방정식"",""논리"",""직선"",""포함""]",원의 방정식,원의 방정식,false,false,false,[]
assessment_task_0e69f4578c,공통수학2,공통수학2,I_or_other,textbook_concept_dictionary,true,record_only,record_only,record,"[""논리""]","[""논리""]",,논리,false,false,false,[]
assessment_task_1b897aff7b,미적분1,AP미적분학Ⅰ,I_or_other,textbook_plus_legacy,true,clean,clean,both,"[""부정적분"",""삼각 적분"",""함수"",""여러 가지 적분법""]","[""도형의 넓이"",""로그함수"",""매개변수"",""부정적분"",""삼각 적분"",""삼각함수"",""적분 계산"",""치환적분""]",여러 가지 적분법,여러 가지 적분법,false,false,false,[]
assessment_task_ee4ae86ac6,미적분1,AP미적분학Ⅰ,I_or_other,textbook_plus_legacy,true,clean,clean,both,"[""극한값 계산"",""함수"",""수열의 극한""]","[""극한값 계산"",""극한"",""함수""]",수열의 극한,수열의 극한,false,false,false,[]
assessment_task_1b99683b5c,미적분1,AP미적분학Ⅰ,I_or_other,subject_fallback,false,fallback,fallback,none,"[""미적분1""]",[],,,false,false,false,[]
assessment_task_da4f85b135,통합사회1,통합사회1,I_or_other,textbook_concept_dictionary,true,clean,clean,both,"[""윤리적 관점"",""삶의 목적"",""통합적 관점과 행복""]","[""윤리적 관점"",""통합적 관점"",""삶의 목적"",""행복""]",통합적 관점과 행복,통합적 관점과 행복,false,false,false,[]
assessment_task_ad6abe6ac3,통합사회1,통합사회1,I_or_other,textbook_concept_dictionary,true,clean,clean,both,"[""사회 정의와 불평등""]","[""정의"",""행복""]",사회 정의와 불평등,사회 정의와 불평등,false,false,false,[]
assessment_task_cc45670c9c,통합사회1,통합사회1,I_or_other,textbook_concept_dictionary,true,clean,clean,both,"[""생활 양식"",""환경권"",""자연환경과 인간의 공존""]","[""생활 양식"",""자연환경"",""환경권"",""기후""]",자연환경과 인간의 공존,자연환경과 인간의 공존,false,false,false,[]
assessment_task_ed444af37b,통합과학1,통합과학1,I_or_other,textbook_plus_legacy,true,clean,clean,both,"[""운동"",""효소"",""역학 시스템""]","[""시간"",""운동"",""효소""]",역학 시스템,역학 시스템,false,false,false,[]
assessment_task_6898623b12,통합과학1,통합과학1,I_or_other,legacy_dictionary,true,clean,clean,both,"[""효소""]","[""효소""]",,,false,false,false,[]
assessment_task_c255d430af,통합과학2,통합과학2,I_or_other,textbook_concept_dictionary,true,clean,clean,both,"[""안전"",""과학 관련 사회적 쟁점과 과학 윤리""]","[""안전"",""중화""]",과학 관련 사회적 쟁점과 과학 윤리,과학 관련 사회적 쟁점과 과학 윤리,false,false,false,[]
assessment_task_97f02cca63,통합과학2,통합과학2,I_or_other,textbook_concept_dictionary,true,record_only,record_only,record,"[""생태계"",""생물과 환경""]","[""지질 시대"",""생태계"",""환경""]",생물과 환경,생물과 환경,false,false,false,[]
assessment_task_f9a301207e,물리,물리학실험,I_or_other,textbook_concept_dictionary,true,record_only,record_only,record,"[""관성"",""힘과 운동""]","[""관성""]",힘과 운동,힘과 운동,false,false,false,[]
assessment_task_70ad19f6c4,물리,물리학실험,I_or_other,textbook_concept_dictionary,true,clean,clean,both,"[""관성"",""힘과 운동""]","[""관성""]",힘과 운동,힘과 운동,false,false,false,[]
assessment_task_6ebcb4170a,물리,심화물리학,I_or_other,textbook_concept_dictionary,true,clean,clean,both,"[""전류"",""물질의 자기적 특성""]","[""전류""]",물질의 자기적 특성,물질의 자기적 특성,false,false,false,[]
assessment_task_4651ff2b7a,물리,심화물리학,I_or_other,subject_fallback,false,fallback,fallback,none,"[""물리""]",[],,,false,false,false,[]
assessment_task_84e726f225,물리,AP일반물리학Ⅰ,I_or_other,textbook_concept_dictionary,true,record_only,record_only,record,"[""관성"",""힘과 운동""]","[""관성""]",힘과 운동,힘과 운동,false,false,false,[]
assessment_task_9b7b5723ec,물리,AP일반물리학Ⅰ,I_or_other,subject_fallback,false,fallback,fallback,none,"[""물리""]",[],,,false,false,false,[]
assessment_task_a73eb3d6bc,물리,AP일반물리학Ⅰ,I_or_other,subject_fallback,false,fallback,fallback,none,"[""물리""]",[],,,false,false,false,[]
assessment_task_1337fe4322,화학,고급화학,I_or_other,textbook_concept_dictionary,true,clean,clean,both,"[""주기율표"",""원소의 주기적 성질""]","[""주기율표"",""주기""]",원소의 주기적 성질,원소의 주기적 성질,false,false,false,[]
assessment_task_8aaa38b7bf,화학,고급화학,I_or_other,subject_fallback,false,fallback,fallback,none,"[""화학""]",[],,,false,false,false,[]
assessment_task_59b37d843b,화학,화학 실험과,I_or_other,textbook_plus_legacy,true,clean,clean,both,"[""중화 반응"",""적정"",""화학 평형"",""화학 반응과 열의 출입""]","[""용액 제조"",""중화 반응"",""양성자"",""pH"",""염기"",""적정"",""중화"",""산""]",화학 반응과 열의 출입,화학 반응과 열의 출입,false,false,false,[]
assessment_task_2327ff9be3,화학,화학 실험과,I_or_other,textbook_concept_dictionary,true,record_only,record_only,record,"[""분자 구조""]","[""분자 구조""]",,분자 구조,false,false,false,[]
assessment_task_ed66b3a643,화학,AP일반화학Ⅰ,I_or_other,textbook_concept_dictionary,true,clean,clean,both,"[""분자량"",""물질의 양과 화학 반응식""]","[""분자량""]",물질의 양과 화학 반응식,물질의 양과 화학 반응식,false,false,false,[]
assessment_task_78318a5619,화학,AP일반화학Ⅰ,I_or_other,textbook_concept_dictionary,true,record_only,record_only,record,"[""중화""]","[""중화""]",,중화,false,false,false,[]
assessment_task_ec11a1d3b4,생명과학,생명과학 실험,I_or_other,subject_fallback,false,fallback,fallback,none,"[""생명과학""]",[],,,false,false,false,[]
assessment_task_519b67162b,생명과학,생명과학 실험,I_or_other,subject_fallback,false,fallback,fallback,none,"[""생명과학""]",[],,,false,false,false,[]
assessment_task_d88840c14c,생명과학,고급 생명과학,I_or_other,textbook_concept_dictionary,true,record_only,record_only,record,"[""전달""]","[""전달""]",,전달,false,false,false,[]
assessment_task_158eef3b52,생명과학,고급 생명과학,I_or_other,textbook_concept_dictionary,true,clean,clean,both,"[""세포"",""생명과학의 이해""]","[""상호 작용"",""발생"",""변이"",""세포"",""전달""]",생명과학의 이해,생명과학의 이해,false,false,false,[]
assessment_task_6ac12ecfd7,생명과학,고급 생명과학,I_or_other,subject_fallback,false,fallback,fallback,none,"[""생명과학""]",[],,,false,false,false,[]
assessment_task_837b45b8c2,지구과학,지구과학 실험,I_or_other,textbook_concept_dictionary,true,clean,clean,both,"[""망원경"",""자전"",""태양계 천체의 관측과 운동""]","[""망원경"",""관측"",""자전""]",태양계 천체의 관측과 운동,태양계 천체의 관측과 운동,false,false,false,[]
assessment_task_3ce7e82830,지구과학,지구과학 실험,I_or_other,textbook_concept_dictionary,true,clean,clean,both,"[""H-R도"",""별의 특성과 진화""]","[""H-R도"",""자전""]",별의 특성과 진화,별의 특성과 진화,false,false,false,[]
assessment_task_055bc077ff,지구과학,지구과학 실험,I_or_other,textbook_concept_dictionary,true,clean,clean,both,"[""H-R도"",""별의 특성과 진화""]","[""H-R도""]",별의 특성과 진화,별의 특성과 진화,false,false,false,[]
assessment_task_1efad457db,정보,정보과학,I_or_other,textbook_plus_legacy,true,clean,clean,both,"[""프로그래밍 언어"",""제어 구조"",""함수"",""프로그래밍과 자동화""]","[""프로그래밍 언어"",""컴퓨팅 시스템"",""피지컬 컴퓨팅"",""컴퓨팅 도구"",""문제 해결"",""알고리즘"",""제어 구조"",""반복문""]",프로그래밍과 자동화,프로그래밍과 자동화,false,false,false,[]
assessment_task_304bd61bf9,정보,정보과학,I_or_other,textbook_plus_legacy,true,clean,clean,both,"[""반복 구조"",""알고리즘""]","[""프로그래밍 언어"",""문제 해결"",""반복 구조"",""알고리즘"",""반복""]",알고리즘 설계와 분석,알고리즘 설계와 분석,false,false,false,[]
assessment_task_0b7ceaf202,과학탐구실험1,과학탐구실험1,I_or_other,textbook_concept_dictionary,true,clean,clean,both,"[""원소 배열"",""규칙성"",""멘델레예프의 주기율표 만들기""]","[""멘델레예프의 주기율표 만들기"",""과학의 본성"",""멘델레예프"",""원소 배열"",""주기율표"",""규칙성"",""원소""]",멘델레예프의 주기율표 만들기,멘델레예프의 주기율표 만들기,false,false,false,[]
assessment_task_4bf9faa4fa,과학탐구실험1,과학탐구실험1,I_or_other,textbook_concept_dictionary,true,clean,clean,both,"[""우주 배경 복사"",""과학사에서 동시 발견으로 이룬 과학 발전 추적하기""]","[""과학사에서 동시 발견으로 이룬 과학 발전 추적하기"",""우주 배경 복사"",""과학의 본성"",""동시 발견"",""과학사"",""발전""]",과학사에서 동시 발견으로 이룬 과학 발전 추적하기,과학사에서 동시 발견으로 이룬 과학 발전 추적하기,false,false,false,[]
assessment_task_d24cf743c0,과학탐구실험1,과학탐구실험1,I_or_other,textbook_concept_dictionary,true,clean,clean,both,"[""귀납적 탐구"",""탐구 방법""]","[""귀납적 탐구"",""탐구 방법""]",,귀납적 탐구,false,false,false,[]
assessment_task_537fe7b6ab,과학탐구실험1,과학탐구실험1,I_or_other,textbook_concept_dictionary,true,clean,clean,both,"[""색 변화"",""화학 반응을 활용한 과학 마술 시나리오 개발 및 시연하기""]","[""과학 마술"",""시나리오"",""화학 반응"",""색 변화"",""변인"",""시연"",""협력""]",화학 반응을 활용한 과학 마술 시나리오 개발 및 시연하기,화학 반응을 활용한 과학 마술 시나리오 개발 및 시연하기,false,false,false,[]
assessment_task_76ca88f69d,정보,정보,I_or_other,textbook_plus_legacy,true,record_only,record_only,record,"[""목표 상태"",""현재 상태"",""모델링"",""추상화와 문제 분해""]","[""목표 상태"",""현재 상태"",""모델링"",""모델""]",추상화와 문제 분해,추상화와 문제 분해,false,false,false,[]
assessment_task_96995d9b89,정보,정보,I_or_other,textbook_concept_dictionary,true,record_only,record_only,record,"[""연산자"",""입출력"",""프로그래밍""]","[""문제 해결"",""연산자"",""입출력"",""자료형"",""변수""]",프로그래밍,프로그래밍,false,false,false,[]
assessment_task_3f72e86abe,정보,정보,I_or_other,textbook_plus_legacy,true,clean,clean,both,"[""제어 구조"",""반복문"",""함수"",""프로그래밍과 자동화""]","[""문제 해결"",""알고리즘"",""제어 구조"",""반복문"",""조건문"",""반복"",""변수"",""함수""]",프로그래밍과 자동화,프로그래밍과 자동화,false,false,false,[]
assessment_task_62d3f1ffae,정보,정보,I_or_other,textbook_plus_legacy,true,clean,clean,both,"[""제어 구조"",""반복문"",""함수"",""프로그래밍과 자동화""]","[""제어 구조"",""반복문"",""시각화"",""조건문"",""반복"",""변수"",""함수""]",프로그래밍과 자동화,프로그래밍과 자동화,false,false,false,[]
assessment_task_4a182972fd,통합과학1,통합과학1,I_or_other,textbook_concept_dictionary,true,clean,clean,both,"[""공유 결합"",""이온 결합"",""물질의 규칙성과 성질""]","[""공유 결합"",""이온 결합"",""결합"",""성질"",""원소"",""이온""]",물질의 규칙성과 성질,물질의 규칙성과 성질,false,false,false,[]
assessment_task_0a88073b6f,통합과학1,통합과학1,I_or_other,textbook_plus_legacy,true,clean,clean,both,"[""아미노산"",""단백질"",""유전"",""물질의 규칙성과 성질""]","[""아미노산"",""단백질"",""결합"",""단위"",""배열"",""염기"",""핵산"",""유전""]",물질의 규칙성과 성질,물질의 규칙성과 성질,false,false,false,[]
assessment_task_b3b88a2e01,통합과학1,통합과학1,I_or_other,textbook_concept_dictionary,true,clean,clean,both,"[""운동"",""힘"",""역학 시스템""]","[""시간"",""운동"",""지구"",""힘""]",역학 시스템,역학 시스템,false,false,false,[]
assessment_task_c11ec1e0b6,통합과학1,통합과학1,I_or_other,textbook_plus_legacy,true,clean,clean,both,"[""단백질"",""세포"",""유전""]","[""단백질"",""세포"",""유전""]",,단백질,false,false,false,[]
assessment_task_f8ff97c1ef,통합사회1,통합사회1,I_or_other,textbook_concept_dictionary,true,clean,clean,both,"[""문화 상대주의"",""문화 변동"",""문화 다양성과 세계화""]","[""문화 상대주의"",""문화 변동"",""보편 윤리"",""세계화""]",문화 다양성과 세계화,문화 다양성과 세계화,false,false,false,[]
assessment_task_2be65310d1,통합사회1,통합사회1,I_or_other,textbook_plus_legacy,true,clean,clean,both,"[""기후"",""자연환경과 인간의 공존""]","[""기후"",""기후 변화""]",자연환경과 인간의 공존,자연환경과 인간의 공존,false,false,false,[]
assessment_task_a7b7efed05,통합사회1,통합사회1,I_or_other,textbook_concept_dictionary,true,clean,clean,both,"[""통합적 관점과 행복""]","[""행복""]",통합적 관점과 행복,통합적 관점과 행복,false,false,false,[]
assessment_task_ac12d7d356,데이터 과학,데이터과학,I_or_other,textbook_concept_dictionary,true,clean,clean,both,"[""문제 해결"",""시각화"",""자료와 정보의 분석""]","[""문제 해결"",""데이터"",""시각화"",""AI""]",자료와 정보의 분석,자료와 정보의 분석,false,false,true,"[""정보"",""확률과 통계""]"
assessment_task_d2650bee81,데이터 과학,데이터과학,I_or_other,textbook_concept_dictionary,true,clean,clean,both,"[""시각화"",""탐색"",""자료와 정보의 분석""]","[""데이터"",""시각화"",""변수"",""탐색""]",자료와 정보의 분석,자료와 정보의 분석,false,false,true,"[""확률과 통계"",""정보""]"
assessment_task_83ff3e4d56,데이터 과학,데이터과학,I_or_other,textbook_concept_dictionary,true,clean,clean,both,"[""분석 과정"",""시각화"",""자료와 정보의 분석""]","[""분석 과정"",""데이터"",""시각화""]",자료와 정보의 분석,자료와 정보의 분석,false,false,true,"[""정보"",""확률과 통계""]"
assessment_task_084ed235f6,미적분1,미적분,I_or_other,subject_fallback,false,fallback,fallback,none,"[""미적분1""]",[],,,false,false,false,[]
assessment_task_ad0d5f1111,미적분1,미적분,I_or_other,subject_fallback,false,fallback,fallback,none,"[""미적분1""]",[],,,false,false,false,[]
assessment_task_16e754e929,미적분1,미적분,I_or_other,subject_fallback,false,fallback,fallback,none,"[""미적분1""]",[],,,false,false,false,[]
assessment_task_6c79a183d7,공통수학1,공통수학1,I_or_other,textbook_concept_dictionary,true,clean,clean,both,"[""여러 가지 방정식과 부등식""]","[""부등식""]",여러 가지 방정식과 부등식,여러 가지 방정식과 부등식,false,false,false,[]
assessment_task_15670abfe2,공통수학1,공통수학1,I_or_other,textbook_plus_legacy,true,clean,clean,both,"[""행렬"",""경우의 수""]","[""경우의 수"",""다항식"",""부등식"",""행렬""]","경우의 수, 순열, 조합",경우의 수,false,false,false,[]
assessment_task_d0c2c8b418,공통수학1,공통수학1,I_or_other,subject_fallback,false,fallback,fallback,none,"[""공통수학1""]",[],,,false,false,false,[]
assessment_task_f77def6ffd,통합사회1,통합사회1,I_or_other,subject_fallback,false,fallback,fallback,none,"[""통합사회1""]",[],,,false,false,false,[]
assessment_task_418dce7a0f,통합사회1,통합사회1,I_or_other,textbook_concept_dictionary,true,clean,clean,both,"[""통합적 관점과 행복""]","[""행복""]",통합적 관점과 행복,통합적 관점과 행복,false,false,false,[]
assessment_task_da80a8fef2,통합과학1,통합과학1,I_or_other,textbook_concept_dictionary,true,clean,clean,both,"[""첨단 기술"",""반도체"",""물질의 규칙성과 성질""]","[""첨단 기술"",""반도체"",""도체""]",물질의 규칙성과 성질,물질의 규칙성과 성질,false,false,false,[]
assessment_task_f5d92d388c,통합과학1,통합과학1,I_or_other,textbook_concept_dictionary,true,clean,clean,both,"[""규칙성 발견과 주기율표""]","[""주기율표"",""원소""]",규칙성 발견과 주기율표,규칙성 발견과 주기율표,false,false,false,[]
assessment_task_229e78d391,통합과학1,통합과학1,I_or_other,textbook_plus_legacy,true,clean,clean,both,"[""반응"",""유전"",""생명 시스템""]","[""생명 시스템"",""반응"",""세포"",""유전""]",생명 시스템,생명 시스템,false,false,false,[]
assessment_task_5925b54195,대수,대수,I_or_other,subject_fallback,false,fallback,fallback,none,"[""대수""]",[],,,false,false,false,[]
assessment_task_cb6d6ee778,대수,대수,I_or_other,subject_fallback,false,fallback,fallback,none,"[""대수""]",[],,,false,false,false,[]
assessment_task_9902949ff1,대수,대수,I_or_other,legacy_dictionary,true,clean,clean,both,"[""함수"",""모델링""]","[""함수"",""모델링""]",,,false,false,false,[]
assessment_task_e58ec4d358,확률과 통계,확률과통계,I_or_other,textbook_concept_dictionary,true,clean,clean,both,"[""확률의 뜻과 기본 성질""]","[""확률""]",확률의 뜻과 기본 성질,확률의 뜻과 기본 성질,false,false,false,[]
assessment_task_85d95d0165,확률과 통계,확률과통계,I_or_other,subject_fallback,false,fallback,fallback,none,"[""확률과 통계""]",[],,,false,false,false,[]
assessment_task_5e5d4ba443,공통수학1,공통수학1,I_or_other,textbook_concept_dictionary,true,clean,clean,both,"[""다항식의 연산""]","[""다항식""]",다항식의 연산,다항식의 연산,false,false,false,[]
assessment_task_736c98c311,공통수학1,공통수학1,I_or_other,textbook_plus_legacy,true,clean,clean,both,"[""경우의 수""]","[""경우의 수"",""부등식""]","경우의 수, 순열, 조합",경우의 수,false,false,false,[]
assessment_task_0e45208e3d,공통수학1,공통수학1,I_or_other,textbook_plus_legacy,true,clean,clean,both,"[""경우의 수""]","[""경우의 수"",""다항식"",""부등식""]","경우의 수, 순열, 조합",경우의 수,false,false,false,[]
assessment_task_011bab2e32,통합사회1,통합사회1,I_or_other,textbook_concept_dictionary,true,clean,clean,both,"[""통합적 관점과 행복""]","[""통합적 관점""]",통합적 관점과 행복,통합적 관점과 행복,false,false,false,[]
assessment_task_edffa267c5,통합사회1,통합사회1,I_or_other,textbook_concept_dictionary,true,clean,clean,both,"[""개발"",""자연환경과 인간의 공존""]","[""개발""]",자연환경과 인간의 공존,자연환경과 인간의 공존,false,false,false,[]
assessment_task_64264632ed,통합과학1,통합과학1,I_or_other,textbook_concept_dictionary,true,clean,clean,both,"[""태양계"",""지구시스템""]","[""정확성"",""태양계"",""우주"",""원소"",""지구""]",지구시스템,지구시스템,false,false,false,[]
assessment_task_1b9b33f09b,통합과학1,통합과학1,I_or_other,textbook_concept_dictionary,true,clean,clean,both,"[""표 구성"",""규칙성 발견과 주기율표""]","[""주기율표"",""표 구성"",""원소""]",규칙성 발견과 주기율표,규칙성 발견과 주기율표,false,false,false,[]
assessment_task_ffccf60ade,과학탐구실험1,과학탐구실험1,I_or_other,textbook_concept_dictionary,true,clean,clean,both,"[""과학의 본성"",""사회"",""우리 선조들의 과학 기술 발전 사례 찾기""]","[""우리 선조들의 과학 기술"",""기술 발전 사례"",""과학의 본성"",""동시 발견"",""패러다임"",""과학사"",""발전"",""사회""]",우리 선조들의 과학 기술 발전 사례 찾기,우리 선조들의 과학 기술 발전 사례 찾기,false,false,false,[]
assessment_task_17e0d80cf7,과학탐구실험1,과학탐구실험1,I_or_other,textbook_concept_dictionary,true,clean,clean,both,"[""증거"",""갈릴레이의 경사면 실험과 낙하 운동""]","[""증거"",""해석"",""협력""]",갈릴레이의 경사면 실험과 낙하 운동,갈릴레이의 경사면 실험과 낙하 운동,false,false,false,[]
assessment_task_0c0eee58a2,대수,대수,I_or_other,legacy_dictionary,true,clean,clean,both,"[""함수""]","[""함수""]",,,false,false,false,[]
assessment_task_dc8db55820,대수,대수,I_or_other,textbook_plus_legacy,true,clean,clean,both,"[""수열""]","[""수열""]",등차수열과 등비수열,등차수열과 등비수열,false,false,false,[]
assessment_task_1919b3e701,물리,물리학,I_or_other,textbook_concept_dictionary,true,record_only,record_only,record,"[""뉴턴 법칙""]","[""뉴턴 법칙""]",,뉴턴 법칙,false,false,false,[]
assessment_task_bed44149ca,물리,물리학,I_or_other,subject_fallback,false,fallback,fallback,none,"[""물리""]",[],,,false,false,false,[]
assessment_task_6153fe12f9,화학,화학,I_or_other,subject_fallback,false,fallback,fallback,none,"[""화학""]",[],,,false,false,false,[]
assessment_task_2ac07b1899,화학,화학,I_or_other,textbook_concept_dictionary,true,clean,clean,both,"[""용액 제조"",""몰 농도"",""물질의 양과 화학 반응식""]","[""용액 제조"",""몰 농도"",""전자""]",물질의 양과 화학 반응식,물질의 양과 화학 반응식,false,false,false,[]
assessment_task_20d3346d0a,생명과학,생명과학,I_or_other,textbook_concept_dictionary,true,clean,clean,both,"[""수정"",""생식과 생명의 연속성""]","[""수정""]",생식과 생명의 연속성,생식과 생명의 연속성,false,false,false,[]
assessment_task_15fa56950a,생명과학,생명과학,I_or_other,subject_fallback,false,fallback,fallback,none,"[""생명과학""]",[],,,false,false,false,[]
assessment_task_82b312d6a0,인공지능 기초,인공지능 기초,I_or_other,textbook_concept_dictionary,true,clean,clean,both,"[""인공지능""]","[""인공지능""]",,인공지능,false,false,true,"[""정보""]"
assessment_task_1f61edebcb,인공지능 기초,인공지능 기초,I_or_other,textbook_plus_legacy,true,clean,clean,both,"[""알고리즘""]","[""알고리즘"",""인공지능"",""모델""]",알고리즘 설계와 분석,알고리즘 설계와 분석,false,false,false,"[""정보""]"
assessment_task_b5f3d0bf5a,데이터 과학,데이터 과학,I_or_other,textbook_concept_dictionary,true,clean,clean,both,"[""데이터"",""시각화""]","[""데이터"",""시각화""]",,데이터,false,false,true,"[""확률과 통계"",""정보""]"
assessment_task_c13da34078,데이터 과학,데이터 과학,I_or_other,textbook_plus_legacy,true,clean,clean,both,"[""모델링"",""추상화와 문제 분해""]","[""데이터"",""모델링"",""공유"",""모델"",""탐색""]",추상화와 문제 분해,추상화와 문제 분해,false,false,false,"[""확률과 통계"",""정보""]"
assessment_task_62cd08f94c,생명과학,생명과학 실험,I_or_other,textbook_plus_legacy,true,clean,clean,both,"[""DNA"",""반응 속도"",""효소"",""유전자와 염색체""]","[""반응 속도"",""DNA"",""유전자"",""군집"",""세포"",""진화"",""형질"",""효소""]",유전자와 염색체,유전자와 염색체,false,false,false,[]
assessment_task_593175b338,생명과학,생명과학 실험,I_or_other,textbook_plus_legacy,true,clean,clean,both,"[""DNA"",""반응 속도"",""효소"",""유전자와 염색체""]","[""반응 속도"",""DNA"",""유전자"",""군집"",""세포"",""진화"",""형질"",""효소""]",유전자와 염색체,유전자와 염색체,false,false,false,[]
assessment_task_5f88e3ef06,기하,기하,I_or_other,textbook_concept_dictionary,true,clean,clean,both,"[""이차곡선""]","[""이차곡선""]",,이차곡선,false,false,false,[]
assessment_task_c00b09795d,기하,기하,I_or_other,textbook_plus_legacy,true,clean,clean,both,"[""벡터""]","[""평면벡터"",""벡터"",""평면""]",평면벡터와 벡터의 연산,평면벡터와 벡터의 연산,false,false,false,[]
assessment_task_65ccad0935,물리,물리학Ⅱ,II,subject_fallback,false,fallback,fallback,none,"[""물리""]",[],,,false,false,false,[]
assessment_task_d8cde24557,물리,물리학Ⅱ,II,subject_fallback,false,fallback,fallback,none,"[""물리""]",[],,,false,false,false,[]
assessment_task_53d478c0ff,화학,화학Ⅱ,II,subject_fallback,false,fallback,fallback,none,"[""화학""]",[],,,false,false,false,[]
assessment_task_fb90252851,화학,화학Ⅱ,II,subject_fallback,false,fallback,fallback,none,"[""화학""]",[],,,false,false,false,[]
assessment_task_3c43262dee,생명과학,생명과학Ⅱ,II,subject_fallback,false,fallback,fallback,none,"[""생명과학""]",[],,,false,false,false,[]
assessment_task_99fe28a135,생명과학,생명과학Ⅱ,II,textbook_plus_legacy,true,clean,clean,both,"[""DNA"",""유전""]","[""DNA"",""생태계"",""유전자"",""세포"",""항체"",""유전""]",유전자와 염색체,유전자와 염색체,false,false,false,[]
assessment_task_2beb583ea7,지구과학,지구과학Ⅱ,II,subject_fallback,false,fallback,fallback,none,"[""지구과학""]",[],,,false,false,false,[]
assessment_task_fb75d97bcd,지구과학,지구과학Ⅱ,II,subject_fallback,false,fallback,fallback,none,"[""지구과학""]",[],,,false,false,false,[]
assessment_task_119ff5190e,물리,고급 물리학,I_or_other,subject_fallback,false,fallback,fallback,none,"[""물리""]",[],,,false,false,false,[]
assessment_task_d9fdd2d6c2,물리,고급 물리학,I_or_other,textbook_concept_dictionary,true,clean,clean,both,"[""퍼텐셜 에너지"",""내부 에너지"",""에너지와 열""]","[""퍼텐셜 에너지"",""내부 에너지"",""운동 에너지"",""전류""]",에너지와 열,에너지와 열,false,false,false,[]
assessment_task_5b38e4952a,공통수학1,공통수학1,I_or_other,subject_fallback,false,fallback,fallback,none,"[""공통수학1""]",[],,,false,false,false,[]
assessment_task_31831a827f,공통수학1,공통수학1,I_or_other,subject_fallback,false,fallback,fallback,none,"[""공통수학1""]",[],,,false,false,false,[]
assessment_task_dc4e13c2d0,공통수학1,공통수학1,I_or_other,subject_fallback,false,fallback,fallback,none,"[""공통수학1""]",[],,,false,false,false,[]
assessment_task_5e8959a346,통합사회1,통합사회1,I_or_other,textbook_concept_dictionary,true,record_only,record_only,record,"[""해결 방안"",""인권 보장과 시민 참여""]","[""문제 해결"",""해결 방안"",""환경 문제""]",인권 보장과 시민 참여,인권 보장과 시민 참여,false,false,false,[]
assessment_task_8eca8b799b,통합사회1,통합사회1,I_or_other,textbook_concept_dictionary,true,clean,clean,both,"[""문화 상대주의"",""보편 윤리"",""문화 다양성과 세계화""]","[""문화 상대주의"",""보편 윤리""]",문화 다양성과 세계화,문화 다양성과 세계화,false,false,false,[]
assessment_task_f61735323c,통합사회1,통합사회1,I_or_other,textbook_concept_dictionary,true,record_only,record_only,record,"[""해결 방안"",""인권 보장과 시민 참여""]","[""해결 방안""]",인권 보장과 시민 참여,인권 보장과 시민 참여,false,false,false,[]
assessment_task_5bc9e1c366,통합과학1,통합과학1,I_or_other,textbook_plus_legacy,true,clean,clean,both,"[""상호작용"",""생물권"",""지구 시스템""]","[""지구시스템"",""상호작용"",""생물권"",""권역"",""수권"",""지구"",""지구 시스템""]",지구시스템,지구시스템,false,false,false,[]
assessment_task_e41f1058e7,통합과학1,통합과학1,I_or_other,textbook_plus_legacy,true,clean,clean,both,"[""반응"",""효소"",""생명 시스템""]","[""반응"",""효소""]",생명 시스템,생명 시스템,false,false,false,[]
assessment_task_86f51e054b,통합과학1,통합과학1,I_or_other,subject_fallback,false,fallback,fallback,none,"[""통합과학1""]",[],,,false,false,false,[]
assessment_task_c8a34090dc,물리,물리학,I_or_other,textbook_concept_dictionary,true,clean,clean,both,"[""속도"",""힘과 운동""]","[""속도""]",힘과 운동,힘과 운동,false,false,false,[]
assessment_task_663755fb6d,물리,물리학,I_or_other,subject_fallback,false,fallback,fallback,none,"[""물리""]",[],,,false,false,false,[]
assessment_task_e2d7e17948,정보,정보,I_or_other,textbook_plus_legacy,true,clean,clean,both,"[""모델링"",""추상화와 문제 분해""]","[""문제 분해"",""모델링"",""모델""]",추상화와 문제 분해,추상화와 문제 분해,false,false,false,[]
assessment_task_f6c161b9de,정보,정보,I_or_other,textbook_concept_dictionary,true,clean,clean,both,"[""AI""]","[""AI""]",,AI,false,false,false,[]
assessment_task_dd179e1b83,정보,정보,I_or_other,textbook_concept_dictionary,true,clean,clean,both,"[""문제 해결"",""시각화"",""자료와 정보의 분석""]","[""문제 해결"",""디지털"",""시각화""]",자료와 정보의 분석,자료와 정보의 분석,false,false,false,[]
assessment_task_17b8ef0243,대수,대수,I_or_other,subject_fallback,false,fallback,fallback,none,"[""대수""]",[],,,false,false,false,[]
assessment_task_65b5107b02,대수,대수,I_or_other,subject_fallback,false,fallback,fallback,none,"[""대수""]",[],,,false,false,false,[]
assessment_task_04d4bc48ec,대수,대수,I_or_other,subject_fallback,false,fallback,fallback,none,"[""대수""]",[],,,false,false,false,[]
assessment_task_188275fce2,미적분1,미적분Ⅰ,I_or_other,textbook_plus_legacy,true,clean,clean,both,"[""모델링""]","[""모델링""]",,모델링,false,false,false,[]
assessment_task_44b26c4c78,미적분1,미적분Ⅰ,I_or_other,subject_fallback,false,fallback,fallback,none,"[""미적분1""]",[],,,false,false,false,[]
assessment_task_4764822979,미적분1,미적분Ⅰ,I_or_other,subject_fallback,false,fallback,fallback,none,"[""미적분1""]",[],,,false,false,false,[]
assessment_task_e7e56af515,화학,화학,I_or_other,subject_fallback,false,fallback,fallback,none,"[""화학""]",[],,,false,false,false,[]
assessment_task_e7d36e342e,화학,화학,I_or_other,subject_fallback,false,fallback,fallback,none,"[""화학""]",[],,,false,false,false,[]
assessment_task_abdfa9c058,화학,화학,I_or_other,subject_fallback,false,fallback,fallback,none,"[""화학""]",[],,,false,false,false,[]
assessment_task_226ecde327,생명과학,생명과학,I_or_other,subject_fallback,false,fallback,fallback,none,"[""생명과학""]",[],,,false,false,false,[]
assessment_task_5638c43406,생명과학,생명과학,I_or_other,subject_fallback,false,fallback,fallback,none,"[""생명과학""]",[],,,false,false,false,[]
assessment_task_524f99f5ed,생명과학,생명과학,I_or_other,textbook_concept_dictionary,true,clean,clean,both,"[""병원체"",""면역과 백신""]","[""병원체"",""면역"",""백신"",""세포""]",면역과 백신,면역과 백신,false,false,false,[]
assessment_task_9cf6f71637,지구과학,지구과학,I_or_other,textbook_plus_legacy,true,clean,clean,both,"[""기후 변화""]","[""기후 변화"",""기후""]",,기후 변화,false,false,false,[]
assessment_task_1905753546,지구과학,지구과학,I_or_other,textbook_concept_dictionary,true,record_only,record_only,record,"[""방사성 동위 원소"",""절대 연령"",""지층과 지질시대""]","[""방사성 동위 원소"",""절대 연령""]",지층과 지질시대,지층과 지질시대,false,false,false,[]
assessment_task_fb20cb8a43,지구과학,지구과학,I_or_other,subject_fallback,false,fallback,fallback,none,"[""지구과학""]",[],,,false,false,false,[]
assessment_task_f4d5537acf,역학과 에너지,역학과에너지,I_or_other,subject_fallback,false,fallback,fallback,none,"[""역학과 에너지""]",[],,,false,false,false,[]
assessment_task_0af87a7949,역학과 에너지,역학과에너지,I_or_other,textbook_concept_dictionary,true,clean,clean,both,"[""포물선 운동"",""시공간과 운동""]","[""포물선 운동""]",시공간과 운동,시공간과 운동,false,false,false,[]
assessment_task_08c5572ff8,역학과 에너지,역학과에너지,I_or_other,subject_fallback,false,fallback,fallback,none,"[""역학과 에너지""]",[],,,false,false,false,[]
assessment_task_adef858097,인공지능 기초,인공지능 기초,I_or_other,textbook_concept_dictionary,true,clean,clean,both,"[""사회 변화"",""인공지능"",""정보 사회""]","[""사회 변화"",""인공지능"",""시각화"",""탐색""]",정보 사회,정보 사회,false,false,true,"[""정보""]"
assessment_task_795557d9af,인공지능 기초,인공지능 기초,I_or_other,textbook_concept_dictionary,true,clean,clean,both,"[""자료 수집"",""시각화"",""자료와 정보의 분석""]","[""프로그래밍 언어"",""인공지능"",""자료 수집"",""시각화"",""모델""]",자료와 정보의 분석,자료와 정보의 분석,false,false,true,"[""정보""]"
assessment_task_241f57a3a1,인공지능 기초,인공지능 기초,I_or_other,textbook_plus_legacy,true,clean,clean,both,"[""문제 해결"",""탐색"",""알고리즘"",""자료와 정보의 분석""]","[""문제 해결"",""알고리즘"",""인공지능"",""AI"",""모델"",""탐색""]",자료와 정보의 분석,자료와 정보의 분석,false,false,false,"[""정보""]"
assessment_task_cffe404820,미적분1,미적분,I_or_other,subject_fallback,false,fallback,fallback,none,"[""미적분1""]",[],,,false,false,false,[]
assessment_task_109a2819f5,미적분1,미적분,I_or_other,textbook_plus_legacy,true,clean,clean,both,"[""변곡점"",""감소"",""함수""]","[""변곡점"",""감소"",""증가"",""함수"",""미분""]",도함수의 활용,도함수의 활용,false,false,false,[]
assessment_task_8f987aa003,기하,기하,I_or_other,subject_fallback,false,fallback,fallback,none,"[""기하""]",[],,,false,false,false,[]
assessment_task_20884c1e9a,기하,기하,I_or_other,subject_fallback,false,fallback,fallback,none,"[""기하""]",[],,,false,false,false,[]
assessment_task_d0da4b3ecd,물리,물리학Ⅱ,II,textbook_concept_dictionary,true,clean,clean,both,"[""속도"",""힘과 운동""]","[""속도""]",힘과 운동,힘과 운동,false,false,false,[]
assessment_task_89f1e665bc,물리,물리학Ⅱ,II,subject_fallback,false,fallback,fallback,none,"[""물리""]",[],,,false,false,false,[]
assessment_task_07c044d400,화학,화학Ⅱ,II,subject_fallback,false,fallback,fallback,none,"[""화학""]",[],,,false,false,false,[]
assessment_task_d1dce759a5,화학,화학Ⅱ,II,textbook_concept_dictionary,true,clean,clean,both,"[""물질의 양과 화학 반응식""]","[""화학 반응식"",""반응식""]",물질의 양과 화학 반응식,물질의 양과 화학 반응식,false,false,false,[]
assessment_task_5befcceef0,생명과학,생명과학Ⅱ,II,subject_fallback,false,fallback,fallback,none,"[""생명과학""]",[],,,false,false,false,[]
assessment_task_965fec025d,생명과학,생명과학Ⅱ,II,subject_fallback,false,fallback,fallback,none,"[""생명과학""]",[],,,false,false,false,[]
assessment_task_6afd585f09,생명과학,생명과학Ⅱ,II,subject_fallback,false,fallback,fallback,none,"[""생명과학""]",[],,,false,false,false,[]
assessment_task_b3b61fc707,지구과학,지구과학Ⅱ,II,textbook_concept_dictionary,true,clean,clean,both,"[""지층과 지질시대""]","[""생성 순서"",""지층""]",지층과 지질시대,지층과 지질시대,false,false,false,[]
assessment_task_75650de686,지구과학,지구과학Ⅱ,II,subject_fallback,false,fallback,fallback,none,"[""지구과학""]",[],,,false,false,false,[]
assessment_task_4914eb8a20,물리,고급물리학,I_or_other,subject_fallback,false,fallback,fallback,none,"[""물리""]",[],,,false,false,false,[]
assessment_task_d56e26ae70,물리,고급물리학,I_or_other,subject_fallback,false,fallback,fallback,none,"[""물리""]",[],,,false,false,false,[]
assessment_task_a6a5776702,물리,고급물리학,I_or_other,subject_fallback,false,fallback,fallback,none,"[""물리""]",[],,,false,false,false,[]
assessment_task_0ee069ce44,화학,고급화학,I_or_other,subject_fallback,false,fallback,fallback,none,"[""화학""]",[],,,false,false,false,[]
assessment_task_f5594a3545,화학,고급화학,I_or_other,subject_fallback,false,fallback,fallback,none,"[""화학""]",[],,,false,false,false,[]
assessment_task_6f63b92b07,화학,고급화학,I_or_other,subject_fallback,false,fallback,fallback,none,"[""화학""]",[],,,false,false,false,[]
assessment_task_12ac84039f,생명과학,고급생명과학,I_or_other,subject_fallback,false,fallback,fallback,none,"[""생명과학""]",[],,,false,false,false,[]
assessment_task_94550faeb3,생명과학,고급생명과학,I_or_other,textbook_plus_legacy,true,clean,clean,both,"[""유전자 발현"",""유전자와 염색체""]","[""유전자 발현"",""유전자"",""유전""]",유전자와 염색체,유전자와 염색체,false,false,false,[]
assessment_task_30bfcca299,생명과학,고급생명과학,I_or_other,subject_fallback,false,fallback,fallback,none,"[""생명과학""]",[],,,false,false,false,[]
assessment_task_2984ff87c9,공통수학1,공통수학1,I_or_other,subject_fallback,false,fallback,fallback,none,"[""공통수학1""]",[],,,false,false,false,[]
assessment_task_54b832dd61,공통수학1,공통수학1,I_or_other,subject_fallback,false,fallback,fallback,none,"[""공통수학1""]",[],,,false,false,false,[]
assessment_task_c9a44836b5,공통수학1,공통수학1,I_or_other,subject_fallback,false,fallback,fallback,none,"[""공통수학1""]",[],,,false,false,false,[]
assessment_task_231484a74d,공통수학2,공통수학2,I_or_other,textbook_concept_dictionary,true,clean,clean,both,"[""논리""]","[""논리""]",,논리,false,false,false,[]
assessment_task_58b235ac34,공통수학2,공통수학2,I_or_other,textbook_concept_dictionary,true,record_only,record_only,record,"[""논리""]","[""논리""]",,논리,false,false,false,[]
assessment_task_3f937b00d7,공통수학2,공통수학2,I_or_other,textbook_plus_legacy,true,clean,clean,both,"[""논리"",""모델링""]","[""논리"",""모델링""]",,논리,false,false,false,[]
assessment_task_5e3d097869,통합사회1,통합사회1,I_or_other,textbook_concept_dictionary,true,clean,clean,both,"[""공존""]","[""공존""]",,공존,false,false,false,[]
assessment_task_412f35a82c,통합사회1,통합사회1,I_or_other,subject_fallback,false,fallback,fallback,none,"[""통합사회1""]",[],,,false,false,false,[]
assessment_task_089b19bc33,통합과학1,통합과학1,I_or_other,textbook_concept_dictionary,true,record_only,record_only,record,"[""정확성""]","[""정확성""]",,정확성,false,false,false,[]
assessment_task_5736d0ce9c,통합과학1,통합과학1,I_or_other,textbook_concept_dictionary,true,record_only,record_only,record,"[""정확성""]","[""정확성""]",,정확성,false,false,false,[]
assessment_task_620175c8f1,통합과학2,통합과학2,I_or_other,subject_fallback,false,fallback,fallback,none,"[""통합과학2""]",[],,,false,false,false,[]
assessment_task_38f5742765,통합과학2,통합과학2,I_or_other,subject_fallback,false,fallback,fallback,none,"[""통합과학2""]",[],,,false,false,false,[]
assessment_task_5720b58b5b,화학,화학,I_or_other,subject_fallback,false,fallback,fallback,none,"[""화학""]",[],,,false,false,false,[]
assessment_task_8602a44ba5,화학,화학,I_or_other,subject_fallback,false,fallback,fallback,none,"[""화학""]",[],,,false,false,false,[]
assessment_task_a1b5638974,화학,화학,I_or_other,textbook_concept_dictionary,true,clean,clean,both,"[""용액 제조"",""몰 농도"",""물질의 양과 화학 반응식""]","[""용액 제조"",""몰 농도"",""pH"",""몰""]",물질의 양과 화학 반응식,물질의 양과 화학 반응식,false,false,false,[]
assessment_task_a8f8b7532b,역학과 에너지,역학과 에너지,I_or_other,textbook_concept_dictionary,true,record_only,record_only,record,"[""자료 분석""]","[""자료 분석""]",,자료 분석,false,false,false,[]
assessment_task_da98a3f990,역학과 에너지,역학과 에너지,I_or_other,textbook_concept_dictionary,true,clean,clean,both,"[""탄성파와 소리""]","[""탄성파와 소리"",""탄성파"",""소리""]",탄성파와 소리,탄성파와 소리,false,false,false,[]
assessment_task_91a7a3d4c1,역학과 에너지,역학과 에너지,I_or_other,subject_fallback,false,fallback,fallback,none,"[""역학과 에너지""]",[],,,false,false,false,[]
assessment_task_2c0712bc81,정보,정보과학,I_or_other,textbook_plus_legacy,true,clean,clean,both,"[""반복문"",""조건문"",""함수"",""프로그래밍과 자동화""]","[""문제 해결"",""재귀 함수"",""반복문"",""조건문"",""반복"",""변수"",""함수""]",프로그래밍과 자동화,프로그래밍과 자동화,false,false,false,[]
assessment_task_6b79a61eb3,정보,정보과학,I_or_other,textbook_plus_legacy,true,clean,clean,both,"[""문제 해결"",""자료 분석"",""알고리즘"",""자료와 정보의 분석""]","[""문제 해결"",""알고리즘"",""자료 분석"",""효율성"",""정렬""]",자료와 정보의 분석,자료와 정보의 분석,false,false,false,[]
assessment_task_fc4b5ee66f,정보,정보과학,I_or_other,textbook_concept_dictionary,true,clean,clean,both,"[""의사소통"",""컴퓨팅 시스템과 네트워크""]","[""문제 해결"",""의사소통"",""정보 과학"",""소통""]",컴퓨팅 시스템과 네트워크,컴퓨팅 시스템과 네트워크,false,false,false,[]
assessment_task_d2d7e5fcd1,미적분1,미적분Ⅱ,I_or_other,subject_fallback,false,fallback,fallback,none,"[""미적분1""]",[],,,false,false,false,[]
assessment_task_80a365b4a7,미적분1,미적분Ⅱ,I_or_other,subject_fallback,false,fallback,fallback,none,"[""미적분1""]",[],,,false,false,false,[]
assessment_task_c50a6eb10c,미적분1,미적분Ⅱ,I_or_other,subject_fallback,false,fallback,fallback,none,"[""미적분1""]",[],,,false,false,false,[]
assessment_task_7c3cc5f067,과학탐구실험2,과학탐구실험2,I_or_other,textbook_concept_dictionary,true,record_only,record_only,record,"[""안전""]","[""안전""]",,안전,false,false,false,[]
assessment_task_3feded9007,과학탐구실험2,과학탐구실험2,I_or_other,textbook_concept_dictionary,true,record_only,record_only,record,"[""안전""]","[""안전""]",,안전,false,false,false,[]
assessment_task_3a8c8ea815,과학탐구실험2,과학탐구실험2,I_or_other,textbook_concept_dictionary,true,record_only,record_only,record,"[""안전""]","[""안전""]",,안전,false,false,false,[]
assessment_task_409f405a45,과학탐구실험2,과학탐구실험2,I_or_other,textbook_concept_dictionary,true,record_only,record_only,record,"[""안전""]","[""안전""]",,안전,false,false,false,[]
assessment_task_dc0d8f3339,과학탐구실험2,과학탐구실험2,I_or_other,subject_fallback,false,fallback,fallback,none,"[""과학탐구실험2""]",[],,,false,false,false,[]
assessment_task_0b4a374c5e,물리,고급 물리학,I_or_other,subject_fallback,false,fallback,fallback,none,"[""물리""]",[],,,false,false,false,[]
assessment_task_c590b00e85,물리,고급 물리학,I_or_other,subject_fallback,false,fallback,fallback,none,"[""물리""]",[],,,false,false,false,[]
assessment_task_afed8ece51,물리,고급 물리학,I_or_other,subject_fallback,false,fallback,fallback,none,"[""물리""]",[],,,false,false,false,[]
assessment_task_2082524e31,화학,고급 화학,I_or_other,textbook_concept_dictionary,true,clean,clean,both,"[""탄소 화합물의 유용성""]","[""탄소 화합물""]",탄소 화합물의 유용성,탄소 화합물의 유용성,false,false,false,[]
assessment_task_916f7e8faf,화학,고급 화학,I_or_other,subject_fallback,false,fallback,fallback,none,"[""화학""]",[],,,false,false,false,[]
assessment_task_3fb90e7173,화학,고급 화학,I_or_other,textbook_concept_dictionary,true,clean,clean,both,"[""양성자"",""원자의 구조""]","[""양성자"",""적정""]",원자의 구조,원자의 구조,false,false,false,[]
assessment_task_8974cb2893,생명과학,고급 생명과학,I_or_other,textbook_plus_legacy,true,clean,clean,both,"[""유전""]","[""유전자"",""전달"",""유전""]",유전자와 염색체,유전자와 염색체,false,false,false,[]
assessment_task_101dc40fa3,생명과학,고급 생명과학,I_or_other,subject_fallback,false,fallback,fallback,none,"[""생명과학""]",[],,,false,false,false,[]
assessment_task_87e276fc71,지구과학,고급 지구과학,I_or_other,textbook_concept_dictionary,true,clean,clean,both,"[""분류""]","[""분류""]",,분류,false,false,false,[]
assessment_task_e3b3a21920,지구과학,고급 지구과학,I_or_other,subject_fallback,false,fallback,fallback,none,"[""지구과학""]",[],,,false,false,false,[]
assessment_task_a92ec149bd,지구과학,고급 지구과학,I_or_other,subject_fallback,false,fallback,fallback,none,"[""지구과학""]",[],,,false,false,false,[]
assessment_task_d7ec58c8ee,정보,정보과학융합 탐구,I_or_other,textbook_concept_dictionary,true,clean,clean,both,"[""의사소통"",""컴퓨팅 시스템과 네트워크""]","[""의사소통"",""정보 과학"",""소통""]",컴퓨팅 시스템과 네트워크,컴퓨팅 시스템과 네트워크,false,false,false,[]
assessment_task_b1c1f145fe,정보,정보과학융합 탐구,I_or_other,textbook_concept_dictionary,true,clean,clean,both,"[""문제 해결"",""자료와 정보의 분석""]","[""문제 해결"",""정보 과학""]",자료와 정보의 분석,자료와 정보의 분석,false,false,false,[]
assessment_task_10d1e6f78f,정보,정보과학융합 탐구,I_or_other,textbook_concept_dictionary,true,clean,clean,both,"[""문제 해결"",""자료와 정보의 분석""]","[""문제 해결"",""정보 과학""]",자료와 정보의 분석,자료와 정보의 분석,false,false,false,[]
assessment_task_406ab49244,물리,물리학 실험,I_or_other,subject_fallback,false,fallback,fallback,none,"[""물리""]",[],,,false,false,false,[]
assessment_task_422bfedfc8,물리,물리학 실험,I_or_other,subject_fallback,false,fallback,fallback,none,"[""물리""]",[],,,false,false,false,[]
assessment_task_e70fb11291,화학,화학 실험,I_or_other,subject_fallback,false,fallback,fallback,none,"[""화학""]",[],,,false,false,false,[]
assessment_task_09e6c3766a,화학,화학 실험,I_or_other,subject_fallback,false,fallback,fallback,none,"[""화학""]",[],,,false,false,false,[]
assessment_task_bc583a0ab3,생명과학,생명과학 실험,I_or_other,textbook_concept_dictionary,true,record_only,record_only,record,"[""전달""]","[""전달""]",,전달,false,false,false,[]
assessment_task_fc46b97efb,생명과학,생명과학 실험,I_or_other,subject_fallback,false,fallback,fallback,none,"[""생명과학""]",[],,,false,false,false,[]
assessment_task_fe861a61e4,생명과학,생명과학 실험,I_or_other,textbook_plus_legacy,true,clean,clean,both,"[""유전""]","[""유전자"",""유전""]",유전자와 염색체,유전자와 염색체,false,false,false,[]
assessment_task_710ec56989,지구과학,지구과학 실험,I_or_other,subject_fallback,false,fallback,fallback,none,"[""지구과학""]",[],,,false,false,false,[]
assessment_task_da43614b64,지구과학,지구과학 실험,I_or_other,subject_fallback,false,fallback,fallback,none,"[""지구과학""]",[],,,false,false,false,[]
assessment_task_adc355d1bd,물리,AP 일반 물리Ⅰ,I_or_other,subject_fallback,false,fallback,fallback,none,"[""물리""]",[],,,false,false,false,[]
assessment_task_d10d0a9767,물리,AP 일반 물리Ⅰ,I_or_other,subject_fallback,false,fallback,fallback,none,"[""물리""]",[],,,false,false,false,[]
assessment_task_501e0658b4,물리,AP 일반 물리Ⅰ,I_or_other,subject_fallback,false,fallback,fallback,none,"[""물리""]",[],,,false,false,false,[]
assessment_task_e3c53f523a,화학,AP 일반 화학Ⅰ,I_or_other,subject_fallback,false,fallback,fallback,none,"[""화학""]",[],,,false,false,false,[]
assessment_task_056cf19f51,화학,AP 일반 화학Ⅰ,I_or_other,subject_fallback,false,fallback,fallback,none,"[""화학""]",[],,,false,false,false,[]
assessment_task_c4b3cbe3b3,인공지능 기초,인공지능 기초,I_or_other,textbook_concept_dictionary,true,clean,clean,both,"[""의사소통"",""컴퓨팅 시스템과 네트워크""]","[""의사소통"",""인공지능"",""자료 분석"",""소통""]",컴퓨팅 시스템과 네트워크,컴퓨팅 시스템과 네트워크,false,false,true,"[""정보""]"
assessment_task_be0dd04f16,인공지능 기초,인공지능 기초,I_or_other,textbook_concept_dictionary,true,clean,clean,both,"[""문제 해결"",""자료와 정보의 분석""]","[""문제 해결"",""인공지능""]",자료와 정보의 분석,자료와 정보의 분석,false,false,true,"[""정보""]"
assessment_task_64dc3f31e5,인공지능 기초,인공지능 기초,I_or_other,textbook_concept_dictionary,true,clean,clean,both,"[""의사소통"",""컴퓨팅 시스템과 네트워크""]","[""의사소통"",""인공지능"",""자료 분석"",""소통""]",컴퓨팅 시스템과 네트워크,컴퓨팅 시스템과 네트워크,false,false,true,"[""정보""]"
assessment_task_3b2cff3e8b,데이터 과학,데이터 과학,I_or_other,textbook_concept_dictionary,true,clean,clean,both,"[""자료 분석"",""자료와 정보의 분석""]","[""자료 분석"",""데이터"",""모델""]",자료와 정보의 분석,자료와 정보의 분석,false,false,true,"[""정보"",""확률과 통계""]"
assessment_task_ea24a1d9aa,데이터 과학,데이터 과학,I_or_other,textbook_plus_legacy,true,clean,clean,both,"[""의사소통"",""알고리즘"",""컴퓨팅 시스템과 네트워크""]","[""알고리즘"",""의사소통"",""자료 분석"",""데이터"",""모델"",""소통""]",컴퓨팅 시스템과 네트워크,컴퓨팅 시스템과 네트워크,false,false,false,"[""정보"",""확률과 통계""]"
assessment_task_16e6312d98,공통수학1,공통수학1,I_or_other,textbook_concept_dictionary,true,clean,clean,both,"[""항등식의 성질"",""나머지정리와 인수분해""]","[""항등식의 성질"",""나머지정리"",""인수분해"",""나머지"",""다항식"",""항등식"",""인수""]",나머지정리와 인수분해,나머지정리와 인수분해,false,false,false,[]
assessment_task_bc103c9afd,공통수학1,공통수학1,I_or_other,textbook_concept_dictionary,true,clean,clean,both,"[""항등식의 성질"",""나머지정리와 인수분해""]","[""항등식의 성질"",""나머지정리"",""인수분해"",""나머지"",""다항식"",""항등식"",""인수""]",나머지정리와 인수분해,나머지정리와 인수분해,false,false,false,[]
assessment_task_3fcd9fb2e9,공통수학1,공통수학1,I_or_other,textbook_plus_legacy,true,clean,clean,both,"[""연립이차방정식"",""연립일차부등식"",""함수"",""여러 가지 방정식과 부등식""]","[""이차방정식과 이차함수"",""근과 계수의 관계"",""연립이차방정식"",""연립일차부등식"",""사차방정식"",""삼차방정식"",""이차방정식"",""근과 계수""]",여러 가지 방정식과 부등식,여러 가지 방정식과 부등식,false,false,false,[]
assessment_task_e0c520ff13,공통수학2,공통수학2,I_or_other,textbook_concept_dictionary,true,clean,clean,both,"[""점과 직선 사이의 거리"",""선분의 내분"",""평면좌표와 직선의 방정식""]","[""점과 직선 사이의 거리"",""선분의 내분"",""원의 방정식"",""내분점"",""거리"",""내분"",""논리"",""수직""]",평면좌표와 직선의 방정식,평면좌표와 직선의 방정식,false,false,false,[]
assessment_task_8c37133d0b,공통수학2,공통수학2,I_or_other,textbook_concept_dictionary,true,clean,clean,both,"[""점과 직선 사이의 거리"",""선분의 내분"",""평면좌표와 직선의 방정식""]","[""점과 직선 사이의 거리"",""선분의 내분"",""원의 방정식"",""내분점"",""거리"",""내분"",""논리"",""수직""]",평면좌표와 직선의 방정식,평면좌표와 직선의 방정식,false,false,false,[]
assessment_task_c9ba3cda3a,공통수학2,공통수학2,I_or_other,textbook_concept_dictionary,true,clean,clean,both,"[""귀류법"",""논리"",""명제""]","[""포함 관계"",""귀류법"",""논리"",""대우"",""명제"",""증명"",""집합"",""포함""]",명제,명제,false,false,false,[]
assessment_task_eb724beea9,통합과학1,통합과학1,I_or_other,textbook_concept_dictionary,true,clean,clean,both,"[""반응"",""생명 시스템""]","[""생명 시스템"",""반응"",""세포""]",생명 시스템,생명 시스템,false,false,false,[]
assessment_task_9d95337f78,통합과학1,통합과학1,I_or_other,textbook_concept_dictionary,true,clean,clean,both,"[""길이"",""시간"",""기본량과 단위""]","[""시간 측정"",""기본량"",""규모"",""길이"",""단위"",""시간""]",기본량과 단위,기본량과 단위,false,false,false,[]
assessment_task_bc8ad328aa,통합과학1,통합과학1,I_or_other,textbook_concept_dictionary,true,clean,clean,both,"[""정보 통신"",""측정 표준"",""과학의 측정과 우리 사회""]","[""스펙트럼"",""시간 측정"",""정보 통신"",""측정 표준"",""현대 문명"",""기본량"",""디지털"",""태양계""]",과학의 측정과 우리 사회,과학의 측정과 우리 사회,false,false,false,[]
assessment_task_52f4d430cc,통합사회1,통합사회1,I_or_other,textbook_concept_dictionary,true,clean,clean,both,"[""기후"",""자연환경과 인간의 공존""]","[""자연환경"",""기후""]",자연환경과 인간의 공존,자연환경과 인간의 공존,false,false,false,[]
assessment_task_0f4ee8a22e,통합사회1,통합사회1,I_or_other,textbook_concept_dictionary,true,clean,clean,both,"[""다문화 사회"",""문화 다양성과 세계화""]","[""다문화 사회"",""문화 다양성"",""해결 방안""]",문화 다양성과 세계화,문화 다양성과 세계화,false,false,false,[]
assessment_task_72027a20fa,물리,물리학,I_or_other,textbook_plus_legacy,true,clean,clean,both,"[""뉴턴 운동 법칙"",""등가속도 운동"",""운동량"",""힘과 운동""]","[""역학적 에너지 보존"",""뉴턴 운동 법칙"",""등가속도 운동"",""역학적 에너지"",""운동 에너지"",""운동량 보존"",""가속도"",""알짜힘""]",힘과 운동,힘과 운동,false,false,false,[]
assessment_task_4f81d12acb,물리,물리학,I_or_other,textbook_plus_legacy,true,clean,clean,both,"[""뉴턴 운동 법칙"",""등가속도 운동"",""운동량"",""힘과 운동""]","[""역학적 에너지 보존"",""뉴턴 운동 법칙"",""등가속도 운동"",""역학적 에너지"",""운동 에너지"",""운동량 보존"",""가속도"",""알짜힘""]",힘과 운동,힘과 운동,false,false,false,[]
assessment_task_cf744064bf,미적분1,미적분Ⅰ,I_or_other,textbook_plus_legacy,true,clean,clean,both,"[""함수"",""극한""]","[""극한"",""함수""]",수열의 극한,수열의 극한,false,false,false,[]
assessment_task_bd862927a5,미적분1,미적분Ⅰ,I_or_other,textbook_plus_legacy,true,clean,clean,both,"[""곱의 미분"",""함수"",""모델링"",""여러 가지 미분법""]","[""곱의 미분"",""도함수"",""모델링"",""접선"",""함수"",""미분""]",여러 가지 미분법,여러 가지 미분법,false,false,false,[]
assessment_task_41821c785e,생명과학,생명과학,I_or_other,subject_fallback,false,fallback,fallback,none,"[""생명과학""]",[],,,false,false,false,[]
assessment_task_595fc9282d,생명과학,생명과학,I_or_other,textbook_plus_legacy,true,clean,clean,both,"[""항상성"",""생명과학의 이해""]","[""상호 작용"",""신경계"",""항상성""]",생명과학의 이해,생명과학의 이해,false,false,false,[]
assessment_task_74769ccfd5,세포와 물질대사,세포와 물질대사,I_or_other,textbook_plus_legacy,true,clean,clean,both,"[""효소""]","[""효소""]",효소와 대사 반응,효소와 대사 반응,false,false,false,[]
assessment_task_f4eeb11af5,세포와 물질대사,세포와 물질대사,I_or_other,textbook_concept_dictionary,true,clean,clean,both,"[""세포 소기관"",""세포의 구조와 물질 이동""]","[""세포 소기관""]",세포의 구조와 물질 이동,세포의 구조와 물질 이동,false,false,false,[]
assessment_task_b7ba88cf07,인공지능 기초,인공지능 기초,I_or_other,textbook_concept_dictionary,true,clean,clean,both,"[""문제 해결"",""자료 분석"",""자료와 정보의 분석""]","[""문제 해결"",""인공지능"",""자료 분석"",""AI"",""정보"",""탐색""]",자료와 정보의 분석,자료와 정보의 분석,false,false,true,"[""정보""]"
assessment_task_a6b250b8a3,인공지능 기초,인공지능 기초,I_or_other,textbook_plus_legacy,true,clean,clean,both,"[""문제 해결"",""자료 분석"",""알고리즘"",""자료와 정보의 분석""]","[""문제 해결"",""알고리즘"",""자료 분석"",""모델링"",""모델""]",자료와 정보의 분석,자료와 정보의 분석,false,false,false,"[""정보""]"
assessment_task_aa681b9b95,지구과학,지구과학,I_or_other,textbook_plus_legacy,true,clean,clean,both,"[""중위도 저기압"",""레이더 영상"",""기후 변화"",""날씨의 변화""]","[""방사성 동위 원소"",""중위도 저기압"",""날씨의 변화"",""레이더 영상"",""태풍의 발생"",""기후 변화"",""남방진동"",""상대 연령""]",날씨의 변화,날씨의 변화,false,false,false,[]
assessment_task_af028387a4,지구과학,지구과학,I_or_other,textbook_plus_legacy,true,clean,clean,both,"[""중위도 저기압"",""레이더 영상"",""기후 변화"",""날씨의 변화""]","[""방사성 동위 원소"",""중위도 저기압"",""날씨의 변화"",""레이더 영상"",""태풍의 발생"",""기후 변화"",""남방진동"",""상대 연령""]",날씨의 변화,날씨의 변화,false,false,false,[]
assessment_task_2d69a08f47,화학 반응의 세계,화학 반응의 세계,I_or_other,textbook_concept_dictionary,true,clean,clean,both,"[""염기"",""산"",""화학 반응에서의 동적 평형""]","[""염기"",""산""]",화학 반응에서의 동적 평형,화학 반응에서의 동적 평형,false,false,true,"[""화학""]"
assessment_task_9fb6bfc23e,화학 반응의 세계,화학 반응의 세계,I_or_other,textbook_plus_legacy,true,clean,clean,both,"[""산화 환원"",""산화수"",""화학 평형"",""화학 반응과 열의 출입""]","[""산화 환원"",""반응식"",""산화수"",""pH"",""산화"",""염기"",""적정"",""전자""]",화학 반응과 열의 출입,화학 반응과 열의 출입,false,false,false,"[""화학""]"
assessment_task_470c5c3fca,화학,화학,I_or_other,textbook_concept_dictionary,true,clean,clean,both,"[""물질의 양과 화학 반응식""]","[""화학 반응식"",""반응식""]",물질의 양과 화학 반응식,물질의 양과 화학 반응식,false,false,false,[]
assessment_task_cc7327a8b2,화학,화학,I_or_other,textbook_concept_dictionary,true,clean,clean,both,"[""전자쌍 반발"",""분자 구조"",""분자의 구조와 성질""]","[""전자쌍 반발"",""분자 구조"",""전자쌍"",""전자""]",분자의 구조와 성질,분자의 구조와 성질,false,false,false,[]
assessment_task_cef167f99c,물리,고급 물리학,I_or_other,textbook_plus_legacy,true,clean,clean,both,"[""역학적 에너지 보존"",""퍼텐셜 에너지"",""미분"",""에너지와 열""]","[""역학적 에너지 보존"",""등가속도 운동"",""역학적 에너지"",""퍼텐셜 에너지"",""용수철 진자"",""운동 에너지"",""가속도"",""속도""]",에너지와 열,에너지와 열,false,false,false,[]
assessment_task_60d6cccdb2,물리,고급 물리학,I_or_other,textbook_plus_legacy,true,clean,clean,both,"[""역학적 에너지 보존"",""퍼텐셜 에너지"",""미분"",""에너지와 열""]","[""역학적 에너지 보존"",""등가속도 운동"",""역학적 에너지"",""퍼텐셜 에너지"",""용수철 진자"",""운동 에너지"",""뉴턴 법칙"",""가속도""]",에너지와 열,에너지와 열,false,false,false,[]
assessment_task_1a1811efb9,물리,고급 물리학,I_or_other,textbook_plus_legacy,true,clean,clean,both,"[""운동량"",""관성"",""힘과 운동""]","[""운동량"",""관성""]",힘과 운동,힘과 운동,false,false,false,[]
assessment_task_c583d81294,물리,고급 물리학,I_or_other,textbook_plus_legacy,true,clean,clean,both,"[""역학적 에너지 보존"",""퍼텐셜 에너지"",""미분"",""에너지와 열""]","[""역학적 에너지 보존"",""등가속도 운동"",""역학적 에너지"",""퍼텐셜 에너지"",""용수철 진자"",""운동 에너지"",""뉴턴 법칙"",""가속도""]",에너지와 열,에너지와 열,false,false,false,[]
assessment_task_cbb6e0d6b9,생명과학,고급 생명과학,I_or_other,textbook_concept_dictionary,true,clean,clean,both,"[""병원체"",""항체"",""면역과 백신""]","[""ATP"",""병원체"",""면역"",""발생"",""세포"",""적응"",""전달"",""항체""]",면역과 백신,면역과 백신,false,false,false,[]
assessment_task_2a20df7acf,생명과학,고급 생명과학,I_or_other,textbook_concept_dictionary,true,clean,clean,both,"[""병원체"",""항체"",""면역과 백신""]","[""ATP"",""병원체"",""면역"",""발생"",""세포"",""적응"",""전달"",""항체""]",면역과 백신,면역과 백신,false,false,false,[]
assessment_task_512e6fb3c1,생명과학,고급 생명과학,I_or_other,textbook_plus_legacy,true,clean,clean,both,"[""DNA"",""유전""]","[""DNA"",""염색체"",""유전자"",""전달"",""유전""]",유전자와 염색체,유전자와 염색체,false,false,false,[]
assessment_task_2e1a4f3c5b,생명과학,고급 생명과학,I_or_other,textbook_concept_dictionary,true,clean,clean,both,"[""병원체"",""항체"",""면역과 백신""]","[""ATP"",""병원체"",""면역"",""발생"",""세포"",""적응"",""전달"",""항체""]",면역과 백신,면역과 백신,false,false,false,[]
assessment_task_18241ded93,화학,고급화학,I_or_other,textbook_concept_dictionary,true,clean,clean,both,"[""분자량"",""물질의 양과 화학 반응식""]","[""분자량""]",물질의 양과 화학 반응식,물질의 양과 화학 반응식,false,false,false,[]
assessment_task_701ed369a5,화학,고급화학,I_or_other,textbook_plus_legacy,true,clean,clean,both,"[""선 스펙트럼"",""에너지 준위"",""확률분포"",""현대의 원자 모형과 전자 배치""]","[""선 스펙트럼"",""에너지 준위"",""유효 핵전하"",""보어 모형"",""스펙트럼"",""오비탈"",""전자"",""확률분포""]",현대의 원자 모형과 전자 배치,현대의 원자 모형과 전자 배치,false,false,false,[]
assessment_task_519e388020,화학,고급화학,I_or_other,textbook_plus_legacy,true,clean,clean,both,"[""브뢴스테드-로리"",""가역 반응"",""화학 평형"",""화학 반응에서의 동적 평형""]","[""브뢴스테드-로리"",""가역 반응"",""동적 평형"",""용해도"",""염기"",""산"",""화학 평형""]",화학 반응에서의 동적 평형,화학 반응에서의 동적 평형,false,false,false,[]
assessment_task_8ea0e28fae,물리,물리학Ⅱ,II,textbook_plus_legacy,true,clean,clean,both,"[""뉴턴 운동 법칙"",""등가속도 운동"",""벡터"",""힘과 운동""]","[""뉴턴 운동 법칙"",""등가속도 운동"",""등속 원운동"",""가속도"",""알짜힘"",""속도"",""벡터""]",힘과 운동,힘과 운동,false,false,false,[]
assessment_task_8a8fe4e89a,물리,물리학Ⅱ,II,textbook_plus_legacy,true,clean,clean,both,"[""뉴턴 운동 법칙"",""등가속도 운동"",""벡터"",""힘과 운동""]","[""뉴턴 운동 법칙"",""등가속도 운동"",""등속 원운동"",""가속도"",""알짜힘"",""속도"",""벡터""]",힘과 운동,힘과 운동,false,false,false,[]
assessment_task_e03492590c,물리,물리학Ⅱ,II,textbook_plus_legacy,true,clean,clean,both,"[""뉴턴 운동 법칙"",""등가속도 운동"",""벡터"",""힘과 운동""]","[""뉴턴 운동 법칙"",""등가속도 운동"",""등속 원운동"",""가속도"",""알짜힘"",""속도"",""벡터""]",힘과 운동,힘과 운동,false,false,false,[]
assessment_task_e067345a0f,미적분1,미적분,I_or_other,textbook_plus_legacy,true,clean,clean,both,"[""치환적분법"",""함수"",""미분"",""여러 가지 적분법""]","[""치환적분법"",""매개변수"",""치환적분"",""적분"",""함수"",""미분""]",여러 가지 적분법,여러 가지 적분법,false,false,false,[]
assessment_task_397887dd7d,미적분1,미적분,I_or_other,textbook_plus_legacy,true,clean,clean,both,"[""등비수열"",""발산"",""미분"",""수열의 극한""]","[""수열의 극한"",""등비급수"",""등비수열"",""극한"",""급수"",""발산"",""수렴"",""수열""]",수열의 극한,수열의 극한,false,false,false,[]
assessment_task_7a09430908,생명과학,생명과학Ⅱ,II,textbook_concept_dictionary,true,clean,clean,both,"[""DNA"",""유전자와 염색체""]","[""DNA"",""세포"",""전달""]",유전자와 염색체,유전자와 염색체,false,false,false,[]
assessment_task_3bad422ff6,생명과학,생명과학Ⅱ,II,textbook_plus_legacy,true,clean,clean,both,"[""세포 호흡"",""광합성"",""효소"",""물질대사와 에너지""]","[""세포 호흡"",""광합성"",""다양성"",""유전자"",""분류"",""세포"",""전달"",""진화""]",물질대사와 에너지,물질대사와 에너지,false,false,false,[]
assessment_task_c56dd427e5,생명과학,생명과학Ⅱ,II,textbook_plus_legacy,true,clean,clean,both,"[""세포"",""효소"",""생명과학의 이해""]","[""세포"",""전달"",""효소""]",생명과학의 이해,생명과학의 이해,false,false,false,[]
assessment_task_701183228a,생명과학,생명과학Ⅱ,II,textbook_plus_legacy,true,clean,clean,both,"[""세포 호흡"",""광합성"",""효소"",""물질대사와 에너지""]","[""세포 호흡"",""광합성"",""세포"",""전달"",""효소""]",물질대사와 에너지,물질대사와 에너지,false,false,false,[]
assessment_task_57d1c41dce,지구과학,지구과학Ⅱ,II,textbook_concept_dictionary,true,clean,clean,both,"[""태양계""]","[""태양계""]",,태양계,false,false,false,[]
assessment_task_512168dd5f,지구과학,지구과학Ⅱ,II,textbook_concept_dictionary,true,clean,clean,both,"[""태양계""]","[""태양계""]",,태양계,false,false,false,[]
assessment_task_3f1138aaa5,지구과학,지구과학Ⅱ,II,textbook_concept_dictionary,true,clean,clean,both,"[""태양계""]","[""태양계""]",,태양계,false,false,false,[]
assessment_task_97bc4f31cd,화학,화학Ⅱ,II,legacy_dictionary,true,clean,clean,both,"[""반응 속도""]","[""반응 속도""]",,,false,false,false,[]
assessment_task_20449d5130,화학,화학Ⅱ,II,textbook_plus_legacy,true,clean,clean,both,"[""몰 농도"",""분자량"",""결정 구조"",""물질의 양과 화학 반응식""]","[""화학 반응식"",""가역 반응"",""화학 결합"",""끓는점"",""몰 농도"",""반응식"",""분자량"",""몰""]",물질의 양과 화학 반응식,물질의 양과 화학 반응식,false,false,false,[]
assessment_task_e88a362c0a,화학,화학Ⅱ,II,textbook_plus_legacy,true,clean,clean,both,"[""몰 농도"",""분자량"",""결정 구조"",""물질의 양과 화학 반응식""]","[""화학 결합"",""끓는점"",""몰 농도"",""분자량"",""몰"",""결정 구조""]",물질의 양과 화학 반응식,물질의 양과 화학 반응식,false,false,false,[]
assessment_task_03a0677568,공통수학1,공통수학1,I_or_other,subject_fallback,false,fallback,fallback,none,"[""공통수학1""]",[],,,false,false,false,[]
assessment_task_124b281980,공통수학1,공통수학1,I_or_other,subject_fallback,false,fallback,fallback,none,"[""공통수학1""]",[],,,false,false,false,[]
assessment_task_8173df0c20,공통수학1,공통수학1,I_or_other,subject_fallback,false,fallback,fallback,none,"[""공통수학1""]",[],,,false,false,false,[]
assessment_task_539813fa5a,통합사회1,통합사회1,I_or_other,textbook_concept_dictionary,true,clean,clean,both,"[""통합적 관점과 행복""]","[""가계"",""행복""]",통합적 관점과 행복,통합적 관점과 행복,false,false,false,[]
assessment_task_4b8264b4cb,통합사회1,통합사회1,I_or_other,textbook_concept_dictionary,true,clean,clean,both,"[""가계""]","[""가계""]",,가계,false,false,false,[]
assessment_task_3669688546,통합사회1,통합사회1,I_or_other,textbook_concept_dictionary,true,clean,clean,both,"[""가계""]","[""가계""]",,가계,false,false,false,[]
assessment_task_d52d5c1c97,통합사회1,통합사회1,I_or_other,textbook_concept_dictionary,true,clean,clean,both,"[""가계""]","[""가계""]",,가계,false,false,false,[]
assessment_task_d76081c02c,통합과학1,통합과학1,I_or_other,textbook_concept_dictionary,true,clean,clean,both,"[""운동"",""역학 시스템""]","[""운동""]",역학 시스템,역학 시스템,false,false,false,[]
assessment_task_00e41ac713,통합과학1,통합과학1,I_or_other,legacy_dictionary,true,clean,clean,both,"[""효소""]","[""효소""]",,,false,false,false,[]
assessment_task_6a376cc68f,과학탐구실험1,과학탐구실험1,I_or_other,textbook_concept_dictionary,true,record_only,record_only,record,"[""가설 설정과 탐구 설계""]","[""탐구 설계"",""해석""]",가설 설정과 탐구 설계,가설 설정과 탐구 설계,false,false,false,[]
assessment_task_0ee930cdc9,과학탐구실험1,과학탐구실험1,I_or_other,textbook_concept_dictionary,true,record_only,record_only,record,"[""가설 설정과 탐구 설계""]","[""탐구 설계"",""해석""]",가설 설정과 탐구 설계,가설 설정과 탐구 설계,false,false,false,[]
assessment_task_4f78923ce9,정보,정보,I_or_other,textbook_concept_dictionary,true,clean,clean,both,"[""자료 분석"",""시각화"",""자료와 정보의 분석""]","[""자료 분석"",""시각화""]",자료와 정보의 분석,자료와 정보의 분석,false,false,false,[]
assessment_task_17db7e823c,정보,정보,I_or_other,textbook_concept_dictionary,true,clean,clean,both,"[""정보 사회""]","[""정보 사회""]",,정보 사회,false,false,false,[]
assessment_task_5bbbff0434,정보,정보,I_or_other,textbook_plus_legacy,true,clean,clean,both,"[""문제 해결"",""자료 분석"",""알고리즘"",""자료와 정보의 분석""]","[""문제 해결"",""알고리즘"",""자료 분석"",""추상화""]",자료와 정보의 분석,자료와 정보의 분석,false,false,false,[]
assessment_task_59568d04ec,정보,정보,I_or_other,textbook_plus_legacy,true,clean,clean,both,"[""문제 해결"",""자료 분석"",""알고리즘"",""자료와 정보의 분석""]","[""문제 해결"",""알고리즘"",""자료 분석""]",자료와 정보의 분석,자료와 정보의 분석,false,false,false,[]
assessment_task_d7b631dac1,대수,대수,I_or_other,subject_fallback,false,fallback,fallback,none,"[""대수""]",[],,,false,false,false,[]
assessment_task_f22f4161b2,대수,대수,I_or_other,subject_fallback,false,fallback,fallback,none,"[""대수""]",[],,,false,false,false,[]
assessment_task_9c4434ab4d,대수,대수,I_or_other,subject_fallback,false,fallback,fallback,none,"[""대수""]",[],,,false,false,false,[]
assessment_task_3018987bf1,물리,물리학,I_or_other,subject_fallback,false,fallback,fallback,none,"[""물리""]",[],,,false,false,false,[]
assessment_task_36038ac45e,물리,물리학,I_or_other,subject_fallback,false,fallback,fallback,none,"[""물리""]",[],,,false,false,false,[]
assessment_task_51fbdf8747,화학,화학,I_or_other,subject_fallback,false,fallback,fallback,none,"[""화학""]",[],,,false,false,false,[]
assessment_task_4629bfd527,화학,화학,I_or_other,textbook_concept_dictionary,true,clean,clean,both,"[""루이스 전자점식"",""화학 결합""]","[""루이스 전자점식"",""분자의 구조"",""전자점식"",""전자""]",화학 결합,화학 결합,false,false,false,[]
assessment_task_17b9ffa4f9,화학,화학,I_or_other,subject_fallback,false,fallback,fallback,none,"[""화학""]",[],,,false,false,false,[]
assessment_task_b5b1604106,생명과학,생명과학,I_or_other,subject_fallback,false,fallback,fallback,none,"[""생명과학""]",[],,,false,false,false,[]
assessment_task_b9e3c4a274,생명과학,생명과학,I_or_other,subject_fallback,false,fallback,fallback,none,"[""생명과학""]",[],,,false,false,false,[]
assessment_task_ad8fb62ab4,생명과학,생명과학,I_or_other,textbook_plus_legacy,true,clean,clean,both,"[""모델링"",""유전자와 염색체""]","[""염색체"",""모델링""]",유전자와 염색체,유전자와 염색체,false,false,false,[]
assessment_task_4b5cd313c9,생명과학,생명과학,I_or_other,textbook_concept_dictionary,true,record_only,record_only,record,"[""전달""]","[""전달""]",,전달,false,false,false,[]
assessment_task_25573ce035,생명과학,생명과학,I_or_other,subject_fallback,false,fallback,fallback,none,"[""생명과학""]",[],,,false,false,false,[]
assessment_task_b2f5796d0f,지구과학,지구과학,I_or_other,subject_fallback,false,fallback,fallback,none,"[""지구과학""]",[],,,false,false,false,[]
assessment_task_a9827ecf57,지구과학,지구과학,I_or_other,textbook_concept_dictionary,true,clean,clean,both,"[""방사성 동위 원소"",""절대 연령"",""지층과 지질시대""]","[""방사성 동위 원소"",""절대 연령""]",지층과 지질시대,지층과 지질시대,false,false,false,[]
assessment_task_4608c6f68f,지구과학,지구과학,I_or_other,subject_fallback,false,fallback,fallback,none,"[""지구과학""]",[],,,false,false,false,[]
assessment_task_8aa1cadba9,지구과학,지구과학,I_or_other,subject_fallback,false,fallback,fallback,none,"[""지구과학""]",[],,,false,false,false,[]
assessment_task_2888df6aa3,지구과학,지구과학,I_or_other,subject_fallback,false,fallback,fallback,none,"[""지구과학""]",[],,,false,false,false,[]
assessment_task_8f3a4c1123,확률과 통계,확률과 통계,I_or_other,subject_fallback,false,fallback,fallback,none,"[""확률과 통계""]",[],,,false,false,false,[]
assessment_task_488e6bf993,확률과 통계,확률과 통계,I_or_other,subject_fallback,false,fallback,fallback,none,"[""확률과 통계""]",[],,,false,false,false,[]
assessment_task_70c88b4433,미적분1,미적분,I_or_other,subject_fallback,false,fallback,fallback,none,"[""미적분1""]",[],,,false,false,false,[]
assessment_task_4ca56c9c46,미적분1,미적분,I_or_other,subject_fallback,false,fallback,fallback,none,"[""미적분1""]",[],,,false,false,false,[]
assessment_task_045595d842,과학과제 연구,과학과제연구,I_or_other,textbook_concept_dictionary,true,record_only,record_only,record,"[""가설 설정과 탐구 설계""]","[""탐구 설계""]",가설 설정과 탐구 설계,가설 설정과 탐구 설계,false,false,true,"[""과학탐구실험1""]"
assessment_task_5b4bef5f91,과학과제 연구,과학과제연구,I_or_other,textbook_concept_dictionary,true,record_only,record_only,record,"[""가설 설정과 탐구 설계""]","[""탐구 설계""]",가설 설정과 탐구 설계,가설 설정과 탐구 설계,false,false,true,"[""과학탐구실험1""]"
assessment_task_c631bb3012,과학과제 연구,과학과제연구,I_or_other,textbook_concept_dictionary,true,record_only,record_only,record,"[""가설 설정과 탐구 설계""]","[""탐구 설계""]",가설 설정과 탐구 설계,가설 설정과 탐구 설계,false,false,true,"[""과학탐구실험1""]"
assessment_task_516974a180,과학과제 연구,과학과제연구,I_or_other,textbook_concept_dictionary,true,record_only,record_only,record,"[""가설 설정과 탐구 설계""]","[""탐구 설계""]",가설 설정과 탐구 설계,가설 설정과 탐구 설계,false,false,true,"[""과학탐구실험1""]"
assessment_task_f5c8ce8e2e,과학과제 연구,과학과제연구,I_or_other,textbook_concept_dictionary,true,record_only,record_only,record,"[""가설 설정과 탐구 설계""]","[""탐구 설계""]",가설 설정과 탐구 설계,가설 설정과 탐구 설계,false,false,true,"[""과학탐구실험1""]"
assessment_task_086f96acec,물리,물리학II,II,subject_fallback,false,fallback,fallback,none,"[""물리""]",[],,,false,false,false,[]
assessment_task_8d825b6b08,물리,물리학II,II,subject_fallback,false,fallback,fallback,none,"[""물리""]",[],,,false,false,false,[]
assessment_task_eea029f12b,화학,화학II,II,subject_fallback,false,fallback,fallback,none,"[""화학""]",[],,,false,false,false,[]
assessment_task_89c2f21b7f,화학,화학II,II,subject_fallback,false,fallback,fallback,none,"[""화학""]",[],,,false,false,false,[]
assessment_task_c92b025c3e,생명과학,생명과학II,II,subject_fallback,false,fallback,fallback,none,"[""생명과학""]",[],,,false,false,false,[]
assessment_task_d0527540e4,생명과학,생명과학II,II,subject_fallback,false,fallback,fallback,none,"[""생명과학""]",[],,,false,false,false,[]
assessment_task_d762cfaaaa,생명과학,생명과학II,II,subject_fallback,false,fallback,fallback,none,"[""생명과학""]",[],,,false,false,false,[]
assessment_task_a263a68d99,지구과학,지구과학II,II,subject_fallback,false,fallback,fallback,none,"[""지구과학""]",[],,,false,false,false,[]
assessment_task_40b07eb47c,지구과학,지구과학II,II,subject_fallback,false,fallback,fallback,none,"[""지구과학""]",[],,,false,false,false,[]
assessment_task_76833ae201,지구과학,지구과학II,II,subject_fallback,false,fallback,fallback,none,"[""지구과학""]",[],,,false,false,false,[]
assessment_task_ec1cf097f5,공통수학1,공통수학1,I_or_other,subject_fallback,false,fallback,fallback,none,"[""공통수학1""]",[],,,false,false,false,[]
assessment_task_3ca9c5cb46,공통수학1,공통수학1,I_or_other,subject_fallback,false,fallback,fallback,none,"[""공통수학1""]",[],,,false,false,false,[]
assessment_task_25f1f6e002,통합사회1,통합사회1,I_or_other,subject_fallback,false,fallback,fallback,none,"[""통합사회1""]",[],,,false,false,false,[]
assessment_task_7b04bfd127,통합사회1,통합사회1,I_or_other,subject_fallback,false,fallback,fallback,none,"[""통합사회1""]",[],,,false,false,false,[]
assessment_task_b950936cce,통합사회1,통합사회1,I_or_other,subject_fallback,false,fallback,fallback,none,"[""통합사회1""]",[],,,false,false,false,[]
assessment_task_770794f482,통합과학1,통합과학1,I_or_other,textbook_plus_legacy,true,clean,clean,both,"[""운동"",""역학 시스템""]","[""운동"",""추론"",""운동량""]",역학 시스템,역학 시스템,false,false,false,[]
assessment_task_a035dd3e50,대수,대수,I_or_other,subject_fallback,false,fallback,fallback,none,"[""대수""]",[],,,false,false,false,[]
assessment_task_ca68de784a,대수,대수,I_or_other,subject_fallback,false,fallback,fallback,none,"[""대수""]",[],,,false,false,false,[]
assessment_task_5b80064211,물리,물리학,I_or_other,textbook_plus_legacy,true,clean,clean,both,"[""역학적 에너지 보존"",""에너지 전환"",""에너지와 열""]","[""역학적 에너지 보존"",""역학적 에너지"",""에너지 전환"",""에너지 보존""]",에너지와 열,에너지와 열,false,false,false,[]
assessment_task_91b9761522,물리,물리학,I_or_other,textbook_concept_dictionary,true,clean,clean,both,"[""전류"",""물질의 자기적 특성""]","[""전류""]",물질의 자기적 특성,물질의 자기적 특성,false,false,false,[]
assessment_task_b7da147130,화학,화학,I_or_other,textbook_concept_dictionary,true,clean,clean,both,"[""중화 반응"",""화학 반응과 열의 출입""]","[""중화 반응"",""반응식"",""염기"",""중화""]",화학 반응과 열의 출입,화학 반응과 열의 출입,false,false,false,[]
assessment_task_7782569db9,화학,화학,I_or_other,subject_fallback,false,fallback,fallback,none,"[""화학""]",[],,,false,false,false,[]
assessment_task_10b3668023,화학,화학,I_or_other,subject_fallback,false,fallback,fallback,none,"[""화학""]",[],,,false,false,false,[]
assessment_task_af1e7273b5,화학,화학,I_or_other,textbook_concept_dictionary,true,clean,clean,both,"[""아세트산"",""식초"",""탄소 화합물의 유용성""]","[""아세트산"",""식초""]",탄소 화합물의 유용성,탄소 화합물의 유용성,false,false,false,[]
assessment_task_f0907b1235,생명과학,생명과학,I_or_other,textbook_concept_dictionary,true,clean,clean,both,"[""개체군"",""군집"",""생태계의 물질 순환과 상호 작용""]","[""상호 작용"",""개체군"",""군집""]",생태계의 물질 순환과 상호 작용,생태계의 물질 순환과 상호 작용,false,false,false,[]
assessment_task_6a8fe29811,생명과학,생명과학,I_or_other,textbook_concept_dictionary,true,clean,clean,both,"[""동물계"",""분류"",""진화와 생물 다양성""]","[""동물계"",""계통"",""분류""]",진화와 생물 다양성,진화와 생물 다양성,false,false,false,[]
assessment_task_1612a12967,지구과학,지구과학,I_or_other,textbook_concept_dictionary,true,clean,clean,both,"[""태양계 천체의 관측과 운동""]","[""변동대"",""관측""]",태양계 천체의 관측과 운동,태양계 천체의 관측과 운동,false,false,false,[]
assessment_task_e9280c0128,정보,정보,I_or_other,textbook_plus_legacy,true,clean,clean,both,"[""정렬"",""탐색"",""알고리즘"",""자료와 정보의 분석""]","[""알고리즘"",""순서도"",""정렬"",""탐색""]",자료와 정보의 분석,자료와 정보의 분석,false,false,false,[]
assessment_task_454d137aa3,정보,정보,I_or_other,textbook_plus_legacy,true,clean,clean,both,"[""문제 해결"",""정렬"",""알고리즘"",""자료와 정보의 분석""]","[""문제 해결"",""알고리즘"",""제어 구조"",""입출력"",""자료형"",""변수"",""정렬""]",자료와 정보의 분석,자료와 정보의 분석,false,false,false,[]
assessment_task_3d562f09bc,정보,정보,I_or_other,textbook_concept_dictionary,true,clean,clean,both,"[""효율성""]","[""효율성""]",,효율성,false,false,false,[]
assessment_task_f9024fc02b,정보,정보,I_or_other,textbook_concept_dictionary,true,clean,clean,both,"[""문제 해결"",""시각화"",""자료와 정보의 분석""]","[""문제 해결"",""빅 데이터"",""시각화""]",자료와 정보의 분석,자료와 정보의 분석,false,false,false,[]
assessment_task_2a445c0d5d,미적분1,미적분,I_or_other,textbook_plus_legacy,true,clean,clean,both,"[""등비수열"",""발산"",""함수"",""수열의 극한""]","[""로그함수 미분"",""수열의 극한"",""등비급수"",""등비수열"",""로그함수"",""지수함수"",""극한"",""급수""]",수열의 극한,수열의 극한,false,false,false,[]
assessment_task_9650660314,미적분1,미적분,I_or_other,subject_fallback,false,fallback,fallback,none,"[""미적분1""]",[],,,false,false,false,[]
assessment_task_0bca861d83,확률과 통계,확률과 통계,I_or_other,subject_fallback,false,fallback,fallback,none,"[""확률과 통계""]",[],,,false,false,false,[]
assessment_task_55cd533d84,물리,물리Ⅱ,II,subject_fallback,false,fallback,fallback,none,"[""물리""]",[],,,false,false,false,[]
assessment_task_78ed4fb30d,물리,물리Ⅱ,II,subject_fallback,false,fallback,fallback,none,"[""물리""]",[],,,false,false,false,[]
assessment_task_bfea43e9f6,화학,화학Ⅱ,II,textbook_concept_dictionary,true,clean,clean,both,"[""분자량"",""물질의 양과 화학 반응식""]","[""분자량""]",물질의 양과 화학 반응식,물질의 양과 화학 반응식,false,false,false,[]
assessment_task_3b563944db,화학,화학Ⅱ,II,subject_fallback,false,fallback,fallback,none,"[""화학""]",[],,,false,false,false,[]
assessment_task_89bd4e9f69,화학,화학Ⅱ,II,subject_fallback,false,fallback,fallback,none,"[""화학""]",[],,,false,false,false,[]
assessment_task_ccac92c87e,생명과학,생명과학Ⅱ,II,textbook_concept_dictionary,true,clean,clean,both,"[""세포"",""생명과학의 이해""]","[""분류 체계"",""분류"",""세포""]",생명과학의 이해,생명과학의 이해,false,false,false,[]
assessment_task_4366751528,지구과학,지구과학Ⅱ,II,subject_fallback,false,fallback,fallback,none,"[""지구과학""]",[],,,false,false,false,[]
assessment_task_2ecc4a8292,정보,정보과학,I_or_other,subject_fallback,false,fallback,fallback,none,"[""정보""]",[],,,false,false,false,[]
assessment_task_ff8f155c28,정보,정보과학,I_or_other,textbook_plus_legacy,true,clean,clean,both,"[""순차 탐색"",""이진 탐색"",""알고리즘""]","[""순차 탐색"",""알고리즘"",""이진 탐색"",""순차"",""정렬"",""탐색""]",알고리즘 설계와 분석,알고리즘 설계와 분석,false,false,false,[]
assessment_task_32114cc1c1,정보,정보과학,I_or_other,textbook_plus_legacy,true,clean,clean,both,"[""효율성"",""순차"",""알고리즘""]","[""알고리즘"",""효율성"",""순차"",""탐색""]",알고리즘 설계와 분석,알고리즘 설계와 분석,false,false,false,[]
assessment_task_de286062f7,물리,물리학Ⅰ,I_or_other,textbook_concept_dictionary,true,clean,clean,both,"[""뉴턴 운동 법칙"",""등가속도 운동"",""힘과 운동""]","[""뉴턴 운동 법칙"",""등가속도 운동"",""가속도"",""속도""]",힘과 운동,힘과 운동,false,false,false,[]
assessment_task_cd2a73a083,물리,물리학Ⅰ,I_or_other,subject_fallback,false,fallback,fallback,none,"[""물리""]",[],,,false,false,false,[]
assessment_task_7016cdc005,물리,물리학Ⅰ,I_or_other,subject_fallback,false,fallback,fallback,none,"[""물리""]",[],,,false,false,false,[]
assessment_task_8359966527,화학,화학Ⅰ,I_or_other,textbook_concept_dictionary,true,clean,clean,both,"[""계수비"",""물질의 양과 화학 반응식""]","[""화학 반응식"",""계수비"",""반응식""]",물질의 양과 화학 반응식,물질의 양과 화학 반응식,false,false,false,[]
assessment_task_37efb195a6,화학,화학Ⅰ,I_or_other,textbook_concept_dictionary,true,clean,clean,both,"[""극성""]","[""극성""]",,극성,false,false,false,[]
assessment_task_2f83689bf7,화학,화학Ⅰ,I_or_other,legacy_dictionary,true,clean,clean,both,"[""화학 평형""]","[""화학 평형""]",,,false,false,false,[]
assessment_task_b32b808e23,생명과학,생명과학Ⅰ,I_or_other,textbook_concept_dictionary,true,clean,clean,both,"[""생태계의 물질 순환과 상호 작용""]","[""생명 시스템"",""생태계""]",생태계의 물질 순환과 상호 작용,생태계의 물질 순환과 상호 작용,false,false,false,[]
assessment_task_58e25cd94f,생명과학,생명과학Ⅰ,I_or_other,textbook_concept_dictionary,true,clean,clean,both,"[""군집"",""생태계의 물질 순환과 상호 작용""]","[""군집 구조"",""상호 작용"",""다양성"",""생태계"",""군집""]",생태계의 물질 순환과 상호 작용,생태계의 물질 순환과 상호 작용,false,false,false,[]
assessment_task_e768b9e9bc,생명과학,생명과학Ⅰ,I_or_other,textbook_concept_dictionary,true,clean,clean,both,"[""시냅스"",""신경 자극 전도와 전달""]","[""말초 신경계"",""말초 신경"",""시냅스"",""신경계"",""세포"",""전달""]",신경 자극 전도와 전달,신경 자극 전도와 전달,false,false,false,[]
assessment_task_911e70240a,지구과학,지구과학Ⅰ,I_or_other,textbook_concept_dictionary,true,clean,clean,both,"[""남방진동"",""엘니뇨"",""지구의 기후 변화""]","[""남방진동"",""엘니뇨""]",지구의 기후 변화,지구의 기후 변화,false,false,false,[]
assessment_task_8a58b95a8c,지구과학,지구과학Ⅰ,I_or_other,textbook_concept_dictionary,true,clean,clean,both,"[""지사학의 법칙"",""상대 연령"",""지층과 지질시대""]","[""지사학의 법칙"",""상대 연령"",""지층"",""화석""]",지층과 지질시대,지층과 지질시대,false,false,false,[]
assessment_task_a23f2e8383,지구과학,지구과학Ⅰ,I_or_other,textbook_concept_dictionary,true,clean,clean,both,"[""한반도 지질""]","[""한반도 지질"",""한반도""]",,한반도 지질,false,false,false,[]
assessment_task_44458481a9,물리,물리학Ⅱ,II,textbook_concept_dictionary,true,clean,clean,both,"[""뉴턴 운동 법칙"",""등가속도 운동"",""힘과 운동""]","[""뉴턴 운동 법칙"",""등가속도 운동"",""가속도"",""속도""]",힘과 운동,힘과 운동,false,false,false,[]
assessment_task_9dc70baa44,물리,물리학Ⅱ,II,subject_fallback,false,fallback,fallback,none,"[""물리""]",[],,,false,false,false,[]
assessment_task_3fe7ea3de4,물리,물리학Ⅱ,II,subject_fallback,false,fallback,fallback,none,"[""물리""]",[],,,false,false,false,[]
assessment_task_618e67c8ac,화학,화학Ⅱ,II,subject_fallback,false,fallback,fallback,none,"[""화학""]",[],,,false,false,false,[]
assessment_task_cab1863234,화학,화학Ⅱ,II,subject_fallback,false,fallback,fallback,none,"[""화학""]",[],,,false,false,false,[]
assessment_task_966a219d24,화학,화학Ⅱ,II,subject_fallback,false,fallback,fallback,none,"[""화학""]",[],,,false,false,false,[]
assessment_task_0139e42ae8,지구과학,지구과학Ⅱ,II,textbook_concept_dictionary,true,clean,clean,both,"[""자전"",""태양계 천체의 관측과 운동""]","[""관측"",""운동"",""자전""]",태양계 천체의 관측과 운동,태양계 천체의 관측과 운동,false,false,false,[]
assessment_task_71c5d57cbd,지구과학,지구과학Ⅱ,II,textbook_concept_dictionary,true,clean,clean,both,"[""행성"",""태양계 천체의 관측과 운동""]","[""운동"",""행성""]",태양계 천체의 관측과 운동,태양계 천체의 관측과 운동,false,false,false,[]
assessment_task_e288b52c73,지구과학,지구과학Ⅱ,II,textbook_concept_dictionary,true,clean,clean,both,"[""관측 자료"",""행성"",""태양계 천체의 관측과 운동""]","[""관측 자료"",""관측"",""행성""]",태양계 천체의 관측과 운동,태양계 천체의 관측과 운동,false,false,false,[]
assessment_task_c21767dd4d,지구과학,지구과학Ⅱ,II,textbook_concept_dictionary,true,clean,clean,both,"[""케플러 법칙"",""공전"",""태양계 천체의 관측과 운동""]","[""케플러 법칙"",""태양계"",""공전"",""운동"",""행성""]",태양계 천체의 관측과 운동,태양계 천체의 관측과 운동,false,false,false,[]
assessment_task_e4e780b91d,지구과학,지구과학Ⅱ,II,subject_fallback,false,fallback,fallback,none,"[""지구과학""]",[],,,false,false,false,[]
assessment_task_acdd9b3bd5,생명과학,생명과학Ⅱ,II,textbook_plus_legacy,true,clean,clean,both,"[""유전""]","[""유전자"",""유전""]",유전자와 염색체,유전자와 염색체,false,false,false,[]
assessment_task_866e49e698,생명과학,생명과학Ⅱ,II,textbook_plus_legacy,true,clean,clean,both,"[""DNA"",""효소"",""유전자와 염색체""]","[""DNA"",""효소""]",유전자와 염색체,유전자와 염색체,false,false,false,[]
assessment_task_399e79a7f3,생명과학,생명과학Ⅱ,II,textbook_plus_legacy,true,clean,clean,both,"[""DNA"",""복제"",""유전""]","[""DNA"",""유전자"",""복제"",""세포"",""유전""]",유전자와 염색체,유전자와 염색체,false,false,false,[]
assessment_task_cf700a0b38,대수,대수,I_or_other,subject_fallback,false,fallback,fallback,none,"[""대수""]",[],,,false,false,false,[]
assessment_task_84e745b7dd,대수,대수,I_or_other,subject_fallback,false,fallback,fallback,none,"[""대수""]",[],,,false,false,false,[]
assessment_task_4498d23e4f,대수,대수,I_or_other,subject_fallback,false,fallback,fallback,none,"[""대수""]",[],,,false,false,false,[]
assessment_task_0bb4827d0b,확률과 통계,확률과 통계,I_or_other,textbook_concept_dictionary,true,clean,clean,both,"[""탐색"",""순열과 조합""]","[""이항정리"",""순열"",""조합"",""탐색""]",순열과 조합,순열과 조합,false,false,false,[]
assessment_task_5340bd5bc9,확률과 통계,확률과 통계,I_or_other,textbook_concept_dictionary,true,clean,clean,both,"[""확률의 뜻과 기본 성질""]","[""탐색"",""확률""]",확률의 뜻과 기본 성질,확률의 뜻과 기본 성질,false,false,false,[]
assessment_task_a684404154,확률과 통계,확률과 통계,I_or_other,textbook_plus_legacy,true,clean,clean,both,"[""확률분포"",""통계적 추정"",""순열과 조합""]","[""순열과 조합"",""통계적 추정"",""확률분포"",""분포"",""순열"",""조합"",""추정"",""확률""]",순열과 조합,순열과 조합,false,false,false,[]
assessment_task_72d4ff5aa1,미적분1,미적분,I_or_other,textbook_plus_legacy,true,clean,clean,both,"[""등비수열"",""함수"",""미분"",""수열의 극한""]","[""수열의 극한"",""등비수열"",""매개변수"",""삼각함수"",""지수함수"",""역함수"",""음함수"",""극한""]",수열의 극한,수열의 극한,false,false,false,[]
assessment_task_33469fcdd0,미적분1,미적분,I_or_other,textbook_plus_legacy,true,clean,clean,both,"[""부정적분"",""함수"",""여러 가지 적분법""]","[""부정적분"",""정적분"",""적분"",""함수""]",여러 가지 적분법,여러 가지 적분법,false,false,false,[]
assessment_task_0084f3fce2,미적분1,미적분,I_or_other,textbook_plus_legacy,true,clean,clean,both,"[""함수"",""수열"",""미분""]","[""수열의 극한"",""등비급수"",""부정적분"",""지수함수"",""정적분"",""극한"",""급수"",""수열""]",수열의 극한,수열의 극한,false,false,false,[]
assessment_task_fd6c47cd54,정보,정보,I_or_other,textbook_plus_legacy,true,clean,clean,both,"[""알고리즘""]","[""알고리즘"",""제어 구조""]",알고리즘 설계와 분석,알고리즘 설계와 분석,false,false,false,[]
assessment_task_d84f761395,정보,정보,I_or_other,textbook_concept_dictionary,true,clean,clean,both,"[""사회 변화"",""디지털""]","[""사회 변화"",""디지털"",""탐색""]",,사회 변화,false,false,false,[]
assessment_task_c89d5503b3,정보,정보,I_or_other,subject_fallback,false,fallback,fallback,none,"[""정보""]",[],,,false,false,false,[]
assessment_task_7d0f8621b4,인공지능 기초,인공지능 기초,I_or_other,textbook_plus_legacy,true,clean,clean,both,"[""문제 이해"",""모델"",""알고리즘"",""추상화와 문제 분해""]","[""문제 이해"",""알고리즘"",""모델""]",추상화와 문제 분해,추상화와 문제 분해,false,false,false,"[""정보""]"
assessment_task_2df4dafe04,인공지능 기초,인공지능 기초,I_or_other,textbook_plus_legacy,true,clean,clean,both,"[""알고리즘""]","[""알고리즘"",""인공지능""]",알고리즘 설계와 분석,알고리즘 설계와 분석,false,false,false,"[""정보""]"
assessment_task_265348db7d,인공지능 기초,인공지능 기초,I_or_other,textbook_concept_dictionary,true,clean,clean,both,"[""인공지능""]","[""인공지능""]",,인공지능,false,false,true,"[""정보""]"
assessment_task_7eaa9d72ca,정보,정보,I_or_other,textbook_plus_legacy,true,clean,clean,both,"[""알고리즘""]","[""문제 해결"",""알고리즘"",""제어 구조""]",알고리즘 설계와 분석,알고리즘 설계와 분석,false,false,false,[]
assessment_task_1e503509ca,정보,정보,I_or_other,textbook_concept_dictionary,true,clean,clean,both,"[""인공지능""]","[""인공지능""]",,인공지능,false,false,false,[]
assessment_task_7bc7b05c3b,대수,대수,I_or_other,subject_fallback,false,fallback,fallback,none,"[""대수""]",[],,,false,false,false,[]
assessment_task_25b2b528fe,대수,대수,I_or_other,subject_fallback,false,fallback,fallback,none,"[""대수""]",[],,,false,false,false,[]
assessment_task_3a76531dab,물리,물리학Ⅰ,I_or_other,subject_fallback,false,fallback,fallback,none,"[""물리""]",[],,,false,false,false,[]
assessment_task_dd601f7cfa,물리,물리학Ⅰ,I_or_other,legacy_dictionary,true,clean,clean,both,"[""에너지 전환""]","[""에너지 전환""]",,,false,false,false,[]
assessment_task_046dd9a32c,화학,화학Ⅰ,I_or_other,textbook_concept_dictionary,true,clean,clean,both,"[""루이스 전자점식"",""화학 결합""]","[""루이스 전자점식"",""전자점식"",""전자""]",화학 결합,화학 결합,false,false,false,[]
assessment_task_8aad78cef0,생명과학,생명과학Ⅰ,I_or_other,subject_fallback,false,fallback,fallback,none,"[""생명과학""]",[],,,false,false,false,[]
assessment_task_89fb1ba583,생명과학,생명과학Ⅰ,I_or_other,textbook_concept_dictionary,true,clean,clean,both,"[""시냅스 전달"",""신경 자극 전도와 전달""]","[""신경 자극 전도"",""시냅스 전달"",""신경 자극"",""시냅스"",""전달""]",신경 자극 전도와 전달,신경 자극 전도와 전달,false,false,false,[]
assessment_task_880dfe9642,생명과학,생명과학Ⅰ,I_or_other,textbook_concept_dictionary,true,clean,clean,both,"[""계통"",""생물의 분류 체계""]","[""분류 체계"",""계통"",""분류""]",생물의 분류 체계,생물의 분류 체계,false,false,false,[]
assessment_task_b1ec72ea04,생명과학,생명과학Ⅰ,I_or_other,textbook_concept_dictionary,true,clean,clean,both,"[""생식 세포"",""생식과 생명의 연속성""]","[""생명의 연속성"",""생식 세포"",""연속성"",""생식"",""세포""]",생식과 생명의 연속성,생식과 생명의 연속성,false,false,false,[]
assessment_task_def4c89dec,생명과학,생명과학Ⅰ,I_or_other,subject_fallback,false,fallback,fallback,none,"[""생명과학""]",[],,,false,false,false,[]
assessment_task_788b99a714,지구과학,지구과학Ⅰ,I_or_other,textbook_concept_dictionary,true,clean,clean,both,"[""용존 기체""]","[""용존 기체""]",,용존 기체,false,false,false,[]
assessment_task_165db8eaad,지구과학,지구과학Ⅰ,I_or_other,textbook_concept_dictionary,true,clean,clean,both,"[""기압"",""날씨의 변화""]","[""기압""]",날씨의 변화,날씨의 변화,false,false,false,[]
assessment_task_d0f22cb357,미적분1,미적분,I_or_other,subject_fallback,false,fallback,fallback,none,"[""미적분1""]",[],,,false,false,false,[]
assessment_task_1eb3a7c3ab,확률과 통계,확률과 통계,I_or_other,subject_fallback,false,fallback,fallback,none,"[""확률과 통계""]",[],,,false,false,false,[]
assessment_task_805c374bc4,물리,물리학Ⅱ,II,subject_fallback,false,fallback,fallback,none,"[""물리""]",[],,,false,false,false,[]
assessment_task_16d4313402,생명과학,생명과학Ⅱ,II,subject_fallback,false,fallback,fallback,none,"[""생명과학""]",[],,,false,false,false,[]
assessment_task_a14ffd7905,생명과학,생명과학Ⅱ,II,subject_fallback,false,fallback,fallback,none,"[""생명과학""]",[],,,false,false,false,[]
assessment_task_7fc29db999,지구과학,지구과학Ⅱ,II,subject_fallback,false,fallback,fallback,none,"[""지구과학""]",[],,,false,false,false,[]
assessment_task_fc18418114,화학,화학Ⅱ,II,subject_fallback,false,fallback,fallback,none,"[""화학""]",[],,,false,false,false,[]
assessment_task_d126c7625b,대수,대수,I_or_other,subject_fallback,false,fallback,fallback,none,"[""대수""]",[],,,false,false,false,[]
assessment_task_08303adafc,대수,대수,I_or_other,subject_fallback,false,fallback,fallback,none,"[""대수""]",[],,,false,false,false,[]
assessment_task_fa291c2da8,물리,물리학Ⅰ,I_or_other,textbook_plus_legacy,true,clean,clean,both,"[""운동량 보존"",""관성"",""전자기 유도"",""힘과 운동""]","[""역학적 에너지"",""운동량 보존"",""전자기 유도"",""길이 수축"",""운동량"",""관성""]",힘과 운동,힘과 운동,false,false,false,[]
assessment_task_8674431cf5,물리,물리학Ⅰ,I_or_other,subject_fallback,false,fallback,fallback,none,"[""물리""]",[],,,false,false,false,[]
assessment_task_ab3375757c,생명과학,생명과학Ⅰ,I_or_other,textbook_concept_dictionary,true,clean,clean,both,"[""생명 시스템"",""군집""]","[""생명 시스템"",""군집""]",,생명 시스템,false,false,false,[]
assessment_task_9cced50310,생명과학,생명과학Ⅰ,I_or_other,textbook_plus_legacy,true,clean,clean,both,"[""항원-항체 반응"",""항상성"",""면역과 백신""]","[""항원-항체 반응"",""항상성"",""항원"",""항체""]",면역과 백신,면역과 백신,false,false,false,[]
assessment_task_d1cc8cce89,생명과학,생명과학Ⅰ,I_or_other,textbook_concept_dictionary,true,clean,clean,both,"[""개체군"",""군집"",""생태계의 물질 순환과 상호 작용""]","[""생명 시스템"",""상호 작용"",""개체군"",""군집""]",생태계의 물질 순환과 상호 작용,생태계의 물질 순환과 상호 작용,false,false,false,[]
assessment_task_aa0ecfd6ba,생명과학,생명과학Ⅰ,I_or_other,textbook_plus_legacy,true,clean,clean,both,"[""항원-항체 반응"",""방어 작용"",""항상성"",""면역과 백신""]","[""항원-항체 반응"",""방어 작용"",""항상성"",""면역"",""백신"",""세포"",""항원"",""항체""]",면역과 백신,면역과 백신,false,false,false,[]
assessment_task_137961abc5,생명과학,생명과학Ⅰ,I_or_other,subject_fallback,false,fallback,fallback,none,"[""생명과학""]",[],,,false,false,false,[]
assessment_task_365060c7cb,정보,정보,I_or_other,textbook_concept_dictionary,true,clean,clean,both,"[""컴퓨팅 시스템과 네트워크""]","[""컴퓨팅 시스템"",""인공지능"",""디지털""]",컴퓨팅 시스템과 네트워크,컴퓨팅 시스템과 네트워크,false,false,false,[]
assessment_task_2458441a58,정보,정보,I_or_other,textbook_plus_legacy,true,clean,clean,both,"[""알고리즘""]","[""알고리즘""]",알고리즘 설계와 분석,알고리즘 설계와 분석,false,false,false,[]
assessment_task_ec2c675415,지구과학,지구과학Ⅰ,I_or_other,subject_fallback,false,fallback,fallback,none,"[""지구과학""]",[],,,false,false,false,[]
assessment_task_5307ada0cb,지구과학,지구과학Ⅰ,I_or_other,textbook_concept_dictionary,true,clean,clean,both,"[""지사학의 법칙"",""상대 연령"",""지층과 지질시대""]","[""지사학의 법칙"",""상대 연령"",""생성 순서"",""절대 연령"",""부정합"",""한반도"",""지층""]",지층과 지질시대,지층과 지질시대,false,false,false,[]
assessment_task_4c9df8e628,지구과학,지구과학Ⅰ,I_or_other,textbook_concept_dictionary,true,clean,clean,both,"[""절대 등급"",""주계열성"",""별의 특성과 진화""]","[""우주의 진화"",""태양계 천체"",""절대 등급"",""주계열성"",""표면 온도"",""H-R도"",""태양계"",""광도""]",별의 특성과 진화,별의 특성과 진화,false,false,false,[]
assessment_task_e4864e4279,지구과학,지구과학Ⅰ,I_or_other,textbook_concept_dictionary,true,clean,clean,both,"[""행성"",""태양계 천체의 관측과 운동""]","[""우주의 진화"",""태양계 천체"",""태양계"",""관측"",""운동"",""행성""]",태양계 천체의 관측과 운동,태양계 천체의 관측과 운동,false,false,false,[]
assessment_task_2cbc9880db,화학,화학Ⅰ,I_or_other,textbook_concept_dictionary,true,clean,clean,both,"[""화학과 우리 생활""]","[""화학과 우리 생활""]",화학과 우리 생활,화학과 우리 생활,false,false,false,[]
assessment_task_4940ef822b,화학,화학Ⅰ,I_or_other,textbook_concept_dictionary,true,clean,clean,both,"[""화학 결합""]","[""화학 결합""]",화학 결합,화학 결합,false,false,false,[]
assessment_task_ff0c69b18c,화학,화학Ⅰ,I_or_other,textbook_plus_legacy,true,clean,clean,both,"[""분자 구조"",""모델링"",""분자의 구조와 성질""]","[""분자의 구조"",""분자 구조"",""모델링""]",분자의 구조와 성질,분자의 구조와 성질,false,false,false,[]
assessment_task_661ec76c13,화학,화학Ⅰ,I_or_other,textbook_concept_dictionary,true,clean,clean,both,"[""중화 반응"",""적정"",""화학 반응과 열의 출입""]","[""분자의 구조"",""분자 구조"",""중화 반응"",""적정"",""중화""]",화학 반응과 열의 출입,화학 반응과 열의 출입,false,false,false,[]
assessment_task_fafa543c91,물리,물리학Ⅱ,II,textbook_concept_dictionary,true,clean,clean,both,"[""등속 원운동""]","[""등속 원운동""]",,등속 원운동,false,false,false,[]
assessment_task_2da57e0f48,물리,물리학Ⅱ,II,textbook_concept_dictionary,true,clean,clean,both,"[""자기장"",""물질의 자기적 특성""]","[""자기장""]",물질의 자기적 특성,물질의 자기적 특성,false,false,false,[]
assessment_task_6c343fe719,물리,물리학Ⅱ,II,textbook_concept_dictionary,true,clean,clean,both,"[""자기장"",""물질의 자기적 특성""]","[""자기장""]",물질의 자기적 특성,물질의 자기적 특성,false,false,false,[]
assessment_task_2d8bf43251,미적분1,미적분,I_or_other,textbook_plus_legacy,true,clean,clean,both,"[""수열"",""미분"",""극한""]","[""수열의 극한"",""극한"",""수열"",""미분""]",수열의 극한,수열의 극한,false,false,false,[]
assessment_task_916e23388e,미적분1,미적분,I_or_other,textbook_plus_legacy,true,clean,clean,both,"[""함수"",""수열"",""적분""]","[""수열의 극한"",""정적분"",""극한"",""수열"",""적분"",""함수""]",수열의 극한,수열의 극한,false,false,false,[]
assessment_task_46ce653083,생명과학,생명과학Ⅱ,II,textbook_concept_dictionary,true,clean,clean,both,"[""세포 호흡"",""광합성"",""물질대사와 에너지""]","[""세포 호흡"",""광합성"",""세포""]",물질대사와 에너지,물질대사와 에너지,false,false,false,[]
assessment_task_bb0e29da8d,생명과학,생명과학Ⅱ,II,textbook_plus_legacy,true,clean,clean,both,"[""DNA"",""복제"",""유전""]","[""DNA"",""유전자"",""복제"",""세포"",""유전""]",유전자와 염색체,유전자와 염색체,false,false,false,[]
assessment_task_37189c398e,인공지능 기초,인공지능 기초,I_or_other,textbook_concept_dictionary,true,clean,clean,both,"[""인공지능""]","[""인공지능""]",,인공지능,false,false,true,"[""정보""]"
assessment_task_3c1fe074c9,인공지능 기초,인공지능 기초,I_or_other,textbook_concept_dictionary,true,clean,clean,both,"[""인공지능""]","[""인공지능""]",,인공지능,false,false,true,"[""정보""]"
assessment_task_b4cb9c30cc,화학,화학Ⅱ,II,subject_fallback,false,fallback,fallback,none,"[""화학""]",[],,,false,false,false,[]
assessment_task_cc232ae929,화학,화학Ⅱ,II,textbook_concept_dictionary,true,clean,clean,both,"[""분자량"",""물질의 양과 화학 반응식""]","[""분자량""]",물질의 양과 화학 반응식,물질의 양과 화학 반응식,false,false,false,[]
assessment_task_f50c4ebe0c,화학,화학Ⅱ,II,subject_fallback,false,fallback,fallback,none,"[""화학""]",[],,,false,false,false,[]
assessment_task_d47a522541,화학,화학Ⅱ,II,textbook_plus_legacy,true,clean,clean,both,"[""분자량"",""화학 평형"",""물질의 양과 화학 반응식""]","[""반응 엔탈피"",""분자량"",""화학 평형""]",물질의 양과 화학 반응식,물질의 양과 화학 반응식,false,false,false,[]
assessment_task_fec59fd64e,확률과 통계,확률과 통계,I_or_other,textbook_concept_dictionary,true,clean,clean,both,"[""순열과 조합""]","[""순열과 조합"",""순열"",""조합""]",순열과 조합,순열과 조합,false,false,false,[]
assessment_task_e3ac3a09fa,확률과 통계,확률과 통계,I_or_other,textbook_concept_dictionary,true,clean,clean,both,"[""탐색"",""순열과 조합""]","[""순열과 조합"",""순열"",""조합"",""탐색""]",순열과 조합,순열과 조합,false,false,false,[]
assessment_task_f3f49571ef,데이터 과학,데이터 과학,I_or_other,subject_fallback,false,fallback,fallback,none,"[""데이터 과학""]",[],,,false,false,false,[]
assessment_task_ec6566442c,데이터 과학,데이터 과학,I_or_other,textbook_concept_dictionary,true,clean,clean,both,"[""데이터"",""시각화""]","[""데이터"",""시각화"",""판단""]",,데이터,false,false,true,"[""확률과 통계"",""정보""]"
assessment_task_50208fa34a,데이터 과학,데이터 과학,I_or_other,textbook_concept_dictionary,true,clean,clean,both,"[""시각화"",""탐색"",""자료와 정보의 분석""]","[""데이터"",""시각화"",""자료형"",""탐색"",""편향""]",자료와 정보의 분석,자료와 정보의 분석,false,false,true,"[""확률과 통계"",""정보""]"
assessment_task_38768a928d,물리,물리학,I_or_other,textbook_concept_dictionary,true,clean,clean,both,"[""운동 에너지"",""에너지와 열""]","[""운동 에너지"",""힘과 운동""]",에너지와 열,에너지와 열,false,false,false,[]
assessment_task_75dd3e6480,물리,물리학,I_or_other,textbook_plus_legacy,true,clean,clean,both,"[""운동량 보존"",""힘과 운동""]","[""운동량 보존"",""힘과 운동"",""운동량""]",힘과 운동,힘과 운동,false,false,false,[]
assessment_task_150795a055,세포와 물질대사,세포와 물질대사,I_or_other,textbook_concept_dictionary,true,clean,clean,both,"[""광합성과 세포 호흡""]","[""세포 호흡"",""광합성"",""발효""]",광합성과 세포 호흡,광합성과 세포 호흡,false,false,false,[]
assessment_task_a18bf62908,세포와 물질대사,세포와 물질대사,I_or_other,textbook_concept_dictionary,true,clean,clean,both,"[""광합성과 세포 호흡""]","[""TCA 회로"",""세포 소기관"",""세포 호흡"",""광합성"",""캘빈""]",광합성과 세포 호흡,광합성과 세포 호흡,false,false,false,[]
assessment_task_1bef74d02a,지구과학,지구과학,I_or_other,textbook_plus_legacy,true,clean,clean,both,"[""심층 순환"",""기후"",""해수의 순환""]","[""기후 변화"",""심층 순환"",""기후"",""밀도""]",해수의 순환,해수의 순환,false,false,false,[]
assessment_task_c29f8b9da5,지구과학,지구과학,I_or_other,textbook_plus_legacy,true,clean,clean,both,"[""기후 변화""]","[""지구의 기후 변화"",""기후 변화"",""기후""]",지구의 기후 변화,지구의 기후 변화,false,false,false,[]
assessment_task_aa7454a75c,지구과학,지구과학,I_or_other,textbook_concept_dictionary,true,clean,clean,both,"[""태양계 천체의 관측과 운동""]","[""우주의 진화"",""은하의 형태"",""태양계 천체"",""은하 분류"",""태양계"",""분류"",""은하""]",태양계 천체의 관측과 운동,태양계 천체의 관측과 운동,false,false,false,[]
assessment_task_52fdde5c9a,화학,화학,I_or_other,textbook_concept_dictionary,true,clean,clean,both,"[""화학과 우리 생활""]","[""화학과 우리 생활""]",화학과 우리 생활,화학과 우리 생활,false,false,false,[]
assessment_task_984c6ddbf9,화학,화학,I_or_other,textbook_concept_dictionary,true,clean,clean,both,"[""물질의 양과 화학 반응식""]","[""반응식 완성"",""화학 반응식"",""반응식""]",물질의 양과 화학 반응식,물질의 양과 화학 반응식,false,false,false,[]
assessment_task_61a72dc9a9,화학,화학,I_or_other,textbook_concept_dictionary,true,clean,clean,both,"[""물질의 양과 화학 반응식""]","[""화학 반응식"",""반응식""]",물질의 양과 화학 반응식,물질의 양과 화학 반응식,false,false,false,[]
assessment_task_dbfb09945b,기하,기하,I_or_other,textbook_plus_legacy,true,clean,clean,both,"[""벡터""]","[""벡터의 연산"",""공간도형"",""이차곡선"",""벡터"",""연산""]",평면벡터와 벡터의 연산,평면벡터와 벡터의 연산,false,false,false,[]
assessment_task_05ef972db4,기하,기하,I_or_other,textbook_plus_legacy,true,clean,clean,both,"[""포물선"",""벡터"",""이차곡선과 자취 해석""]","[""벡터의 내적"",""이차곡선"",""포물선"",""내적"",""벡터""]",이차곡선과 자취 해석,이차곡선과 자취 해석,false,false,false,[]
assessment_task_0d70883f2a,대수,대수,I_or_other,textbook_plus_legacy,true,clean,clean,both,"[""증명"",""함수"",""수열"",""수학적 귀납법""]","[""수학적 귀납법"",""로그의 성질"",""로그함수"",""수열의 합"",""지수함수"",""로그"",""수열"",""증명""]",수학적 귀납법,수학적 귀납법,false,false,false,[]
assessment_task_75aadd92d2,대수,대수,I_or_other,subject_fallback,false,fallback,fallback,none,"[""대수""]",[],,,false,false,false,[]
assessment_task_0a6742502e,대수,대수,I_or_other,subject_fallback,false,fallback,fallback,none,"[""대수""]",[],,,false,false,false,[]
assessment_task_fb2fc392ef,물리,물리학Ⅱ,II,legacy_dictionary,true,clean,clean,both,"[""벡터"",""힘의 평형""]","[""벡터"",""힘의 평형""]",,,false,false,false,[]
assessment_task_2aca224eaf,물리,물리학Ⅱ,II,subject_fallback,false,fallback,fallback,none,"[""물리""]",[],,,false,false,false,[]
assessment_task_15ec517490,물리,물리학Ⅱ,II,textbook_concept_dictionary,true,clean,clean,both,"[""자기장"",""물질의 자기적 특성""]","[""자기장""]",물질의 자기적 특성,물질의 자기적 특성,false,false,false,[]
assessment_task_a0f1d3e301,생명과학,생명과학Ⅱ,II,subject_fallback,false,fallback,fallback,none,"[""생명과학""]",[],,,false,false,false,[]
assessment_task_0abd5d9e8d,생명과학,생명과학Ⅱ,II,textbook_plus_legacy,true,clean,clean,both,"[""계통"",""형질"",""행렬"",""생물의 분류 체계""]","[""다양성"",""계통"",""분류"",""진화"",""형질"",""행렬""]",생물의 분류 체계,생물의 분류 체계,false,false,false,[]
assessment_task_e1ad59fd48,생명과학,생명과학Ⅱ,II,textbook_concept_dictionary,true,clean,clean,both,"[""다양성"",""진화""]","[""다양성"",""진화""]",,다양성,false,false,false,[]
assessment_task_d04ce3c1ed,지구과학,지구과학Ⅱ,II,textbook_concept_dictionary,true,clean,clean,both,"[""태양계 천체의 관측과 운동""]","[""관측"",""운동""]",태양계 천체의 관측과 운동,태양계 천체의 관측과 운동,false,false,false,[]
assessment_task_2b9d793a47,화학,화학Ⅱ,II,subject_fallback,false,fallback,fallback,none,"[""화학""]",[],,,false,false,false,[]
assessment_task_b4d6518efc,화학,화학Ⅱ,II,textbook_concept_dictionary,true,clean,clean,both,"[""적정""]","[""적정""]",,적정,false,false,false,[]
assessment_task_3550618eb9,화학,화학Ⅱ,II,textbook_plus_legacy,true,clean,clean,both,"[""반응 엔탈피"",""화학 평형""]","[""반응 엔탈피"",""화학 평형""]",,반응 엔탈피,false,false,false,[]
assessment_task_e471b0f1d7,화학,화학Ⅱ,II,textbook_plus_legacy,true,clean,clean,both,"[""반응 엔탈피"",""화학 평형""]","[""반응 엔탈피"",""화학 평형""]",,반응 엔탈피,false,false,false,[]
assessment_task_d93108d4e3,미적분1,미적분,I_or_other,textbook_plus_legacy,true,clean,clean,both,"[""수열"",""적분"",""극한""]","[""수열의 극한"",""극한"",""수열"",""적분""]",수열의 극한,수열의 극한,false,false,false,[]
assessment_task_2ac4f23073,미적분1,미적분,I_or_other,textbook_plus_legacy,true,clean,clean,both,"[""수열"",""적분"",""극한""]","[""수열의 극한"",""극한"",""수열"",""적분""]",수열의 극한,수열의 극한,false,false,false,[]
assessment_task_7790e9c89e,확률과 통계,확률과 통계,I_or_other,textbook_concept_dictionary,true,clean,clean,both,"[""순열과 조합""]","[""순열과 조합"",""순열"",""조합"",""확률""]",순열과 조합,순열과 조합,false,false,false,[]
assessment_task_b241c84d51,확률과 통계,확률과 통계,I_or_other,textbook_concept_dictionary,true,clean,clean,both,"[""순열과 조합""]","[""순열과 조합"",""순열"",""조합"",""확률""]",순열과 조합,순열과 조합,false,false,false,[]
assessment_task_af88ba3ff4,인공지능 기초,인공지능 기초,I_or_other,textbook_concept_dictionary,true,clean,clean,both,"[""인공지능""]","[""인공지능""]",,인공지능,false,false,true,"[""정보""]"
assessment_task_2dffc05ca2,인공지능 기초,인공지능 기초,I_or_other,textbook_concept_dictionary,true,clean,clean,both,"[""인공지능""]","[""인공지능""]",,인공지능,false,false,true,"[""정보""]"
assessment_task_a9458b5850,인공지능 기초,인공지능 기초,I_or_other,textbook_concept_dictionary,true,clean,clean,both,"[""인공지능""]","[""인공지능""]",,인공지능,false,false,true,"[""정보""]"
assessment_task_c141ee121e,공통수학1,공통수학1,I_or_other,subject_fallback,false,fallback,fallback,none,"[""공통수학1""]",[],,,false,false,false,[]
assessment_task_910b2f43ba,공통수학1,공통수학1,I_or_other,subject_fallback,false,fallback,fallback,none,"[""공통수학1""]",[],,,false,false,false,[]
assessment_task_3cca833319,공통수학1,공통수학1,I_or_other,subject_fallback,false,fallback,fallback,none,"[""공통수학1""]",[],,,false,false,false,[]
assessment_task_cb7544014d,통합사회1,통합사회1,I_or_other,textbook_concept_dictionary,true,clean,clean,both,"[""미래 사회"",""미래와 지속 가능한 삶""]","[""미래 사회"",""해결 방안""]",미래와 지속 가능한 삶,미래와 지속 가능한 삶,false,false,false,[]
assessment_task_2b706a48c0,통합사회1,통합사회1,I_or_other,textbook_concept_dictionary,true,clean,clean,both,"[""통합적 관점과 행복""]","[""통합적 관점""]",통합적 관점과 행복,통합적 관점과 행복,false,false,false,[]
assessment_task_42dfe41895,통합과학1,통합과학1,I_or_other,textbook_concept_dictionary,true,clean,clean,both,"[""지권""]","[""지권""]",,지권,false,false,false,[]
assessment_task_a0483b8acc,통합과학1,통합과학1,I_or_other,subject_fallback,false,fallback,fallback,none,"[""통합과학1""]",[],,,false,false,false,[]
assessment_task_0138a1727c,과학탐구실험1,과학탐구실험1,I_or_other,subject_fallback,false,fallback,fallback,none,"[""과학탐구실험1""]",[],,,false,false,false,[]
assessment_task_22c156d461,과학탐구실험1,과학탐구실험1,I_or_other,textbook_concept_dictionary,true,clean,clean,both,"[""멘델레예프의 주기율표 만들기""]","[""멘델레예프의 주기율표 만들기"",""멘델레예프"",""주기율표""]",멘델레예프의 주기율표 만들기,멘델레예프의 주기율표 만들기,false,false,false,[]
assessment_task_5eedb85a2c,과학탐구실험1,과학탐구실험1,I_or_other,textbook_concept_dictionary,true,clean,clean,both,"[""손전등을 이용하여 뉴턴의 프리즘 실험 구현하기""]","[""프리즘"",""뉴턴""]",손전등을 이용하여 뉴턴의 프리즘 실험 구현하기,손전등을 이용하여 뉴턴의 프리즘 실험 구현하기,false,false,false,[]
assessment_task_fff497a44f,대수,대수,I_or_other,subject_fallback,false,fallback,fallback,none,"[""대수""]",[],,,false,false,false,[]
assessment_task_84ba9c2be2,대수,대수,I_or_other,subject_fallback,false,fallback,fallback,none,"[""대수""]",[],,,false,false,false,[]
assessment_task_ba69f0a4d1,화학,화학,I_or_other,subject_fallback,false,fallback,fallback,none,"[""화학""]",[],,,false,false,false,[]
assessment_task_950b0ce57b,화학,화학,I_or_other,textbook_concept_dictionary,true,clean,clean,both,"[""적정"",""중화"",""화학 반응과 열의 출입""]","[""적정"",""중화""]",화학 반응과 열의 출입,화학 반응과 열의 출입,false,false,false,[]
assessment_task_b24a5439fc,생명과학,생명과학,I_or_other,legacy_dictionary,true,clean,clean,both,"[""효소""]","[""효소""]",,,false,false,false,[]
assessment_task_5e16e41a0e,생명과학,생명과학,I_or_other,textbook_concept_dictionary,true,clean,clean,both,"[""세포"",""생명과학의 이해""]","[""세포""]",생명과학의 이해,생명과학의 이해,false,false,false,[]
assessment_task_c7bf9e6762,지구과학,지구과학,I_or_other,textbook_plus_legacy,true,clean,clean,both,"[""기후 변화""]","[""기후 변화"",""기후""]",,기후 변화,false,false,false,[]
assessment_task_15100e633b,지구과학,지구과학,I_or_other,subject_fallback,false,fallback,fallback,none,"[""지구과학""]",[],,,false,false,false,[]
assessment_task_5fbc3a2fac,물리,물리학,I_or_other,textbook_plus_legacy,true,clean,clean,both,"[""운동량 보존"",""충돌"",""힘과 운동""]","[""운동량 보존"",""운동량"",""충돌""]",힘과 운동,힘과 운동,false,false,false,[]
assessment_task_fe85f1a116,물리,물리학,I_or_other,subject_fallback,false,fallback,fallback,none,"[""물리""]",[],,,false,false,false,[]
assessment_task_900bc3cfc6,정보,정보,I_or_other,textbook_concept_dictionary,true,clean,clean,both,"[""디지털""]","[""디지털""]",,디지털,false,false,false,[]
assessment_task_7ef58b1543,정보,정보,I_or_other,textbook_plus_legacy,true,clean,clean,both,"[""알고리즘""]","[""문제 해결"",""알고리즘"",""제어 구조""]",알고리즘 설계와 분석,알고리즘 설계와 분석,false,false,false,[]
assessment_task_6661038929,확률과 통계,확률과 통계,I_or_other,subject_fallback,false,fallback,fallback,none,"[""확률과 통계""]",[],,,false,false,false,[]
assessment_task_53f4c9a109,미적분1,미적분,I_or_other,subject_fallback,false,fallback,fallback,none,"[""미적분1""]",[],,,false,false,false,[]
assessment_task_acfeb52734,물리,물리학Ⅱ,II,subject_fallback,false,fallback,fallback,none,"[""물리""]",[],,,false,false,false,[]
assessment_task_0f64e34b86,물리,물리학Ⅱ,II,subject_fallback,false,fallback,fallback,none,"[""물리""]",[],,,false,false,false,[]
assessment_task_98937470bc,화학,화학Ⅱ,II,subject_fallback,false,fallback,fallback,none,"[""화학""]",[],,,false,false,false,[]
assessment_task_d03e63c5ae,화학,화학Ⅱ,II,subject_fallback,false,fallback,fallback,none,"[""화학""]",[],,,false,false,false,[]
assessment_task_f4e2e292c5,생명과학,생명과학Ⅱ,II,subject_fallback,false,fallback,fallback,none,"[""생명과학""]",[],,,false,false,false,[]
assessment_task_a357dbf73c,생명과학,생명과학Ⅱ,II,subject_fallback,false,fallback,fallback,none,"[""생명과학""]",[],,,false,false,false,[]
assessment_task_3c871b6670,지구과학,지구과학Ⅱ,II,subject_fallback,false,fallback,fallback,none,"[""지구과학""]",[],,,false,false,false,[]
assessment_task_ebb3f38151,지구과학,지구과학Ⅱ,II,textbook_plus_legacy,true,clean,clean,both,"[""일기도"",""파동"",""날씨의 변화""]","[""일기도"",""파동""]",날씨의 변화,날씨의 변화,false,false,false,[]
assessment_task_03925c5bf9,인공지능 기초,인공지능 기초,I_or_other,textbook_concept_dictionary,true,clean,clean,both,"[""인공지능""]","[""인공지능""]",,인공지능,false,false,true,"[""정보""]"
assessment_task_397210f283,인공지능 기초,인공지능 기초,I_or_other,textbook_concept_dictionary,true,clean,clean,both,"[""구조화"",""추상화와 문제 분해""]","[""구조화"",""탐색""]",추상화와 문제 분해,추상화와 문제 분해,false,false,true,"[""정보""]"
assessment_task_2e6c7ed012,공통수학1,공통수학1,I_or_other,subject_fallback,false,fallback,fallback,none,"[""공통수학1""]",[],,,false,false,false,[]
assessment_task_bbf54c4d04,공통수학1,공통수학1,I_or_other,subject_fallback,false,fallback,fallback,none,"[""공통수학1""]",[],,,false,false,false,[]
assessment_task_1697e83ca3,과학탐구실험1,과학탐구실험1,I_or_other,textbook_plus_legacy,true,clean,clean,both,"[""기후 변화""]","[""관측 자료"",""기후 변화"",""탐구 목적"",""관측"",""해석""]",관측 자료(빅데이터)를 활용하여 한반도의 기후 변화 경향성 파악하기,관측 자료(빅데이터)를 활용하여 한반도의 기후 변화 경향성 파악하기,false,false,false,[]
assessment_task_663b125772,과학탐구실험1,과학탐구실험1,I_or_other,textbook_concept_dictionary,true,clean,clean,both,"[""갈릴레이의 경사면 실험과 낙하 운동""]","[""경사면 실험"",""갈릴레이"",""낙하 운동"",""탐구 목적"",""경사면""]",갈릴레이의 경사면 실험과 낙하 운동,갈릴레이의 경사면 실험과 낙하 운동,false,false,false,[]
assessment_task_c4606d9ef2,과학탐구실험1,과학탐구실험1,I_or_other,textbook_concept_dictionary,true,clean,clean,both,"[""백색광"",""분산"",""손전등을 이용하여 뉴턴의 프리즘 실험 구현하기""]","[""탐구 목적"",""백색광"",""프리즘"",""뉴턴"",""분산""]",손전등을 이용하여 뉴턴의 프리즘 실험 구현하기,손전등을 이용하여 뉴턴의 프리즘 실험 구현하기,false,false,false,[]
assessment_task_d65225cae4,통합과학1,통합과학1,I_or_other,textbook_concept_dictionary,true,clean,clean,both,"[""운동"",""역학 시스템""]","[""디지털"",""운동""]",역학 시스템,역학 시스템,false,false,false,[]
assessment_task_b63b84b5de,통합과학1,통합과학1,I_or_other,legacy_dictionary,true,clean,clean,both,"[""효소""]","[""효소""]",,,false,false,false,[]
assessment_task_6ebec8e9db,통합사회1,통합사회1,I_or_other,textbook_concept_dictionary,true,clean,clean,both,"[""기후"",""자연환경과 인간의 공존""]","[""기후""]",자연환경과 인간의 공존,자연환경과 인간의 공존,false,false,false,[]
assessment_task_d66a95f2db,통합사회1,통합사회1,I_or_other,subject_fallback,false,fallback,fallback,none,"[""통합사회1""]",[],,,false,false,false,[]
assessment_task_17d5768309,통합사회1,통합사회1,I_or_other,subject_fallback,false,fallback,fallback,none,"[""통합사회1""]",[],,,false,false,false,[]
assessment_task_a6ca40711c,기하,기하,I_or_other,textbook_concept_dictionary,true,clean,clean,both,"[""이차곡선""]","[""이차곡선""]",,이차곡선,false,false,false,[]
assessment_task_dff77d36c6,기하,기하,I_or_other,subject_fallback,false,fallback,fallback,none,"[""기하""]",[],,,false,false,false,[]
assessment_task_7857f9a1b1,대수,대수,I_or_other,subject_fallback,false,fallback,fallback,none,"[""대수""]",[],,,false,false,false,[]
assessment_task_95bb7a7f3f,대수,대수,I_or_other,subject_fallback,false,fallback,fallback,none,"[""대수""]",[],,,false,false,false,[]
assessment_task_2ea22d58f2,대수,대수,I_or_other,subject_fallback,false,fallback,fallback,none,"[""대수""]",[],,,false,false,false,[]
assessment_task_d1c2efc562,물리,물리학,I_or_other,subject_fallback,false,fallback,fallback,none,"[""물리""]",[],,,false,false,false,[]
assessment_task_09fa54462d,물리,물리학,I_or_other,subject_fallback,false,fallback,fallback,none,"[""물리""]",[],,,false,false,false,[]
assessment_task_fc59a18d35,생명과학,생명과학,I_or_other,textbook_concept_dictionary,true,clean,clean,both,"[""생명 시스템""]","[""생명 시스템""]",,생명 시스템,false,false,false,[]
assessment_task_efba0fd91b,생명과학,생명과학,I_or_other,subject_fallback,false,fallback,fallback,none,"[""생명과학""]",[],,,false,false,false,[]
assessment_task_bef5956ceb,정보,정보,I_or_other,textbook_concept_dictionary,true,clean,clean,both,"[""제어 구조"",""변수"",""프로그래밍과 자동화""]","[""문제 해결"",""제어 구조"",""입출력"",""자료형"",""변수""]",프로그래밍과 자동화,프로그래밍과 자동화,false,false,false,[]
assessment_task_d071776c23,정보,정보,I_or_other,textbook_concept_dictionary,true,clean,clean,both,"[""시각화"",""탐색"",""자료와 정보의 분석""]","[""구조화"",""디지털"",""시각화"",""탐색""]",자료와 정보의 분석,자료와 정보의 분석,false,false,false,[]
assessment_task_94fd8c628c,지구과학,지구과학,I_or_other,subject_fallback,false,fallback,fallback,none,"[""지구과학""]",[],,,false,false,false,[]
assessment_task_0da904f639,지구과학,지구과학,I_or_other,textbook_concept_dictionary,true,clean,clean,both,"[""관측 자료"",""태양계 천체의 관측과 운동""]","[""해수의 성질"",""관측 자료"",""관측""]",태양계 천체의 관측과 운동,태양계 천체의 관측과 운동,false,false,false,[]
assessment_task_688e452031,지구과학,지구과학,I_or_other,subject_fallback,false,fallback,fallback,none,"[""지구과학""]",[],,,false,false,false,[]
assessment_task_b68d33486f,지구과학,지구과학,I_or_other,textbook_concept_dictionary,true,clean,clean,both,"[""H-R도"",""별의 특성과 진화""]","[""H-R도""]",별의 특성과 진화,별의 특성과 진화,false,false,false,[]
assessment_task_76350c52c9,화학,화학,I_or_other,subject_fallback,false,fallback,fallback,none,"[""화학""]",[],,,false,false,false,[]
assessment_task_6857cb40ac,화학,화학,I_or_other,subject_fallback,false,fallback,fallback,none,"[""화학""]",[],,,false,false,false,[]
assessment_task_1b755ea9bb,화학,화학,I_or_other,subject_fallback,false,fallback,fallback,none,"[""화학""]",[],,,false,false,false,[]
assessment_task_2fda287f6c,화학,화학,I_or_other,subject_fallback,false,fallback,fallback,none,"[""화학""]",[],,,false,false,false,[]
assessment_task_17728bc9d4,화학,화학,I_or_other,textbook_concept_dictionary,true,clean,clean,both,"[""제산제"",""pH""]","[""제산제"",""pH""]",,제산제,false,false,false,[]
assessment_task_aa1182ef37,물리,물리학Ⅱ,II,subject_fallback,false,fallback,fallback,none,"[""물리""]",[],,,false,false,false,[]
assessment_task_e9b458d84d,물리,물리학Ⅱ,II,subject_fallback,false,fallback,fallback,none,"[""물리""]",[],,,false,false,false,[]
assessment_task_881db755ec,미적분1,미적분,I_or_other,subject_fallback,false,fallback,fallback,none,"[""미적분1""]",[],,,false,false,false,[]
assessment_task_e453cc1d5b,생명과학,생명과학Ⅱ,II,legacy_dictionary,true,clean,clean,both,"[""모델링""]","[""모델링""]",,,false,false,false,[]
assessment_task_565e081bdd,생명과학,생명과학Ⅱ,II,subject_fallback,false,fallback,fallback,none,"[""생명과학""]",[],,,false,false,false,[]
assessment_task_cdd8198039,생명과학,생명과학Ⅱ,II,subject_fallback,false,fallback,fallback,none,"[""생명과학""]",[],,,false,false,false,[]
assessment_task_9a7b83e375,지구과학,지구과학Ⅱ,II,subject_fallback,false,fallback,fallback,none,"[""지구과학""]",[],,,false,false,false,[]
assessment_task_96be33054b,지구과학,지구과학Ⅱ,II,textbook_concept_dictionary,true,clean,clean,both,"[""해류""]","[""해류""]",,해류,false,false,false,[]
assessment_task_5547677ac6,화학,화학Ⅱ,II,subject_fallback,false,fallback,fallback,none,"[""화학""]",[],,,false,false,false,[]
assessment_task_50f24b0b5b,화학,화학Ⅱ,II,subject_fallback,false,fallback,fallback,none,"[""화학""]",[],,,false,false,false,[]
assessment_task_b2069908c5,공통수학1,공통수학1,I_or_other,textbook_plus_legacy,true,record_only,record_only,record,"[""행렬"",""경우의 수""]","[""경우의 수"",""다항식"",""부등식"",""행렬""]","경우의 수, 순열, 조합",경우의 수,false,false,false,[]
assessment_task_cbe46e7e8c,공통수학1,공통수학1,I_or_other,subject_fallback,false,fallback,fallback,none,"[""공통수학1""]",[],,,false,false,false,[]
assessment_task_9de05ec407,과학탐구실험1,과학탐구실험1,I_or_other,textbook_concept_dictionary,true,clean,clean,both,"[""과학의 본성"",""우리 선조들의 과학 기술 발전 사례 찾기""]","[""과학의 본성"",""주기율표"",""발전""]",우리 선조들의 과학 기술 발전 사례 찾기,우리 선조들의 과학 기술 발전 사례 찾기,false,false,false,[]
assessment_task_76e26b003c,과학탐구실험1,과학탐구실험1,I_or_other,textbook_concept_dictionary,true,clean,clean,both,"[""우리 선조들의 과학 기술 발전 사례 찾기""]","[""우리 선조들의 과학 기술 발전 사례 찾기"",""우리 선조들의 과학 기술"",""기술 발전 사례"",""발전""]",우리 선조들의 과학 기술 발전 사례 찾기,우리 선조들의 과학 기술 발전 사례 찾기,false,false,false,[]
assessment_task_f9f670ed79,과학탐구실험1,과학탐구실험1,I_or_other,textbook_concept_dictionary,true,clean,clean,both,"[""변인"",""절차"",""가설 설정과 탐구 설계""]","[""귀납적 탐구"",""연역적 탐구"",""변인"",""절차""]",가설 설정과 탐구 설계,가설 설정과 탐구 설계,false,false,false,[]
assessment_task_837c6ac915,과학탐구실험1,과학탐구실험1,I_or_other,textbook_concept_dictionary,true,clean,clean,both,"[""디스크 확산법"",""우리 주변에서 천연 항생물질 찾기""]","[""디스크 확산법"",""천연 항생물질"",""해석""]",우리 주변에서 천연 항생물질 찾기,우리 주변에서 천연 항생물질 찾기,false,false,false,[]
assessment_task_689b250e66,기하,기하,I_or_other,textbook_plus_legacy,true,clean,clean,both,"[""모델링"",""이차곡선의 접선의 방정식""]","[""접선의 방정식"",""이차곡선"",""접선"",""모델링""]",이차곡선의 접선의 방정식,이차곡선의 접선의 방정식,false,false,false,[]
assessment_task_ef0e801e32,기하,기하,I_or_other,textbook_plus_legacy,true,clean,clean,both,"[""삼수선 정리"",""모델링"",""공간도형과 정사영·위치 관계""]","[""삼수선 정리"",""정사영"",""수선"",""모델링""]",공간도형과 정사영·위치 관계,공간도형과 정사영·위치 관계,false,false,false,[]
assessment_task_f1b80ac09b,대수,대수,I_or_other,textbook_plus_legacy,true,record_only,record_only,record,"[""함수"",""수열""]","[""등차수열과 등비수열"",""수학적 귀납법"",""등비수열"",""등차수열"",""로그함수"",""수열의 합"",""지수함수"",""로그""]",등차수열과 등비수열,등차수열과 등비수열,false,false,false,[]
assessment_task_a3e279c092,대수,대수,I_or_other,subject_fallback,false,fallback,fallback,none,"[""대수""]",[],,,false,false,false,[]
assessment_task_36fb24e190,물리,물리학,I_or_other,textbook_plus_legacy,true,clean,clean,both,"[""운동량 보존"",""충돌"",""힘과 운동""]","[""운동량 보존"",""운동량"",""충돌""]",힘과 운동,힘과 운동,false,false,false,[]
assessment_task_25d9737f96,물리,물리학,I_or_other,subject_fallback,false,fallback,fallback,none,"[""물리""]",[],,,false,false,false,[]
assessment_task_dab5bdfe76,생명과학,생명과학,I_or_other,textbook_concept_dictionary,true,record_only,record_only,record,"[""분류"",""진화와 생물 다양성""]","[""분류"",""진화""]",진화와 생물 다양성,진화와 생물 다양성,false,false,false,[]
assessment_task_0cb2b725f5,생명과학,생명과학,I_or_other,textbook_concept_dictionary,true,clean,clean,both,"[""자연선택"",""분류"",""진화와 생물 다양성""]","[""분류 체계"",""자연선택"",""계통"",""분류"",""진화""]",진화와 생물 다양성,진화와 생물 다양성,false,false,false,[]
assessment_task_6cc0dced65,생명과학,생명과학실험,I_or_other,subject_fallback,false,fallback,fallback,none,"[""생명과학""]",[],,,false,false,false,[]
assessment_task_2420deaff1,생명과학,생명과학실험,I_or_other,textbook_concept_dictionary,true,clean,clean,both,"[""감수 분열"",""생식과 생명의 연속성""]","[""감수 분열"",""세포""]",생식과 생명의 연속성,생식과 생명의 연속성,false,false,false,[]
assessment_task_bc30f1e780,생명과학,생명과학실험,I_or_other,subject_fallback,false,fallback,fallback,none,"[""생명과학""]",[],,,false,false,false,[]
assessment_task_9f0c8fe684,생명과학,생명과학실험,I_or_other,textbook_concept_dictionary,true,record_only,record_only,record,"[""DNA"",""유전자와 염색체""]","[""DNA""]",유전자와 염색체,유전자와 염색체,false,false,false,[]
assessment_task_d45727b317,정보,정보,I_or_other,textbook_concept_dictionary,true,clean,clean,both,"[""문제 해결"",""탐색"",""자료와 정보의 분석""]","[""컴퓨팅 시스템"",""문제 해결"",""센서"",""탐색""]",자료와 정보의 분석,자료와 정보의 분석,false,false,false,[]
assessment_task_ccd4d579b3,정보,정보,I_or_other,textbook_plus_legacy,true,clean,clean,both,"[""문제 해결"",""탐색"",""알고리즘"",""자료와 정보의 분석""]","[""문제 해결"",""알고리즘"",""탐색""]",자료와 정보의 분석,자료와 정보의 분석,false,false,false,[]
assessment_task_62fb342420,지구과학,지구과학,I_or_other,textbook_concept_dictionary,true,clean,clean,both,"[""해수의 성질""]","[""해수의 성질"",""H-R도"",""광도"",""위성""]",해수의 성질,해수의 성질,false,false,false,[]
assessment_task_a9d42b9359,지구과학,지구과학,I_or_other,textbook_concept_dictionary,true,clean,clean,both,"[""H-R도"",""별의 특성과 진화""]","[""H-R도"",""광도""]",별의 특성과 진화,별의 특성과 진화,false,false,false,[]
assessment_task_c69f6cbb6d,통합과학1,통합과학1,I_or_other,textbook_concept_dictionary,true,clean,clean,both,"[""추론""]","[""추론""]",,추론,false,false,false,[]
assessment_task_e494623570,통합과학1,통합과학1,I_or_other,textbook_concept_dictionary,true,clean,clean,both,"[""주기성"",""규칙성 발견과 주기율표""]","[""스펙트럼"",""주기율표"",""주기성"",""결합"",""원소""]",규칙성 발견과 주기율표,규칙성 발견과 주기율표,false,false,false,[]
assessment_task_674fd1646c,통합과학1,통합과학1,I_or_other,textbook_concept_dictionary,true,clean,clean,both,"[""세포""]","[""세포""]",,세포,false,false,false,[]
assessment_task_2b80a70a5c,통합과학1,통합과학1,I_or_other,subject_fallback,false,fallback,fallback,none,"[""통합과학1""]",[],,,false,false,false,[]
assessment_task_01323b4e73,통합사회1,통합사회1,I_or_other,subject_fallback,false,fallback,fallback,none,"[""통합사회1""]",[],,,false,false,false,[]
assessment_task_c01b14952e,통합사회1,통합사회1,I_or_other,textbook_concept_dictionary,true,clean,clean,both,"[""해결 방안"",""차별"",""인권 보장과 시민 참여""]","[""다문화 사회"",""해결 방안"",""차별""]",인권 보장과 시민 참여,인권 보장과 시민 참여,false,false,false,[]
assessment_task_2afdaba958,화학,화학,I_or_other,subject_fallback,false,fallback,fallback,none,"[""화학""]",[],,,false,false,false,[]
assessment_task_a3837fe3b5,화학,화학,I_or_other,subject_fallback,false,fallback,fallback,none,"[""화학""]",[],,,false,false,false,[]
assessment_task_09400e9739,화학,화학,I_or_other,legacy_dictionary,true,clean,clean,both,"[""화학 평형""]","[""화학 평형""]",,,false,false,false,[]
assessment_task_f867f00e3f,화학,화학,I_or_other,textbook_concept_dictionary,true,clean,clean,both,"[""아세트산"",""식초"",""탄소 화합물의 유용성""]","[""화학 반응식"",""아세트산"",""중화 반응"",""반응식"",""식초"",""중화""]",탄소 화합물의 유용성,탄소 화합물의 유용성,false,false,false,[]
assessment_task_616c248461,공통수학1,공통수학1,I_or_other,textbook_plus_legacy,true,clean,clean,both,"[""행렬"",""경우의 수""]","[""경우의 수"",""다항식"",""부등식"",""항등식"",""행렬""]","경우의 수, 순열, 조합",경우의 수,false,false,false,[]
assessment_task_f487f6b033,공통수학1,공통수학1,I_or_other,subject_fallback,false,fallback,fallback,none,"[""공통수학1""]",[],,,false,false,false,[]
assessment_task_653973f6da,과학탐구실험1,과학탐구실험1,I_or_other,textbook_concept_dictionary,true,clean,clean,both,"[""질량이 다른 물체"",""갈릴레이의 경사면 실험과 낙하 운동""]","[""질량이 다른 물체"",""갈릴레이"",""낙하 운동"",""패러다임"",""경사면"",""과학사"",""결론""]",갈릴레이의 경사면 실험과 낙하 운동,갈릴레이의 경사면 실험과 낙하 운동,false,false,false,[]
assessment_task_becae7e15b,과학탐구실험1,과학탐구실험1,I_or_other,textbook_concept_dictionary,true,clean,clean,both,"[""가설 설정과 탐구 설계""]","[""연역적 탐구"",""가설 설정"",""탐구 방법"",""과학사"",""프리즘"",""가설"",""뉴턴""]",가설 설정과 탐구 설계,가설 설정과 탐구 설계,false,false,false,[]
assessment_task_4ee029a636,과학탐구실험1,과학탐구실험1,I_or_other,textbook_plus_legacy,true,clean,clean,both,"[""기후 변화""]","[""기후 변화"",""빅데이터""]",관측 자료(빅데이터)를 활용하여 한반도의 기후 변화 경향성 파악하기,관측 자료(빅데이터)를 활용하여 한반도의 기후 변화 경향성 파악하기,false,false,false,[]
assessment_task_d9ddb3e8cc,과학탐구실험1,과학탐구실험1,I_or_other,textbook_concept_dictionary,true,clean,clean,both,"[""과학의 본성"",""우리 선조들의 과학 기술 발전 사례 찾기""]","[""과학의 본성"",""생물속생설"",""주기율표"",""파스퇴르"",""발전"",""협력""]",우리 선조들의 과학 기술 발전 사례 찾기,우리 선조들의 과학 기술 발전 사례 찾기,false,false,false,[]
assessment_task_984f0a5a61,과학탐구실험1,과학탐구실험1,I_or_other,textbook_concept_dictionary,true,clean,clean,both,"[""과학의 본성"",""우리 선조들의 과학 기술 발전 사례 찾기""]","[""과학의 본성"",""탐구 방법""]",우리 선조들의 과학 기술 발전 사례 찾기,우리 선조들의 과학 기술 발전 사례 찾기,false,false,false,[]
assessment_task_b85ccc8dd4,통합사회1,통합사회1,I_or_other,textbook_concept_dictionary,true,clean,clean,both,"[""자연환경과 인간의 공존""]","[""자연환경"",""공존""]",자연환경과 인간의 공존,자연환경과 인간의 공존,false,false,false,[]
assessment_task_95c4dbcd38,통합사회1,통합사회1,I_or_other,textbook_concept_dictionary,true,clean,clean,both,"[""해결 방안"",""인권 보장과 시민 참여""]","[""해결 방안""]",인권 보장과 시민 참여,인권 보장과 시민 참여,false,false,false,[]
assessment_task_afff507428,통합사회1,통합사회1,I_or_other,subject_fallback,false,fallback,fallback,none,"[""통합사회1""]",[],,,false,false,false,[]
assessment_task_30222f4d3a,통합사회1,통합사회1,I_or_other,subject_fallback,false,fallback,fallback,none,"[""통합사회1""]",[],,,false,false,false,[]
assessment_task_4dfc6aea3d,대수,대수,I_or_other,textbook_plus_legacy,true,clean,clean,both,"[""함수"",""수열""]","[""로그함수"",""지수함수"",""로그"",""수열"",""지수"",""함수""]",로그함수의 뜻과 그래프,로그함수의 뜻과 그래프,false,false,false,[]
assessment_task_ea6ce21d6b,대수,대수,I_or_other,subject_fallback,false,fallback,fallback,none,"[""대수""]",[],,,false,false,false,[]
assessment_task_1de8de3d64,물리,물리학,I_or_other,subject_fallback,false,fallback,fallback,none,"[""물리""]",[],,,false,false,false,[]
assessment_task_01b0b1afdd,물리,물리학,I_or_other,textbook_concept_dictionary,true,clean,clean,both,"[""굴절"",""파동의 성질과 활용""]","[""굴절"",""분리""]",파동의 성질과 활용,파동의 성질과 활용,false,false,false,[]
assessment_task_7d058f5724,물리,물리학,I_or_other,subject_fallback,false,fallback,fallback,none,"[""물리""]",[],,,false,false,false,[]
assessment_task_bed67032ef,생명과학,생명과학,I_or_other,textbook_concept_dictionary,true,clean,clean,both,"[""항원-항체 반응"",""면역과 백신""]","[""항원-항체 반응"",""항원"",""항체""]",면역과 백신,면역과 백신,false,false,false,[]
assessment_task_10a360d9b3,생명과학,생명과학,I_or_other,textbook_plus_legacy,true,clean,clean,both,"[""유전""]","[""염색체"",""유전""]",유전자와 염색체,유전자와 염색체,false,false,false,[]
assessment_task_4727c1be6d,생명과학,생명과학,I_or_other,textbook_plus_legacy,true,clean,clean,both,"[""항상성"",""생식과 생명의 연속성""]","[""생명의 연속성"",""생명 시스템"",""연속성"",""항상성""]",생식과 생명의 연속성,생식과 생명의 연속성,false,false,false,[]
assessment_task_6c913fa5c4,정보,정보,I_or_other,subject_fallback,false,fallback,fallback,none,"[""정보""]",[],,,false,false,false,[]
assessment_task_d3cb5fca71,정보,정보,I_or_other,textbook_concept_dictionary,true,clean,clean,both,"[""문제 해결"",""자료와 정보의 분석""]","[""문제 해결"",""AI""]",자료와 정보의 분석,자료와 정보의 분석,false,false,false,[]
assessment_task_f4ab61bf95,지구과학,지구과학,I_or_other,textbook_concept_dictionary,true,clean,clean,both,"[""환경 변화"",""화석"",""지층과 지질시대""]","[""지질시대"",""환경 변화"",""대멸종"",""화석""]",지층과 지질시대,지층과 지질시대,false,false,false,[]
assessment_task_7dd2f6e7e5,지구과학,지구과학,I_or_other,subject_fallback,false,fallback,fallback,none,"[""지구과학""]",[],,,false,false,false,[]
assessment_task_337a7ba52f,화학,화학,I_or_other,textbook_plus_legacy,true,record_only,record_only,record,"[""적정"",""중화"",""화학 평형"",""화학 반응과 열의 출입""]","[""적정"",""중화"",""화학 평형""]",화학 반응과 열의 출입,화학 반응과 열의 출입,false,false,false,[]
assessment_task_43aabe7c25,화학,화학,I_or_other,subject_fallback,false,fallback,fallback,none,"[""화학""]",[],,,false,false,false,[]
assessment_task_b78b7ee4dd,물리,물리학Ⅱ,II,subject_fallback,false,fallback,fallback,none,"[""물리""]",[],,,false,false,false,[]
assessment_task_32a253f47b,물리,물리학Ⅱ,II,textbook_plus_legacy,true,clean,clean,both,"[""가속도"",""데이터 처리"",""힘과 운동""]","[""가속도"",""속도"",""데이터 처리""]",힘과 운동,힘과 운동,false,false,false,[]
assessment_task_9dfdcf7fde,물리,물리학Ⅱ,II,subject_fallback,false,fallback,fallback,none,"[""물리""]",[],,,false,false,false,[]
assessment_task_865d023611,미적분1,미적분,I_or_other,subject_fallback,false,fallback,fallback,none,"[""미적분1""]",[],,,false,false,false,[]
assessment_task_e631bd35a9,미적분1,미적분,I_or_other,subject_fallback,false,fallback,fallback,none,"[""미적분1""]",[],,,false,false,false,[]
assessment_task_fa99e4cc78,미적분1,미적분,I_or_other,subject_fallback,false,fallback,fallback,none,"[""미적분1""]",[],,,false,false,false,[]
assessment_task_90732fea07,생명과학,생명과학Ⅱ,II,subject_fallback,false,fallback,fallback,none,"[""생명과학""]",[],,,false,false,false,[]
assessment_task_99c58aac61,생명과학,생명과학Ⅱ,II,subject_fallback,false,fallback,fallback,none,"[""생명과학""]",[],,,false,false,false,[]
assessment_task_5d6c521875,인공지능 기초,인공지능기초,I_or_other,textbook_concept_dictionary,true,clean,clean,both,"[""인공지능""]","[""인공지능""]",,인공지능,false,false,true,"[""정보""]"
assessment_task_9683c9088f,인공지능 기초,인공지능기초,I_or_other,textbook_plus_legacy,true,clean,clean,both,"[""알고리즘""]","[""알고리즘"",""인공지능"",""시각화"",""공유""]",알고리즘 설계와 분석,알고리즘 설계와 분석,false,false,false,"[""정보""]"
assessment_task_6ce565994c,인공지능 기초,인공지능기초,I_or_other,subject_fallback,false,fallback,fallback,none,"[""인공지능 기초""]",[],,,false,false,false,[]
assessment_task_0f3cd662d5,인공지능 기초,인공지능기초,I_or_other,textbook_concept_dictionary,true,clean,clean,both,"[""시각화"",""탐색"",""자료와 정보의 분석""]","[""인공지능"",""시각화"",""모델"",""탐색""]",자료와 정보의 분석,자료와 정보의 분석,false,false,true,"[""정보""]"
assessment_task_1e4431116d,지구과학,지구과학Ⅱ,II,subject_fallback,false,fallback,fallback,none,"[""지구과학""]",[],,,false,false,false,[]
assessment_task_c1981858dd,지구과학,지구과학Ⅱ,II,subject_fallback,false,fallback,fallback,none,"[""지구과학""]",[],,,false,false,false,[]
assessment_task_63257300f4,지구과학,지구과학Ⅱ,II,subject_fallback,false,fallback,fallback,none,"[""지구과학""]",[],,,false,false,false,[]
assessment_task_6b971de68e,화학,화학Ⅱ,II,subject_fallback,false,fallback,fallback,none,"[""화학""]",[],,,false,false,false,[]
assessment_task_f62d4e0590,화학,화학Ⅱ,II,subject_fallback,false,fallback,fallback,none,"[""화학""]",[],,,false,false,false,[]
assessment_task_9d9de7d4d6,화학,화학Ⅱ,II,subject_fallback,false,fallback,fallback,none,"[""화학""]",[],,,false,false,false,[]
assessment_task_4010568e22,확률과 통계,확률과통계,I_or_other,textbook_concept_dictionary,true,record_only,name_only,record,"[""확률의 뜻과 기본 성질""]","[""확률""]",확률의 뜻과 기본 성질,확률의 뜻과 기본 성질,false,false,false,[]
assessment_task_cfca9f3617,확률과 통계,확률과통계,I_or_other,textbook_concept_dictionary,true,record_only,name_only,record,"[""확률의 뜻과 기본 성질""]","[""확률""]",확률의 뜻과 기본 성질,확률의 뜻과 기본 성질,false,false,false,[]
assessment_task_5351083d29,확률과 통계,확률과통계,I_or_other,textbook_concept_dictionary,true,record_only,name_only,record,"[""확률의 뜻과 기본 성질""]","[""확률""]",확률의 뜻과 기본 성질,확률의 뜻과 기본 성질,false,false,false,[]
assessment_task_2b63a92eb5,공통수학1,공통수학1,I_or_other,subject_fallback,false,fallback,fallback,none,"[""공통수학1""]",[],,,false,false,false,[]
assessment_task_8788cc2f24,공통수학1,공통수학1,I_or_other,subject_fallback,false,fallback,fallback,none,"[""공통수학1""]",[],,,false,false,false,[]
assessment_task_27f5c7ad46,통합사회1,통합사회1,I_or_other,textbook_concept_dictionary,true,clean,clean,both,"[""윤리적 관점"",""문제 해결"",""통합적 관점과 행복""]","[""윤리적 관점"",""문제 해결"",""해결 방안""]",통합적 관점과 행복,통합적 관점과 행복,false,false,false,[]
assessment_task_ec2ba543b0,통합사회1,통합사회1,I_or_other,textbook_concept_dictionary,true,clean,clean,both,"[""기후"",""자연환경과 인간의 공존""]","[""기후""]",자연환경과 인간의 공존,자연환경과 인간의 공존,false,false,false,[]
assessment_task_e30bd89460,통합과학1,통합과학1,I_or_other,textbook_concept_dictionary,true,clean,clean,both,"[""운동"",""역학 시스템""]","[""단위"",""시간"",""운동""]",역학 시스템,역학 시스템,false,false,false,[]
assessment_task_1574b04514,통합과학1,통합과학1,I_or_other,textbook_concept_dictionary,true,clean,clean,both,"[""공유 결합 물질"",""이온 결합 물질"",""물질의 규칙성과 성질""]","[""공유 결합 물질"",""이온 결합 물질"",""결합 차이"",""공유 결합"",""성질 비교"",""이온 결합"",""결합"",""성질""]",물질의 규칙성과 성질,물질의 규칙성과 성질,false,false,false,[]
assessment_task_5a7a2945a5,통합과학1,통합과학1,I_or_other,textbook_concept_dictionary,true,clean,clean,both,"[""규칙성 발견과 주기율표""]","[""규칙성""]",규칙성 발견과 주기율표,규칙성 발견과 주기율표,false,false,false,[]
assessment_task_ccc336ebe4,통합과학1,통합과학1,I_or_other,legacy_dictionary,true,clean,clean,both,"[""효소""]","[""효소""]",,,false,false,false,[]
assessment_task_d4f1813b00,통합과학1,통합과학1,I_or_other,subject_fallback,false,fallback,fallback,none,"[""통합과학1""]",[],,,false,false,false,[]
assessment_task_798c6b5665,과학탐구실험1,과학탐구실험1,I_or_other,textbook_concept_dictionary,true,clean,clean,both,"[""갈릴레이"",""패러다임""]","[""갈릴레이"",""패러다임""]",,갈릴레이,false,false,false,[]
assessment_task_ce13ec05aa,과학탐구실험1,과학탐구실험1,I_or_other,textbook_concept_dictionary,true,clean,clean,both,"[""관측 자료(빅데이터)를 활용하여 한반도의 기후 변화 경향성 파악하기""]","[""관측 자료"",""빅데이터"",""관측""]",관측 자료(빅데이터)를 활용하여 한반도의 기후 변화 경향성 파악하기,관측 자료(빅데이터)를 활용하여 한반도의 기후 변화 경향성 파악하기,false,false,false,[]
assessment_task_3b95f9f04f,과학탐구실험1,과학탐구실험1,I_or_other,textbook_concept_dictionary,true,clean,clean,both,"[""색 변화"",""지시약"",""화학 반응을 활용한 과학 마술 시나리오 개발 및 시연하기""]","[""색 변화"",""지시약""]",화학 반응을 활용한 과학 마술 시나리오 개발 및 시연하기,화학 반응을 활용한 과학 마술 시나리오 개발 및 시연하기,false,false,false,[]
assessment_task_6825ed8168,과학탐구실험1,과학탐구실험1,I_or_other,textbook_concept_dictionary,true,clean,clean,both,"[""협력""]","[""협력""]",,협력,false,false,false,[]
assessment_task_36fcf40179,기하,기하,I_or_other,subject_fallback,false,fallback,fallback,none,"[""기하""]",[],,,false,false,false,[]
assessment_task_aa0915fb66,물리,물리학,I_or_other,subject_fallback,false,fallback,fallback,none,"[""물리""]",[],,,false,false,false,[]
assessment_task_59455eba0f,물리,물리학,I_or_other,textbook_plus_legacy,true,clean,clean,both,"[""운동량 보존"",""충돌"",""힘과 운동""]","[""운동량 보존"",""운동량"",""충돌""]",힘과 운동,힘과 운동,false,false,false,[]
assessment_task_093d8c3900,물리,물리학,I_or_other,subject_fallback,false,fallback,fallback,none,"[""물리""]",[],,,false,false,false,[]
assessment_task_936544511a,화학,화학,I_or_other,subject_fallback,false,fallback,fallback,none,"[""화학""]",[],,,false,false,false,[]
assessment_task_88b4ef15c3,화학,화학,I_or_other,subject_fallback,false,fallback,fallback,none,"[""화학""]",[],,,false,false,false,[]
assessment_task_be868f77bf,화학,화학,I_or_other,textbook_concept_dictionary,true,clean,clean,both,"[""아세트산"",""식초"",""탄소 화합물의 유용성""]","[""아세트산"",""식초""]",탄소 화합물의 유용성,탄소 화합물의 유용성,false,false,false,[]
assessment_task_54ede39cb8,화학,화학,I_or_other,textbook_concept_dictionary,true,clean,clean,both,"[""아세트산"",""식초"",""탄소 화합물의 유용성""]","[""아세트산"",""식초""]",탄소 화합물의 유용성,탄소 화합물의 유용성,false,false,false,[]
assessment_task_20f70096b2,생명과학,생명과학,I_or_other,subject_fallback,false,fallback,fallback,none,"[""생명과학""]",[],,,false,false,false,[]
assessment_task_1b3b7b8745,생명과학,생명과학,I_or_other,subject_fallback,false,fallback,fallback,none,"[""생명과학""]",[],,,false,false,false,[]
assessment_task_0f277a82ff,생명과학,생명과학,I_or_other,subject_fallback,false,fallback,fallback,none,"[""생명과학""]",[],,,false,false,false,[]
assessment_task_54948c309c,지구과학,지구과학,I_or_other,subject_fallback,false,fallback,fallback,none,"[""지구과학""]",[],,,false,false,false,[]
assessment_task_daa82c918f,대수,대수,I_or_other,subject_fallback,false,fallback,fallback,none,"[""대수""]",[],,,false,false,false,[]
assessment_task_5d6434df8c,대수,대수,I_or_other,subject_fallback,false,fallback,fallback,none,"[""대수""]",[],,,false,false,false,[]
assessment_task_29987d5107,대수,대수,I_or_other,subject_fallback,false,fallback,fallback,none,"[""대수""]",[],,,false,false,false,[]
assessment_task_ee89b8d9dd,생명과학,생명과학,I_or_other,subject_fallback,false,fallback,fallback,none,"[""생명과학""]",[],,,false,false,false,[]
assessment_task_bb88021b1b,미적분1,수학(미적분),I_or_other,subject_fallback,false,fallback,fallback,none,"[""미적분1""]",[],,,false,false,false,[]
assessment_task_b8b35839eb,기하,기하,I_or_other,subject_fallback,false,fallback,fallback,none,"[""기하""]",[],,,false,false,false,[]
assessment_task_9be8765f6a,기하,기하,I_or_other,subject_fallback,false,fallback,fallback,none,"[""기하""]",[],,,false,false,false,[]
assessment_task_7378944832,물리,물리학II,II,subject_fallback,false,fallback,fallback,none,"[""물리""]",[],,,false,false,false,[]
assessment_task_919c9ea38c,물리,물리학II,II,subject_fallback,false,fallback,fallback,none,"[""물리""]",[],,,false,false,false,[]
assessment_task_38874c5fa0,화학,화학II,II,subject_fallback,false,fallback,fallback,none,"[""화학""]",[],,,false,false,false,[]
assessment_task_823ecc34fb,화학,화학II,II,subject_fallback,false,fallback,fallback,none,"[""화학""]",[],,,false,false,false,[]
assessment_task_aafcea7c52,생명과학,생명과학II,II,subject_fallback,false,fallback,fallback,none,"[""생명과학""]",[],,,false,false,false,[]
assessment_task_0f6db32105,생명과학,생명과학II,II,subject_fallback,false,fallback,fallback,none,"[""생명과학""]",[],,,false,false,false,[]
assessment_task_6c2add5a2a,생명과학,생명과학II,II,subject_fallback,false,fallback,fallback,none,"[""생명과학""]",[],,,false,false,false,[]
assessment_task_ca1ae4ee98,지구과학,지구과학2,II,subject_fallback,false,fallback,fallback,none,"[""지구과학""]",[],,,false,false,false,[]
assessment_task_4004a9403e,지구과학,지구과학2,II,subject_fallback,false,fallback,fallback,none,"[""지구과학""]",[],,,false,false,false,[]
assessment_task_6985950cb5,정보,정보,I_or_other,subject_fallback,false,fallback,fallback,none,"[""정보""]",[],,,false,false,false,[]
assessment_task_8d74434066,정보,정보,I_or_other,textbook_concept_dictionary,true,clean,clean,both,"[""스마트홈"",""인공지능"",""정보 사회""]","[""문제 해결"",""스마트홈"",""인공지능"",""자율 주행"",""AI"",""배열""]",정보 사회,정보 사회,false,false,false,[]
assessment_task_ce8c5760be,공통수학1,공통수학 1,I_or_other,subject_fallback,false,fallback,fallback,none,"[""공통수학1""]",[],,,false,false,false,[]
assessment_task_b90c9fbf22,공통수학1,공통수학 1,I_or_other,subject_fallback,false,fallback,fallback,none,"[""공통수학1""]",[],,,false,false,false,[]
assessment_task_f617a8cf98,통합사회1,통합사회1,I_or_other,subject_fallback,false,fallback,fallback,none,"[""통합사회1""]",[],,,false,false,false,[]
assessment_task_1eb5a340b3,통합사회1,통합사회1,I_or_other,subject_fallback,false,fallback,fallback,none,"[""통합사회1""]",[],,,false,false,false,[]
assessment_task_c7bd259afa,통합사회1,통합사회1,I_or_other,subject_fallback,false,fallback,fallback,none,"[""통합사회1""]",[],,,false,false,false,[]
assessment_task_84f8e6ecaa,통합사회1,통합사회1,I_or_other,subject_fallback,false,fallback,fallback,none,"[""통합사회1""]",[],,,false,false,false,[]
assessment_task_ba4b3aaacd,통합과학1,통합과학1,I_or_other,subject_fallback,false,fallback,fallback,none,"[""통합과학1""]",[],,,false,false,false,[]
assessment_task_495d189112,통합과학1,통합과학1,I_or_other,textbook_concept_dictionary,true,clean,clean,both,"[""운동"",""역학 시스템""]","[""운동""]",역학 시스템,역학 시스템,false,false,false,[]
assessment_task_b1893b628e,통합과학1,통합과학1,I_or_other,textbook_concept_dictionary,true,clean,clean,both,"[""전자 배치"",""결합"",""물질의 규칙성과 성질""]","[""전자 배치"",""결합"",""금속"",""성질"",""원소""]",물질의 규칙성과 성질,물질의 규칙성과 성질,false,false,false,[]
assessment_task_5f9c3c6235,통합과학1,통합과학1,I_or_other,textbook_concept_dictionary,true,clean,clean,both,"[""규칙성 발견과 주기율표""]","[""규칙성""]",규칙성 발견과 주기율표,규칙성 발견과 주기율표,false,false,false,[]
assessment_task_e6dc521de1,통합과학1,통합과학1,I_or_other,textbook_concept_dictionary,true,clean,clean,both,"[""원소"",""물질 구성과 분류""]","[""스펙트럼"",""원소"",""천체""]",물질 구성과 분류,물질 구성과 분류,false,false,false,[]
assessment_task_34b556bacf,과학탐구실험1,과학탐구실험1,I_or_other,textbook_concept_dictionary,true,clean,clean,both,"[""과학의 본성"",""우리 선조들의 과학 기술 발전 사례 찾기""]","[""과학의 본성""]",우리 선조들의 과학 기술 발전 사례 찾기,우리 선조들의 과학 기술 발전 사례 찾기,false,false,false,[]
assessment_task_caed5cf9aa,과학탐구실험1,과학탐구실험1,I_or_other,textbook_concept_dictionary,true,clean,clean,both,"[""절차"",""가설 설정과 탐구 설계""]","[""절차""]",가설 설정과 탐구 설계,가설 설정과 탐구 설계,false,false,false,[]
assessment_task_0a45d39d89,과학탐구실험1,과학탐구실험1,I_or_other,subject_fallback,false,fallback,fallback,none,"[""과학탐구실험1""]",[],,,false,false,false,[]
assessment_task_1414fa9bb1,과학탐구실험1,과학탐구실험1,I_or_other,subject_fallback,false,fallback,fallback,none,"[""과학탐구실험1""]",[],,,false,false,false,[]
assessment_task_c5e34fed2c,대수,대수,I_or_other,subject_fallback,false,fallback,fallback,none,"[""대수""]",[],,,false,false,false,[]
assessment_task_7e0e485e92,대수,대수,I_or_other,subject_fallback,false,fallback,fallback,none,"[""대수""]",[],,,false,false,false,[]
assessment_task_03b86accf8,기하,기하,I_or_other,subject_fallback,false,fallback,fallback,none,"[""기하""]",[],,,false,false,false,[]
assessment_task_53c7e3ec32,기하,기하,I_or_other,subject_fallback,false,fallback,fallback,none,"[""기하""]",[],,,false,false,false,[]
assessment_task_0fff7a71d1,물리,물리학,I_or_other,textbook_plus_legacy,true,clean,clean,both,"[""운동량 보존"",""속도"",""힘과 운동""]","[""운동량 보존"",""운동량"",""속도""]",힘과 운동,힘과 운동,false,false,false,[]
assessment_task_9677a4d959,물리,물리학,I_or_other,subject_fallback,false,fallback,fallback,none,"[""물리""]",[],,,false,false,false,[]
assessment_task_722e171994,물리,물리학,I_or_other,subject_fallback,false,fallback,fallback,none,"[""물리""]",[],,,false,false,false,[]
assessment_task_7a5d52a556,화학,화학,I_or_other,subject_fallback,false,fallback,fallback,none,"[""화학""]",[],,,false,false,false,[]
assessment_task_f04c4ffc92,화학,화학,I_or_other,textbook_concept_dictionary,true,clean,clean,both,"[""적정"",""중화"",""화학 반응과 열의 출입""]","[""적정"",""중화""]",화학 반응과 열의 출입,화학 반응과 열의 출입,false,false,false,[]
assessment_task_8d5e00492b,화학,화학,I_or_other,textbook_concept_dictionary,true,clean,clean,both,"[""화학 기술""]","[""화학 기술""]",,화학 기술,false,false,false,[]
assessment_task_5ce34f417e,생명과학,생명과학,I_or_other,legacy_dictionary,true,clean,clean,both,"[""효소""]","[""효소""]",,,false,false,false,[]
assessment_task_2b21f71975,생명과학,생명과학,I_or_other,textbook_concept_dictionary,true,clean,clean,both,"[""개체군"",""군집"",""생태계의 물질 순환과 상호 작용""]","[""개체군"",""군집""]",생태계의 물질 순환과 상호 작용,생태계의 물질 순환과 상호 작용,false,false,false,[]
assessment_task_063d4aaf42,생명과학,생명과학,I_or_other,textbook_plus_legacy,true,clean,clean,both,"[""신경계"",""발생"",""효소""]","[""신경계"",""발생"",""예방"",""효소""]",,신경계,false,false,false,[]
assessment_task_6245710260,지구과학,지구과학,I_or_other,textbook_concept_dictionary,true,clean,clean,both,"[""중위도 저기압"",""레이더 영상"",""날씨의 변화""]","[""중위도 저기압"",""레이더 영상"",""일기도"",""저기압"",""기압"",""바람"",""위성""]",날씨의 변화,날씨의 변화,false,false,false,[]
assessment_task_8bd406bf6c,지구과학,지구과학,I_or_other,textbook_concept_dictionary,true,clean,clean,both,"[""지사학의 법칙"",""상대 연령"",""지층과 지질시대""]","[""지사학의 법칙"",""법칙 적용"",""상대 연령"",""절대 연령"",""지층""]",지층과 지질시대,지층과 지질시대,false,false,false,[]
assessment_task_a7e3d23ebb,지구과학,지구과학,I_or_other,textbook_concept_dictionary,true,clean,clean,both,"[""외부 은하"",""적색 편이"",""은하와 우주의 진화""]","[""외부 은하"",""적색 편이"",""은하""]",은하와 우주의 진화,은하와 우주의 진화,false,false,false,[]
assessment_task_0aca1a288f,지구과학,지구과학,I_or_other,subject_fallback,false,fallback,fallback,none,"[""지구과학""]",[],,,false,false,false,[]
assessment_task_a3c659d672,정보,정보,I_or_other,subject_fallback,false,fallback,fallback,none,"[""정보""]",[],,,false,false,false,[]
assessment_task_a05641a398,정보,정보,I_or_other,textbook_concept_dictionary,true,clean,clean,both,"[""디지털""]","[""디지털""]",,디지털,false,false,false,[]
assessment_task_d50cfaf4a9,미적분1,미적분,I_or_other,subject_fallback,false,fallback,fallback,none,"[""미적분1""]",[],,,false,false,false,[]
assessment_task_3ced31f9ef,확률과 통계,확률과 통계,I_or_other,subject_fallback,false,fallback,fallback,none,"[""확률과 통계""]",[],,,false,false,false,[]
assessment_task_d8a965eecc,물리,물리학Ⅱ,II,subject_fallback,false,fallback,fallback,none,"[""물리""]",[],,,false,false,false,[]
assessment_task_e6e231d820,물리,물리학Ⅱ,II,textbook_concept_dictionary,true,clean,clean,both,"[""전류"",""물질의 자기적 특성""]","[""전류""]",물질의 자기적 특성,물질의 자기적 특성,false,false,false,[]
assessment_task_adebf897fb,물리,물리학Ⅱ,II,subject_fallback,false,fallback,fallback,none,"[""물리""]",[],,,false,false,false,[]
assessment_task_d994761d65,물리,물리학Ⅱ,II,subject_fallback,false,fallback,fallback,none,"[""물리""]",[],,,false,false,false,[]
assessment_task_a77f38c8e4,화학,화학Ⅱ,II,textbook_concept_dictionary,true,clean,clean,both,"[""분자량"",""물질의 양과 화학 반응식""]","[""분자량""]",물질의 양과 화학 반응식,물질의 양과 화학 반응식,false,false,false,[]
assessment_task_d5ad001256,화학,화학Ⅱ,II,textbook_concept_dictionary,true,clean,clean,both,"[""분자량"",""물질의 양과 화학 반응식""]","[""분자량""]",물질의 양과 화학 반응식,물질의 양과 화학 반응식,false,false,false,[]
assessment_task_6311778254,화학,화학Ⅱ,II,subject_fallback,false,fallback,fallback,none,"[""화학""]",[],,,false,false,false,[]
assessment_task_9728f2e640,화학,화학Ⅱ,II,textbook_concept_dictionary,true,clean,clean,both,"[""분자량"",""물질의 양과 화학 반응식""]","[""분자량""]",물질의 양과 화학 반응식,물질의 양과 화학 반응식,false,false,false,[]
assessment_task_7ea2c782a8,화학,화학Ⅱ,II,textbook_concept_dictionary,true,clean,clean,both,"[""끓는점"",""분자의 구조와 성질""]","[""끓는점""]",분자의 구조와 성질,분자의 구조와 성질,false,false,false,[]
assessment_task_31d55bd584,화학,화학Ⅱ,II,subject_fallback,false,fallback,fallback,none,"[""화학""]",[],,,false,false,false,[]
assessment_task_79792d3695,화학,화학Ⅱ,II,textbook_concept_dictionary,true,clean,clean,both,"[""물질의 양과 화학 반응식""]","[""화학 반응식"",""반응식""]",물질의 양과 화학 반응식,물질의 양과 화학 반응식,false,false,false,[]
assessment_task_9b49bed18f,화학,화학Ⅱ,II,textbook_plus_legacy,true,clean,clean,both,"[""가역 반응"",""화학 평형"",""화학 반응에서의 동적 평형""]","[""가역 반응"",""동적 평형"",""화학 평형""]",화학 반응에서의 동적 평형,화학 반응에서의 동적 평형,false,false,false,[]
assessment_task_dc304a957b,생명과학,생명과학Ⅱ,II,textbook_concept_dictionary,true,clean,clean,both,"[""세포"",""생명과학의 이해""]","[""세포""]",생명과학의 이해,생명과학의 이해,false,false,false,[]
assessment_task_8a8b090fa9,생명과학,생명과학Ⅱ,II,textbook_concept_dictionary,true,clean,clean,both,"[""세포"",""생명과학의 이해""]","[""세포""]",생명과학의 이해,생명과학의 이해,false,false,false,[]
assessment_task_6ff1a7a203,생명과학,생명과학Ⅱ,II,textbook_concept_dictionary,true,clean,clean,both,"[""세포 호흡"",""광합성"",""물질대사와 에너지""]","[""세포 호흡"",""광합성"",""세포""]",물질대사와 에너지,물질대사와 에너지,false,false,false,[]
assessment_task_56bbbe9c2b,생명과학,생명과학Ⅱ,II,textbook_concept_dictionary,true,clean,clean,both,"[""DNA"",""복제"",""유전자와 염색체""]","[""DNA"",""복제""]",유전자와 염색체,유전자와 염색체,false,false,false,[]
assessment_task_0b6fb5d665,지구과학,지구과학Ⅱ,II,subject_fallback,false,fallback,fallback,none,"[""지구과학""]",[],,,false,false,false,[]
assessment_task_a671825b40,공통수학1,공통수학1,I_or_other,subject_fallback,false,fallback,fallback,none,"[""공통수학1""]",[],,,false,false,false,[]
assessment_task_8b694cca61,공통수학1,공통수학1,I_or_other,subject_fallback,false,fallback,fallback,none,"[""공통수학1""]",[],,,false,false,false,[]
assessment_task_0f58a7379a,통합사회1,통합사회1,I_or_other,textbook_concept_dictionary,true,clean,clean,both,"[""통합적 관점과 행복""]","[""통합적 관점""]",통합적 관점과 행복,통합적 관점과 행복,false,false,false,[]
assessment_task_c68ed30a1e,통합사회1,통합사회1,I_or_other,textbook_concept_dictionary,true,clean,clean,both,"[""통합적 관점과 행복""]","[""행복""]",통합적 관점과 행복,통합적 관점과 행복,false,false,false,[]
assessment_task_f621099f49,통합사회1,통합사회1,I_or_other,subject_fallback,false,fallback,fallback,none,"[""통합사회1""]",[],,,false,false,false,[]
assessment_task_0b39a29005,통합과학1,통합과학1,I_or_other,textbook_concept_dictionary,true,clean,clean,both,"[""운동"",""역학 시스템""]","[""운동""]",역학 시스템,역학 시스템,false,false,false,[]
assessment_task_91ca5534e2,통합과학1,통합과학1,I_or_other,textbook_concept_dictionary,true,clean,clean,both,"[""원소"",""원자"",""물질 구성과 분류""]","[""전자 배치"",""주기성"",""성질"",""원소"",""원자""]",물질 구성과 분류,물질 구성과 분류,false,false,false,[]
assessment_task_2f8a4fe979,통합과학1,통합과학1,I_or_other,textbook_concept_dictionary,true,clean,clean,both,"[""기능"",""세포""]","[""기능"",""세포""]",,기능,false,false,false,[]
assessment_task_ffd8466d0f,통합과학1,통합과학1,I_or_other,subject_fallback,false,fallback,fallback,none,"[""통합과학1""]",[],,,false,false,false,[]
assessment_task_70f7276a1e,과학탐구실험1,과학탐구실험1,I_or_other,textbook_concept_dictionary,true,clean,clean,both,"[""절차"",""가설 설정과 탐구 설계""]","[""빅데이터"",""절차""]",가설 설정과 탐구 설계,가설 설정과 탐구 설계,false,false,false,[]
assessment_task_391e890d42,대수,대수,I_or_other,subject_fallback,false,fallback,fallback,none,"[""대수""]",[],,,false,false,false,[]
assessment_task_2e5af28c5e,대수,대수,I_or_other,subject_fallback,false,fallback,fallback,none,"[""대수""]",[],,,false,false,false,[]
assessment_task_58a0f532bd,대수,대수,I_or_other,subject_fallback,false,fallback,fallback,none,"[""대수""]",[],,,false,false,false,[]
assessment_task_b1970e9d86,물리,물리학,I_or_other,subject_fallback,false,fallback,fallback,none,"[""물리""]",[],,,false,false,false,[]
assessment_task_ad40d66979,물리,물리학,I_or_other,textbook_concept_dictionary,true,clean,clean,both,"[""빛의 이중성"",""빛과 물질의 이중성""]","[""빛의 이중성""]",빛과 물질의 이중성,빛과 물질의 이중성,false,false,false,[]
assessment_task_ead233bd5f,물리,물리학,I_or_other,textbook_concept_dictionary,true,clean,clean,both,"[""스펙트럼"",""물질의 전기적 특성""]","[""스펙트럼"",""진동수"",""광자""]",물질의 전기적 특성,물질의 전기적 특성,false,false,false,[]
assessment_task_10b9f725fb,물리,물리학,I_or_other,subject_fallback,false,fallback,fallback,none,"[""물리""]",[],,,false,false,false,[]
assessment_task_4f3aff735f,화학,화학,I_or_other,subject_fallback,false,fallback,fallback,none,"[""화학""]",[],,,false,false,false,[]
assessment_task_d8b2bfe5bb,생명과학,생명과학,I_or_other,subject_fallback,false,fallback,fallback,none,"[""생명과학""]",[],,,false,false,false,[]
assessment_task_ed70232dd4,생명과학,생명과학,I_or_other,subject_fallback,false,fallback,fallback,none,"[""생명과학""]",[],,,false,false,false,[]
assessment_task_24d18a9fc6,지구과학,지구과학,I_or_other,textbook_concept_dictionary,true,clean,clean,both,"[""수온 염분도"",""해수의 성질""]","[""수온 염분도"",""환경 변화"",""관측"",""수괴"",""수온"",""염분""]",해수의 성질,해수의 성질,false,false,false,[]
assessment_task_55fe5b30f3,지구과학,지구과학,I_or_other,textbook_concept_dictionary,true,clean,clean,both,"[""공전"",""행성"",""태양계 천체의 관측과 운동""]","[""태양계 천체"",""태양계"",""공전"",""운동"",""행성""]",태양계 천체의 관측과 운동,태양계 천체의 관측과 운동,false,false,false,[]
assessment_task_5e78053727,정보,정보,I_or_other,textbook_concept_dictionary,true,clean,clean,both,"[""빅 데이터"",""시각화""]","[""빅 데이터"",""시각화""]",,빅 데이터,false,false,false,[]
assessment_task_305c1ebf4c,정보,정보,I_or_other,textbook_plus_legacy,true,clean,clean,both,"[""함수"",""알고리즘""]","[""알고리즘"",""제어 구조"",""함수""]",알고리즘 설계와 분석,알고리즘 설계와 분석,false,false,false,[]
assessment_task_cec8e74445,확률과 통계,확률과 통계,I_or_other,subject_fallback,false,fallback,fallback,none,"[""확률과 통계""]",[],,,false,false,false,[]
assessment_task_185d115d22,확률과 통계,확률과 통계,I_or_other,subject_fallback,false,fallback,fallback,none,"[""확률과 통계""]",[],,,false,false,false,[]
assessment_task_cee2174643,물리,물리학Ⅱ,II,subject_fallback,false,fallback,fallback,none,"[""물리""]",[],,,false,false,false,[]
assessment_task_c7d40a2b90,물리,물리학Ⅱ,II,subject_fallback,false,fallback,fallback,none,"[""물리""]",[],,,false,false,false,[]
assessment_task_e681df8ef6,물리,물리학Ⅱ,II,subject_fallback,false,fallback,fallback,none,"[""물리""]",[],,,false,false,false,[]
assessment_task_b00b324f8b,물리,물리학Ⅱ,II,subject_fallback,false,fallback,fallback,none,"[""물리""]",[],,,false,false,false,[]
assessment_task_638cf0036c,물리,물리학Ⅱ,II,subject_fallback,false,fallback,fallback,none,"[""물리""]",[],,,false,false,false,[]
assessment_task_defab74628,화학,화학Ⅱ,II,textbook_concept_dictionary,true,clean,clean,both,"[""끓는점"",""분자의 구조와 성질""]","[""끓는점""]",분자의 구조와 성질,분자의 구조와 성질,false,false,false,[]
assessment_task_1703d87c25,생명과학,생명과학Ⅱ,II,subject_fallback,false,fallback,fallback,none,"[""생명과학""]",[],,,false,false,false,[]
assessment_task_3f764dab3a,생명과학,생명과학Ⅱ,II,legacy_dictionary,true,clean,clean,both,"[""효소""]","[""효소""]",,,false,false,false,[]
assessment_task_a6f332a7e1,생명과학,생명과학Ⅱ,II,textbook_concept_dictionary,true,clean,clean,both,"[""세포 호흡"",""광합성"",""물질대사와 에너지""]","[""세포 호흡"",""광합성"",""세포""]",물질대사와 에너지,물질대사와 에너지,false,false,false,[]
assessment_task_b0957fec0e,지구과학,지구과학Ⅱ,II,subject_fallback,false,fallback,fallback,none,"[""지구과학""]",[],,,false,false,false,[]
assessment_task_8d600603fb,지구과학,지구과학Ⅱ,II,subject_fallback,false,fallback,fallback,none,"[""지구과학""]",[],,,false,false,false,[]
assessment_task_d43bebe1ef,지구과학,지구과학Ⅱ,II,subject_fallback,false,fallback,fallback,none,"[""지구과학""]",[],,,false,false,false,[]
assessment_task_c531e4faa5,인공지능 기초,인공지능기초,I_or_other,textbook_concept_dictionary,true,clean,clean,both,"[""인공지능""]","[""인공지능""]",,인공지능,false,false,true,"[""정보""]"
assessment_task_481f237748,인공지능 기초,인공지능기초,I_or_other,textbook_concept_dictionary,true,clean,clean,both,"[""모델""]","[""모델""]",,모델,false,false,true,"[""정보""]"
assessment_task_8ff8f23946,인공지능 기초,인공지능기초,I_or_other,textbook_concept_dictionary,true,clean,clean,both,"[""센서""]","[""센서""]",,센서,false,false,true,"[""정보""]"
assessment_task_36908a36b4,화학,화학,I_or_other,legacy_dictionary,true,clean,clean,both,"[""화학 평형""]","[""화학 평형""]",,,false,false,false,[]
assessment_task_65f9406eb0,미적분1,미적분,I_or_other,textbook_plus_legacy,true,clean,clean,both,"[""수열"",""미분"",""적분""]","[""수열의 극한"",""극한"",""수열"",""적분"",""미분""]",수열의 극한,수열의 극한,false,false,false,[]
assessment_task_b7d61eaa40,미적분1,미적분,I_or_other,subject_fallback,false,fallback,fallback,none,"[""미적분1""]",[],,,false,false,false,[]
assessment_task_72510d320d,공통수학1,공통수학1,I_or_other,textbook_plus_legacy,true,clean,clean,both,"[""행렬"",""경우의 수""]","[""경우의 수"",""다항식"",""부등식"",""행렬""]","경우의 수, 순열, 조합",경우의 수,false,false,false,[]
assessment_task_a072e9c950,공통수학1,공통수학1,I_or_other,textbook_plus_legacy,true,clean,clean,both,"[""행렬"",""경우의 수""]","[""경우의 수"",""다항식"",""부등식"",""행렬""]","경우의 수, 순열, 조합",경우의 수,false,false,false,[]
assessment_task_107730db51,공통수학1,공통수학1,I_or_other,textbook_plus_legacy,true,clean,clean,both,"[""행렬"",""경우의 수""]","[""경우의 수"",""다항식"",""부등식"",""행렬""]","경우의 수, 순열, 조합",경우의 수,false,false,false,[]
assessment_task_a155cc0870,공통수학1,공통수학1,I_or_other,textbook_plus_legacy,true,clean,clean,both,"[""행렬"",""경우의 수""]","[""경우의 수"",""다항식"",""부등식"",""행렬""]","경우의 수, 순열, 조합",경우의 수,false,false,false,[]
assessment_task_8f26e397e6,과학탐구실험1,과학탐구실험1,I_or_other,textbook_concept_dictionary,true,clean,clean,both,"[""해석"",""자료 수집·분석·결론 도출""]","[""과학의 본성"",""결론 도출"",""낙하 운동"",""결론"",""해석"",""협력""]",자료 수집·분석·결론 도출,자료 수집·분석·결론 도출,false,false,false,[]
assessment_task_d75a5ca2e8,과학탐구실험1,과학탐구실험1,I_or_other,textbook_concept_dictionary,true,clean,clean,both,"[""규칙성"",""원소"",""멘델레예프의 주기율표 만들기""]","[""과학의 본성"",""주기율표"",""규칙성"",""원소"",""협력""]",멘델레예프의 주기율표 만들기,멘델레예프의 주기율표 만들기,false,false,false,[]
assessment_task_2c11b86448,과학탐구실험1,과학탐구실험1,I_or_other,textbook_concept_dictionary,true,clean,clean,both,"[""해석"",""자료 수집·분석·결론 도출""]","[""결론 도출"",""결론"",""절차"",""해석"",""협력""]",자료 수집·분석·결론 도출,자료 수집·분석·결론 도출,false,false,false,[]
assessment_task_02470e6c23,정보,정보,I_or_other,textbook_plus_legacy,true,clean,clean,both,"[""빅 데이터"",""시각화"",""데이터 처리""]","[""빅 데이터"",""시각화"",""데이터 처리""]",,빅 데이터,false,false,false,[]
assessment_task_dd0474c2b9,정보,정보,I_or_other,textbook_plus_legacy,true,clean,clean,both,"[""연산자"",""입출력"",""알고리즘"",""프로그래밍""]","[""알고리즘"",""연산자"",""입출력"",""배열"",""변수""]",프로그래밍,프로그래밍,false,false,false,[]
assessment_task_9303301def,정보,정보,I_or_other,textbook_plus_legacy,true,clean,clean,both,"[""입출력"",""자료형"",""알고리즘"",""프로그래밍""]","[""문제 해결"",""알고리즘"",""반복문"",""입출력"",""자료형"",""조건문"",""반복"",""배열""]",프로그래밍,프로그래밍,false,false,false,[]
assessment_task_ddaee5d9d1,통합과학1,통합과학1,I_or_other,textbook_concept_dictionary,true,clean,clean,both,"[""운동"",""역학 시스템""]","[""운동""]",역학 시스템,역학 시스템,false,false,false,[]
assessment_task_4529c67b93,통합과학1,통합과학1,I_or_other,textbook_concept_dictionary,true,clean,clean,both,"[""금속"",""원소"",""물질 구성과 분류""]","[""규칙성"",""금속"",""반응"",""성질"",""원소""]",물질 구성과 분류,물질 구성과 분류,false,false,false,[]
assessment_task_11dcc261e6,통합과학1,통합과학1,I_or_other,textbook_plus_legacy,true,clean,clean,both,"[""반응"",""효소"",""유전"",""생명 시스템""]","[""생명 시스템"",""기능"",""반응"",""산화"",""세포"",""수소"",""효소"",""유전""]",생명 시스템,생명 시스템,false,false,false,[]
assessment_task_5d08ec2ac0,통합과학1,통합과학1,I_or_other,textbook_concept_dictionary,true,clean,clean,both,"[""스펙트럼"",""수소"",""자연의 구성 원소""]","[""스펙트럼"",""규칙성"",""수소"",""오류"",""원소""]",자연의 구성 원소,자연의 구성 원소,false,false,false,[]
assessment_task_3182d05f68,통합사회1,통합사회1,I_or_other,textbook_concept_dictionary,true,clean,clean,both,"[""통합적 관점과 행복""]","[""행복""]",통합적 관점과 행복,통합적 관점과 행복,false,false,false,[]
assessment_task_6d9da300c9,통합사회1,통합사회1,I_or_other,textbook_concept_dictionary,true,clean,clean,both,"[""문화 상대주의"",""보편 윤리"",""문화 다양성과 세계화""]","[""문화 상대주의"",""보편 윤리""]",문화 다양성과 세계화,문화 다양성과 세계화,false,false,false,[]
assessment_task_5055a3d0eb,대수,대수,I_or_other,textbook_plus_legacy,true,clean,clean,both,"[""함수"",""로그의 뜻과 성질""]","[""로그"",""지수"",""함수""]",로그의 뜻과 성질,로그의 뜻과 성질,false,false,false,[]
assessment_task_c8b6d4228e,대수,대수,I_or_other,textbook_plus_legacy,true,clean,clean,both,"[""수열""]","[""등차수열과 등비수열"",""등비수열"",""등차수열"",""성장"",""수열""]",등차수열과 등비수열,등차수열과 등비수열,false,false,false,[]
assessment_task_ed0f5a54e3,물리,물리학,I_or_other,textbook_plus_legacy,true,clean,clean,both,"[""운동량 보존"",""작용 반작용"",""힘과 운동""]","[""운동량 보존"",""작용 반작용"",""힘과 운동"",""운동량"",""전하""]",힘과 운동,힘과 운동,false,false,false,[]
assessment_task_89524b6d68,물리,물리학,I_or_other,textbook_concept_dictionary,true,clean,clean,both,"[""전하"",""물질의 전기적 특성""]","[""굴절"",""전하""]",물질의 전기적 특성,물질의 전기적 특성,false,false,false,[]
assessment_task_e444ebfc31,물리,물리학,I_or_other,textbook_concept_dictionary,true,clean,clean,both,"[""등가속도 운동"",""힘과 운동""]","[""등가속도 운동"",""힘과 운동"",""가속도"",""속도""]",힘과 운동,힘과 운동,false,false,false,[]
assessment_task_1324038e53,생명과학,생명과학,I_or_other,textbook_plus_legacy,true,clean,clean,both,"[""항상성""]","[""신경계와 항상성"",""항상성 유지"",""신경 자극"",""신경계"",""항상성""]",신경계와 항상성,신경계와 항상성,false,false,false,[]
assessment_task_f616e088dc,생명과학,생명과학,I_or_other,textbook_concept_dictionary,true,clean,clean,both,"[""항원-항체 반응"",""면역과 백신""]","[""항원-항체 반응"",""항원"",""항체""]",면역과 백신,면역과 백신,false,false,false,[]
assessment_task_d793e56988,생명과학,생명과학,I_or_other,textbook_concept_dictionary,true,clean,clean,both,"[""세포"",""생명과학의 이해""]","[""세포""]",생명과학의 이해,생명과학의 이해,false,false,false,[]
assessment_task_f2002a1b7f,생명과학,생명과학,I_or_other,subject_fallback,false,fallback,fallback,none,"[""생명과학""]",[],,,false,false,false,[]
assessment_task_f292fb64a2,인공지능 기초,인공지능 기초,I_or_other,textbook_plus_legacy,true,clean,clean,both,"[""알고리즘"",""데이터 처리""]","[""알고리즘"",""인공지능"",""데이터 처리""]",알고리즘 설계와 분석,알고리즘 설계와 분석,false,false,false,"[""정보""]"
assessment_task_c51f377e6d,인공지능 기초,인공지능 기초,I_or_other,textbook_concept_dictionary,true,clean,clean,both,"[""인공지능"",""모델""]","[""인공지능"",""모델""]",,인공지능,false,false,true,"[""정보""]"
assessment_task_40094a1950,지구과학,지구과학,I_or_other,textbook_plus_legacy,true,clean,clean,both,"[""기후 변화""]","[""기후 변화"",""기후""]",,기후 변화,false,false,false,[]
assessment_task_40671ff295,지구과학,지구과학,I_or_other,textbook_concept_dictionary,true,clean,clean,both,"[""절대 연령"",""지층과 지질시대""]","[""절대 연령"",""지층""]",지층과 지질시대,지층과 지질시대,false,false,false,[]
assessment_task_808d019b56,지구과학,지구과학,I_or_other,textbook_concept_dictionary,true,clean,clean,both,"[""절대 등급"",""H-R도"",""별의 특성과 진화""]","[""절대 등급"",""H-R도""]",별의 특성과 진화,별의 특성과 진화,false,false,false,[]
assessment_task_80448084c3,화학,화학,I_or_other,textbook_concept_dictionary,true,clean,clean,both,"[""계수비"",""몰비"",""물질의 양과 화학 반응식""]","[""계수비"",""몰비""]",물질의 양과 화학 반응식,물질의 양과 화학 반응식,false,false,false,[]
assessment_task_614c0c78a1,화학,화학,I_or_other,subject_fallback,false,fallback,fallback,none,"[""화학""]",[],,,false,false,false,[]
assessment_task_55975a69f1,화학,화학,I_or_other,textbook_concept_dictionary,true,clean,clean,both,"[""산화"",""적정"",""화학 반응과 열의 출입""]","[""아세트산"",""산화"",""식초"",""적정"",""중화""]",화학 반응과 열의 출입,화학 반응과 열의 출입,false,false,false,[]
assessment_task_ec0fd7661a,물리,물리학Ⅱ,II,subject_fallback,false,fallback,fallback,none,"[""물리""]",[],,,false,false,false,[]
assessment_task_0b33b7ed30,물리,물리학Ⅱ,II,subject_fallback,false,fallback,fallback,none,"[""물리""]",[],,,false,false,false,[]
assessment_task_66e44ac161,미적분1,미적분,I_or_other,textbook_plus_legacy,true,clean,clean,both,"[""수열"",""미분"",""적분""]","[""수열의 극한"",""극한"",""수열"",""적분"",""미분""]",수열의 극한,수열의 극한,false,false,false,[]
assessment_task_0142693eb5,미적분1,미적분,I_or_other,textbook_plus_legacy,true,clean,clean,both,"[""수열"",""미분"",""적분""]","[""수열의 극한"",""극한"",""수열"",""적분"",""미분""]",수열의 극한,수열의 극한,false,false,false,[]
assessment_task_9aaaf07536,생명과학,생명과학Ⅱ,II,textbook_concept_dictionary,true,clean,clean,both,"[""세포"",""생명과학의 이해""]","[""세포""]",생명과학의 이해,생명과학의 이해,false,false,false,[]
assessment_task_88d3e8a2d3,생명과학,생명과학Ⅱ,II,textbook_concept_dictionary,true,clean,clean,both,"[""광합성""]","[""광합성""]",,광합성,false,false,false,[]
assessment_task_d8b7cb5317,생명과학,생명과학Ⅱ,II,subject_fallback,false,fallback,fallback,none,"[""생명과학""]",[],,,false,false,false,[]
assessment_task_4978af437b,생명과학,생명과학 실험,I_or_other,textbook_concept_dictionary,true,clean,clean,both,"[""계통"",""진화""]","[""계통"",""진화""]",,계통,false,false,false,[]
assessment_task_f8b028e6f4,생명과학,생명과학 실험,I_or_other,textbook_plus_legacy,true,clean,clean,both,"[""DNA"",""유전""]","[""DNA"",""유전자"",""세포"",""진화"",""유전""]",유전자와 염색체,유전자와 염색체,false,false,false,[]
assessment_task_905a4e681c,생명과학,생명과학 실험,I_or_other,subject_fallback,false,fallback,fallback,none,"[""생명과학""]",[],,,false,false,false,[]
assessment_task_9c4a22200d,인공지능 기초,인공지능기초,I_or_other,textbook_concept_dictionary,true,clean,clean,both,"[""인공지능""]","[""인공지능""]",,인공지능,false,false,true,"[""정보""]"
assessment_task_9099e656da,인공지능 기초,인공지능기초,I_or_other,textbook_concept_dictionary,true,clean,clean,both,"[""인공지능"",""시각화""]","[""인공지능"",""시각화"",""모델""]",,인공지능,false,false,true,"[""정보""]"
assessment_task_a83adc2a2f,인공지능 기초,인공지능기초,I_or_other,textbook_concept_dictionary,true,clean,clean,both,"[""인공지능""]","[""인공지능""]",,인공지능,false,false,true,"[""정보""]"
assessment_task_018376b41e,지구과학,지구과학Ⅱ,II,subject_fallback,false,fallback,fallback,none,"[""지구과학""]",[],,,false,false,false,[]
assessment_task_123701f787,지구과학,지구과학Ⅱ,II,subject_fallback,false,fallback,fallback,none,"[""지구과학""]",[],,,false,false,false,[]
assessment_task_5f397ef05e,지구과학,지구과학Ⅱ,II,textbook_concept_dictionary,true,clean,clean,both,"[""일기도"",""날씨의 변화""]","[""일기도""]",날씨의 변화,날씨의 변화,false,false,false,[]
assessment_task_f969d80a31,화학,화학Ⅱ,II,textbook_concept_dictionary,true,clean,clean,both,"[""분자량"",""물질의 양과 화학 반응식""]","[""분자량""]",물질의 양과 화학 반응식,물질의 양과 화학 반응식,false,false,false,[]
assessment_task_b8fc3b169b,화학,화학Ⅱ,II,subject_fallback,false,fallback,fallback,none,"[""화학""]",[],,,false,false,false,[]
assessment_task_561eba34c6,화학,화학 실험,I_or_other,textbook_concept_dictionary,true,clean,clean,both,"[""분자량"",""물질의 양과 화학 반응식""]","[""분자량""]",물질의 양과 화학 반응식,물질의 양과 화학 반응식,false,false,false,[]
assessment_task_8427311995,화학,화학 실험,I_or_other,textbook_concept_dictionary,true,clean,clean,both,"[""금속""]","[""금속""]",,금속,false,false,false,[]
assessment_task_c54e2ea294,화학,화학 실험,I_or_other,textbook_concept_dictionary,true,clean,clean,both,"[""아스피린""]","[""아스피린""]",,아스피린,false,false,false,[]
assessment_task_d3d0344023,확률과 통계,확률과 통계,I_or_other,textbook_plus_legacy,true,clean,clean,both,"[""확률분포"",""경우의 수""]","[""경우의 수"",""확률분포"",""분포"",""확률""]",확률변수와 확률분포,확률변수와 확률분포,false,false,false,[]
assessment_task_7e2df6c8d4,공통수학1,공통수학1,I_or_other,subject_fallback,false,fallback,fallback,none,"[""공통수학1""]",[],,,false,false,false,[]
assessment_task_c0a55dbbe4,공통수학1,공통수학1,I_or_other,subject_fallback,false,fallback,fallback,none,"[""공통수학1""]",[],,,false,false,false,[]
assessment_task_61996fbb7a,과학탐구실험1,과학탐구실험1,I_or_other,textbook_concept_dictionary,true,clean,clean,both,"[""탐구 방법""]","[""탐구 방법""]",,탐구 방법,false,false,false,[]
assessment_task_22829884c7,과학탐구실험1,과학탐구실험1,I_or_other,subject_fallback,false,fallback,fallback,none,"[""과학탐구실험1""]",[],,,false,false,false,[]
assessment_task_bf286a5e3b,과학탐구실험1,과학탐구실험1,I_or_other,textbook_concept_dictionary,true,clean,clean,both,"[""과학의 본성"",""우리 선조들의 과학 기술 발전 사례 찾기""]","[""과학의 본성"",""주기율표"",""발전""]",우리 선조들의 과학 기술 발전 사례 찾기,우리 선조들의 과학 기술 발전 사례 찾기,false,false,false,[]
assessment_task_43c7eb540d,통합과학1,통합과학1,I_or_other,textbook_concept_dictionary,true,clean,clean,both,"[""운동"",""역학 시스템""]","[""운동"",""지구""]",역학 시스템,역학 시스템,false,false,false,[]
assessment_task_d01782fe8b,통합과학1,통합과학1,I_or_other,textbook_concept_dictionary,true,clean,clean,both,"[""스펙트럼"",""추론"",""자연의 구성 원소""]","[""스펙트럼"",""원소"",""천체"",""추론""]",자연의 구성 원소,자연의 구성 원소,false,false,false,[]
assessment_task_002fcd3896,통합과학1,통합과학1,I_or_other,textbook_plus_legacy,true,clean,clean,both,"[""반응"",""효소"",""생명 시스템""]","[""반응"",""효소""]",생명 시스템,생명 시스템,false,false,false,[]
assessment_task_0d93a262a8,통합과학1,통합과학1,I_or_other,textbook_plus_legacy,true,clean,clean,both,"[""지구"",""추론""]","[""지구"",""추론"",""지구 시스템""]",,지구,false,false,false,[]
assessment_task_8898b2c65a,통합사회1,통합사회1,I_or_other,textbook_concept_dictionary,true,clean,clean,both,"[""통합적 관점과 행복""]","[""행복""]",통합적 관점과 행복,통합적 관점과 행복,false,false,false,[]
assessment_task_d78cfcb4b0,통합사회1,통합사회1,I_or_other,textbook_concept_dictionary,true,clean,clean,both,"[""문제 해결"",""통합적 관점과 행복""]","[""문제 해결""]",통합적 관점과 행복,통합적 관점과 행복,false,false,false,[]
assessment_task_de8551fe61,기하,기하,I_or_other,subject_fallback,false,fallback,fallback,none,"[""기하""]",[],,,false,false,false,[]
assessment_task_b7cea8ce1a,기하,기하,I_or_other,subject_fallback,false,fallback,fallback,none,"[""기하""]",[],,,false,false,false,[]
assessment_task_79a63c0d17,대수,대수,I_or_other,subject_fallback,false,fallback,fallback,none,"[""대수""]",[],,,false,false,false,[]
assessment_task_65c5a0e60e,대수,대수,I_or_other,textbook_plus_legacy,true,clean,clean,both,"[""함수"",""수열""]","[""로그함수"",""지수함수"",""로그"",""수열"",""지수"",""함수""]",로그함수의 뜻과 그래프,로그함수의 뜻과 그래프,false,false,false,[]
assessment_task_71f03a4619,물리,물리학,I_or_other,textbook_concept_dictionary,true,clean,clean,both,"[""뉴턴 운동 법칙"",""등가속도 운동"",""힘과 운동""]","[""뉴턴 운동 법칙"",""등가속도 운동"",""가속도"",""속도""]",힘과 운동,힘과 운동,false,false,false,[]
assessment_task_3180359342,생명과학,생명과학,I_or_other,textbook_concept_dictionary,true,clean,clean,both,"[""신경계"",""혈당""]","[""신경계"",""혈당""]",,신경계,false,false,false,[]
assessment_task_513a167dbc,생명과학,생명과학,I_or_other,textbook_concept_dictionary,true,clean,clean,both,"[""혈당""]","[""혈당""]",,혈당,false,false,false,[]
assessment_task_5b0127161a,정보,정보,I_or_other,textbook_concept_dictionary,true,clean,clean,both,"[""피지컬 컴퓨팅"",""사물인터넷""]","[""피지컬 컴퓨팅"",""사물인터넷""]",,피지컬 컴퓨팅,false,false,false,[]
assessment_task_70221b4406,정보,정보,I_or_other,textbook_concept_dictionary,true,clean,clean,both,"[""문제 해결"",""시각화"",""자료와 정보의 분석""]","[""문제 해결"",""빅 데이터"",""시각화""]",자료와 정보의 분석,자료와 정보의 분석,false,false,false,[]
assessment_task_f12d9956b3,지구과학,지구과학,I_or_other,textbook_concept_dictionary,true,clean,clean,both,"[""라니냐"",""엘니뇨"",""지구의 기후 변화""]","[""환경 변화"",""라니냐"",""엘니뇨""]",지구의 기후 변화,지구의 기후 변화,false,false,false,[]
assessment_task_304f33788f,지구과학,지구과학,I_or_other,textbook_concept_dictionary,true,clean,clean,both,"[""방사성 동위 원소"",""지사학의 법칙"",""지층과 지질시대""]","[""방사성 동위 원소"",""지사학의 법칙"",""상대 연령"",""절대 연령"",""지층""]",지층과 지질시대,지층과 지질시대,false,false,false,[]
assessment_task_7c2ad60a45,지구과학,지구과학,I_or_other,textbook_concept_dictionary,true,clean,clean,both,"[""절대 등급"",""H-R도"",""별의 특성과 진화""]","[""절대 등급"",""H-R도"",""광도"",""분류""]",별의 특성과 진화,별의 특성과 진화,false,false,false,[]
assessment_task_704f9bf9c1,화학,화학,I_or_other,textbook_concept_dictionary,true,clean,clean,both,"[""물질의 양과 화학 반응식""]","[""화학 반응식"",""반응식""]",물질의 양과 화학 반응식,물질의 양과 화학 반응식,false,false,false,[]
assessment_task_d695d127b0,물리,물리학Ⅱ,II,subject_fallback,false,fallback,fallback,none,"[""물리""]",[],,,false,false,false,[]
assessment_task_d18e538192,미적분1,미적분,I_or_other,textbook_plus_legacy,true,clean,clean,both,"[""등비수열"",""발산"",""함수"",""수열의 극한""]","[""수열의 극한"",""이계도함수"",""덧셈정리"",""등비급수"",""등비수열"",""로그함수"",""매개변수"",""삼각함수""]",수열의 극한,수열의 극한,false,false,false,[]
assessment_task_146fe06d76,생명과학,생명과학Ⅱ,II,legacy_dictionary,true,clean,clean,both,"[""효소""]","[""효소""]",,,false,false,false,[]
assessment_task_9c740b82f6,생명과학,생명과학Ⅱ,II,legacy_dictionary,true,clean,clean,both,"[""효소""]","[""효소""]",,,false,false,false,[]
assessment_task_cab304530b,인공지능 기초,인공지능 기초,I_or_other,textbook_concept_dictionary,true,clean,clean,both,"[""자료와 정보의 표현""]","[""인공지능"",""센서"",""정보"",""탐색""]",자료와 정보의 표현,자료와 정보의 표현,false,false,true,"[""정보""]"
assessment_task_225b9dac26,화학,화학Ⅱ,II,textbook_concept_dictionary,true,clean,clean,both,"[""분자량"",""물질의 양과 화학 반응식""]","[""분자량""]",물질의 양과 화학 반응식,물질의 양과 화학 반응식,false,false,false,[]
assessment_task_7c147d77f6,확률과 통계,확률과 통계,I_or_other,textbook_plus_legacy,true,clean,clean,both,"[""중복순열"",""중복조합"",""조건부확률"",""순열과 조합""]","[""같은 것이 있는 순열"",""확률의 덧셈정리"",""수학적 확률"",""조건부확률"",""통계적 확률"",""덧셈정리"",""이항정리"",""중복순열""]",순열과 조합,순열과 조합,false,false,false,[]
assessment_task_97261faf29,확률과 통계,확률과 통계,I_or_other,textbook_plus_legacy,true,clean,clean,both,"[""중복순열"",""중복조합"",""조건부확률"",""순열과 조합""]","[""같은 것이 있는 순열"",""확률의 덧셈정리"",""수학적 확률"",""조건부확률"",""통계적 확률"",""덧셈정리"",""이항정리"",""중복순열""]",순열과 조합,순열과 조합,false,false,false,[]
assessment_task_3a2aff6c85,공통수학1,공통수학1,I_or_other,textbook_plus_legacy,true,clean,clean,both,"[""함수"",""행렬"",""경우의 수"",""여러 가지 방정식과 부등식""]","[""여러 가지 방정식과 부등식"",""이차방정식과 이차함수"",""이차방정식"",""경우의 수"",""이차함수"",""다항식"",""부등식"",""행렬""]",여러 가지 방정식과 부등식,여러 가지 방정식과 부등식,false,false,false,[]
assessment_task_1bda81b535,공통수학1,공통수학1,I_or_other,textbook_plus_legacy,true,clean,clean,both,"[""최대·최소"",""함수"",""행렬""]","[""다항식의 연산"",""경우의 수"",""이차함수"",""인수분해"",""최대·최소"",""다항식"",""부등식"",""인수""]",이차방정식과 이차함수,이차방정식과 이차함수,false,false,false,[]
assessment_task_bc0a5e8bcb,물리,통합과학(물리),I_or_other,textbook_plus_legacy,true,clean,clean,both,"[""안전 장치"",""운동량"",""힘과 운동""]","[""안전 장치"",""운동량"",""충격량""]",힘과 운동,힘과 운동,false,false,false,[]
assessment_task_7469442a66,생명과학,통합과학(생명과학),I_or_other,subject_fallback,false,fallback,fallback,none,"[""생명과학""]",[],,,false,false,false,[]
assessment_task_b567556b1b,생명과학,통합과학(생명과학),I_or_other,subject_fallback,false,fallback,fallback,none,"[""생명과학""]",[],,,false,false,false,[]
assessment_task_1ac952de87,정보,정보,I_or_other,textbook_concept_dictionary,true,clean,clean,both,"[""디지털"",""진법"",""자료와 정보의 표현""]","[""디지털"",""진법""]",자료와 정보의 표현,자료와 정보의 표현,false,false,false,[]
assessment_task_20c4c36f22,정보,정보,I_or_other,textbook_concept_dictionary,true,clean,clean,both,"[""문제 해결"",""자료와 정보의 분석""]","[""문제 해결"",""제어 구조"",""자료형""]",자료와 정보의 분석,자료와 정보의 분석,false,false,false,[]
assessment_task_cca15e0f49,대수,대수,I_or_other,textbook_plus_legacy,true,clean,clean,both,"[""함수"",""수열""]","[""로그함수"",""로그"",""수열"",""지수"",""함수""]",로그함수의 뜻과 그래프,로그함수의 뜻과 그래프,false,false,false,[]
assessment_task_90b2fabdea,대수,대수,I_or_other,textbook_plus_legacy,true,clean,clean,both,"[""함수"",""수열""]","[""로그함수"",""지수함수"",""로그"",""수열"",""지수"",""함수""]",로그함수의 뜻과 그래프,로그함수의 뜻과 그래프,false,false,false,[]
assessment_task_96af70b37b,기하,기하,I_or_other,textbook_plus_legacy,true,clean,clean,both,"[""쌍곡선"",""포물선"",""벡터"",""이차곡선과 자취 해석""]","[""접선의 방정식"",""직선의 방정식"",""평면의 방정식"",""구의 방정식"",""벡터의 내적"",""삼수선 정리"",""위치벡터"",""이차곡선""]",이차곡선과 자취 해석,이차곡선과 자취 해석,false,false,false,[]
assessment_task_624b5005b7,물리,물리학,I_or_other,subject_fallback,false,fallback,fallback,none,"[""물리""]",[],,,false,false,false,[]
assessment_task_155a38fcd3,물리,물리학,I_or_other,textbook_plus_legacy,true,clean,clean,both,"[""전자기 유도"",""발전기"",""물질의 자기적 특성""]","[""전자기 유도"",""발전기""]",물질의 자기적 특성,물질의 자기적 특성,false,false,false,[]
assessment_task_e8dbf9d59c,화학,화학,I_or_other,textbook_concept_dictionary,true,clean,clean,both,"[""전자쌍 반발"",""분자 구조"",""분자의 구조와 성질""]","[""분자의 구조"",""전자쌍 반발"",""분자 구조"",""전자쌍"",""전자""]",분자의 구조와 성질,분자의 구조와 성질,false,false,false,[]
assessment_task_300326d62c,화학,화학,I_or_other,legacy_dictionary,true,clean,clean,both,"[""화학 평형""]","[""화학 평형""]",,,false,false,false,[]
assessment_task_423b8c4bb4,화학,화학,I_or_other,textbook_concept_dictionary,true,clean,clean,both,"[""중화 반응"",""화학 반응과 열의 출입""]","[""화학 반응식"",""중화 반응"",""반응식"",""중화""]",화학 반응과 열의 출입,화학 반응과 열의 출입,false,false,false,[]
assessment_task_8c3a50b777,생명과학,생명과학,I_or_other,subject_fallback,false,fallback,fallback,none,"[""생명과학""]",[],,,false,false,false,[]
assessment_task_b6fc17c0ae,지구과학,지구과학,I_or_other,textbook_concept_dictionary,true,clean,clean,both,"[""심층 순환"",""해수의 순환""]","[""심층 순환""]",해수의 순환,해수의 순환,false,false,false,[]
assessment_task_0a78ed1d5c,지구과학,지구과학,I_or_other,subject_fallback,false,fallback,fallback,none,"[""지구과학""]",[],,,false,false,false,[]
assessment_task_edf3aaf0af,데이터 과학,데이터 과학,I_or_other,textbook_concept_dictionary,true,clean,clean,both,"[""문제 해결"",""시각화"",""자료와 정보의 분석""]","[""문제 해결"",""데이터"",""시각화""]",자료와 정보의 분석,자료와 정보의 분석,false,false,true,"[""정보"",""확률과 통계""]"
assessment_task_b568fef789,데이터 과학,데이터 과학,I_or_other,textbook_concept_dictionary,true,clean,clean,both,"[""데이터""]","[""데이터""]",,데이터,false,false,true,"[""확률과 통계""]"
assessment_task_101cf0c94c,확률과 통계,확률과 통계,I_or_other,subject_fallback,false,fallback,fallback,none,"[""확률과 통계""]",[],,,false,false,false,[]
assessment_task_e28d37479f,확률과 통계,확률과 통계,I_or_other,subject_fallback,false,fallback,fallback,none,"[""확률과 통계""]",[],,,false,false,false,[]
assessment_task_4d61fec65d,미적분1,미적분,I_or_other,textbook_plus_legacy,true,clean,clean,both,"[""함수"",""미분"",""적분"",""수열의 극한""]","[""극한"",""적분"",""함수"",""미분""]",수열의 극한,수열의 극한,false,false,false,[]
assessment_task_a4926032a9,미적분1,미적분,I_or_other,textbook_plus_legacy,true,clean,clean,both,"[""함수"",""미분"",""적분"",""수열의 극한""]","[""극한"",""적분"",""함수"",""미분""]",수열의 극한,수열의 극한,false,false,false,[]
assessment_task_fa58edea4c,물리,물리학Ⅱ,II,subject_fallback,false,fallback,fallback,none,"[""물리""]",[],,,false,false,false,[]
assessment_task_05c4781009,물리,물리학Ⅱ,II,subject_fallback,false,fallback,fallback,none,"[""물리""]",[],,,false,false,false,[]
assessment_task_9777becb8d,화학,화학Ⅱ,II,textbook_plus_legacy,true,clean,clean,both,"[""끓는점"",""반응 속도"",""분자의 구조와 성질""]","[""끓는점"",""반응 속도""]",분자의 구조와 성질,분자의 구조와 성질,false,false,false,[]
assessment_task_1546ecb198,화학,화학Ⅱ,II,subject_fallback,false,fallback,fallback,none,"[""화학""]",[],,,false,false,false,[]
assessment_task_afdbf70de0,생명과학,생명과학Ⅱ,II,subject_fallback,false,fallback,fallback,none,"[""생명과학""]",[],,,false,false,false,[]
assessment_task_8aa710a29a,생명과학,생명과학Ⅱ,II,subject_fallback,false,fallback,fallback,none,"[""생명과학""]",[],,,false,false,false,[]
assessment_task_864a8a0375,지구과학,지구과학Ⅱ,II,subject_fallback,false,fallback,fallback,none,"[""지구과학""]",[],,,false,false,false,[]
assessment_task_959a44fecb,공통수학1,공통수학1,I_or_other,textbook_concept_dictionary,true,clean,clean,both,"[""나머지정리와 인수분해""]","[""인수분해"",""나머지"",""다항식"",""인수""]",나머지정리와 인수분해,나머지정리와 인수분해,false,false,false,[]
assessment_task_b2f2d06b77,공통수학1,공통수학1,I_or_other,textbook_concept_dictionary,true,clean,clean,both,"[""여러 가지 방정식과 부등식""]","[""부등식""]",여러 가지 방정식과 부등식,여러 가지 방정식과 부등식,false,false,false,[]
assessment_task_42981dfbb2,공통수학1,공통수학1,I_or_other,subject_fallback,false,fallback,fallback,none,"[""공통수학1""]",[],,,false,false,false,[]
assessment_task_e045b2a055,과학탐구실험1,과학탐구실험1,I_or_other,textbook_plus_legacy,true,clean,clean,both,"[""산화·환원"",""색 변화"",""화학 반응을 활용한 과학 마술 시나리오 개발 및 시연하기""]","[""산화·환원"",""화학 반응"",""색 변화""]",화학 반응을 활용한 과학 마술 시나리오 개발 및 시연하기,화학 반응을 활용한 과학 마술 시나리오 개발 및 시연하기,false,false,false,[]
assessment_task_42a3397482,과학탐구실험1,과학탐구실험1,I_or_other,textbook_concept_dictionary,true,clean,clean,both,"[""파스퇴르의 생물속생설 도출 과정 재연하기""]","[""생물속생설"",""탐구 방법"",""파스퇴르""]",파스퇴르의 생물속생설 도출 과정 재연하기,파스퇴르의 생물속생설 도출 과정 재연하기,false,false,false,[]
assessment_task_1754ef409f,통합과학1,통합과학1,I_or_other,textbook_concept_dictionary,true,clean,clean,both,"[""공유 결합"",""물질의 규칙성과 성질""]","[""공유 결합"",""규칙성"",""결합"",""원자""]",물질의 규칙성과 성질,물질의 규칙성과 성질,false,false,false,[]
assessment_task_b7c12e7ee8,통합과학1,통합과학1,I_or_other,textbook_plus_legacy,true,clean,clean,both,"[""운동"",""역학 시스템""]","[""속력"",""운동"",""운동량""]",역학 시스템,역학 시스템,false,false,false,[]
assessment_task_52a4908c0b,통합사회1,통합사회1,I_or_other,textbook_concept_dictionary,true,clean,clean,both,"[""해결 방안"",""인권 보장과 시민 참여""]","[""해결 방안"",""공동체""]",인권 보장과 시민 참여,인권 보장과 시민 참여,false,false,false,[]
assessment_task_42389489cd,대수,대수,I_or_other,subject_fallback,false,fallback,fallback,none,"[""대수""]",[],,,false,false,false,[]
assessment_task_3a36533c59,대수,대수,I_or_other,subject_fallback,false,fallback,fallback,none,"[""대수""]",[],,,false,false,false,[]
assessment_task_34618deb94,물리,물리학,I_or_other,textbook_plus_legacy,true,clean,clean,both,"[""역학적 에너지 보존"",""에너지와 열""]","[""역학적 에너지 보존"",""역학적 에너지"",""에너지 보존""]",에너지와 열,에너지와 열,false,false,false,[]
assessment_task_11149cacfe,물리,물리학,I_or_other,subject_fallback,false,fallback,fallback,none,"[""물리""]",[],,,false,false,false,[]
assessment_task_b64d9493f5,생명과학,생명과학,I_or_other,subject_fallback,false,fallback,fallback,none,"[""생명과학""]",[],,,false,false,false,[]
assessment_task_1fc63d6150,생명과학,생명과학,I_or_other,textbook_concept_dictionary,true,clean,clean,both,"[""분류"",""진화와 생물 다양성""]","[""계통"",""분류""]",진화와 생물 다양성,진화와 생물 다양성,false,false,false,[]
assessment_task_360a5f25db,지구과학,지구과학,I_or_other,textbook_concept_dictionary,true,clean,clean,both,"[""상대 연령"",""절대 연령"",""지층과 지질시대""]","[""상대 연령"",""절대 연령"",""지층""]",지층과 지질시대,지층과 지질시대,false,false,false,[]
assessment_task_84f5bff660,지구과학,지구과학,I_or_other,subject_fallback,false,fallback,fallback,none,"[""지구과학""]",[],,,false,false,false,[]
assessment_task_64f43d465b,화학,화학,I_or_other,textbook_concept_dictionary,true,clean,clean,both,"[""몰"",""물질의 양과 화학 반응식""]","[""몰""]",물질의 양과 화학 반응식,물질의 양과 화학 반응식,false,false,false,[]
assessment_task_1b6ecb6fc5,화학,화학,I_or_other,textbook_concept_dictionary,true,clean,clean,both,"[""적정"",""중화"",""화학 반응과 열의 출입""]","[""적정"",""중화""]",화학 반응과 열의 출입,화학 반응과 열의 출입,false,false,false,[]
assessment_task_55b0a337d4,확률과 통계,확률과 통계,I_or_other,subject_fallback,false,fallback,fallback,none,"[""확률과 통계""]",[],,,false,false,false,[]
assessment_task_a0b1551d39,확률과 통계,확률과 통계,I_or_other,textbook_concept_dictionary,true,clean,clean,both,"[""데이터""]","[""데이터""]",,데이터,false,false,false,[]
assessment_task_90ec05a3a6,물리,고급 물리학,I_or_other,subject_fallback,false,fallback,fallback,none,"[""물리""]",[],,,false,false,false,[]
assessment_task_64249f716b,생명과학,고급생명과학,I_or_other,subject_fallback,false,fallback,fallback,none,"[""생명과학""]",[],,,false,false,false,[]
assessment_task_9ac4fdec03,물리,물리학II,II,subject_fallback,false,fallback,fallback,none,"[""물리""]",[],,,false,false,false,[]
assessment_task_8e4c69fdf6,미적분1,미적분,I_or_other,subject_fallback,false,fallback,fallback,none,"[""미적분1""]",[],,,false,false,false,[]
assessment_task_f88db39fc7,생명과학,생명과학II,II,textbook_concept_dictionary,true,clean,clean,both,"[""전달""]","[""전달""]",,전달,false,false,false,[]
assessment_task_fc47c85b55,지구과학,지구과학II,II,subject_fallback,false,fallback,fallback,none,"[""지구과학""]",[],,,false,false,false,[]
assessment_task_40c7526277,화학,화학II,II,subject_fallback,false,fallback,fallback,none,"[""화학""]",[],,,false,false,false,[]
assessment_task_2d2d146f0f,화학,화학II,II,subject_fallback,false,fallback,fallback,none,"[""화학""]",[],,,false,false,false,[]
assessment_task_827a6288a0,공통수학1,공통수학1,I_or_other,textbook_concept_dictionary,true,clean,clean,both,"[""다항식의 연산""]","[""다항식"",""부등식""]",다항식의 연산,다항식의 연산,false,false,false,[]
assessment_task_69a09ee9fa,공통수학1,공통수학1,I_or_other,subject_fallback,false,fallback,fallback,none,"[""공통수학1""]",[],,,false,false,false,[]
assessment_task_9ba9bb04b5,공통수학1,공통수학1,I_or_other,subject_fallback,false,fallback,fallback,none,"[""공통수학1""]",[],,,false,false,false,[]
assessment_task_9723e16e93,통합사회1,통합사회1,I_or_other,textbook_concept_dictionary,true,clean,clean,both,"[""행복 지수"",""통합적 관점과 행복""]","[""행복 지수"",""행복""]",통합적 관점과 행복,통합적 관점과 행복,false,false,false,[]
assessment_task_8eae8c9be8,통합사회1,통합사회1,I_or_other,textbook_concept_dictionary,true,clean,clean,both,"[""개발"",""자연환경과 인간의 공존""]","[""개발""]",자연환경과 인간의 공존,자연환경과 인간의 공존,false,false,false,[]
assessment_task_c176ddc660,통합사회1,통합사회1,I_or_other,subject_fallback,false,fallback,fallback,none,"[""통합사회1""]",[],,,false,false,false,[]
assessment_task_fd97626ed8,통합과학1,통합과학1,I_or_other,textbook_concept_dictionary,true,clean,clean,both,"[""원소"",""물질 구성과 분류""]","[""스펙트럼"",""원소"",""천체""]",물질 구성과 분류,물질 구성과 분류,false,false,false,[]
assessment_task_9eaf5c6ba3,통합과학1,통합과학1,I_or_other,textbook_concept_dictionary,true,clean,clean,both,"[""원소"",""원자"",""물질 구성과 분류""]","[""전자 배치"",""주기율표"",""결합"",""원소"",""원자""]",물질 구성과 분류,물질 구성과 분류,false,false,false,[]
assessment_task_ab53caf47f,통합과학1,통합과학1,I_or_other,legacy_dictionary,true,clean,clean,both,"[""효소""]","[""효소""]",,,false,false,false,[]
assessment_task_8b8abb3576,정보,정보,I_or_other,textbook_concept_dictionary,true,clean,clean,both,"[""빅 데이터"",""시각화""]","[""빅 데이터"",""시각화""]",,빅 데이터,false,false,false,[]
assessment_task_a790ba633d,정보,정보,I_or_other,textbook_concept_dictionary,true,clean,clean,both,"[""컴퓨팅 시스템과 네트워크""]","[""네트워크""]",컴퓨팅 시스템과 네트워크,컴퓨팅 시스템과 네트워크,false,false,false,[]
assessment_task_6ac657ea1f,정보,정보,I_or_other,textbook_plus_legacy,true,clean,clean,both,"[""입출력"",""함수"",""프로그래밍""]","[""반복문"",""입출력"",""반복"",""함수""]",프로그래밍,프로그래밍,false,false,false,[]
assessment_task_c8f3ae3ff8,대수,대수,I_or_other,subject_fallback,false,fallback,fallback,none,"[""대수""]",[],,,false,false,false,[]
assessment_task_05f13070f8,대수,대수,I_or_other,subject_fallback,false,fallback,fallback,none,"[""대수""]",[],,,false,false,false,[]
assessment_task_8a001b2c60,대수,대수,I_or_other,legacy_dictionary,true,clean,clean,both,"[""함수""]","[""함수""]",,,false,false,false,[]
assessment_task_228b551f60,기하,기하,I_or_other,textbook_concept_dictionary,true,clean,clean,both,"[""쌍곡선"",""포물선"",""이차곡선과 자취 해석""]","[""쌍곡선"",""포물선"",""타원""]",이차곡선과 자취 해석,이차곡선과 자취 해석,false,false,false,[]
assessment_task_3f194a6fbb,기하,기하,I_or_other,subject_fallback,false,fallback,fallback,none,"[""기하""]",[],,,false,false,false,[]
assessment_task_7d3f80b07a,기하,기하,I_or_other,subject_fallback,false,fallback,fallback,none,"[""기하""]",[],,,false,false,false,[]
assessment_task_260d9c9efe,기하,기하,I_or_other,subject_fallback,false,fallback,fallback,none,"[""기하""]",[],,,false,false,false,[]
assessment_task_65fd00830f,물리,물리학,I_or_other,subject_fallback,false,fallback,fallback,none,"[""물리""]",[],,,false,false,false,[]
assessment_task_8f54a63d58,물리,물리학,I_or_other,textbook_concept_dictionary,true,clean,clean,both,"[""자기장"",""전류"",""물질의 자기적 특성""]","[""자기장"",""전류""]",물질의 자기적 특성,물질의 자기적 특성,false,false,false,[]
assessment_task_19f4362a56,화학,화학,I_or_other,textbook_concept_dictionary,true,clean,clean,both,"[""아보가드로수"",""1몰"",""물질의 양과 화학 반응식""]","[""아보가드로수"",""화학 반응식"",""반응식"",""1몰""]",물질의 양과 화학 반응식,물질의 양과 화학 반응식,false,false,false,[]
assessment_task_5b32bb02ab,화학,화학,I_or_other,textbook_concept_dictionary,true,clean,clean,both,"[""전자쌍 반발"",""분자 구조"",""분자의 구조와 성질""]","[""루이스 전자점식"",""분자의 구조"",""전자쌍 반발"",""분자 구조"",""전자 배치"",""전자점식"",""전자쌍"",""전자""]",분자의 구조와 성질,분자의 구조와 성질,false,false,false,[]
assessment_task_265516b7a0,화학,화학,I_or_other,textbook_concept_dictionary,true,clean,clean,both,"[""몰 농도"",""물질의 양과 화학 반응식""]","[""몰 농도"",""용매"",""몰""]",물질의 양과 화학 반응식,물질의 양과 화학 반응식,false,false,false,[]
assessment_task_984a9efcc0,생명과학,생명과학,I_or_other,textbook_plus_legacy,true,clean,clean,both,"[""기관계의 통합적 작용"",""소화·순환·호흡·배설"",""효소"",""물질대사와 에너지""]","[""기관계의 통합적 작용"",""소화·순환·호흡·배설"",""기관계"",""효소""]",물질대사와 에너지,물질대사와 에너지,false,false,false,[]
assessment_task_8352cdf465,생명과학,생명과학,I_or_other,textbook_concept_dictionary,true,clean,clean,both,"[""항원-항체 반응"",""면역과 백신""]","[""항원-항체 반응"",""시냅스 전달"",""시냅스"",""전달"",""항원"",""항체""]",면역과 백신,면역과 백신,false,false,false,[]
assessment_task_cafb21cf19,생명과학,생명과학,I_or_other,textbook_concept_dictionary,true,clean,clean,both,"[""항원-항체 반응"",""면역과 백신""]","[""항원-항체 반응"",""항원"",""항체""]",면역과 백신,면역과 백신,false,false,false,[]
assessment_task_bf4c91cb67,미적분1,미적분,I_or_other,textbook_plus_legacy,true,clean,clean,both,"[""등비수열"",""발산"",""함수"",""수열의 극한""]","[""수열의 극한"",""등비급수"",""등비수열"",""로그함수"",""극한"",""급수"",""발산"",""수렴""]",수열의 극한,수열의 극한,false,false,false,[]
assessment_task_1826716dd5,미적분1,미적분,I_or_other,textbook_plus_legacy,true,clean,clean,both,"[""몫의 미분법"",""이계도함수"",""적분"",""여러 가지 미분법""]","[""도함수의 활용"",""정적분의 활용"",""몫의 미분법"",""이계도함수"",""치환적분법"",""덧셈정리"",""로그함수"",""매개변수""]",여러 가지 미분법,여러 가지 미분법,false,false,false,[]
assessment_task_a6deb1dd98,미적분1,미적분,I_or_other,textbook_plus_legacy,true,clean,clean,both,"[""몫의 미분법"",""이계도함수"",""수열"",""여러 가지 미분법""]","[""도함수의 활용"",""정적분과 급수"",""정적분의 활용"",""도형의 넓이"",""몫의 미분법"",""부분적분법"",""수열의 극한"",""이계도함수""]",여러 가지 미분법,여러 가지 미분법,false,false,false,[]
assessment_task_e530b59544,미적분1,미적분,I_or_other,subject_fallback,false,fallback,fallback,none,"[""미적분1""]",[],,,false,false,false,[]
assessment_task_4a3954ec05,확률과 통계,확률과 통계,I_or_other,textbook_plus_legacy,true,clean,clean,both,"[""조건부확률"",""함수""]","[""조건부확률"",""확률"",""함수""]",조건부확률과 사건의 독립,조건부확률과 사건의 독립,false,false,false,[]
assessment_task_be0378a08a,확률과 통계,확률과 통계,I_or_other,textbook_concept_dictionary,true,clean,clean,both,"[""순열과 조합""]","[""순열과 조합"",""순열"",""조합"",""확률""]",순열과 조합,순열과 조합,false,false,false,[]
assessment_task_12d0a8f984,확률과 통계,확률과 통계,I_or_other,textbook_plus_legacy,true,clean,clean,both,"[""이산확률변수"",""표준편차"",""조건부확률"",""확률변수와 확률분포""]","[""확률변수와 확률분포"",""이산확률변수"",""조건부확률"",""이항분포"",""이항정리"",""정규분포"",""중복조합"",""표준편차""]",확률변수와 확률분포,확률변수와 확률분포,false,false,false,[]
assessment_task_8c10195d91,물리,물리학Ⅱ,II,subject_fallback,false,fallback,fallback,none,"[""물리""]",[],,,false,false,false,[]
assessment_task_a1865ec381,물리,물리학Ⅱ,II,subject_fallback,false,fallback,fallback,none,"[""물리""]",[],,,false,false,false,[]
assessment_task_7ccbbf6cb9,물리,물리학Ⅱ,II,subject_fallback,false,fallback,fallback,none,"[""물리""]",[],,,false,false,false,[]
assessment_task_078a320834,화학,화학Ⅱ,II,subject_fallback,false,fallback,fallback,none,"[""화학""]",[],,,false,false,false,[]
assessment_task_a830b9f777,화학,화학Ⅱ,II,subject_fallback,false,fallback,fallback,none,"[""화학""]",[],,,false,false,false,[]
assessment_task_33feb9f95c,화학,화학Ⅱ,II,subject_fallback,false,fallback,fallback,none,"[""화학""]",[],,,false,false,false,[]
assessment_task_ce49349383,생명과학,생명과학Ⅱ,II,textbook_concept_dictionary,true,clean,clean,both,"[""세포 호흡"",""광합성"",""물질대사와 에너지""]","[""세포 호흡"",""광합성"",""세포""]",물질대사와 에너지,물질대사와 에너지,false,false,false,[]
assessment_task_3a17f7f6fd,생명과학,생명과학Ⅱ,II,textbook_concept_dictionary,true,clean,clean,both,"[""세포"",""생명과학의 이해""]","[""세포""]",생명과학의 이해,생명과학의 이해,false,false,false,[]
assessment_task_4546bd92b4,생명과학,생명과학Ⅱ,II,subject_fallback,false,fallback,fallback,none,"[""생명과학""]",[],,,false,false,false,[]
assessment_task_e1bde77a23,생명과학,생명과학Ⅱ,II,textbook_concept_dictionary,true,clean,clean,both,"[""세포"",""생명과학의 이해""]","[""광합성"",""세포""]",생명과학의 이해,생명과학의 이해,false,false,false,[]
assessment_task_e81379365f,지구과학,지구과학Ⅱ,II,subject_fallback,false,fallback,fallback,none,"[""지구과학""]",[],,,false,false,false,[]
assessment_task_1a9f41701e,지구과학,지구과학Ⅱ,II,subject_fallback,false,fallback,fallback,none,"[""지구과학""]",[],,,false,false,false,[]
assessment_task_5786692b75,지구과학,지구과학Ⅱ,II,subject_fallback,false,fallback,fallback,none,"[""지구과학""]",[],,,false,false,false,[]
assessment_task_054e4fc31d,인공지능 기초,인공지능 기초,I_or_other,textbook_concept_dictionary,true,clean,clean,both,"[""사회 변화"",""인공지능"",""정보 사회""]","[""사회 변화"",""인공지능""]",정보 사회,정보 사회,false,false,true,"[""정보""]"
assessment_task_ad60492344,인공지능 기초,인공지능 기초,I_or_other,textbook_concept_dictionary,true,clean,clean,both,"[""센서""]","[""센서""]",,센서,false,false,true,"[""정보""]"
assessment_task_9d21164a2b,인공지능 기초,인공지능 기초,I_or_other,textbook_concept_dictionary,true,clean,clean,both,"[""문제 해결"",""탐색"",""자료와 정보의 분석""]","[""문제 해결"",""탐색""]",자료와 정보의 분석,자료와 정보의 분석,false,false,true,"[""정보""]"
assessment_task_439dbcab5e,인공지능 기초,인공지능 기초,I_or_other,subject_fallback,false,fallback,fallback,none,"[""인공지능 기초""]",[],,,false,false,false,[]
assessment_task_e57ad59ea4,공통수학1,공통수학1,I_or_other,textbook_plus_legacy,true,clean,clean,both,"[""함수""]","[""이차함수"",""함수""]",이차방정식과 이차함수,이차방정식과 이차함수,false,false,false,[]
assessment_task_c575c007eb,공통수학1,공통수학1,I_or_other,subject_fallback,false,fallback,fallback,none,"[""공통수학1""]",[],,,false,false,false,[]
assessment_task_85bc06802c,통합과학1,통합과학1,I_or_other,textbook_concept_dictionary,true,clean,clean,both,"[""세포""]","[""세포""]",,세포,false,false,false,[]
assessment_task_53002b20e9,통합과학1,통합과학1,I_or_other,textbook_plus_legacy,true,clean,clean,both,"[""스펙트럼"",""추론"",""결정 구조"",""자연의 구성 원소""]","[""스펙트럼"",""단백질"",""지구"",""추론"",""핵산"",""결정 구조""]",자연의 구성 원소,자연의 구성 원소,false,false,false,[]
assessment_task_b70a237e47,과학탐구실험1,과학탐구실험1,I_or_other,textbook_concept_dictionary,true,clean,clean,both,"[""과학과 사회"",""우리 선조들의 과학 기술 발전 사례 찾기""]","[""과학과 사회"",""도량형"",""사회""]",우리 선조들의 과학 기술 발전 사례 찾기,우리 선조들의 과학 기술 발전 사례 찾기,false,false,false,[]
assessment_task_c7270627ea,과학탐구실험1,과학탐구실험1,I_or_other,textbook_concept_dictionary,true,clean,clean,both,"[""전통 과학 기술"",""자격루"",""우리 선조들의 과학 기술 발전 사례 찾기""]","[""전통 과학 기술"",""전통 과학"",""자격루"",""관측"",""해석""]",우리 선조들의 과학 기술 발전 사례 찾기,우리 선조들의 과학 기술 발전 사례 찾기,false,false,false,[]
assessment_task_44c85cb1f5,과학탐구실험1,과학탐구실험1,I_or_other,textbook_plus_legacy,true,clean,clean,both,"[""해석"",""기후 변화"",""자료 수집·분석·결론 도출""]","[""기후 변화"",""사회"",""해석""]",자료 수집·분석·결론 도출,자료 수집·분석·결론 도출,false,false,false,[]
assessment_task_74c9e85f27,과학탐구실험1,과학탐구실험1,I_or_other,textbook_concept_dictionary,true,clean,clean,both,"[""화학 반응을 활용한 과학 마술 시나리오 개발 및 시연하기""]","[""과학 마술"",""시나리오"",""화학 반응"",""정확성"",""해석""]",화학 반응을 활용한 과학 마술 시나리오 개발 및 시연하기,화학 반응을 활용한 과학 마술 시나리오 개발 및 시연하기,false,false,false,[]
assessment_task_b22aeab042,대수,대수,I_or_other,textbook_plus_legacy,true,clean,clean,both,"[""함수""]","[""로그함수"",""지수함수"",""로그"",""지수"",""함수""]",로그함수의 뜻과 그래프,로그함수의 뜻과 그래프,false,false,false,[]
assessment_task_df2333da27,대수,대수,I_or_other,textbook_plus_legacy,true,clean,clean,both,"[""공비"",""공차"",""수열""]","[""공비"",""공차"",""수열"",""패턴""]",등차수열과 등비수열,등차수열과 등비수열,false,false,false,[]
assessment_task_2bb140a4eb,기하,기하,I_or_other,textbook_concept_dictionary,true,clean,clean,both,"[""쌍곡선"",""포물선"",""이차곡선과 자취 해석""]","[""이차곡선"",""쌍곡선"",""포물선"",""타원""]",이차곡선과 자취 해석,이차곡선과 자취 해석,false,false,false,[]
assessment_task_594d246a92,기하,기하,I_or_other,textbook_plus_legacy,true,clean,clean,both,"[""벡터의 덧셈"",""실수배"",""모델링"",""평면벡터와 벡터의 연산""]","[""벡터의 덧셈"",""공간도형"",""실수배"",""덧셈"",""벡터"",""뺄셈"",""모델링""]",평면벡터와 벡터의 연산,평면벡터와 벡터의 연산,false,false,false,[]
assessment_task_1f9270c1f5,물리,물리학,I_or_other,textbook_plus_legacy,true,clean,clean,both,"[""역학적 에너지 보존"",""운동 에너지"",""에너지와 열""]","[""역학적 에너지 보존"",""역학적 에너지"",""운동 에너지"",""에너지 보존""]",에너지와 열,에너지와 열,false,false,false,[]
assessment_task_ebc130eaec,물리,물리학,I_or_other,subject_fallback,false,fallback,fallback,none,"[""물리""]",[],,,false,false,false,[]
assessment_task_1da80ddcae,생명과학,생명과학,I_or_other,textbook_concept_dictionary,true,clean,clean,both,"[""대사성 질환"",""예방"",""물질대사와 건강""]","[""대사성 질환"",""예방""]",물질대사와 건강,물질대사와 건강,false,false,false,[]
assessment_task_0d0e950901,생명과학,생명과학,I_or_other,subject_fallback,false,fallback,fallback,none,"[""생명과학""]",[],,,false,false,false,[]
assessment_task_ee7f843573,데이터 과학,데이터과학,I_or_other,textbook_concept_dictionary,true,clean,clean,both,"[""데이터"",""시각화""]","[""데이터"",""시각화""]",,데이터,false,false,true,"[""확률과 통계"",""정보""]"
assessment_task_7d3e8d10fc,데이터 과학,데이터과학,I_or_other,textbook_concept_dictionary,true,clean,clean,both,"[""데이터"",""시각화""]","[""데이터"",""시각화""]",,데이터,false,false,true,"[""확률과 통계"",""정보""]"
assessment_task_b35e576fa6,데이터 과학,데이터과학,I_or_other,textbook_concept_dictionary,true,clean,clean,both,"[""데이터""]","[""데이터""]",,데이터,false,false,true,"[""확률과 통계""]"
assessment_task_fa1b9a3ee7,확률과 통계,확률과통계,I_or_other,textbook_concept_dictionary,true,clean,clean,both,"[""파스칼의 삼각형"",""이항정리""]","[""파스칼의 삼각형""]",이항정리,이항정리,false,false,false,[]
assessment_task_af398adfdb,확률과 통계,확률과통계,I_or_other,textbook_plus_legacy,true,clean,clean,both,"[""베이즈"",""조건부확률""]","[""조건부확률"",""베이즈"",""확률"",""베이즈 정리""]",조건부확률과 사건의 독립,조건부확률과 사건의 독립,false,false,false,[]
assessment_task_17e664865a,확률과 통계,확률과통계,I_or_other,subject_fallback,false,fallback,fallback,none,"[""확률과 통계""]",[],,,false,false,false,[]
assessment_task_248fe5ab77,물리,물리학Ⅱ,II,textbook_concept_dictionary,true,record_only,record_only,record,"[""간섭"",""파장"",""파동의 성질과 활용""]","[""간섭"",""파장""]",파동의 성질과 활용,파동의 성질과 활용,false,false,false,[]
assessment_task_8b1581ce50,물리,물리학Ⅱ,II,textbook_concept_dictionary,true,record_only,record_only,record,"[""간섭"",""파장"",""파동의 성질과 활용""]","[""간섭"",""파장""]",파동의 성질과 활용,파동의 성질과 활용,false,false,false,[]
assessment_task_19efbde2f9,화학,화학Ⅱ,II,textbook_concept_dictionary,true,record_only,record_only,record,"[""분자량"",""물질의 양과 화학 반응식""]","[""화학 반응식"",""끓는점"",""반응식"",""분자량""]",물질의 양과 화학 반응식,물질의 양과 화학 반응식,false,false,false,[]
assessment_task_b95d683007,화학,화학Ⅱ,II,subject_fallback,false,fallback,fallback,none,"[""화학""]",[],,,false,false,false,[]
assessment_task_ccbdf9aa40,화학,화학Ⅱ,II,subject_fallback,false,fallback,fallback,none,"[""화학""]",[],,,false,false,false,[]
assessment_task_c8b9948e7a,화학,화학Ⅱ,II,subject_fallback,false,fallback,fallback,none,"[""화학""]",[],,,false,false,false,[]
assessment_task_097e54c1a1,지구과학,지구과학Ⅱ,II,subject_fallback,false,fallback,fallback,none,"[""지구과학""]",[],,,false,false,false,[]
assessment_task_b972a119d1,지구과학,지구과학Ⅱ,II,subject_fallback,false,fallback,fallback,none,"[""지구과학""]",[],,,false,false,false,[]
assessment_task_33573cfecd,지구과학,지구과학Ⅱ,II,textbook_concept_dictionary,true,record_only,record_only,record,"[""변성 작용"",""한반도""]","[""변성 작용"",""한반도""]",,변성 작용,false,false,false,[]
assessment_task_a47a9474a3,지구과학,지구과학Ⅱ,II,subject_fallback,false,fallback,fallback,none,"[""지구과학""]",[],,,false,false,false,[]
assessment_task_6a41609838,공통수학1,공통수학1,I_or_other,subject_fallback,false,fallback,fallback,none,"[""공통수학1""]",[],,,false,false,false,[]
assessment_task_20f9677eba,통합사회1,통합사회1,I_or_other,textbook_concept_dictionary,true,clean,clean,both,"[""도시화"",""산업화"",""생활 공간 변화와 지역 이해""]","[""도시화"",""산업화""]",생활 공간 변화와 지역 이해,생활 공간 변화와 지역 이해,false,false,false,[]
assessment_task_7616d2b054,통합사회1,통합사회1,I_or_other,textbook_concept_dictionary,true,clean,clean,both,"[""문화권""]","[""문화권""]",,문화권,false,false,false,[]
assessment_task_1b7d3bd214,통합과학1,통합과학1,I_or_other,textbook_concept_dictionary,true,clean,clean,both,"[""센서"",""과학의 측정과 우리 사회""]","[""센서"",""운동""]",과학의 측정과 우리 사회,과학의 측정과 우리 사회,false,false,false,[]
assessment_task_447675c768,과학탐구실험1,과학탐구실험1,I_or_other,textbook_concept_dictionary,true,clean,clean,both,"[""손전등을 이용하여 뉴턴의 프리즘 실험 구현하기""]","[""프리즘"",""뉴턴""]",손전등을 이용하여 뉴턴의 프리즘 실험 구현하기,손전등을 이용하여 뉴턴의 프리즘 실험 구현하기,false,false,false,[]
assessment_task_f1fd8464eb,과학탐구실험1,과학탐구실험1,I_or_other,textbook_concept_dictionary,true,clean,clean,both,"[""색 변화"",""지시약"",""화학 반응을 활용한 과학 마술 시나리오 개발 및 시연하기""]","[""과학 마술"",""시나리오"",""화학 반응"",""색 변화"",""지시약""]",화학 반응을 활용한 과학 마술 시나리오 개발 및 시연하기,화학 반응을 활용한 과학 마술 시나리오 개발 및 시연하기,false,false,false,[]
assessment_task_7c70258476,대수,대수,I_or_other,subject_fallback,false,fallback,fallback,none,"[""대수""]",[],,,false,false,false,[]
assessment_task_9b93ed2e90,대수,대수,I_or_other,subject_fallback,false,fallback,fallback,none,"[""대수""]",[],,,false,false,false,[]
assessment_task_96fd97846f,물리,물리학,I_or_other,subject_fallback,false,fallback,fallback,none,"[""물리""]",[],,,false,false,false,[]
assessment_task_681aa6f347,화학,화학,I_or_other,textbook_concept_dictionary,true,clean,clean,both,"[""적정"",""중화"",""화학 반응과 열의 출입""]","[""적정"",""중화""]",화학 반응과 열의 출입,화학 반응과 열의 출입,false,false,false,[]
assessment_task_e0970dd4a2,화학,화학,I_or_other,textbook_concept_dictionary,true,clean,clean,both,"[""적정"",""중화"",""화학 반응과 열의 출입""]","[""식초"",""적정"",""중화"",""산""]",화학 반응과 열의 출입,화학 반응과 열의 출입,false,false,false,[]
assessment_task_59c8c3702f,생명과학,생명과학,I_or_other,textbook_concept_dictionary,true,clean,clean,both,"[""군집""]","[""군집""]",,군집,false,false,false,[]
assessment_task_7afa120694,생명과학,생명과학,I_or_other,textbook_concept_dictionary,true,clean,clean,both,"[""항원"",""항체"",""면역과 백신""]","[""항원"",""항체""]",면역과 백신,면역과 백신,false,false,false,[]
assessment_task_d8de81da35,지구과학,지구과학,I_or_other,textbook_concept_dictionary,true,clean,clean,both,"[""중위도 저기압"",""일기도"",""날씨의 변화""]","[""중위도 저기압"",""태풍의 발생"",""일기도"",""저기압"",""기압"",""태풍""]",날씨의 변화,날씨의 변화,false,false,false,[]
assessment_task_32d90a0eee,지구과학,지구과학,I_or_other,subject_fallback,false,fallback,fallback,none,"[""지구과학""]",[],,,false,false,false,[]
assessment_task_5ce75285f3,정보,정보,I_or_other,textbook_concept_dictionary,true,clean,clean,both,"[""시각화""]","[""시각화""]",,시각화,false,false,false,[]
assessment_task_5e1cb7329b,정보,정보,I_or_other,textbook_concept_dictionary,true,clean,clean,both,"[""디지털""]","[""디지털""]",,디지털,false,false,false,[]
assessment_task_06cdbc6e4c,확률과 통계,확률과 통계,I_or_other,subject_fallback,false,fallback,fallback,none,"[""확률과 통계""]",[],,,false,false,false,[]
assessment_task_ad8e07eb96,미적분1,미적분,I_or_other,subject_fallback,false,fallback,fallback,none,"[""미적분1""]",[],,,false,false,false,[]
assessment_task_d0ff191554,물리,물리학Ⅱ,II,subject_fallback,false,fallback,fallback,none,"[""물리""]",[],,,false,false,false,[]
assessment_task_f812286c09,물리,물리학Ⅱ,II,subject_fallback,false,fallback,fallback,none,"[""물리""]",[],,,false,false,false,[]
assessment_task_dc63649256,화학,화학Ⅱ,II,textbook_concept_dictionary,true,clean,clean,both,"[""1몰""]","[""1몰""]",,1몰,false,false,false,[]
assessment_task_b370527d56,화학,화학Ⅱ,II,legacy_dictionary,true,clean,clean,both,"[""반응 속도""]","[""반응 속도""]",,,false,false,false,[]
assessment_task_15a77bcd77,생명과학,생명과학Ⅱ,II,textbook_concept_dictionary,true,clean,clean,both,"[""세포"",""생명과학의 이해""]","[""세포""]",생명과학의 이해,생명과학의 이해,false,false,false,[]
assessment_task_8d8cab9466,생명과학,생명과학Ⅱ,II,subject_fallback,false,fallback,fallback,none,"[""생명과학""]",[],,,false,false,false,[]
assessment_task_a2208578da,공통수학1,공통수학1,I_or_other,textbook_plus_legacy,true,clean,clean,both,"[""항등식의 성질"",""인수정리"",""함수"",""나머지정리와 인수분해""]","[""근과 계수의 관계"",""항등식의 성질"",""나머지정리"",""이차방정식"",""근과 계수"",""이차함수"",""인수분해"",""인수정리""]",나머지정리와 인수분해,나머지정리와 인수분해,false,false,false,[]
assessment_task_2950da70bc,공통수학1,공통수학1,I_or_other,textbook_plus_legacy,true,clean,clean,both,"[""연립이차방정식"",""연립이차부등식"",""함수"",""여러 가지 방정식과 부등식""]","[""여러 가지 방정식과 부등식"",""연립이차방정식"",""연립이차부등식"",""연립일차부등식"",""사차방정식"",""삼차방정식"",""이차방정식"",""이차부등식""]",여러 가지 방정식과 부등식,여러 가지 방정식과 부등식,false,false,false,[]
assessment_task_c3ff719245,통합사회1,통합사회1,I_or_other,textbook_concept_dictionary,true,clean,clean,both,"[""통합적 관점과 행복""]","[""통합적 관점"",""행복""]",통합적 관점과 행복,통합적 관점과 행복,false,false,false,[]
assessment_task_dc7c7e14e0,통합사회1,통합사회1,I_or_other,textbook_concept_dictionary,true,clean,clean,both,"[""통합적 관점과 행복""]","[""통합적 관점"",""행복""]",통합적 관점과 행복,통합적 관점과 행복,false,false,false,[]
assessment_task_017b492bf6,통합과학1,통합과학1,I_or_other,textbook_concept_dictionary,true,clean,clean,both,"[""운동"",""역학 시스템""]","[""운동""]",역학 시스템,역학 시스템,false,false,false,[]
assessment_task_bbcfaba7f8,통합과학1,통합과학1,I_or_other,textbook_concept_dictionary,true,clean,clean,both,"[""운동"",""역학 시스템""]","[""운동""]",역학 시스템,역학 시스템,false,false,false,[]
assessment_task_24100c841d,과학탐구실험1,과학탐구실험1,I_or_other,textbook_concept_dictionary,true,clean,clean,both,"[""분산"",""손전등을 이용하여 뉴턴의 프리즘 실험 구현하기""]","[""탐구 절차"",""프리즘"",""뉴턴"",""분산"",""절차""]",손전등을 이용하여 뉴턴의 프리즘 실험 구현하기,손전등을 이용하여 뉴턴의 프리즘 실험 구현하기,false,false,false,[]
assessment_task_a3ef3eb623,정보,정보와 디지털 문해력,I_or_other,textbook_concept_dictionary,true,clean,clean,both,"[""디지털""]","[""디지털""]",,디지털,false,false,false,[]
assessment_task_f774a4c1f7,대수,대수,I_or_other,textbook_plus_legacy,true,clean,clean,both,"[""지수"",""함수"",""거듭제곱과 거듭제곱근""]","[""거듭제곱과 거듭제곱근"",""로그의 뜻과 성질"",""거듭제곱근"",""거듭제곱"",""로그함수"",""상용로그"",""지수법칙"",""지수함수""]",거듭제곱과 거듭제곱근,거듭제곱과 거듭제곱근,false,false,false,[]
assessment_task_2e41bdd444,대수,대수,I_or_other,textbook_plus_legacy,true,clean,clean,both,"[""일반항"",""함수"",""수열""]","[""등비수열"",""등차수열"",""일반항"",""수열"",""합"",""함수""]",등차수열과 등비수열,등차수열과 등비수열,false,false,false,[]
assessment_task_eb2ccfd15d,물리,물리학,I_or_other,textbook_plus_legacy,true,clean,clean,both,"[""운동량 보존"",""충돌"",""힘과 운동""]","[""운동량 보존"",""운동량"",""전하"",""충돌""]",힘과 운동,힘과 운동,false,false,false,[]
assessment_task_4fb646659a,물리,물리학,I_or_other,textbook_plus_legacy,true,clean,clean,both,"[""운동량 보존"",""충돌"",""전자기 유도"",""힘과 운동""]","[""운동량 보존"",""전자기 유도"",""운동량"",""전하"",""충돌""]",힘과 운동,힘과 운동,false,false,false,[]
assessment_task_15286b419c,화학,화학,I_or_other,textbook_concept_dictionary,true,clean,clean,both,"[""아세트산"",""식초"",""탄소 화합물의 유용성""]","[""아세트산"",""식초"",""적정"",""중화""]",탄소 화합물의 유용성,탄소 화합물의 유용성,false,false,false,[]
assessment_task_f1eeb44346,화학,화학,I_or_other,textbook_concept_dictionary,true,clean,clean,both,"[""아세트산"",""식초"",""탄소 화합물의 유용성""]","[""아세트산"",""식초"",""적정"",""중화""]",탄소 화합물의 유용성,탄소 화합물의 유용성,false,false,false,[]
assessment_task_e13d8a98f0,생명과학,생명과학,I_or_other,textbook_concept_dictionary,true,clean,clean,both,"[""항원-항체 반응"",""면역과 백신""]","[""항원-항체 반응"",""항원"",""항체""]",면역과 백신,면역과 백신,false,false,false,[]
assessment_task_e85e3667a0,생명과학,생명과학,I_or_other,textbook_concept_dictionary,true,clean,clean,both,"[""수정"",""생식과 생명의 연속성""]","[""면역"",""복제"",""수정""]",생식과 생명의 연속성,생식과 생명의 연속성,false,false,false,[]
assessment_task_0b2fa7e400,지구과학,지구과학,I_or_other,textbook_concept_dictionary,true,clean,clean,both,"[""심층 순환"",""해수의 순환""]","[""심층 순환""]",해수의 순환,해수의 순환,false,false,false,[]
assessment_task_907bf6448c,지구과학,지구과학,I_or_other,textbook_concept_dictionary,true,clean,clean,both,"[""심층 순환"",""해수의 순환""]","[""심층 순환""]",해수의 순환,해수의 순환,false,false,false,[]
assessment_task_b9c6a07b04,기하,기하,I_or_other,textbook_plus_legacy,true,clean,clean,both,"[""쌍곡선"",""점근선"",""벡터"",""이차곡선과 자취 해석""]","[""접선의 방정식"",""벡터의 덧셈"",""위치 관계"",""이차곡선"",""점의 좌표"",""축의 길이"",""꼭짓점"",""실수배""]",이차곡선과 자취 해석,이차곡선과 자취 해석,false,false,false,[]
assessment_task_c5d3bf0ff1,미적분1,미적분,I_or_other,textbook_plus_legacy,true,clean,clean,both,"[""등비수열"",""발산"",""함수"",""수열의 극한""]","[""여러 가지 함수의 미분"",""수열의 극한"",""덧셈정리"",""등비급수"",""등비수열"",""로그함수"",""삼각함수"",""지수함수""]",수열의 극한,수열의 극한,false,false,false,[]
assessment_task_14d6bf5793,물리,물리학Ⅱ,II,textbook_concept_dictionary,true,clean,clean,both,"[""뉴턴 운동 법칙"",""등가속도 운동"",""힘과 운동""]","[""뉴턴 운동 법칙"",""등가속도 운동"",""가속도"",""알짜힘"",""속도""]",힘과 운동,힘과 운동,false,false,false,[]
assessment_task_25e343f7ef,물리,물리학Ⅱ,II,legacy_dictionary,true,clean,clean,both,"[""유전""]","[""유전""]",,,false,false,false,[]
assessment_task_b136deabd8,생명과학,생명과학Ⅱ,II,textbook_plus_legacy,true,clean,clean,both,"[""세포 호흡"",""광합성"",""효소"",""물질대사와 에너지""]","[""세포 호흡"",""광합성"",""세포"",""효소""]",물질대사와 에너지,물질대사와 에너지,false,false,false,[]
assessment_task_88139e9a58,생명과학,생명과학Ⅱ,II,textbook_concept_dictionary,true,clean,clean,both,"[""세포 호흡"",""광합성"",""물질대사와 에너지""]","[""세포 호흡"",""광합성"",""세포""]",물질대사와 에너지,물질대사와 에너지,false,false,false,[]
assessment_task_a70d65cc5b,지구과학,지구과학Ⅱ,II,textbook_concept_dictionary,true,clean,clean,both,"[""화성암"",""판 구조와 암석 변화""]","[""화성암""]",판 구조와 암석 변화,판 구조와 암석 변화,false,false,false,[]
assessment_task_d21b3a05b3,지구과학,지구과학Ⅱ,II,subject_fallback,false,fallback,fallback,none,"[""지구과학""]",[],,,false,false,false,[]
assessment_task_b6c726e07a,지구과학,지구과학Ⅱ,II,textbook_concept_dictionary,true,clean,clean,both,"[""공전"",""자전"",""태양계 천체의 관측과 운동""]","[""공전"",""자전""]",태양계 천체의 관측과 운동,태양계 천체의 관측과 운동,false,false,false,[]
assessment_task_594689922b,지구과학,지구과학Ⅱ,II,textbook_concept_dictionary,true,clean,clean,both,"[""해수의 층상 구조"",""밀도"",""해수의 성질""]","[""해수의 층상 구조"",""심층 순환"",""표층 순환"",""밀도"",""운동""]",해수의 성질,해수의 성질,false,false,false,[]
